UID	TCID	QUID	Reaction	Evalue	Identity
P31069	1.A.1.13.1	P31069	[('potassium(1+)  = potassium(1+)', 'CHEBI:29103 = CHEBI:29103')]	0.0	100.0
P76298	1.A.104.1.1	P76298	[('no_reaction_identified', 'no_reaction_identified')]	0.0	100.0
WP_005673529.1	1.A.104.1.3	P76298	[('no_reaction_identified', 'no_reaction_identified')]	0.0	54.964
WP_189658242.1	1.A.104.1.4	P76298	[('no_reaction_identified', 'no_reaction_identified')]	0.0	53.949
P69681	1.A.11.1.1	P69681	[('no_reaction_identified', 'no_reaction_identified')]	0.0	100.0
AEJ03821.1	1.A.11.1.10	P69681	[('no_reaction_identified', 'no_reaction_identified')]	1.57e-125	52.723
O67997	1.A.11.1.4	P69681	[('no_reaction_identified', 'no_reaction_identified')]	3.73e-120	51.25
P0AE45	1.A.112.2.11	P0AE45	[('no_reaction_identified', 'no_reaction_identified')]	0.0	100.0
W9BK01	1.A.112.2.12	P0AE45	[('no_reaction_identified', 'no_reaction_identified')]	0.0	91.236
P37908	1.A.112.2.5	P37908	[('no_reaction_identified', 'no_reaction_identified')]	0.0	100.0
SES26846.1	1.A.112.2.7	P37908	[('no_reaction_identified', 'no_reaction_identified')]	8.6e-154	50.369
P0ACA3	1.A.12.3.1	P0ACA3	[('no_reaction_identified', 'no_reaction_identified')]	5.03e-159	100.0
B7LBF5	1.A.12.3.2	P77544	[('no_reaction_identified', 'no_reaction_identified')]	8.900000000000001e-160	100.0
P76481	1.A.13.2.3	P76481	[('no_reaction_identified', 'no_reaction_identified')]	0.0	100.0
P0AAC6	1.A.14.2.1	P0AAC6	[('no_reaction_identified', 'no_reaction_identified')]	1.19e-154	100.0
P0AAC4	1.A.14.2.2	P0AAC4	[('no_reaction_identified', 'no_reaction_identified')]	9.23e-168	100.0
B7LC70	1.A.14.2.4	P75769	[('no_reaction_identified', 'no_reaction_identified')]	4.19e-157	91.561
P0AC23	1.A.16.1.1	P77733	[('formate = formate', 'CHEBI:15740 = CHEBI:15740')]	4.2599999999999994e-95	50.355
P0AC23	1.A.16.1.1	P0AC23	[('formate = formate', 'CHEBI:15740 = CHEBI:15740')]	0.0	100.0
P77733	1.A.16.1.2	P77733	[('formate = formate', 'CHEBI:15740 = CHEBI:15740')]	0.0	100.0
P77733	1.A.16.1.2	P0AC23	[('formate = formate', 'CHEBI:15740 = CHEBI:15740')]	4.3e-95	50.355
F9A868	1.A.16.1.3	P0AC23	[('no_reaction_identified', 'no_reaction_identified')]	3.3100000000000002e-105	54.307
P0AC26	1.A.16.3.1	P0AC26	[('no_reaction_identified', 'no_reaction_identified')]	0.0	100.0
K6JRX1	1.A.16.3.4	P0AC26	[('no_reaction_identified', 'no_reaction_identified')]	8.449999999999999e-176	88.764
P37327	1.A.16.4.1	P37327	[('no_reaction_identified', 'no_reaction_identified')]	0.0	100.0
P0A742	1.A.22.1.1	P0A742	[('no_reaction_identified', 'no_reaction_identified')]	6.739999999999999e-95	100.0
P94585	1.A.22.1.3	P0A742	[('no_reaction_identified', 'no_reaction_identified')]	2.63e-24	57.364
P77338	1.A.23.1.1	P77338	[('no_reaction_identified', 'no_reaction_identified')]	0.0	100.0
Q9EV03	1.A.23.1.2	P39285	[('no_reaction_identified', 'no_reaction_identified')]	0.0	68.073
P39285	1.A.23.1.3	P39285	[('no_reaction_identified', 'no_reaction_identified')]	0.0	100.0
P0C0S1	1.A.23.2.1	P0C0S1	[('no_reaction_identified', 'no_reaction_identified')]	0.0	100.0
P75783	1.A.23.3.2	P75783	[('no_reaction_identified', 'no_reaction_identified')]	0.0	100.0
P0AEB5	1.A.23.4.3	P0AEB5	[('no_reaction_identified', 'no_reaction_identified')]	0.0	100.0
P0AAT4	1.A.23.4.5	P0AAT4	[('no_reaction_identified', 'no_reaction_identified')]	0.0	100.0
P09348	1.A.30.1.1	P09348	[('no_reaction_identified', 'no_reaction_identified')]	0.0	100.0
P0AF06	1.A.30.1.1	P0AF06	[('no_reaction_identified', 'no_reaction_identified')]	0.0	100.0
P55891	1.A.30.1.7	P09348	[('no_reaction_identified', 'no_reaction_identified')]	0.0	93.559
P55892	1.A.30.1.7	P0AF06	[('no_reaction_identified', 'no_reaction_identified')]	0.0	90.615
P0ABU7	1.A.30.2.1	P0ABU7	[('no_reaction_identified', 'no_reaction_identified')]	6.8499999999999995e-180	100.0
P0ABV2	1.A.30.2.1	P0ABV2	[('no_reaction_identified', 'no_reaction_identified')]	2.13e-101	100.0
P0ABU9	1.A.30.2.2	P0ABU9	[('no_reaction_identified', 'no_reaction_identified')]	1.6399999999999998e-170	100.0
P0ABV8	1.A.30.2.2	P0ABV6	[('no_reaction_identified', 'no_reaction_identified')]	1e-99	100.0
P22953	1.A.33.1.1	P0A6Y8	[('no_reaction_identified', 'no_reaction_identified')]	0.0	50.649
P0A6Y8	1.A.33.1.2	P0A6Y8	[('no_reaction_identified', 'no_reaction_identified')]	0.0	100.0
P08107	1.A.33.1.3	P0A6Y8	[('no_reaction_identified', 'no_reaction_identified')]	0.0	50.736
G4NXA5	1.A.33.1.4	P0A6Y8	[('no_reaction_identified', 'no_reaction_identified')]	0.0	55.818
P11021	1.A.33.1.5	P0A6Y8	[('ATP + H2O = ADP + phosphate + H(+)', 'CHEBI:30616 + CHEBI:15377 = CHEBI:456216 + CHEBI:43474 + CHEBI:15378')]	0.0	50.651
B7LEG0	1.A.34.1.2	P0ADA3	[('no_reaction_identified', 'no_reaction_identified')]	0.0	99.736
P0ABI4	1.A.35.1.1	P0ABI4	[('Mn(2+) = Mn(2+)', 'CHEBI:29035 = CHEBI:29035'), ('Co(2+) = Co(2+)', 'CHEBI:48828 = CHEBI:48828'), ('Mg(2+) = Mg(2+)', 'CHEBI:18420 = CHEBI:18420')]	0.0	100.0
P0A2R8	1.A.35.1.2	P0ABI4	[('Ni(2+) = Ni(2+)', 'CHEBI:49786 = CHEBI:49786'), ('Co(2+) = Co(2+)', 'CHEBI:48828 = CHEBI:48828'), ('Mg(2+) = Mg(2+)', 'CHEBI:18420 = CHEBI:18420')]	0.0	97.468
Q9EYX5	1.A.35.4.1	P64423	[('Zn(2+) + H(+) = Zn(2+) + H(+)', 'CHEBI:29105 + CHEBI:15378 = CHEBI:29105 + CHEBI:15378')]	0.0	92.661
P37002	1.A.43.1.1	P37002	[('fluoride = fluoride', 'CHEBI:17051 = CHEBI:17051')]	1.31e-86	100.0
B2N0W4	1.A.46.2.6	P76146	[('no_reaction_identified', 'no_reaction_identified')]	0.0	100.0
W9BH30	1.A.46.2.8	P76146	[('no_reaction_identified', 'no_reaction_identified')]	1.22e-120	55.738
Q46836	1.A.54.5.4	Q46836	[('no_reaction_identified', 'no_reaction_identified')]	0.0	100.0
I7MT28	1.A.62.2.2	P0AFP0	[('no_reaction_identified', 'no_reaction_identified')]	5.01e-116	86.275
P0AGM2	1.A.62.2.3	P0AGM2	[('no_reaction_identified', 'no_reaction_identified')]	5.04e-145	100.0
S0WRQ6	1.A.77.3.11	P0ABC0	[('cation  = cation', 'CHEBI:3473 = CHEBI:3473')]	2.77e-81	97.619
C4X3L3	1.A.77.3.8	P0ABC0	[('cation  = cation', 'CHEBI:3473 = CHEBI:3473')]	5.04e-55	84.921
P0AER0	1.A.8.1.1	P0AER0	[('glycerol = glycerol', 'CHEBI:17754 = CHEBI:17754'), ('arsenite(3-)  = arsenite(3-)', 'CHEBI:29866 = CHEBI:29866'), ('polyol  = polyol', 'CHEBI:26191 = CHEBI:26191')]	0.0	100.0
P60844	1.A.8.3.1	P60844	[('H2O = H2O', 'CHEBI:15377 = CHEBI:15377')]	2.23e-162	100.0
P02931	1.B.1.1.1	P77747	[('ion  = ion', 'CHEBI:24870 = CHEBI:24870'), ('peptide  = peptide', 'CHEBI:16670 = CHEBI:16670'), ('ciprofloxacin  = ciprofloxacin', 'CHEBI:100241 = CHEBI:100241'), ('cefpirome  = cefpirome', 'CHEBI:3503 = CHEBI:3503'), ('ceftriaxone  = ceftriaxone', 'CHEBI:29007 = CHEBI:29007'), ('ceftazidime  = ceftazidime', 'CHEBI:3508 = CHEBI:3508')]	3.3099999999999997e-141	56.959
P02931	1.B.1.1.1	P02932	[('ion  = ion', 'CHEBI:24870 = CHEBI:24870'), ('peptide  = peptide', 'CHEBI:16670 = CHEBI:16670'), ('ciprofloxacin  = ciprofloxacin', 'CHEBI:100241 = CHEBI:100241'), ('cefpirome  = cefpirome', 'CHEBI:3503 = CHEBI:3503'), ('ceftriaxone  = ceftriaxone', 'CHEBI:29007 = CHEBI:29007'), ('ceftazidime  = ceftazidime', 'CHEBI:3508 = CHEBI:3508')]	1.31e-151	60.165
P02931	1.B.1.1.1	P06996	[('ion  = ion', 'CHEBI:24870 = CHEBI:24870'), ('peptide  = peptide', 'CHEBI:16670 = CHEBI:16670'), ('ciprofloxacin  = ciprofloxacin', 'CHEBI:100241 = CHEBI:100241'), ('cefpirome  = cefpirome', 'CHEBI:3503 = CHEBI:3503'), ('ceftriaxone  = ceftriaxone', 'CHEBI:29007 = CHEBI:29007'), ('ceftazidime  = ceftazidime', 'CHEBI:3508 = CHEBI:3508')]	7.86e-141	59.318
P02931	1.B.1.1.1	P76335	[('ion  = ion', 'CHEBI:24870 = CHEBI:24870'), ('peptide  = peptide', 'CHEBI:16670 = CHEBI:16670'), ('ciprofloxacin  = ciprofloxacin', 'CHEBI:100241 = CHEBI:100241'), ('cefpirome  = cefpirome', 'CHEBI:3503 = CHEBI:3503'), ('ceftriaxone  = ceftriaxone', 'CHEBI:29007 = CHEBI:29007'), ('ceftazidime  = ceftazidime', 'CHEBI:3508 = CHEBI:3508')]	7.629999999999999e-68	65.476
P02931	1.B.1.1.1	P02931	[('ion  = ion', 'CHEBI:24870 = CHEBI:24870'), ('peptide  = peptide', 'CHEBI:16670 = CHEBI:16670'), ('ciprofloxacin  = ciprofloxacin', 'CHEBI:100241 = CHEBI:100241'), ('cefpirome  = cefpirome', 'CHEBI:3503 = CHEBI:3503'), ('ceftriaxone  = ceftriaxone', 'CHEBI:29007 = CHEBI:29007'), ('ceftazidime  = ceftazidime', 'CHEBI:3508 = CHEBI:3508')]	0.0	100.0
P02931	1.B.1.1.1	P21420	[('ion  = ion', 'CHEBI:24870 = CHEBI:24870'), ('peptide  = peptide', 'CHEBI:16670 = CHEBI:16670'), ('ciprofloxacin  = ciprofloxacin', 'CHEBI:100241 = CHEBI:100241'), ('cefpirome  = cefpirome', 'CHEBI:3503 = CHEBI:3503'), ('ceftriaxone  = ceftriaxone', 'CHEBI:29007 = CHEBI:29007'), ('ceftazidime  = ceftazidime', 'CHEBI:3508 = CHEBI:3508')]	1.12e-137	57.979
P02931	1.B.1.1.1	P77519	[('ion  = ion', 'CHEBI:24870 = CHEBI:24870'), ('peptide  = peptide', 'CHEBI:16670 = CHEBI:16670'), ('ciprofloxacin  = ciprofloxacin', 'CHEBI:100241 = CHEBI:100241'), ('cefpirome  = cefpirome', 'CHEBI:3503 = CHEBI:3503'), ('ceftriaxone  = ceftriaxone', 'CHEBI:29007 = CHEBI:29007'), ('ceftazidime  = ceftazidime', 'CHEBI:3508 = CHEBI:3508')]	7.299999999999999e-30	57.609
C6C3T8	1.B.1.1.10	P76335	[('molecule  = molecule', 'CHEBI:25367 = CHEBI:25367')]	1.13e-48	57.317
C6C3T8	1.B.1.1.10	P02931	[('molecule  = molecule', 'CHEBI:25367 = CHEBI:25367')]	2.95e-108	53.581
C6C3T8	1.B.1.1.10	P77519	[('molecule  = molecule', 'CHEBI:25367 = CHEBI:25367')]	4.51e-23	58.621
J9VHK9	1.B.1.1.11	P77747	[('meropenem  = meropenem', 'CHEBI:43968 = CHEBI:43968'), ('2-(Biaryl)carbapenems  = 2-(Biaryl)carbapenems', 'CHEBI:29470 = CHEBI:29470')]	1.75e-130	55.352
J9VHK9	1.B.1.1.11	P02932	[('meropenem  = meropenem', 'CHEBI:43968 = CHEBI:43968'), ('2-(Biaryl)carbapenems  = 2-(Biaryl)carbapenems', 'CHEBI:29470 = CHEBI:29470')]	4.09e-119	52.688
J9VHK9	1.B.1.1.11	P06996	[('meropenem  = meropenem', 'CHEBI:43968 = CHEBI:43968'), ('2-(Biaryl)carbapenems  = 2-(Biaryl)carbapenems', 'CHEBI:29470 = CHEBI:29470')]	6.069999999999999e-128	57.105
J9VHK9	1.B.1.1.11	P76335	[('meropenem  = meropenem', 'CHEBI:43968 = CHEBI:43968'), ('2-(Biaryl)carbapenems  = 2-(Biaryl)carbapenems', 'CHEBI:29470 = CHEBI:29470')]	1.32e-50	57.485
J9VHK9	1.B.1.1.11	P02931	[('meropenem  = meropenem', 'CHEBI:43968 = CHEBI:43968'), ('2-(Biaryl)carbapenems  = 2-(Biaryl)carbapenems', 'CHEBI:29470 = CHEBI:29470')]	2.6e-103	50.789
J9VHK9	1.B.1.1.11	P21420	[('meropenem  = meropenem', 'CHEBI:43968 = CHEBI:43968'), ('2-(Biaryl)carbapenems  = 2-(Biaryl)carbapenems', 'CHEBI:29470 = CHEBI:29470')]	1.27e-126	54.712
J9VHK9	1.B.1.1.11	P77519	[('meropenem  = meropenem', 'CHEBI:43968 = CHEBI:43968'), ('2-(Biaryl)carbapenems  = 2-(Biaryl)carbapenems', 'CHEBI:29470 = CHEBI:29470')]	3.43e-19	55.682
Q6RW54	1.B.1.1.12	P77747	[('beta-lactam antibiotic  = beta-lactam antibiotic', 'CHEBI:10427 = CHEBI:10427'), ('cephalosporin  = cephalosporin', 'CHEBI:23066 = CHEBI:23066'), ('imipenem  = imipenem', 'CHEBI:471744 = CHEBI:471744')]	4.47e-139	56.349
Q6RW54	1.B.1.1.12	P02932	[('beta-lactam antibiotic  = beta-lactam antibiotic', 'CHEBI:10427 = CHEBI:10427'), ('cephalosporin  = cephalosporin', 'CHEBI:23066 = CHEBI:23066'), ('imipenem  = imipenem', 'CHEBI:471744 = CHEBI:471744')]	4.01e-127	54.972
Q6RW54	1.B.1.1.12	P06996	[('beta-lactam antibiotic  = beta-lactam antibiotic', 'CHEBI:10427 = CHEBI:10427'), ('cephalosporin  = cephalosporin', 'CHEBI:23066 = CHEBI:23066'), ('imipenem  = imipenem', 'CHEBI:471744 = CHEBI:471744')]	1.0900000000000001e-129	54.813
Q6RW54	1.B.1.1.12	P76335	[('beta-lactam antibiotic  = beta-lactam antibiotic', 'CHEBI:10427 = CHEBI:10427'), ('cephalosporin  = cephalosporin', 'CHEBI:23066 = CHEBI:23066'), ('imipenem  = imipenem', 'CHEBI:471744 = CHEBI:471744')]	1.9900000000000002e-66	65.031
Q6RW54	1.B.1.1.12	P02931	[('beta-lactam antibiotic  = beta-lactam antibiotic', 'CHEBI:10427 = CHEBI:10427'), ('cephalosporin  = cephalosporin', 'CHEBI:23066 = CHEBI:23066'), ('imipenem  = imipenem', 'CHEBI:471744 = CHEBI:471744')]	4.67e-127	56.183
Q6RW54	1.B.1.1.12	P21420	[('beta-lactam antibiotic  = beta-lactam antibiotic', 'CHEBI:10427 = CHEBI:10427'), ('cephalosporin  = cephalosporin', 'CHEBI:23066 = CHEBI:23066'), ('imipenem  = imipenem', 'CHEBI:471744 = CHEBI:471744')]	1.0900000000000001e-130	56.452
Q6RW54	1.B.1.1.12	P77519	[('beta-lactam antibiotic  = beta-lactam antibiotic', 'CHEBI:10427 = CHEBI:10427'), ('cephalosporin  = cephalosporin', 'CHEBI:23066 = CHEBI:23066'), ('imipenem  = imipenem', 'CHEBI:471744 = CHEBI:471744')]	2.3e-25	54.945
Q9AGC9	1.B.1.1.13	P77747	[('beta-lactam  = beta-lactam', 'CHEBI:35627 = CHEBI:35627'), ('imipenem  = imipenem', 'CHEBI:471744 = CHEBI:471744'), ('2-(Biaryl)carbapenems  = 2-(Biaryl)carbapenems', 'CHEBI:29470 = CHEBI:29470')]	5.29e-177	65.81
Q9AGC9	1.B.1.1.13	P02932	[('beta-lactam  = beta-lactam', 'CHEBI:35627 = CHEBI:35627'), ('imipenem  = imipenem', 'CHEBI:471744 = CHEBI:471744'), ('2-(Biaryl)carbapenems  = 2-(Biaryl)carbapenems', 'CHEBI:29470 = CHEBI:29470')]	1.87e-139	56.464
Q9AGC9	1.B.1.1.13	P06996	[('beta-lactam  = beta-lactam', 'CHEBI:35627 = CHEBI:35627'), ('imipenem  = imipenem', 'CHEBI:471744 = CHEBI:471744'), ('2-(Biaryl)carbapenems  = 2-(Biaryl)carbapenems', 'CHEBI:29470 = CHEBI:29470')]	0.0	76.053
Q9AGC9	1.B.1.1.13	P76335	[('beta-lactam  = beta-lactam', 'CHEBI:35627 = CHEBI:35627'), ('imipenem  = imipenem', 'CHEBI:471744 = CHEBI:471744'), ('2-(Biaryl)carbapenems  = 2-(Biaryl)carbapenems', 'CHEBI:29470 = CHEBI:29470')]	6.19e-82	74.534
Q9AGC9	1.B.1.1.13	P02931	[('beta-lactam  = beta-lactam', 'CHEBI:35627 = CHEBI:35627'), ('imipenem  = imipenem', 'CHEBI:471744 = CHEBI:471744'), ('2-(Biaryl)carbapenems  = 2-(Biaryl)carbapenems', 'CHEBI:29470 = CHEBI:29470')]	1.61e-135	57.216
Q9AGC9	1.B.1.1.13	P21420	[('beta-lactam  = beta-lactam', 'CHEBI:35627 = CHEBI:35627'), ('imipenem  = imipenem', 'CHEBI:471744 = CHEBI:471744'), ('2-(Biaryl)carbapenems  = 2-(Biaryl)carbapenems', 'CHEBI:29470 = CHEBI:29470')]	1.83e-156	63.271
Q9AGC9	1.B.1.1.13	P77519	[('beta-lactam  = beta-lactam', 'CHEBI:35627 = CHEBI:35627'), ('imipenem  = imipenem', 'CHEBI:471744 = CHEBI:471744'), ('2-(Biaryl)carbapenems  = 2-(Biaryl)carbapenems', 'CHEBI:29470 = CHEBI:29470')]	4.28e-32	57.303
F4MY44	1.B.1.1.16	P77747	[('molecule  = molecule', 'CHEBI:25367 = CHEBI:25367')]	1.0600000000000001e-167	65.354
F4MY44	1.B.1.1.16	P02932	[('molecule  = molecule', 'CHEBI:25367 = CHEBI:25367')]	1.08e-141	58.808
F4MY44	1.B.1.1.16	P06996	[('molecule  = molecule', 'CHEBI:25367 = CHEBI:25367')]	0.0	72.074
F4MY44	1.B.1.1.16	P76335	[('molecule  = molecule', 'CHEBI:25367 = CHEBI:25367')]	7.75e-75	68.944
F4MY44	1.B.1.1.16	P02931	[('molecule  = molecule', 'CHEBI:25367 = CHEBI:25367')]	3.54e-135	58.933
F4MY44	1.B.1.1.16	P21420	[('molecule  = molecule', 'CHEBI:25367 = CHEBI:25367')]	1.7499999999999999e-146	62.5
F4MY44	1.B.1.1.16	P77519	[('molecule  = molecule', 'CHEBI:25367 = CHEBI:25367')]	1.55e-30	62.025
F4MVD5	1.B.1.1.17	P77747	[('molecule  = molecule', 'CHEBI:25367 = CHEBI:25367')]	1.18e-91	56.705
F4MVD5	1.B.1.1.17	P02932	[('molecule  = molecule', 'CHEBI:25367 = CHEBI:25367')]	1.05e-96	59.426
F4MVD5	1.B.1.1.17	P06996	[('molecule  = molecule', 'CHEBI:25367 = CHEBI:25367')]	9.82e-80	55.686
F4MVD5	1.B.1.1.17	P76335	[('molecule  = molecule', 'CHEBI:25367 = CHEBI:25367')]	1.21e-09	70.588
F4MVD5	1.B.1.1.17	P02931	[('molecule  = molecule', 'CHEBI:25367 = CHEBI:25367')]	2.16e-87	57.202
F4MVD5	1.B.1.1.17	P21420	[('molecule  = molecule', 'CHEBI:25367 = CHEBI:25367')]	2.16e-83	56.522
D6QLX8	1.B.1.1.19	P77747	[('meropenem  = meropenem', 'CHEBI:43968 = CHEBI:43968'), ('ertapenem  = ertapenem', 'CHEBI:404903 = CHEBI:404903'), ('imipenem  = imipenem', 'CHEBI:471744 = CHEBI:471744'), ('2-(Biaryl)carbapenems  = 2-(Biaryl)carbapenems', 'CHEBI:29470 = CHEBI:29470')]	2.7100000000000002e-179	68.504
D6QLX8	1.B.1.1.19	P02932	[('meropenem  = meropenem', 'CHEBI:43968 = CHEBI:43968'), ('ertapenem  = ertapenem', 'CHEBI:404903 = CHEBI:404903'), ('imipenem  = imipenem', 'CHEBI:471744 = CHEBI:471744'), ('2-(Biaryl)carbapenems  = 2-(Biaryl)carbapenems', 'CHEBI:29470 = CHEBI:29470')]	9.62e-145	58.649
D6QLX8	1.B.1.1.19	P06996	[('meropenem  = meropenem', 'CHEBI:43968 = CHEBI:43968'), ('ertapenem  = ertapenem', 'CHEBI:404903 = CHEBI:404903'), ('imipenem  = imipenem', 'CHEBI:471744 = CHEBI:471744'), ('2-(Biaryl)carbapenems  = 2-(Biaryl)carbapenems', 'CHEBI:29470 = CHEBI:29470')]	0.0	80.217
D6QLX8	1.B.1.1.19	P76335	[('meropenem  = meropenem', 'CHEBI:43968 = CHEBI:43968'), ('ertapenem  = ertapenem', 'CHEBI:404903 = CHEBI:404903'), ('imipenem  = imipenem', 'CHEBI:471744 = CHEBI:471744'), ('2-(Biaryl)carbapenems  = 2-(Biaryl)carbapenems', 'CHEBI:29470 = CHEBI:29470')]	1.0299999999999999e-82	74.534
D6QLX8	1.B.1.1.19	P02931	[('meropenem  = meropenem', 'CHEBI:43968 = CHEBI:43968'), ('ertapenem  = ertapenem', 'CHEBI:404903 = CHEBI:404903'), ('imipenem  = imipenem', 'CHEBI:471744 = CHEBI:471744'), ('2-(Biaryl)carbapenems  = 2-(Biaryl)carbapenems', 'CHEBI:29470 = CHEBI:29470')]	1.49e-139	58.839
D6QLX8	1.B.1.1.19	P21420	[('meropenem  = meropenem', 'CHEBI:43968 = CHEBI:43968'), ('ertapenem  = ertapenem', 'CHEBI:404903 = CHEBI:404903'), ('imipenem  = imipenem', 'CHEBI:471744 = CHEBI:471744'), ('2-(Biaryl)carbapenems  = 2-(Biaryl)carbapenems', 'CHEBI:29470 = CHEBI:29470')]	4.88e-151	63.144
D6QLX8	1.B.1.1.19	P77519	[('meropenem  = meropenem', 'CHEBI:43968 = CHEBI:43968'), ('ertapenem  = ertapenem', 'CHEBI:404903 = CHEBI:404903'), ('imipenem  = imipenem', 'CHEBI:471744 = CHEBI:471744'), ('2-(Biaryl)carbapenems  = 2-(Biaryl)carbapenems', 'CHEBI:29470 = CHEBI:29470')]	1.11e-33	59.551
P02932	1.B.1.1.2	P77747	[('phosphate(3-)  = phosphate(3-)', 'CHEBI:18367 = CHEBI:18367')]	8.38e-159	59.524
P02932	1.B.1.1.2	P02932	[('phosphate(3-)  = phosphate(3-)', 'CHEBI:18367 = CHEBI:18367')]	0.0	100.0
P02932	1.B.1.1.2	P06996	[('phosphate(3-)  = phosphate(3-)', 'CHEBI:18367 = CHEBI:18367')]	4.3000000000000005e-144	58.333
P02932	1.B.1.1.2	P76335	[('phosphate(3-)  = phosphate(3-)', 'CHEBI:18367 = CHEBI:18367')]	4.39e-68	60.87
P02932	1.B.1.1.2	P02931	[('phosphate(3-)  = phosphate(3-)', 'CHEBI:18367 = CHEBI:18367')]	1.35e-151	60.165
P02932	1.B.1.1.2	P21420	[('phosphate(3-)  = phosphate(3-)', 'CHEBI:18367 = CHEBI:18367')]	4.08e-152	62.125
P02932	1.B.1.1.2	P77519	[('phosphate(3-)  = phosphate(3-)', 'CHEBI:18367 = CHEBI:18367')]	2.2099999999999998e-30	53.191
J9VK71	1.B.1.1.20	P77747	[('cefepime  = cefepime', 'CHEBI:478164 = CHEBI:478164'), ('cefoxitin  = cefoxitin', 'CHEBI:209807 = CHEBI:209807'), ('ertapenem  = ertapenem', 'CHEBI:404903 = CHEBI:404903')]	4.87e-130	54.856
J9VK71	1.B.1.1.20	P02932	[('cefepime  = cefepime', 'CHEBI:478164 = CHEBI:478164'), ('cefoxitin  = cefoxitin', 'CHEBI:209807 = CHEBI:209807'), ('ertapenem  = ertapenem', 'CHEBI:404903 = CHEBI:404903')]	1.09e-116	51.344
J9VK71	1.B.1.1.20	P06996	[('cefepime  = cefepime', 'CHEBI:478164 = CHEBI:478164'), ('cefoxitin  = cefoxitin', 'CHEBI:209807 = CHEBI:209807'), ('ertapenem  = ertapenem', 'CHEBI:404903 = CHEBI:404903')]	8.98e-128	57.218
J9VK71	1.B.1.1.20	P76335	[('cefepime  = cefepime', 'CHEBI:478164 = CHEBI:478164'), ('cefoxitin  = cefoxitin', 'CHEBI:209807 = CHEBI:209807'), ('ertapenem  = ertapenem', 'CHEBI:404903 = CHEBI:404903')]	4.32e-51	59.394
J9VK71	1.B.1.1.20	P21420	[('cefepime  = cefepime', 'CHEBI:478164 = CHEBI:478164'), ('cefoxitin  = cefoxitin', 'CHEBI:209807 = CHEBI:209807'), ('ertapenem  = ertapenem', 'CHEBI:404903 = CHEBI:404903')]	3.39e-125	53.684
J9VK71	1.B.1.1.20	P77519	[('cefepime  = cefepime', 'CHEBI:478164 = CHEBI:478164'), ('cefoxitin  = cefoxitin', 'CHEBI:209807 = CHEBI:209807'), ('ertapenem  = ertapenem', 'CHEBI:404903 = CHEBI:404903')]	3.43e-19	56.977
P77747	1.B.1.1.21	P77747	[('molecule  = molecule', 'CHEBI:25367 = CHEBI:25367')]	0.0	100.0
P77747	1.B.1.1.21	P02932	[('molecule  = molecule', 'CHEBI:25367 = CHEBI:25367')]	4.49e-151	60.955
P77747	1.B.1.1.21	P06996	[('molecule  = molecule', 'CHEBI:25367 = CHEBI:25367')]	7e-154	66.753
P77747	1.B.1.1.21	P76335	[('molecule  = molecule', 'CHEBI:25367 = CHEBI:25367')]	2.79e-74	77.64
P77747	1.B.1.1.21	P02931	[('molecule  = molecule', 'CHEBI:25367 = CHEBI:25367')]	2.4000000000000002e-129	56.831
P77747	1.B.1.1.21	P21420	[('molecule  = molecule', 'CHEBI:25367 = CHEBI:25367')]	1.58e-152	64.835
P77747	1.B.1.1.21	P77519	[('molecule  = molecule', 'CHEBI:25367 = CHEBI:25367')]	7.73e-27	64.045
Q56111	1.B.1.1.22	P77747	[('molecule  = molecule', 'CHEBI:25367 = CHEBI:25367')]	0.0	80.155
Q56111	1.B.1.1.22	P02932	[('molecule  = molecule', 'CHEBI:25367 = CHEBI:25367')]	2.54e-152	60.779
Q56111	1.B.1.1.22	P06996	[('molecule  = molecule', 'CHEBI:25367 = CHEBI:25367')]	6.9e-159	66.057
Q56111	1.B.1.1.22	P76335	[('molecule  = molecule', 'CHEBI:25367 = CHEBI:25367')]	4.38e-78	75.776
Q56111	1.B.1.1.22	P02931	[('molecule  = molecule', 'CHEBI:25367 = CHEBI:25367')]	2.01e-130	57.653
Q56111	1.B.1.1.22	P21420	[('molecule  = molecule', 'CHEBI:25367 = CHEBI:25367')]	2.58e-152	63.077
Q56111	1.B.1.1.22	P77519	[('molecule  = molecule', 'CHEBI:25367 = CHEBI:25367')]	7.7e-29	62.637
A7FIL0	1.B.1.1.23	P77747	[('molecule  = molecule', 'CHEBI:25367 = CHEBI:25367')]	5.83e-138	56.477
A7FIL0	1.B.1.1.23	P02932	[('molecule  = molecule', 'CHEBI:25367 = CHEBI:25367')]	1.5099999999999998e-134	55.647
A7FIL0	1.B.1.1.23	P06996	[('molecule  = molecule', 'CHEBI:25367 = CHEBI:25367')]	1.58e-119	52.279
A7FIL0	1.B.1.1.23	P76335	[('molecule  = molecule', 'CHEBI:25367 = CHEBI:25367')]	3.08e-58	57.055
A7FIL0	1.B.1.1.23	P02931	[('molecule  = molecule', 'CHEBI:25367 = CHEBI:25367')]	7.89e-127	54.278
A7FIL0	1.B.1.1.23	P21420	[('molecule  = molecule', 'CHEBI:25367 = CHEBI:25367')]	1.6899999999999998e-134	56.0
E3U905	1.B.1.1.24	P77747	[('molecule  = molecule', 'CHEBI:25367 = CHEBI:25367')]	5.020000000000001e-124	51.715
E3U905	1.B.1.1.24	P02932	[('molecule  = molecule', 'CHEBI:25367 = CHEBI:25367')]	3.82e-112	50.0
E3U905	1.B.1.1.24	P06996	[('molecule  = molecule', 'CHEBI:25367 = CHEBI:25367')]	4.61e-125	53.495
E3U905	1.B.1.1.24	P76335	[('molecule  = molecule', 'CHEBI:25367 = CHEBI:25367')]	8.4e-53	54.037
E3U905	1.B.1.1.24	P21420	[('molecule  = molecule', 'CHEBI:25367 = CHEBI:25367')]	3.92e-124	51.475
E3U905	1.B.1.1.24	P77519	[('molecule  = molecule', 'CHEBI:25367 = CHEBI:25367')]	4.22e-24	57.5
Q56110	1.B.1.1.27	P77747	[('solute  = solute', 'solute = solute')]	3.1499999999999997e-170	66.404
Q56110	1.B.1.1.27	P02932	[('solute  = solute', 'solute = solute')]	2.51e-130	55.263
Q56110	1.B.1.1.27	P06996	[('solute  = solute', 'solute = solute')]	2.51e-141	61.64
Q56110	1.B.1.1.27	P76335	[('solute  = solute', 'solute = solute')]	3.08e-71	74.534
Q56110	1.B.1.1.27	P02931	[('solute  = solute', 'solute = solute')]	1.49e-116	53.731
Q56110	1.B.1.1.27	P21420	[('solute  = solute', 'solute = solute')]	3.64e-145	61.111
Q56110	1.B.1.1.27	P77519	[('solute  = solute', 'solute = solute')]	3.27e-27	63.514
AJW81160	1.B.1.1.28	P77747	[('molecule  = molecule', 'CHEBI:25367 = CHEBI:25367')]	1.49e-177	65.963
AJW81160	1.B.1.1.28	P02932	[('molecule  = molecule', 'CHEBI:25367 = CHEBI:25367')]	7.849999999999999e-146	59.563
AJW81160	1.B.1.1.28	P06996	[('molecule  = molecule', 'CHEBI:25367 = CHEBI:25367')]	2.32e-149	61.478
AJW81160	1.B.1.1.28	P76335	[('molecule  = molecule', 'CHEBI:25367 = CHEBI:25367')]	7.130000000000001e-77	69.939
AJW81160	1.B.1.1.28	P02931	[('molecule  = molecule', 'CHEBI:25367 = CHEBI:25367')]	1.2099999999999999e-140	58.824
AJW81160	1.B.1.1.28	P21420	[('molecule  = molecule', 'CHEBI:25367 = CHEBI:25367')]	6.62e-153	61.23
AJW81160	1.B.1.1.28	P77519	[('molecule  = molecule', 'CHEBI:25367 = CHEBI:25367')]	1.77e-31	56.989
A2IBY3	1.B.1.1.29	P77747	[('molecule  = molecule', 'CHEBI:25367 = CHEBI:25367')]	9.019999999999999e-180	67.46
A2IBY3	1.B.1.1.29	P02932	[('molecule  = molecule', 'CHEBI:25367 = CHEBI:25367')]	2.44e-135	55.256
A2IBY3	1.B.1.1.29	P06996	[('molecule  = molecule', 'CHEBI:25367 = CHEBI:25367')]	0.0	76.944
A2IBY3	1.B.1.1.29	P76335	[('molecule  = molecule', 'CHEBI:25367 = CHEBI:25367')]	1.22e-80	73.913
A2IBY3	1.B.1.1.29	P02931	[('molecule  = molecule', 'CHEBI:25367 = CHEBI:25367')]	1.8599999999999998e-134	56.955
A2IBY3	1.B.1.1.29	P21420	[('molecule  = molecule', 'CHEBI:25367 = CHEBI:25367')]	2.75e-154	63.271
A2IBY3	1.B.1.1.29	P77519	[('molecule  = molecule', 'CHEBI:25367 = CHEBI:25367')]	1.77e-31	57.303
P06996	1.B.1.1.3	P77747	[('orobol  = orobol', 'CHEBI:69437 = CHEBI:69437'), ('antimicrobial agent  = antimicrobial agent', 'CHEBI:22582 = CHEBI:22582')]	3.2200000000000003e-167	66.753
P06996	1.B.1.1.3	P02932	[('orobol  = orobol', 'CHEBI:69437 = CHEBI:69437'), ('antimicrobial agent  = antimicrobial agent', 'CHEBI:22582 = CHEBI:22582')]	4.1100000000000004e-144	58.333
P06996	1.B.1.1.3	P06996	[('orobol  = orobol', 'CHEBI:69437 = CHEBI:69437'), ('antimicrobial agent  = antimicrobial agent', 'CHEBI:22582 = CHEBI:22582')]	0.0	100.0
P06996	1.B.1.1.3	P76335	[('orobol  = orobol', 'CHEBI:69437 = CHEBI:69437'), ('antimicrobial agent  = antimicrobial agent', 'CHEBI:22582 = CHEBI:22582')]	2.92e-77	72.671
P06996	1.B.1.1.3	P02931	[('orobol  = orobol', 'CHEBI:69437 = CHEBI:69437'), ('antimicrobial agent  = antimicrobial agent', 'CHEBI:22582 = CHEBI:22582')]	7.75e-141	59.318
P06996	1.B.1.1.3	P21420	[('orobol  = orobol', 'CHEBI:69437 = CHEBI:69437'), ('antimicrobial agent  = antimicrobial agent', 'CHEBI:22582 = CHEBI:22582')]	1.51e-155	63.073
P06996	1.B.1.1.3	P77519	[('orobol  = orobol', 'CHEBI:69437 = CHEBI:69437'), ('antimicrobial agent  = antimicrobial agent', 'CHEBI:22582 = CHEBI:22582')]	4.55e-33	62.069
VAM18081.1	1.B.1.1.31	P77747	[('solute  = solute', 'solute = solute')]	7.07e-178	69.291
VAM18081.1	1.B.1.1.31	P02932	[('solute  = solute', 'solute = solute')]	6.550000000000001e-144	59.128
VAM18081.1	1.B.1.1.31	P06996	[('solute  = solute', 'solute = solute')]	0.0	86.685
VAM18081.1	1.B.1.1.31	P76335	[('solute  = solute', 'solute = solute')]	4.67e-78	72.671
VAM18081.1	1.B.1.1.31	P02931	[('solute  = solute', 'solute = solute')]	7.01e-139	60.053
VAM18081.1	1.B.1.1.31	P21420	[('solute  = solute', 'solute = solute')]	6.340000000000001e-156	64.85
VAM18081.1	1.B.1.1.31	P77519	[('solute  = solute', 'solute = solute')]	4.9099999999999994e-34	62.069
O87754	1.B.1.1.32	P77747	[('antimicrobial agent  = antimicrobial agent', 'CHEBI:22582 = CHEBI:22582')]	0.0	78.068
O87754	1.B.1.1.32	P02932	[('antimicrobial agent  = antimicrobial agent', 'CHEBI:22582 = CHEBI:22582')]	7.47e-151	60.533
O87754	1.B.1.1.32	P06996	[('antimicrobial agent  = antimicrobial agent', 'CHEBI:22582 = CHEBI:22582')]	6.37e-154	65.252
O87754	1.B.1.1.32	P76335	[('antimicrobial agent  = antimicrobial agent', 'CHEBI:22582 = CHEBI:22582')]	1.45e-73	72.671
O87754	1.B.1.1.32	P02931	[('antimicrobial agent  = antimicrobial agent', 'CHEBI:22582 = CHEBI:22582')]	2.41e-135	58.656
O87754	1.B.1.1.32	P21420	[('antimicrobial agent  = antimicrobial agent', 'CHEBI:22582 = CHEBI:22582')]	2.85e-149	61.719
O87754	1.B.1.1.32	P77519	[('antimicrobial agent  = antimicrobial agent', 'CHEBI:22582 = CHEBI:22582')]	1.93e-27	59.783
P21420	1.B.1.1.4	P77747	[('anion  = anion', 'CHEBI:22563 = CHEBI:22563'), ('hydrogen peroxide  = hydrogen peroxide', 'CHEBI:16240 = CHEBI:16240'), ('ceftriaxone  = ceftriaxone', 'CHEBI:29007 = CHEBI:29007')]	4.2900000000000004e-157	62.887
P21420	1.B.1.1.4	P02932	[('anion  = anion', 'CHEBI:22563 = CHEBI:22563'), ('hydrogen peroxide  = hydrogen peroxide', 'CHEBI:16240 = CHEBI:16240'), ('ceftriaxone  = ceftriaxone', 'CHEBI:29007 = CHEBI:29007')]	3.92e-152	62.125
P21420	1.B.1.1.4	P06996	[('anion  = anion', 'CHEBI:22563 = CHEBI:22563'), ('hydrogen peroxide  = hydrogen peroxide', 'CHEBI:16240 = CHEBI:16240'), ('ceftriaxone  = ceftriaxone', 'CHEBI:29007 = CHEBI:29007')]	1.52e-155	63.073
P21420	1.B.1.1.4	P76335	[('anion  = anion', 'CHEBI:22563 = CHEBI:22563'), ('hydrogen peroxide  = hydrogen peroxide', 'CHEBI:16240 = CHEBI:16240'), ('ceftriaxone  = ceftriaxone', 'CHEBI:29007 = CHEBI:29007')]	8.91e-64	60.976
P21420	1.B.1.1.4	P02931	[('anion  = anion', 'CHEBI:22563 = CHEBI:22563'), ('hydrogen peroxide  = hydrogen peroxide', 'CHEBI:16240 = CHEBI:16240'), ('ceftriaxone  = ceftriaxone', 'CHEBI:29007 = CHEBI:29007')]	1.11e-137	57.979
P21420	1.B.1.1.4	P21420	[('anion  = anion', 'CHEBI:22563 = CHEBI:22563'), ('hydrogen peroxide  = hydrogen peroxide', 'CHEBI:16240 = CHEBI:16240'), ('ceftriaxone  = ceftriaxone', 'CHEBI:29007 = CHEBI:29007')]	0.0	100.0
P21420	1.B.1.1.4	P77519	[('anion  = anion', 'CHEBI:22563 = CHEBI:22563'), ('hydrogen peroxide  = hydrogen peroxide', 'CHEBI:16240 = CHEBI:16240'), ('ceftriaxone  = ceftriaxone', 'CHEBI:29007 = CHEBI:29007')]	9.920000000000001e-33	61.957
P07238	1.B.1.1.5	P77747	[('molecule  = molecule', 'CHEBI:25367 = CHEBI:25367')]	8.380000000000001e-156	62.371
P07238	1.B.1.1.5	P02932	[('molecule  = molecule', 'CHEBI:25367 = CHEBI:25367')]	5.19e-150	61.58
P07238	1.B.1.1.5	P06996	[('molecule  = molecule', 'CHEBI:25367 = CHEBI:25367')]	3.58e-154	62.803
P07238	1.B.1.1.5	P76335	[('molecule  = molecule', 'CHEBI:25367 = CHEBI:25367')]	2.02e-62	59.756
P07238	1.B.1.1.5	P02931	[('molecule  = molecule', 'CHEBI:25367 = CHEBI:25367')]	2.63e-137	57.713
P07238	1.B.1.1.5	P21420	[('molecule  = molecule', 'CHEBI:25367 = CHEBI:25367')]	0.0	98.904
P07238	1.B.1.1.5	P77519	[('molecule  = molecule', 'CHEBI:25367 = CHEBI:25367')]	1.09e-32	61.957
Q56828	1.B.1.1.6	P77747	[('molecule  = molecule', 'CHEBI:25367 = CHEBI:25367')]	8.399999999999999e-150	57.403
Q56828	1.B.1.1.6	P02932	[('molecule  = molecule', 'CHEBI:25367 = CHEBI:25367')]	5.019999999999999e-134	56.216
Q56828	1.B.1.1.6	P06996	[('molecule  = molecule', 'CHEBI:25367 = CHEBI:25367')]	2.2899999999999998e-128	55.875
Q56828	1.B.1.1.6	P76335	[('molecule  = molecule', 'CHEBI:25367 = CHEBI:25367')]	7.22e-70	64.815
Q56828	1.B.1.1.6	P02931	[('molecule  = molecule', 'CHEBI:25367 = CHEBI:25367')]	1.81e-123	55.703
Q56828	1.B.1.1.6	P21420	[('molecule  = molecule', 'CHEBI:25367 = CHEBI:25367')]	1.7699999999999998e-128	56.43
Q56828	1.B.1.1.6	P77519	[('molecule  = molecule', 'CHEBI:25367 = CHEBI:25367')]	1.1599999999999999e-28	58.427
A0RZH5	1.B.1.1.8	P77747	[('orobol  = orobol', 'CHEBI:69437 = CHEBI:69437')]	5.65e-126	51.861
A0RZH5	1.B.1.1.8	P02932	[('orobol  = orobol', 'CHEBI:69437 = CHEBI:69437')]	8.9e-137	56.25
A0RZH5	1.B.1.1.8	P06996	[('orobol  = orobol', 'CHEBI:69437 = CHEBI:69437')]	1.19e-119	53.015
A0RZH5	1.B.1.1.8	P76335	[('orobol  = orobol', 'CHEBI:69437 = CHEBI:69437')]	3.0899999999999997e-52	57.738
A0RZH5	1.B.1.1.8	P02931	[('orobol  = orobol', 'CHEBI:69437 = CHEBI:69437')]	5.5800000000000004e-129	56.736
A0RZH5	1.B.1.1.8	P21420	[('orobol  = orobol', 'CHEBI:69437 = CHEBI:69437')]	5.18e-121	54.521
A0RZH5	1.B.1.1.8	P77519	[('orobol  = orobol', 'CHEBI:69437 = CHEBI:69437')]	1.3499999999999999e-24	59.524
P0A927	1.B.10.1.1	P0A927	[('no_reaction_identified', 'no_reaction_identified')]	0.0	100.0
P45564	1.B.10.3.1	P45564	[('no_reaction_identified', 'no_reaction_identified')]	0.0	100.0
P75750	1.B.11.2.2	P75750	[('no_reaction_identified', 'no_reaction_identified')]	0.0	100.0
P33341	1.B.11.3.11	P33341	[('no_reaction_identified', 'no_reaction_identified')]	0.0	100.0
P33129	1.B.11.3.3	P33129	[('no_reaction_identified', 'no_reaction_identified')]	0.0	100.0
P42915	1.B.11.3.6	P42915	[('no_reaction_identified', 'no_reaction_identified')]	0.0	100.0
P30130	1.B.11.3.9	P76137	[('no_reaction_identified', 'no_reaction_identified')]	9.74e-161	56.806
P30130	1.B.11.3.9	P30130	[('no_reaction_identified', 'no_reaction_identified')]	0.0	100.0
P45420	1.B.11.5.1	P45420	[('no_reaction_identified', 'no_reaction_identified')]	0.0	100.0
Q9Z625	1.B.12.1.3	P77286	[('Protein virulence factor (periplasm) = Protein virulence factor (external milieu)', 'Protein virulence factor (periplasm) = Protein virulence factor (external milieu)')]	5.84e-121	50.286
Q9Z625	1.B.12.1.3	P77286	[('Protein virulence factor (periplasm) = Protein virulence factor (external milieu)', 'Protein virulence factor (periplasm) = Protein virulence factor (external milieu)')]	6.34e-22	51.818
P45508	1.B.12.1.5	P45508	[('Protein virulence factor (periplasm) = Protein virulence factor (external milieu)', 'Protein virulence factor (periplasm) = Protein virulence factor (external milieu)')]	0.0	100.0
Q8X6C1	1.B.12.1.6	P77286	[('Protein virulence factor (periplasm) = Protein virulence factor (external milieu)', 'Protein virulence factor (periplasm) = Protein virulence factor (external milieu)')]	6.500000000000001e-173	53.002
P76017	1.B.12.2.6	P76017	[('Protein virulence factor (periplasm) = Protein virulence factor (external milieu)', 'Protein virulence factor (periplasm) = Protein virulence factor (external milieu)')]	0.0	100.0
Q8X5H7	1.B.12.2.7	P77199	[('Protein virulence factor (periplasm) = Protein virulence factor (external milieu)', 'Protein virulence factor (periplasm) = Protein virulence factor (external milieu)')]	0.0	65.524
P39180	1.B.12.8.2	P39180	[('Protein virulence factor (periplasm) = Protein virulence factor (external milieu)', 'Protein virulence factor (periplasm) = Protein virulence factor (external milieu)')]	0.0	100.0
P33924	1.B.12.8.4	P33924	[('protein polypeptide chain (periplasm) = protein polypeptide chain (external milieu)', 'CHEBI:8526 (periplasm) = CHEBI:8526 (external milieu)')]	0.0	100.0
P33924	1.B.12.8.4	P76000	[('protein polypeptide chain (periplasm) = protein polypeptide chain (external milieu)', 'CHEBI:8526 (periplasm) = CHEBI:8526 (external milieu)')]	2.07e-41	50.0
P16869	1.B.14.1.1	P16869	[('substrate  =(pmf) substrate (periplasm)', 'substrate =(pmf) substrate (periplasm)')]	0.0	100.0
Q9HXB2	1.B.14.1.12	P13036	[('Fe(III)-complexed siderophore  =(pmf) Fe(III)-complexed siderophore (periplasm)', 'CHEBI:84734 =(pmf) CHEBI:84734 (periplasm)')]	0.0	62.516
P06971	1.B.14.1.2	P06971	[('ferrichrome  =(pmf) ferrichrome (periplasm)', 'CHEBI:5019 =(pmf) CHEBI:5019 (periplasm)'), ('rifamycin SV  =(pmf) rifamycin SV (periplasm)', 'CHEBI:29673 =(pmf) CHEBI:29673 (periplasm)'), ('elaiophylin  =(pmf) elaiophylin (periplasm)', 'CHEBI:77879 =(pmf) CHEBI:77879 (periplasm)')]	0.0	100.0
P13036	1.B.14.1.20	P13036	[('Fe(III)-complexed siderophore  =(pmf) Fe(III)-complexed siderophore (periplasm)', 'CHEBI:84734 =(pmf) CHEBI:84734 (periplasm)')]	0.0	100.0
P05825	1.B.14.1.22	P05825	[('potassium(1+)  =(pmf) potassium(1+) (periplasm)', 'CHEBI:29103 =(pmf) CHEBI:29103 (periplasm)'), ('ferrienterobactin(3-)  =(pmf) ferrienterobactin(3-) (periplasm)', 'CHEBI:28199 =(pmf) CHEBI:28199 (periplasm)')]	0.0	100.0
O54507	1.B.14.1.3	P05825	[('ferrienterobactin(3-)  =(pmf) ferrienterobactin(3-) (periplasm)', 'CHEBI:28199 =(pmf) CHEBI:28199 (periplasm)')]	0.0	52.122
P17315	1.B.14.1.4	P17315	[('substrate  =(pmf) substrate (periplasm)', 'substrate =(pmf) substrate (periplasm)')]	0.0	100.0
Q05098	1.B.14.1.5	P05825	[('ferrienterobactin(3-)  =(pmf) ferrienterobactin(3-) (periplasm)', 'CHEBI:28199 =(pmf) CHEBI:28199 (periplasm)')]	0.0	61.111
P75780	1.B.14.1.9	P75780	[('dihydroxybenzoate  =(pmf) dihydroxybenzoate (periplasm)', 'CHEBI:36084 =(pmf) CHEBI:36084 (periplasm)')]	0.0	100.0
P75882	1.B.14.16.11	P32689	[('substrate  =(pmf) substrate (periplasm)', 'substrate =(pmf) substrate (periplasm)')]	0.0	64.511
P75882	1.B.14.16.11	P75882	[('substrate  =(pmf) substrate (periplasm)', 'substrate =(pmf) substrate (periplasm)')]	0.0	100.0
D8EPC3	1.B.14.16.4	P32689	[('substrate  =(pmf) substrate (periplasm)', 'substrate =(pmf) substrate (periplasm)')]	0.0	99.857
D8EPC3	1.B.14.16.4	P75882	[('substrate  =(pmf) substrate (periplasm)', 'substrate =(pmf) substrate (periplasm)')]	0.0	64.511
P31827	1.B.14.19.1	P31827	[('substrate  =(pmf) substrate (periplasm)', 'substrate =(pmf) substrate (periplasm)')]	0.0	100.0
P06129	1.B.14.3.1	P06129	[('cyanocob(III)alamin  =(pmf) cyanocob(III)alamin (periplasm)', 'CHEBI:17439 =(pmf) CHEBI:17439 (periplasm)')]	0.0	100.0
P76115	1.B.14.9.5	P76115	[('iron(3+)  =(pmf) iron(3+) (periplasm)', 'CHEBI:29034 =(pmf) CHEBI:29034 (periplasm)')]	0.0	100.0
P02930	1.B.17.1.1	P02930	[('no_reaction_identified', 'no_reaction_identified')]	0.0	100.0
P33369	1.B.17.3.10	P33369	[('no_reaction_identified', 'no_reaction_identified')]	0.0	100.0
Q9ZHD2	1.B.17.3.4	P77211	[('no_reaction_identified', 'no_reaction_identified')]	0.0	71.397
P77211	1.B.17.3.5	P77211	[('no_reaction_identified', 'no_reaction_identified')]	0.0	100.0
P32714	1.B.17.3.9	P32714	[('no_reaction_identified', 'no_reaction_identified')]	0.0	100.0
P0A930	1.B.18.3.1	P0A930	[('no_reaction_identified', 'no_reaction_identified')]	0.0	100.0
P0A930	1.B.18.3.1	P0A932	[('no_reaction_identified', 'no_reaction_identified')]	0.0	64.116
P0A932	1.B.18.3.8	P0A930	[('no_reaction_identified', 'no_reaction_identified')]	0.0	64.116
P0A932	1.B.18.3.8	P0A932	[('no_reaction_identified', 'no_reaction_identified')]	0.0	100.0
P76045	1.B.21.1.1	P76045	[('no_reaction_identified', 'no_reaction_identified')]	0.0	100.0
P15644	1.B.22.1.1	P45758	[('no_reaction_identified', 'no_reaction_identified')]	0.0	56.564
P45758	1.B.22.1.3	P45758	[('no_reaction_identified', 'no_reaction_identified')]	0.0	100.0
Q1R5P6	1.B.22.4.2	P34749	[('no_reaction_identified', 'no_reaction_identified')]	0.0	97.816
AGT22205.1	1.B.22.4.4	P34749	[('no_reaction_identified', 'no_reaction_identified')]	0.0	70.284
P75733	1.B.25.1.13	P75733	[('2-(Biaryl)carbapenems  = 2-(Biaryl)carbapenems (periplasm)', 'CHEBI:29470 = CHEBI:29470 (periplasm)')]	0.0	100.0
Q47706	1.B.25.1.5	Q47706	[('beta-D-glucosiduronic acid  = beta-D-glucosiduronic acid (periplasm)', 'CHEBI:10404 = CHEBI:10404 (periplasm)')]	0.0	100.0
P02943	1.B.3.1.1	P02943	[('beta-maltose = beta-maltose', 'CHEBI:18147 = CHEBI:18147')]	0.0	100.0
P26218	1.B.3.1.3	P26218	[('no_reaction_identified', 'no_reaction_identified')]	0.0	100.0
P0A903	1.B.33.1.3	P0A903	[('protein polypeptide chain (periplasm) = protein polypeptide chain (outer membrane)', 'CHEBI:8526 (periplasm) = CHEBI:8526 (outer membrane)')]	0.0	100.0
P0A937	1.B.33.1.3	P0A937	[('protein polypeptide chain (periplasm) = protein polypeptide chain (outer membrane)', 'CHEBI:8526 (periplasm) = CHEBI:8526 (outer membrane)')]	2.74e-82	100.0
P0A943	1.B.33.1.3	P0A940	[('protein polypeptide chain (periplasm) = protein polypeptide chain (outer membrane)', 'CHEBI:8526 (periplasm) = CHEBI:8526 (outer membrane)')]	0.0	100.0
P0AC02	1.B.33.1.3	P0AC02	[('protein polypeptide chain (periplasm) = protein polypeptide chain (outer membrane)', 'CHEBI:8526 (periplasm) = CHEBI:8526 (outer membrane)')]	0.0	100.0
P77774	1.B.33.1.3	P77774	[('protein polypeptide chain (periplasm) = protein polypeptide chain (outer membrane)', 'CHEBI:8526 (periplasm) = CHEBI:8526 (outer membrane)')]	0.0	100.0
P0ADE4	1.B.33.2.4	P0ADE4	[('protein polypeptide chain (periplasm) = protein polypeptide chain (outer membrane)', 'CHEBI:8526 (periplasm) = CHEBI:8526 (outer membrane)')]	0.0	100.0
P69856	1.B.35.2.1	P69856	[('N-acetylneuraminate = N-acetylneuraminate', 'CHEBI:35418 = CHEBI:35418')]	0.0	100.0
P76773	1.B.35.2.2	P76773	[('no_reaction_identified', 'no_reaction_identified')]	5.82e-174	100.0
Q8ZP50	1.B.39.1.1	P0A915	[('no_reaction_identified', 'no_reaction_identified')]	1.15e-139	88.679
P0A915	1.B.39.1.6	P0A915	[('no_reaction_identified', 'no_reaction_identified')]	7.82e-158	100.0
V1E4I3	1.B.39.1.9	P0A915	[('no_reaction_identified', 'no_reaction_identified')]	2.38e-75	52.535
P0ADV1	1.B.42.1.2	P0ADV1	[('no_reaction_identified', 'no_reaction_identified')]	1.7e-135	100.0
P0A9V1	1.B.42.1.2	P0A9V1	[('no_reaction_identified', 'no_reaction_identified')]	6.43e-177	100.0
P0ADW0	1.B.42.1.2	P0ADV9	[('no_reaction_identified', 'no_reaction_identified')]	2.07e-142	100.0
P31554	1.B.42.1.2	P31554	[('no_reaction_identified', 'no_reaction_identified')]	0.0	100.0
P0ADC1	1.B.42.1.2	P0ADC1	[('no_reaction_identified', 'no_reaction_identified')]	3.09e-143	100.0
P0AF98	1.B.42.1.2	P0AF98	[('no_reaction_identified', 'no_reaction_identified')]	0.0	100.0
P0ADC6	1.B.42.1.2	P0ADC6	[('no_reaction_identified', 'no_reaction_identified')]	0.0	100.0
P61316	1.B.46.1.1	P61316	[('no_reaction_identified', 'no_reaction_identified')]	1.17e-151	100.0
P61320	1.B.46.1.1	P61320	[('no_reaction_identified', 'no_reaction_identified')]	8.49e-155	100.0
P0AE95	1.B.48.1.1	P0AE95	[('no_reaction_identified', 'no_reaction_identified')]	2.9399999999999996e-94	100.0
P0AE98	1.B.48.1.1	P0AE98	[('no_reaction_identified', 'no_reaction_identified')]	2.89e-99	100.0
P0AEA2	1.B.48.1.1	P0AEA2	[('no_reaction_identified', 'no_reaction_identified')]	0.0	100.0
P76347	1.B.54.1.10	P76347	[('no_reaction_identified', 'no_reaction_identified')]	0.0	100.0
P76347	1.B.54.1.10	P36943	[('no_reaction_identified', 'no_reaction_identified')]	4.7299999999999994e-89	54.348
P11922	1.B.54.1.2	P36943	[('no_reaction_identified', 'no_reaction_identified')]	4.49e-68	54.124
P39165	1.B.54.1.9	P39165	[('no_reaction_identified', 'no_reaction_identified')]	0.0	100.0
P69434	1.B.55.1.1	P69434	[('no_reaction_identified', 'no_reaction_identified')]	0.0	100.0
P37650	1.B.55.3.1	P37650	[('no_reaction_identified', 'no_reaction_identified')]	0.0	100.0
P0A910	1.B.6.1.1	P0A910	[('no_reaction_identified', 'no_reaction_identified')]	0.0	100.0
P24017	1.B.6.1.11	P0A910	[('no_reaction_identified', 'no_reaction_identified')]	0.0	84.956
P07021	1.B.6.1.21	P07021	[('no_reaction_identified', 'no_reaction_identified')]	8.1e-120	100.0
Q9S3R8	1.B.6.1.6	P0A912	[('no_reaction_identified', 'no_reaction_identified')]	3.33e-06	54.545
P37665	1.B.6.13.1	P37665	[('no_reaction_identified', 'no_reaction_identified')]	2.8900000000000002e-157	100.0
K1GHE1	1.B.6.13.2	P37665	[('no_reaction_identified', 'no_reaction_identified')]	5.1e-46	50.633
P0A917	1.B.6.2.1	P0A917	[('no_reaction_identified', 'no_reaction_identified')]	7.51e-126	100.0
G0EBV0	1.B.6.2.10	P0A917	[('no_reaction_identified', 'no_reaction_identified')]	1.06e-97	80.233
I2UL24	1.B.6.2.20	P77184	[('no_reaction_identified', 'no_reaction_identified')]	1.6699999999999999e-25	82.353
Q8XE01	1.B.68.1.1	P76471	[('no_reaction_identified', 'no_reaction_identified')]	3.05e-127	98.889
I0A8J9	1.B.75.1.1	P76206	[('no_reaction_identified', 'no_reaction_identified')]	4.09e-164	88.797
P76206	1.B.75.1.3	P76206	[('no_reaction_identified', 'no_reaction_identified')]	0.0	100.0
P36649	1.B.76.1.8	P36649	[('4 Cu(+) + O2 + 4 H(+) = 4 Cu(2+) + 2 H2O', '4 CHEBI:49552 + CHEBI:15379 + 4 CHEBI:15378 = 4 CHEBI:29036 + 2 CHEBI:15377')]	0.0	100.0
P10384	1.B.9.1.1	P10384	[('no_reaction_identified', 'no_reaction_identified')]	0.0	100.0
P37681	1.B.93.1.1	P37681	[('no_reaction_identified', 'no_reaction_identified')]	0.0	100.0
P0A908	1.B.93.1.2	P0A908	[('no_reaction_identified', 'no_reaction_identified')]	0.0	100.0
Q47534	1.B.95.1.1	Q47534	[('no_reaction_identified', 'no_reaction_identified')]	0.0	100.0
P77335	1.C.10.1.1	P77335	[('no_reaction_identified', 'no_reaction_identified')]	0.0	100.0
A5A627	1.C.103.1.1	A5A627	[('no_reaction_identified', 'no_reaction_identified')]	1.44e-11	100.0
H3MU69	1.C.103.1.2	A5A627	[('no_reaction_identified', 'no_reaction_identified')]	2.52e-06	72.414
P67153	1.C.113.1.10	P67153	[('no_reaction_identified', 'no_reaction_identified')]	4.900000000000001e-156	100.0
Q1R5B5	1.C.120.1.1	A5A624	[('no_reaction_identified', 'no_reaction_identified')]	2.22e-10	96.296
H3RM55	1.C.120.1.2	A5A624	[('no_reaction_identified', 'no_reaction_identified')]	8.52e-10	92.593
P0A2L3	1.C.126.1.2	P0AE78	[('no_reaction_identified', 'no_reaction_identified')]	0.0	97.26
P64453	1.C.130.1.1	P64453	[('no_reaction_identified', 'no_reaction_identified')]	1.3e-35	100.0
P64453	1.C.130.1.1	P64646	[('no_reaction_identified', 'no_reaction_identified')]	1.4700000000000001e-21	63.158
P64646	1.C.130.1.2	P64453	[('no_reaction_identified', 'no_reaction_identified')]	1.4700000000000001e-21	63.158
P64646	1.C.130.1.2	P64646	[('no_reaction_identified', 'no_reaction_identified')]	2.87e-34	100.0
C1P611	1.C.135.1.1	C1P611	[('no_reaction_identified', 'no_reaction_identified')]	5.85e-11	100.0
Q6BF25	1.C.64.1.13	P0DPD0	[('no_reaction_identified', 'no_reaction_identified')]	2.14e-10	57.143
Q6BF25	1.C.64.1.13	Q6BF25	[('no_reaction_identified', 'no_reaction_identified')]	2.7e-20	100.0
Q6BF25	1.C.64.1.13	P0DPD1	[('no_reaction_identified', 'no_reaction_identified')]	2.14e-10	57.143
Q6BF25	1.C.64.1.13	Q6BF87	[('no_reaction_identified', 'no_reaction_identified')]	2.05e-10	57.143
E1PGF6	1.C.80.1.2	P39264	[('no_reaction_identified', 'no_reaction_identified')]	8.139999999999999e-67	54.494
B7LBJ3	1.C.80.1.3	P77288	[('no_reaction_identified', 'no_reaction_identified')]	5.5e-135	98.396
B7LAC5	1.C.80.1.4	P37909	[('no_reaction_identified', 'no_reaction_identified')]	7.17e-110	79.255
Q9ZK21	1.C.82.1.1	P0A7L0	[('no_reaction_identified', 'no_reaction_identified')]	5.28e-76	50.224
WP_078474522.1	1.C.82.1.2	P0A7L0	[('no_reaction_identified', 'no_reaction_identified')]	5.36e-96	65.385
P27360	1.E.1.1.1	P77237	[('no_reaction_identified', 'no_reaction_identified')]	1.53e-40	83.099
P27360	1.E.1.1.1	P0A9R2	[('no_reaction_identified', 'no_reaction_identified')]	3.1299999999999996e-42	85.915
P77237	1.E.1.1.2	P77237	[('no_reaction_identified', 'no_reaction_identified')]	1.4700000000000002e-47	100.0
P77237	1.E.1.1.2	P0A9R2	[('no_reaction_identified', 'no_reaction_identified')]	1.01e-44	94.366
O48430	1.E.1.1.3	P77237	[('no_reaction_identified', 'no_reaction_identified')]	3.59e-36	79.412
O48430	1.E.1.1.3	P0A9R2	[('no_reaction_identified', 'no_reaction_identified')]	2.5e-36	79.412
B1XBH4	1.E.1.1.4	P77237	[('no_reaction_identified', 'no_reaction_identified')]	1.32e-19	54.167
B1XBH4	1.E.1.1.4	P0A9R2	[('no_reaction_identified', 'no_reaction_identified')]	8.64e-21	55.224
M8KG08	1.E.1.1.7	P77237	[('no_reaction_identified', 'no_reaction_identified')]	2.3e-20	86.047
M8KG08	1.E.1.1.7	P0A9R2	[('no_reaction_identified', 'no_reaction_identified')]	1.08e-22	93.023
F4V3T5	1.E.14.1.4	P60632	[('no_reaction_identified', 'no_reaction_identified')]	6.35e-92	100.0
P64585	1.E.34.2.1	P64585	[('no_reaction_identified', 'no_reaction_identified')]	1.78e-93	100.0
A6TAG3	1.E.43.1.1	P76011	[('no_reaction_identified', 'no_reaction_identified')]	3.17e-30	65.06
A6TAG3	1.E.43.1.1	P64485	[('no_reaction_identified', 'no_reaction_identified')]	8.17e-46	90.244
D1CIE6	1.E.43.1.2	P76011	[('no_reaction_identified', 'no_reaction_identified')]	1.16e-12	57.831
D1CIE6	1.E.43.1.2	P64485	[('no_reaction_identified', 'no_reaction_identified')]	5.52e-15	62.821
P0ACG4	1.E.53.1.1	P33236	[('no_reaction_identified', 'no_reaction_identified')]	3.58e-30	100.0
P0ACG4	1.E.53.1.1	P0ACG4	[('no_reaction_identified', 'no_reaction_identified')]	2.1599999999999998e-30	100.0
P0ACG4	1.E.53.1.1	P0ACG6	[('no_reaction_identified', 'no_reaction_identified')]	2.31e-25	82.0
E7J6N6	1.E.53.1.10	P77091	[('no_reaction_identified', 'no_reaction_identified')]	2.68e-08	50.0
P37305	1.E.53.1.2	P37305	[('no_reaction_identified', 'no_reaction_identified')]	1.67e-31	100.0
P77494	1.E.53.1.3	P77494	[('no_reaction_identified', 'no_reaction_identified')]	9.880000000000001e-31	100.0
L4XY02	1.E.53.1.4	P33236	[('no_reaction_identified', 'no_reaction_identified')]	1.6200000000000003e-27	73.134
L4XY02	1.E.53.1.4	P0ACG4	[('no_reaction_identified', 'no_reaction_identified')]	1.78e-22	81.25
L4XY02	1.E.53.1.4	P0ACG6	[('no_reaction_identified', 'no_reaction_identified')]	1.09e-25	90.196
I6WWT9	1.E.53.1.5	P77091	[('no_reaction_identified', 'no_reaction_identified')]	1.3900000000000001e-21	74.0
I6WWT9	1.E.53.1.5	P37305	[('no_reaction_identified', 'no_reaction_identified')]	2.27e-10	50.0
H3LJ26	1.E.53.1.6	P77091	[('no_reaction_identified', 'no_reaction_identified')]	6.409999999999999e-23	76.0
H3LJ26	1.E.53.1.6	P37305	[('no_reaction_identified', 'no_reaction_identified')]	1.88e-10	50.0
Q19NA9	1.E.53.1.7	P77494	[('no_reaction_identified', 'no_reaction_identified')]	7.84e-13	53.333
G2H2C1	1.E.53.1.8	P77091	[('no_reaction_identified', 'no_reaction_identified')]	2.87e-12	50.0
G2H2C1	1.E.53.1.8	P37305	[('no_reaction_identified', 'no_reaction_identified')]	5.74e-14	54.0
K4WL31	1.E.53.1.9	P77091	[('no_reaction_identified', 'no_reaction_identified')]	7.899999999999999e-30	98.0
E9U5S4	1.E.53.2.1	P77494	[('no_reaction_identified', 'no_reaction_identified')]	2.08e-15	94.118
WP_227471793.1	1.E.53.2.3	P07017	[('no_reaction_identified', 'no_reaction_identified')]	1.76e-15	73.81
S1GB50	1.E.55.2.4	P27842	[('no_reaction_identified', 'no_reaction_identified')]	1.25e-82	91.27
Q37935	1.M.1.1.1	P58042	[('no_reaction_identified', 'no_reaction_identified')]	1.83e-33	98.246
Q37935	1.M.1.1.1	P58041	[('no_reaction_identified', 'no_reaction_identified')]	1.33e-35	96.667
P00726	1.M.1.1.1	P75719	[('no_reaction_identified', 'no_reaction_identified')]	1.81e-107	97.386
P00726	1.M.1.1.1	P77551	[('no_reaction_identified', 'no_reaction_identified')]	1.5e-62	93.814
W1IXJ3	1.M.1.1.3	P58042	[('no_reaction_identified', 'no_reaction_identified')]	8.57e-07	53.125
P13583	1.M.1.1.4	P75719	[('no_reaction_identified', 'no_reaction_identified')]	3.49e-41	55.263
P13583	1.M.1.1.4	P77551	[('no_reaction_identified', 'no_reaction_identified')]	1.37e-26	52.041
P0A1C7	1.S.1.1.1	P0ABF4	[('no_reaction_identified', 'no_reaction_identified')]	4.39e-30	66.292
WP_094276346.1	1.S.1.1.11	P0ABF4	[('no_reaction_identified', 'no_reaction_identified')]	1.4099999999999999e-30	58.14
6NER_A	1.S.1.1.13	P0ABF4	[('no_reaction_identified', 'no_reaction_identified')]	2.37e-34	62.5
P0ABF4	1.S.1.1.2	P0ABF4	[('no_reaction_identified', 'no_reaction_identified')]	4.04e-65	100.0
P72760	1.S.1.1.7	P0ABF4	[('no_reaction_identified', 'no_reaction_identified')]	3.7500000000000003e-26	53.409
P76541	1.S.2.1.1	P76541	[('no_reaction_identified', 'no_reaction_identified')]	1.1100000000000001e-160	100.0
AAD39019.1	1.S.2.3.1	P63746	[('no_reaction_identified', 'no_reaction_identified')]	4.45e-41	56.881
P41792	1.S.5.1.2	P0AEJ8	[('no_reaction_identified', 'no_reaction_identified')]	1.88e-60	91.579
P0AEP1	2.A.1.1.1	P0AE24	[('D-fucopyranose  = D-fucopyranose', 'CHEBI:2179 = CHEBI:2179'), ('D-fucopyranose  + H+  = D-fucopyranose  + H+', 'CHEBI:2179 + CHEBI:15378 = CHEBI:2179 + CHEBI:15378'), ('2-deoxy-D-galactopyranose  = 2-deoxy-D-galactopyranose', 'CHEBI:90759 = CHEBI:90759'), ('2-deoxy-D-galactopyranose  + H+  = 2-deoxy-D-galactopyranose  + H+', 'CHEBI:90759 + CHEBI:15378 = CHEBI:90759 + CHEBI:15378'), ('2-deoxy-D-glucopyranose  = 2-deoxy-D-glucopyranose', 'CHEBI:84755 = CHEBI:84755'), ('2-deoxy-D-glucopyranose  + H+  = 2-deoxy-D-glucopyranose  + H+', 'CHEBI:84755 + CHEBI:15378 = CHEBI:84755 + CHEBI:15378'), ('aldehydo-D-xylose  = aldehydo-D-xylose', 'CHEBI:15936 = CHEBI:15936'), ('aldehydo-D-xylose  + H+  = aldehydo-D-xylose  + H+', 'CHEBI:15936 + CHEBI:15378 = CHEBI:15936 + CHEBI:15378'), ('galactose  = galactose', 'CHEBI:5256 = CHEBI:5256'), ('galactose  + H+  = galactose  + H+', 'CHEBI:5256 + CHEBI:15378 = CHEBI:5256 + CHEBI:15378'), ('D-galactopyranose  = D-galactopyranose', 'CHEBI:4139 = CHEBI:4139'), ('D-galactopyranose  + H+  = D-galactopyranose  + H+', 'CHEBI:4139 + CHEBI:15378 = CHEBI:4139 + CHEBI:15378')]	0.0	65.132
P0AEP1	2.A.1.1.1	P0AEP1	[('D-fucopyranose  = D-fucopyranose', 'CHEBI:2179 = CHEBI:2179'), ('D-fucopyranose  + H+  = D-fucopyranose  + H+', 'CHEBI:2179 + CHEBI:15378 = CHEBI:2179 + CHEBI:15378'), ('2-deoxy-D-galactopyranose  = 2-deoxy-D-galactopyranose', 'CHEBI:90759 = CHEBI:90759'), ('2-deoxy-D-galactopyranose  + H+  = 2-deoxy-D-galactopyranose  + H+', 'CHEBI:90759 + CHEBI:15378 = CHEBI:90759 + CHEBI:15378'), ('2-deoxy-D-glucopyranose  = 2-deoxy-D-glucopyranose', 'CHEBI:84755 = CHEBI:84755'), ('2-deoxy-D-glucopyranose  + H+  = 2-deoxy-D-glucopyranose  + H+', 'CHEBI:84755 + CHEBI:15378 = CHEBI:84755 + CHEBI:15378'), ('aldehydo-D-xylose  = aldehydo-D-xylose', 'CHEBI:15936 = CHEBI:15936'), ('aldehydo-D-xylose  + H+  = aldehydo-D-xylose  + H+', 'CHEBI:15936 + CHEBI:15378 = CHEBI:15936 + CHEBI:15378'), ('galactose  = galactose', 'CHEBI:5256 = CHEBI:5256'), ('galactose  + H+  = galactose  + H+', 'CHEBI:5256 + CHEBI:15378 = CHEBI:5256 + CHEBI:15378'), ('D-galactopyranose  = D-galactopyranose', 'CHEBI:4139 = CHEBI:4139'), ('D-galactopyranose  + H+  = D-galactopyranose  + H+', 'CHEBI:4139 + CHEBI:15378 = CHEBI:4139 + CHEBI:15378')]	0.0	100.0
P31679	2.A.1.1.114	P31679	[('metabolite  = metabolite', 'CHEBI:25212 = CHEBI:25212'), ('metabolite  + H+  = metabolite  + H+', 'CHEBI:25212 + CHEBI:15378 = CHEBI:25212 + CHEBI:15378')]	0.0	100.0
P76230	2.A.1.1.115	P76230	[('metabolite  = metabolite', 'CHEBI:25212 = CHEBI:25212'), ('metabolite  + H+  = metabolite  + H+', 'CHEBI:25212 + CHEBI:15378 = CHEBI:25212 + CHEBI:15378')]	0.0	100.0
P0AE24	2.A.1.1.2	P0AE24	[('L-arabinose + H(+) = L-arabinose + H(+)', 'CHEBI:17535 + CHEBI:15378 = CHEBI:17535 + CHEBI:15378'), ('D-fucose + H(+) = D-fucose + H(+)', 'CHEBI:2179 + CHEBI:15378 = CHEBI:2179 + CHEBI:15378'), ('aldehydo-D-xylose  = aldehydo-D-xylose', 'CHEBI:15936 = CHEBI:15936'), ('aldehydo-D-xylose  + H+  = aldehydo-D-xylose  + H+', 'CHEBI:15936 + CHEBI:15378 = CHEBI:15936 + CHEBI:15378'), ('arabinose  = arabinose', 'CHEBI:22599 = CHEBI:22599'), ('arabinose  + H+  = arabinose  + H+', 'CHEBI:22599 + CHEBI:15378 = CHEBI:22599 + CHEBI:15378'), ('L-arabinopyranose  = L-arabinopyranose', 'CHEBI:17535 = CHEBI:17535'), ('D-galactopyranose  = D-galactopyranose', 'CHEBI:4139 = CHEBI:4139'), ('D-galactopyranose  + H+  = D-galactopyranose  + H+', 'CHEBI:4139 + CHEBI:15378 = CHEBI:4139 + CHEBI:15378')]	0.0	100.0
P0AE24	2.A.1.1.2	P0AEP1	[('L-arabinose + H(+) = L-arabinose + H(+)', 'CHEBI:17535 + CHEBI:15378 = CHEBI:17535 + CHEBI:15378'), ('D-fucose + H(+) = D-fucose + H(+)', 'CHEBI:2179 + CHEBI:15378 = CHEBI:2179 + CHEBI:15378'), ('aldehydo-D-xylose  = aldehydo-D-xylose', 'CHEBI:15936 = CHEBI:15936'), ('aldehydo-D-xylose  + H+  = aldehydo-D-xylose  + H+', 'CHEBI:15936 + CHEBI:15378 = CHEBI:15936 + CHEBI:15378'), ('arabinose  = arabinose', 'CHEBI:22599 = CHEBI:22599'), ('arabinose  + H+  = arabinose  + H+', 'CHEBI:22599 + CHEBI:15378 = CHEBI:22599 + CHEBI:15378'), ('L-arabinopyranose  = L-arabinopyranose', 'CHEBI:17535 = CHEBI:17535'), ('D-galactopyranose  = D-galactopyranose', 'CHEBI:4139 = CHEBI:4139'), ('D-galactopyranose  + H+  = D-galactopyranose  + H+', 'CHEBI:4139 + CHEBI:15378 = CHEBI:4139 + CHEBI:15378')]	0.0	65.132
P0AGF4	2.A.1.1.3	P0AGF4	[('D-xylose + H(+) = D-xylose + H(+)', 'CHEBI:53455 + CHEBI:15378 = CHEBI:53455 + CHEBI:15378'), ('hydron  = hydron', 'CHEBI:15378 = CHEBI:15378'), ('hydron  + H+  = hydron  + H+', 'CHEBI:15378 + CHEBI:15378 = CHEBI:15378 + CHEBI:15378'), ('xylose  = xylose', 'CHEBI:10085 = CHEBI:10085'), ('xylose  + H+  = xylose  + H+', 'CHEBI:10085 + CHEBI:15378 = CHEBI:10085 + CHEBI:15378')]	0.0	100.0
P38055	2.A.1.1.92	P38055	[('metabolite  = metabolite', 'CHEBI:25212 = CHEBI:25212'), ('metabolite  + H+  = metabolite  + H+', 'CHEBI:25212 + CHEBI:15378 = CHEBI:25212 + CHEBI:15378')]	0.0	100.0
Q46909	2.A.1.1.95	Q46909	[('metabolite  = metabolite', 'CHEBI:25212 = CHEBI:25212'), ('metabolite  + H+  = metabolite  + H+', 'CHEBI:25212 + CHEBI:15378 = CHEBI:25212 + CHEBI:15378')]	0.0	100.0
P0AFF4	2.A.1.10.1	P0AFF4	"[('thymidine + H(+) = thymidine + H(+)', 'CHEBI:17748 + CHEBI:15378 = CHEBI:17748 + CHEBI:15378'), (""2'-deoxycytidine + H(+) = 2'-deoxycytidine + H(+)"", 'CHEBI:15698 + CHEBI:15378 = CHEBI:15698 + CHEBI:15378'), ('adenosine + H(+) = adenosine + H(+)', 'CHEBI:16335 + CHEBI:15378 = CHEBI:16335 + CHEBI:15378'), ('guanosine + H(+) = guanosine + H(+)', 'CHEBI:16750 + CHEBI:15378 = CHEBI:16750 + CHEBI:15378'), ('cytidine + H(+) = cytidine + H(+)', 'CHEBI:17562 + CHEBI:15378 = CHEBI:17562 + CHEBI:15378'), ('inosine + H(+) = inosine + H(+)', 'CHEBI:17596 + CHEBI:15378 = CHEBI:17596 + CHEBI:15378'), ('uridine + H(+) = uridine + H(+)', 'CHEBI:16704 + CHEBI:15378 = CHEBI:16704 + CHEBI:15378'), ('cytidine  = cytidine', 'CHEBI:17562 = CHEBI:17562'), ('adenosine  = adenosine', 'CHEBI:16335 = CHEBI:16335'), ('guanosine  = guanosine', 'CHEBI:16750 = CHEBI:16750'), ('thymidine  = thymidine', 'CHEBI:17748 = CHEBI:17748'), ('inosine  = inosine', 'CHEBI:17596 = CHEBI:17596')]"	0.0	100.0
P0AFF4	2.A.1.10.1	P45562	"[('thymidine + H(+) = thymidine + H(+)', 'CHEBI:17748 + CHEBI:15378 = CHEBI:17748 + CHEBI:15378'), (""2'-deoxycytidine + H(+) = 2'-deoxycytidine + H(+)"", 'CHEBI:15698 + CHEBI:15378 = CHEBI:15698 + CHEBI:15378'), ('adenosine + H(+) = adenosine + H(+)', 'CHEBI:16335 + CHEBI:15378 = CHEBI:16335 + CHEBI:15378'), ('guanosine + H(+) = guanosine + H(+)', 'CHEBI:16750 + CHEBI:15378 = CHEBI:16750 + CHEBI:15378'), ('cytidine + H(+) = cytidine + H(+)', 'CHEBI:17562 + CHEBI:15378 = CHEBI:17562 + CHEBI:15378'), ('inosine + H(+) = inosine + H(+)', 'CHEBI:17596 + CHEBI:15378 = CHEBI:17596 + CHEBI:15378'), ('uridine + H(+) = uridine + H(+)', 'CHEBI:16704 + CHEBI:15378 = CHEBI:16704 + CHEBI:15378'), ('cytidine  = cytidine', 'CHEBI:17562 = CHEBI:17562'), ('adenosine  = adenosine', 'CHEBI:16335 = CHEBI:16335'), ('guanosine  = guanosine', 'CHEBI:16750 = CHEBI:16750'), ('thymidine  = thymidine', 'CHEBI:17748 = CHEBI:17748'), ('inosine  = inosine', 'CHEBI:17596 = CHEBI:17596')]"	1.65e-174	58.373
P45562	2.A.1.10.2	P0AFF4	[('xanthosine + H(+) = xanthosine + H(+)', 'CHEBI:18107 + CHEBI:15378 = CHEBI:18107 + CHEBI:15378'), ('cytidine  = cytidine', 'CHEBI:17562 = CHEBI:17562'), ('cytidine  + H+  = cytidine  + H+', 'CHEBI:17562 + CHEBI:15378 = CHEBI:17562 + CHEBI:15378'), ('adenosine  = adenosine', 'CHEBI:16335 = CHEBI:16335'), ('adenosine  + H+  = adenosine  + H+', 'CHEBI:16335 + CHEBI:15378 = CHEBI:16335 + CHEBI:15378'), ('thymidine  = thymidine', 'CHEBI:17748 = CHEBI:17748'), ('thymidine  + H+  = thymidine  + H+', 'CHEBI:17748 + CHEBI:15378 = CHEBI:17748 + CHEBI:15378'), ('inosine  = inosine', 'CHEBI:17596 = CHEBI:17596'), ('inosine  + H+  = inosine  + H+', 'CHEBI:17596 + CHEBI:15378 = CHEBI:17596 + CHEBI:15378'), ('xanthosine  = xanthosine', 'CHEBI:18107 = CHEBI:18107')]	4.32e-168	58.373
P45562	2.A.1.10.2	P45562	[('xanthosine + H(+) = xanthosine + H(+)', 'CHEBI:18107 + CHEBI:15378 = CHEBI:18107 + CHEBI:15378'), ('cytidine  = cytidine', 'CHEBI:17562 = CHEBI:17562'), ('cytidine  + H+  = cytidine  + H+', 'CHEBI:17562 + CHEBI:15378 = CHEBI:17562 + CHEBI:15378'), ('adenosine  = adenosine', 'CHEBI:16335 = CHEBI:16335'), ('adenosine  + H+  = adenosine  + H+', 'CHEBI:16335 + CHEBI:15378 = CHEBI:16335 + CHEBI:15378'), ('thymidine  = thymidine', 'CHEBI:17748 = CHEBI:17748'), ('thymidine  + H+  = thymidine  + H+', 'CHEBI:17748 + CHEBI:15378 = CHEBI:17748 + CHEBI:15378'), ('inosine  = inosine', 'CHEBI:17596 = CHEBI:17596'), ('inosine  + H+  = inosine  + H+', 'CHEBI:17596 + CHEBI:15378 = CHEBI:17596 + CHEBI:15378'), ('xanthosine  = xanthosine', 'CHEBI:18107 = CHEBI:18107')]	0.0	100.0
P76417	2.A.1.10.3	P76417	[('D-glucosyl group  = D-glucosyl group', 'CHEBI:24280 = CHEBI:24280'), ('D-glucosyl group  + H+  = D-glucosyl group  + H+', 'CHEBI:24280 + CHEBI:15378 = CHEBI:24280 + CHEBI:15378')]	0.0	100.0
P37662	2.A.1.11.3	P37662	[('pyruvate  = pyruvate', 'CHEBI:15361 = CHEBI:15361'), ('pyruvate  + H+  = pyruvate  + H+', 'CHEBI:15361 + CHEBI:15378 = CHEBI:15361 + CHEBI:15378')]	0.0	100.0
P41036	2.A.1.12.1	P41036	[('N-acetylneuraminate + H(+) = N-acetylneuraminate + H(+)', 'CHEBI:35418 + CHEBI:15378 = CHEBI:35418 + CHEBI:15378'), ('N-glycoloyl-beta-neuraminic acid  = N-glycoloyl-beta-neuraminic acid', 'CHEBI:62084 = CHEBI:62084'), ('N-glycoloyl-beta-neuraminic acid  + H+  = N-glycoloyl-beta-neuraminic acid  + H+', 'CHEBI:62084 + CHEBI:15378 = CHEBI:62084 + CHEBI:15378'), ('N-acetyl-beta-neuraminic acid  = N-acetyl-beta-neuraminic acid', 'CHEBI:45744 = CHEBI:45744'), ('N-acetyl-beta-neuraminic acid  + H+  = N-acetyl-beta-neuraminic acid  + H+', 'CHEBI:45744 + CHEBI:15378 = CHEBI:45744 + CHEBI:15378')]	0.0	100.0
P42237	2.A.1.14.1	P0AA80	[('D-glucarate + H(+) = D-glucarate + H(+)', 'CHEBI:30612 + CHEBI:15378 = CHEBI:30612 + CHEBI:15378'), ('galactarate + H(+) = galactarate + H(+)', 'CHEBI:16537 + CHEBI:15378 = CHEBI:16537 + CHEBI:15378'), ('glucarate(2-)  = glucarate(2-)', 'CHEBI:14311 = CHEBI:14311'), ('glucarate(2-)  + H+  = glucarate(2-)  + H+', 'CHEBI:14311 + CHEBI:15378 = CHEBI:14311 + CHEBI:15378')]	0.0	57.727
P42237	2.A.1.14.1	Q46916	[('D-glucarate + H(+) = D-glucarate + H(+)', 'CHEBI:30612 + CHEBI:15378 = CHEBI:30612 + CHEBI:15378'), ('galactarate + H(+) = galactarate + H(+)', 'CHEBI:16537 + CHEBI:15378 = CHEBI:16537 + CHEBI:15378'), ('glucarate(2-)  = glucarate(2-)', 'CHEBI:14311 = CHEBI:14311'), ('glucarate(2-)  + H+  = glucarate(2-)  + H+', 'CHEBI:14311 + CHEBI:15378 = CHEBI:14311 + CHEBI:15378')]	0.0	65.589
Q8FDB7	2.A.1.14.14	P0AA80	[('hydron  = hydron', 'CHEBI:15378 = CHEBI:15378'), ('hydron  + H+  = hydron  + H+', 'CHEBI:15378 + CHEBI:15378 = CHEBI:15378 + CHEBI:15378'), ('galactarate(2-)  = galactarate(2-)', 'CHEBI:16537 = CHEBI:16537'), ('galactarate(2-)  + H+  = galactarate(2-)  + H+', 'CHEBI:16537 + CHEBI:15378 = CHEBI:16537 + CHEBI:15378'), ('glycerates  = glycerates', 'CHEBI:24347 = CHEBI:24347'), ('glycerates  + H+  = glycerates  + H+', 'CHEBI:24347 + CHEBI:15378 = CHEBI:24347 + CHEBI:15378'), ('2-(E)-O-feruloyl-D-galactarate(2-)  = 2-(E)-O-feruloyl-D-galactarate(2-)', 'CHEBI:58901 = CHEBI:58901'), ('2-(E)-O-feruloyl-D-galactarate(2-)  + H+  = 2-(E)-O-feruloyl-D-galactarate(2-)  + H+', 'CHEBI:58901 + CHEBI:15378 = CHEBI:58901 + CHEBI:15378')]	0.0	99.775
Q8FDB7	2.A.1.14.14	Q46916	[('hydron  = hydron', 'CHEBI:15378 = CHEBI:15378'), ('hydron  + H+  = hydron  + H+', 'CHEBI:15378 + CHEBI:15378 = CHEBI:15378 + CHEBI:15378'), ('galactarate(2-)  = galactarate(2-)', 'CHEBI:16537 = CHEBI:16537'), ('galactarate(2-)  + H+  = galactarate(2-)  + H+', 'CHEBI:16537 + CHEBI:15378 = CHEBI:16537 + CHEBI:15378'), ('glycerates  = glycerates', 'CHEBI:24347 = CHEBI:24347'), ('glycerates  + H+  = glycerates  + H+', 'CHEBI:24347 + CHEBI:15378 = CHEBI:24347 + CHEBI:15378'), ('2-(E)-O-feruloyl-D-galactarate(2-)  = 2-(E)-O-feruloyl-D-galactarate(2-)', 'CHEBI:58901 = CHEBI:58901'), ('2-(E)-O-feruloyl-D-galactarate(2-)  + H+  = 2-(E)-O-feruloyl-D-galactarate(2-)  + H+', 'CHEBI:58901 + CHEBI:15378 = CHEBI:58901 + CHEBI:15378')]	0.0	57.604
P0AA78	2.A.1.14.2	P0AA78	[('aldehydo-D-galacturonate + H(+) = aldehydo-D-galacturonate + H(+)', 'CHEBI:12952 + CHEBI:15378 = CHEBI:12952 + CHEBI:15378'), ('D-glucose + H(+) = D-glucose + H(+)', 'CHEBI:4167 + CHEBI:15378 = CHEBI:4167 + CHEBI:15378'), ('aldehydo-D-glucuronate + H(+) = aldehydo-D-glucuronate + H(+)', 'CHEBI:142686 + CHEBI:15378 = CHEBI:142686 + CHEBI:15378'), ('galacturonate  = galacturonate', 'CHEBI:24175 = CHEBI:24175'), ('galacturonate  + H+  = galacturonate  + H+', 'CHEBI:24175 + CHEBI:15378 = CHEBI:24175 + CHEBI:15378'), ('D-glucuronate  = D-glucuronate', 'CHEBI:15748 = CHEBI:15748'), ('D-glucuronate  + H+  = D-glucuronate  + H+', 'CHEBI:15748 + CHEBI:15378 = CHEBI:15748 + CHEBI:15378'), ('D-glucopyranose  = D-glucopyranose', 'CHEBI:4167 = CHEBI:4167')]	0.0	100.0
P39398	2.A.1.14.33	P39398	[('L-galactonate + H(+) = L-galactonate + H(+)', 'CHEBI:53071 + CHEBI:15378 = CHEBI:53071 + CHEBI:15378'), ('D-galactonic acid  = D-galactonic acid', 'CHEBI:16534 = CHEBI:16534'), ('D-galactonic acid  + H+  = D-galactonic acid  + H+', 'CHEBI:16534 + CHEBI:15378 = CHEBI:16534 + CHEBI:15378')]	0.0	100.0
P76470	2.A.1.14.35	P76470	[('rhamnonate  = rhamnonate', 'CHEBI:26544 = CHEBI:26544'), ('rhamnonate  + H+  = rhamnonate  + H+', 'CHEBI:26544 + CHEBI:15378 = CHEBI:26544 + CHEBI:15378')]	0.0	100.0
C4ZZU4	2.A.1.14.40	P0AA80	[('glucarate(2-)  = glucarate(2-)', 'CHEBI:14311 = CHEBI:14311'), ('glucarate(2-)  + H+  = glucarate(2-)  + H+', 'CHEBI:14311 + CHEBI:15378 = CHEBI:14311 + CHEBI:15378')]	0.0	57.604
C4ZZU4	2.A.1.14.40	Q46916	[('glucarate(2-)  = glucarate(2-)', 'CHEBI:14311 = CHEBI:14311'), ('glucarate(2-)  + H+  = glucarate(2-)  + H+', 'CHEBI:14311 + CHEBI:15378 = CHEBI:14311 + CHEBI:15378')]	0.0	100.0
P94774	2.A.1.14.41	P0AA78	[('aldehydo-D-galacturonate + H(+) = aldehydo-D-galacturonate + H(+)', 'CHEBI:12952 + CHEBI:15378 = CHEBI:12952 + CHEBI:15378'), ('galacturonate  = galacturonate', 'CHEBI:24175 = CHEBI:24175'), ('galacturonate  + H+  = galacturonate  + H+', 'CHEBI:24175 + CHEBI:15378 = CHEBI:24175 + CHEBI:15378'), ('D-glucuronate  = D-glucuronate', 'CHEBI:15748 = CHEBI:15748'), ('D-glucuronate  + H+  = D-glucuronate  + H+', 'CHEBI:15748 + CHEBI:15378 = CHEBI:15748 + CHEBI:15378')]	0.0	84.195
P0AA76	2.A.1.14.7	P0AA76	[('D-galactonate + H(+) = D-galactonate + H(+)', 'CHEBI:12931 + CHEBI:15378 = CHEBI:12931 + CHEBI:15378'), ('D-galactonic acid  = D-galactonic acid', 'CHEBI:16534 = CHEBI:16534'), ('D-galactonic acid  + H+  = D-galactonic acid  + H+', 'CHEBI:16534 + CHEBI:15378 = CHEBI:16534 + CHEBI:15378')]	0.0	100.0
P76197	2.A.1.15.12	P76197	[('isopentenyl alcohol  = isopentenyl alcohol', 'CHEBI:62898 = CHEBI:62898'), ('isopentenyl alcohol  + H+  = isopentenyl alcohol  + H+', 'CHEBI:62898 + CHEBI:15378 = CHEBI:62898 + CHEBI:15378')]	0.0	100.0
P76198	2.A.1.15.13	P76198	[('S  = S', 'S = S'), ('S  + H+  = S  + H+', 'S + CHEBI:15378 = S + CHEBI:15378')]	0.0	100.0
P77589	2.A.1.15.2	P77589	[('3-(3-hydroxyphenyl)propanoate + H(+) = 3-(3-hydroxyphenyl)propanoate + H(+)', 'CHEBI:57277 + CHEBI:15378 = CHEBI:57277 + CHEBI:15378'), ('arabinose  = arabinose', 'CHEBI:22599 = CHEBI:22599'), ('arabinose  + H+  = arabinose  + H+', 'CHEBI:22599 + CHEBI:15378 = CHEBI:22599 + CHEBI:15378')]	0.0	100.0
P17583	2.A.1.17.1	P17583	[('cyanate  = cyanate', 'CHEBI:29195 = CHEBI:29195'), ('cyanate  + H+  = cyanate  + H+', 'CHEBI:29195 + CHEBI:15378 = CHEBI:29195 + CHEBI:15378')]	0.0	100.0
P76242	2.A.1.17.3	P76242	[('2-nitroimidazole  = 2-nitroimidazole', 'CHEBI:67135 = CHEBI:67135'), ('2-nitroimidazole  + H+  = 2-nitroimidazole  + H+', 'CHEBI:67135 + CHEBI:15378 = CHEBI:67135 + CHEBI:15378')]	0.0	100.0
P23910	2.A.1.2.14	P23910	[('arabinose  = arabinose', 'CHEBI:22599 = CHEBI:22599'), ('arabinose  + H+  = arabinose  + H+', 'CHEBI:22599 + CHEBI:15378 = CHEBI:22599 + CHEBI:15378'), ('L-arabinopyranose  = L-arabinopyranose', 'CHEBI:17535 = CHEBI:17535'), ('L-arabinopyranose  + H+  = L-arabinopyranose  + H+', 'CHEBI:17535 + CHEBI:15378 = CHEBI:17535 + CHEBI:15378')]	0.0	100.0
P31122	2.A.1.2.15	P31122	[('hydron  = hydron', 'CHEBI:15378 = CHEBI:15378'), ('hydron  + H+  = hydron  + H+', 'CHEBI:15378 + CHEBI:15378 = CHEBI:15378 + CHEBI:15378'), ('oligosaccharide  = oligosaccharide', 'CHEBI:25679 = CHEBI:25679'), ('oligosaccharide  + H+  = oligosaccharide  + H+', 'CHEBI:25679 + CHEBI:15378 = CHEBI:25679 + CHEBI:15378'), ('beta-D-Gal-(1->3)-beta-D-GlcNAc-(1->3)-beta-D-Gal-(1->4)-D-Glc  = beta-D-Gal-(1->3)-beta-D-GlcNAc-(1->3)-beta-D-Gal-(1->4)-D-Glc', 'CHEBI:30248 = CHEBI:30248'), ('beta-D-Gal-(1->3)-beta-D-GlcNAc-(1->3)-beta-D-Gal-(1->4)-D-Glc  + H+  = beta-D-Gal-(1->3)-beta-D-GlcNAc-(1->3)-beta-D-Gal-(1->4)-D-Glc  + H+', 'CHEBI:30248 + CHEBI:15378 = CHEBI:30248 + CHEBI:15378'), ('arabinose  = arabinose', 'CHEBI:22599 = CHEBI:22599'), ('arabinose  + H+  = arabinose  + H+', 'CHEBI:22599 + CHEBI:15378 = CHEBI:22599 + CHEBI:15378')]	0.0	100.0
Q9S3J9	2.A.1.2.18	P31122	[('isopropyl beta-D-thiogalactopyranoside  = isopropyl beta-D-thiogalactopyranoside', 'CHEBI:61448 = CHEBI:61448'), ('isopropyl beta-D-thiogalactopyranoside  + H+  = isopropyl beta-D-thiogalactopyranoside  + H+', 'CHEBI:61448 + CHEBI:15378 = CHEBI:61448 + CHEBI:15378'), ('melibiose  = melibiose', 'CHEBI:28053 = CHEBI:28053'), ('melibiose  + H+  = melibiose  + H+', 'CHEBI:28053 + CHEBI:15378 = CHEBI:28053 + CHEBI:15378'), ('alpha-lactose  = alpha-lactose', 'CHEBI:36219 = CHEBI:36219'), ('alpha-lactose  + H+  = alpha-lactose  + H+', 'CHEBI:36219 + CHEBI:15378 = CHEBI:36219 + CHEBI:15378')]	6.1e-153	66.486
P0AEY8	2.A.1.2.19	P0AEY8	[('benzalkonium chloride  = benzalkonium chloride', 'CHEBI:3020 = CHEBI:3020'), ('benzalkonium chloride  + H+  = benzalkonium chloride  + H+', 'CHEBI:3020 + CHEBI:15378 = CHEBI:3020 + CHEBI:15378'), ('3,6-diamino-10-methylacridinium chloride  = 3,6-diamino-10-methylacridinium chloride', 'CHEBI:383703 = CHEBI:383703'), ('3,6-diamino-10-methylacridinium chloride  + H+  = 3,6-diamino-10-methylacridinium chloride  + H+', 'CHEBI:383703 + CHEBI:15378 = CHEBI:383703 + CHEBI:15378'), ('ethidium bromide  = ethidium bromide', 'CHEBI:4883 = CHEBI:4883'), ('ethidium bromide  + H+  = ethidium bromide  + H+', 'CHEBI:4883 + CHEBI:15378 = CHEBI:4883 + CHEBI:15378'), ('tetraphenylphosphonium  = tetraphenylphosphonium', 'CHEBI:44880 = CHEBI:44880'), ('tetraphenylphosphonium  + H+  = tetraphenylphosphonium  + H+', 'CHEBI:44880 + CHEBI:15378 = CHEBI:44880 + CHEBI:15378'), ('ciprofloxacin  = ciprofloxacin', 'CHEBI:100241 = CHEBI:100241'), ('ciprofloxacin  + H+  = ciprofloxacin  + H+', 'CHEBI:100241 + CHEBI:15378 = CHEBI:100241 + CHEBI:15378'), ('norfloxacin  = norfloxacin', 'CHEBI:100246 = CHEBI:100246'), ('norfloxacin  + H+  = norfloxacin  + H+', 'CHEBI:100246 + CHEBI:15378 = CHEBI:100246 + CHEBI:15378'), ('trimethoprim  = trimethoprim', 'CHEBI:45924 = CHEBI:45924'), ('trimethoprim  + H+  = trimethoprim  + H+', 'CHEBI:45924 + CHEBI:15378 = CHEBI:45924 + CHEBI:15378'), ('chloramphenicol  = chloramphenicol', 'CHEBI:17698 = CHEBI:17698'), ('chloramphenicol  + H+  = chloramphenicol  + H+', 'CHEBI:17698 + CHEBI:15378 = CHEBI:17698 + CHEBI:15378'), ('thiamphenicol  = thiamphenicol', 'CHEBI:32215 = CHEBI:32215'), ('thiamphenicol  + H+  = thiamphenicol  + H+', 'CHEBI:32215 + CHEBI:15378 = CHEBI:32215 + CHEBI:15378'), ('doxorubicin  = doxorubicin', 'CHEBI:28748 = CHEBI:28748'), ('doxorubicin  + H+  = doxorubicin  + H+', 'CHEBI:28748 + CHEBI:15378 = CHEBI:28748 + CHEBI:15378'), ('tetracycline  = tetracycline', 'CHEBI:27902 = CHEBI:27902'), ('tetracycline  + H+  = tetracycline  + H+', 'CHEBI:27902 + CHEBI:15378 = CHEBI:27902 + CHEBI:15378'), ('isopropyl beta-D-thiogalactopyranoside  = isopropyl beta-D-thiogalactopyranoside', 'CHEBI:61448 = CHEBI:61448'), ('isopropyl beta-D-thiogalactopyranoside  + H+  = isopropyl beta-D-thiogalactopyranoside  + H+', 'CHEBI:61448 + CHEBI:15378 = CHEBI:61448 + CHEBI:15378'), ('beta-D-Gal-(1->3)-beta-D-GlcNAc-(1->3)-beta-D-Gal-(1->4)-D-Glc  = beta-D-Gal-(1->3)-beta-D-GlcNAc-(1->3)-beta-D-Gal-(1->4)-D-Glc', 'CHEBI:30248 = CHEBI:30248'), ('beta-D-Gal-(1->3)-beta-D-GlcNAc-(1->3)-beta-D-Gal-(1->4)-D-Glc  + H+  = beta-D-Gal-(1->3)-beta-D-GlcNAc-(1->3)-beta-D-Gal-(1->4)-D-Glc  + H+', 'CHEBI:30248 + CHEBI:15378 = CHEBI:30248 + CHEBI:15378')]	0.0	100.0
P25744	2.A.1.2.20	P25744	[('fosfomycin  = fosfomycin', 'CHEBI:28915 = CHEBI:28915'), ('fosfomycin  + H+  = fosfomycin  + H+', 'CHEBI:28915 + CHEBI:15378 = CHEBI:28915 + CHEBI:15378'), ('fluoroquinolone antibiotic  = fluoroquinolone antibiotic', 'CHEBI:87211 = CHEBI:87211'), ('fluoroquinolone antibiotic  + H+  = fluoroquinolone antibiotic  + H+', 'CHEBI:87211 + CHEBI:15378 = CHEBI:87211 + CHEBI:15378')]	0.0	100.0
P69367	2.A.1.2.21	P69367	[('enoxacin  = enoxacin', 'CHEBI:157175 = CHEBI:157175'), ('enoxacin  + H+  = enoxacin  + H+', 'CHEBI:157175 + CHEBI:15378 = CHEBI:157175 + CHEBI:15378'), ('norfloxacin  = norfloxacin', 'CHEBI:100246 = CHEBI:100246'), ('norfloxacin  + H+  = norfloxacin  + H+', 'CHEBI:100246 + CHEBI:15378 = CHEBI:100246 + CHEBI:15378')]	0.0	100.0
P31462	2.A.1.2.22	P31462	[('chloramphenicol  = chloramphenicol', 'CHEBI:17698 = CHEBI:17698'), ('chloramphenicol  + H+  = chloramphenicol  + H+', 'CHEBI:17698 + CHEBI:15378 = CHEBI:17698 + CHEBI:15378'), ('drug  = drug', 'CHEBI:23888 = CHEBI:23888'), ('drug  + H+  = drug  + H+', 'CHEBI:23888 + CHEBI:15378 = CHEBI:23888 + CHEBI:15378')]	0.0	100.0
P0ADL1	2.A.1.2.26	P0ADL1	[('inosine + H(+) = inosine + H(+)', 'CHEBI:17596 + CHEBI:15378 = CHEBI:17596 + CHEBI:15378'), ('guanosine + H(+) = guanosine + H(+)', 'CHEBI:16750 + CHEBI:15378 = CHEBI:16750 + CHEBI:15378'), ('7H-purine  = 7H-purine', 'CHEBI:17258 = CHEBI:17258'), ('7H-purine  + H+  = 7H-purine  + H+', 'CHEBI:17258 + CHEBI:15378 = CHEBI:17258 + CHEBI:15378'), ('purine ribonucleoside  = purine ribonucleoside', 'CHEBI:26399 = CHEBI:26399'), ('purine ribonucleoside  + H+  = purine ribonucleoside  + H+', 'CHEBI:26399 + CHEBI:15378 = CHEBI:26399 + CHEBI:15378')]	0.0	100.0
P39386	2.A.1.2.52	P39386	[('Na(+) + 2 H(+) = Na(+) + 2 H(+)', 'CHEBI:29101 + 2 CHEBI:15378 = CHEBI:29101 + 2 CHEBI:15378'), ('K(+) + H(+) = K(+) + H(+)', 'CHEBI:29103 + CHEBI:15378 = CHEBI:29103 + CHEBI:15378'), ('bile acid  = bile acid', 'CHEBI:3098 = CHEBI:3098'), ('bile acid  + H+  = bile acid  + H+', 'CHEBI:3098 + CHEBI:15378 = CHEBI:3098 + CHEBI:15378'), ('puromycin  = puromycin', 'CHEBI:17939 = CHEBI:17939'), ('puromycin  + H+  = puromycin  + H+', 'CHEBI:17939 + CHEBI:15378 = CHEBI:17939 + CHEBI:15378')]	0.0	100.0
P31126	2.A.1.2.55	P31126	[('peptide  = peptide', 'CHEBI:16670 = CHEBI:16670'), ('peptide  + H+  = peptide  + H+', 'CHEBI:16670 + CHEBI:15378 = CHEBI:16670 + CHEBI:15378'), ('dipeptide  = dipeptide', 'CHEBI:4634 = CHEBI:4634'), ('dipeptide  + H+  = dipeptide  + H+', 'CHEBI:4634 + CHEBI:15378 = CHEBI:4634 + CHEBI:15378'), ('arabinose  = arabinose', 'CHEBI:22599 = CHEBI:22599'), ('arabinose  + H+  = arabinose  + H+', 'CHEBI:22599 + CHEBI:15378 = CHEBI:22599 + CHEBI:15378'), ('drug  = drug', 'CHEBI:23888 = CHEBI:23888'), ('drug  + H+  = drug  + H+', 'CHEBI:23888 + CHEBI:15378 = CHEBI:23888 + CHEBI:15378')]	0.0	100.0
P77726	2.A.1.2.60	P77726	[('S  = S', 'S = S'), ('S  + H+  = S  + H+', 'S + CHEBI:15378 = S + CHEBI:15378')]	0.0	100.0
P37597	2.A.1.2.62	P37597	[('sulfathiazole  = sulfathiazole', 'CHEBI:9337 = CHEBI:9337'), ('sulfathiazole  + H+  = sulfathiazole  + H+', 'CHEBI:9337 + CHEBI:15378 = CHEBI:9337 + CHEBI:15378'), ('sulfamethoxazole  = sulfamethoxazole', 'CHEBI:9332 = CHEBI:9332'), ('sulfamethoxazole  + H+  = sulfamethoxazole  + H+', 'CHEBI:9332 + CHEBI:15378 = CHEBI:9332 + CHEBI:15378'), ('sulfadiazine  = sulfadiazine', 'CHEBI:9328 = CHEBI:9328'), ('sulfadiazine  + H+  = sulfadiazine  + H+', 'CHEBI:9328 + CHEBI:15378 = CHEBI:9328 + CHEBI:15378'), ('sulfonamide  = sulfonamide', 'CHEBI:35358 = CHEBI:35358'), ('sulfonamide  + H+  = sulfonamide  + H+', 'CHEBI:35358 + CHEBI:15378 = CHEBI:35358 + CHEBI:15378'), ('7H-purine  = 7H-purine', 'CHEBI:17258 = CHEBI:17258'), ('7H-purine  + H+  = 7H-purine  + H+', 'CHEBI:17258 + CHEBI:15378 = CHEBI:17258 + CHEBI:15378'), ('adenine  = adenine', 'CHEBI:16708 = CHEBI:16708'), ('adenine  + H+  = adenine  + H+', 'CHEBI:16708 + CHEBI:15378 = CHEBI:16708 + CHEBI:15378'), ('adenosine  = adenosine', 'CHEBI:16335 = CHEBI:16335'), ('adenosine  + H+  = adenosine  + H+', 'CHEBI:16335 + CHEBI:15378 = CHEBI:16335 + CHEBI:15378'), ('guanosine  = guanosine', 'CHEBI:16750 = CHEBI:16750'), ('guanosine  + H+  = guanosine  + H+', 'CHEBI:16750 + CHEBI:15378 = CHEBI:16750 + CHEBI:15378'), ('inosine  = inosine', 'CHEBI:17596 = CHEBI:17596'), ('inosine  + H+  = inosine  + H+', 'CHEBI:17596 + CHEBI:15378 = CHEBI:17596 + CHEBI:15378'), ('nebularine  = nebularine', 'CHEBI:18255 = CHEBI:18255'), ('nebularine  + H+  = nebularine  + H+', 'CHEBI:18255 + CHEBI:15378 = CHEBI:18255 + CHEBI:15378'), ('arabinose  = arabinose', 'CHEBI:22599 = CHEBI:22599'), ('arabinose  + H+  = arabinose  + H+', 'CHEBI:22599 + CHEBI:15378 = CHEBI:22599 + CHEBI:15378'), ('drug  = drug', 'CHEBI:23888 = CHEBI:23888'), ('drug  + H+  = drug  + H+', 'CHEBI:23888 + CHEBI:15378 = CHEBI:23888 + CHEBI:15378')]	0.0	100.0
P77389	2.A.1.2.65	P77389	[('S  = S', 'S = S'), ('S  + H+  = S  + H+', 'S + CHEBI:15378 = S + CHEBI:15378')]	0.0	100.0
P28246	2.A.1.2.7	P28246	[('3,6-diamino-10-methylacridinium chloride  = 3,6-diamino-10-methylacridinium chloride', 'CHEBI:383703 = CHEBI:383703'), ('3,6-diamino-10-methylacridinium chloride  + H+  = 3,6-diamino-10-methylacridinium chloride  + H+', 'CHEBI:383703 + CHEBI:15378 = CHEBI:383703 + CHEBI:15378'), ('L-cysteine  = L-cysteine', 'CHEBI:17561 = CHEBI:17561'), ('L-cysteine  + H+  = L-cysteine  + H+', 'CHEBI:17561 + CHEBI:15378 = CHEBI:17561 + CHEBI:15378'), ('sulfathiazole  = sulfathiazole', 'CHEBI:9337 = CHEBI:9337'), ('sulfathiazole  + H+  = sulfathiazole  + H+', 'CHEBI:9337 + CHEBI:15378 = CHEBI:9337 + CHEBI:15378'), ('fosfomycin  = fosfomycin', 'CHEBI:28915 = CHEBI:28915'), ('fosfomycin  + H+  = fosfomycin  + H+', 'CHEBI:28915 + CHEBI:15378 = CHEBI:28915 + CHEBI:15378'), ('tetracycline  = tetracycline', 'CHEBI:27902 = CHEBI:27902'), ('tetracycline  + H+  = tetracycline  + H+', 'CHEBI:27902 + CHEBI:15378 = CHEBI:27902 + CHEBI:15378'), ('bicozamycin  = bicozamycin', 'CHEBI:60584 = CHEBI:60584'), ('bicozamycin  + H+  = bicozamycin  + H+', 'CHEBI:60584 + CHEBI:15378 = CHEBI:60584 + CHEBI:15378')]	0.0	100.0
A0L190	2.A.1.2.74	P31462	[('tetracycline  = tetracycline', 'CHEBI:27902 = CHEBI:27902'), ('tetracycline  + H+  = tetracycline  + H+', 'CHEBI:27902 + CHEBI:15378 = CHEBI:27902 + CHEBI:15378'), ('drug  = drug', 'CHEBI:23888 = CHEBI:23888'), ('drug  + H+  = drug  + H+', 'CHEBI:23888 + CHEBI:15378 = CHEBI:23888 + CHEBI:15378')]	1.05e-156	57.071
P31442	2.A.1.2.9	P31442	[('benzalkonium chloride  = benzalkonium chloride', 'CHEBI:3020 = CHEBI:3020'), ('benzalkonium chloride  + H+  = benzalkonium chloride  + H+', 'CHEBI:3020 + CHEBI:15378 = CHEBI:3020 + CHEBI:15378'), ('sodium dodecyl sulfate  = sodium dodecyl sulfate', 'CHEBI:8984 = CHEBI:8984'), ('sodium dodecyl sulfate  + H+  = sodium dodecyl sulfate  + H+', 'CHEBI:8984 + CHEBI:15378 = CHEBI:8984 + CHEBI:15378'), ('hydron  = hydron', 'CHEBI:15378 = CHEBI:15378'), ('hydron  + H+  = hydron  + H+', 'CHEBI:15378 + CHEBI:15378 = CHEBI:15378 + CHEBI:15378'), ('CCCP  = CCCP', 'CHEBI:3259 = CHEBI:3259'), ('CCCP  + H+  = CCCP  + H+', 'CHEBI:3259 + CHEBI:15378 = CHEBI:3259 + CHEBI:15378')]	0.0	100.0
P31675	2.A.1.20.1	P33026	[('streptomycin  = streptomycin', 'CHEBI:17076 = CHEBI:17076'), ('streptomycin  + H+  = streptomycin  + H+', 'CHEBI:17076 + CHEBI:15378 = CHEBI:17076 + CHEBI:15378'), ('kanamycin  = kanamycin', 'CHEBI:6104 = CHEBI:6104'), ('kanamycin  + H+  = kanamycin  + H+', 'CHEBI:6104 + CHEBI:15378 = CHEBI:6104 + CHEBI:15378'), ('isopropyl beta-D-thiogalactopyranoside  = isopropyl beta-D-thiogalactopyranoside', 'CHEBI:61448 = CHEBI:61448'), ('isopropyl beta-D-thiogalactopyranoside  + H+  = isopropyl beta-D-thiogalactopyranoside  + H+', 'CHEBI:61448 + CHEBI:15378 = CHEBI:61448 + CHEBI:15378'), ('oligosaccharide  = oligosaccharide', 'CHEBI:25679 = CHEBI:25679'), ('oligosaccharide  + H+  = oligosaccharide  + H+', 'CHEBI:25679 + CHEBI:15378 = CHEBI:25679 + CHEBI:15378'), ('beta-D-Gal-(1->3)-beta-D-GlcNAc-(1->3)-beta-D-Gal-(1->4)-D-Glc  = beta-D-Gal-(1->3)-beta-D-GlcNAc-(1->3)-beta-D-Gal-(1->4)-D-Glc', 'CHEBI:30248 = CHEBI:30248'), ('beta-D-Gal-(1->3)-beta-D-GlcNAc-(1->3)-beta-D-Gal-(1->4)-D-Glc  + H+  = beta-D-Gal-(1->3)-beta-D-GlcNAc-(1->3)-beta-D-Gal-(1->4)-D-Glc  + H+', 'CHEBI:30248 + CHEBI:15378 = CHEBI:30248 + CHEBI:15378'), ('maltose  = maltose', 'CHEBI:17306 = CHEBI:17306'), ('maltose  + H+  = maltose  + H+', 'CHEBI:17306 + CHEBI:15378 = CHEBI:17306 + CHEBI:15378'), ('cellobiose  = cellobiose', 'CHEBI:17057 = CHEBI:17057'), ('cellobiose  + H+  = cellobiose  + H+', 'CHEBI:17057 + CHEBI:15378 = CHEBI:17057 + CHEBI:15378'), ('alpha-lactose  = alpha-lactose', 'CHEBI:36219 = CHEBI:36219'), ('alpha-lactose  + H+  = alpha-lactose  + H+', 'CHEBI:36219 + CHEBI:15378 = CHEBI:36219 + CHEBI:15378'), ('methyl alpha-D-glucopyranoside  = methyl alpha-D-glucopyranoside', 'CHEBI:320061 = CHEBI:320061'), ('methyl alpha-D-glucopyranoside  + H+  = methyl alpha-D-glucopyranoside  + H+', 'CHEBI:320061 + CHEBI:15378 = CHEBI:320061 + CHEBI:15378'), ('galactoside  = galactoside', 'CHEBI:24163 = CHEBI:24163'), ('galactoside  + H+  = galactoside  + H+', 'CHEBI:24163 + CHEBI:15378 = CHEBI:24163 + CHEBI:15378'), ('glucose  = glucose', 'CHEBI:5418 = CHEBI:5418'), ('glucose  + H+  = glucose  + H+', 'CHEBI:5418 + CHEBI:15378 = CHEBI:5418 + CHEBI:15378')]	1.25e-136	52.208
P31675	2.A.1.20.1	P31675	[('streptomycin  = streptomycin', 'CHEBI:17076 = CHEBI:17076'), ('streptomycin  + H+  = streptomycin  + H+', 'CHEBI:17076 + CHEBI:15378 = CHEBI:17076 + CHEBI:15378'), ('kanamycin  = kanamycin', 'CHEBI:6104 = CHEBI:6104'), ('kanamycin  + H+  = kanamycin  + H+', 'CHEBI:6104 + CHEBI:15378 = CHEBI:6104 + CHEBI:15378'), ('isopropyl beta-D-thiogalactopyranoside  = isopropyl beta-D-thiogalactopyranoside', 'CHEBI:61448 = CHEBI:61448'), ('isopropyl beta-D-thiogalactopyranoside  + H+  = isopropyl beta-D-thiogalactopyranoside  + H+', 'CHEBI:61448 + CHEBI:15378 = CHEBI:61448 + CHEBI:15378'), ('oligosaccharide  = oligosaccharide', 'CHEBI:25679 = CHEBI:25679'), ('oligosaccharide  + H+  = oligosaccharide  + H+', 'CHEBI:25679 + CHEBI:15378 = CHEBI:25679 + CHEBI:15378'), ('beta-D-Gal-(1->3)-beta-D-GlcNAc-(1->3)-beta-D-Gal-(1->4)-D-Glc  = beta-D-Gal-(1->3)-beta-D-GlcNAc-(1->3)-beta-D-Gal-(1->4)-D-Glc', 'CHEBI:30248 = CHEBI:30248'), ('beta-D-Gal-(1->3)-beta-D-GlcNAc-(1->3)-beta-D-Gal-(1->4)-D-Glc  + H+  = beta-D-Gal-(1->3)-beta-D-GlcNAc-(1->3)-beta-D-Gal-(1->4)-D-Glc  + H+', 'CHEBI:30248 + CHEBI:15378 = CHEBI:30248 + CHEBI:15378'), ('maltose  = maltose', 'CHEBI:17306 = CHEBI:17306'), ('maltose  + H+  = maltose  + H+', 'CHEBI:17306 + CHEBI:15378 = CHEBI:17306 + CHEBI:15378'), ('cellobiose  = cellobiose', 'CHEBI:17057 = CHEBI:17057'), ('cellobiose  + H+  = cellobiose  + H+', 'CHEBI:17057 + CHEBI:15378 = CHEBI:17057 + CHEBI:15378'), ('alpha-lactose  = alpha-lactose', 'CHEBI:36219 = CHEBI:36219'), ('alpha-lactose  + H+  = alpha-lactose  + H+', 'CHEBI:36219 + CHEBI:15378 = CHEBI:36219 + CHEBI:15378'), ('methyl alpha-D-glucopyranoside  = methyl alpha-D-glucopyranoside', 'CHEBI:320061 = CHEBI:320061'), ('methyl alpha-D-glucopyranoside  + H+  = methyl alpha-D-glucopyranoside  + H+', 'CHEBI:320061 + CHEBI:15378 = CHEBI:320061 + CHEBI:15378'), ('galactoside  = galactoside', 'CHEBI:24163 = CHEBI:24163'), ('galactoside  + H+  = galactoside  + H+', 'CHEBI:24163 + CHEBI:15378 = CHEBI:24163 + CHEBI:15378'), ('glucose  = glucose', 'CHEBI:5418 = CHEBI:5418'), ('glucose  + H+  = glucose  + H+', 'CHEBI:5418 + CHEBI:15378 = CHEBI:5418 + CHEBI:15378')]	0.0	100.0
P33026	2.A.1.20.2	P33026	[('oligosaccharide  = oligosaccharide', 'CHEBI:7758 = CHEBI:7758'), ('oligosaccharide  + H+  = oligosaccharide  + H+', 'CHEBI:7758 + CHEBI:15378 = CHEBI:7758 + CHEBI:15378'), ('beta-D-Gal-(1->3)-beta-D-GlcNAc-(1->3)-beta-D-Gal-(1->4)-D-Glc  = beta-D-Gal-(1->3)-beta-D-GlcNAc-(1->3)-beta-D-Gal-(1->4)-D-Glc', 'CHEBI:30248 = CHEBI:30248'), ('beta-D-Gal-(1->3)-beta-D-GlcNAc-(1->3)-beta-D-Gal-(1->4)-D-Glc  + H+  = beta-D-Gal-(1->3)-beta-D-GlcNAc-(1->3)-beta-D-Gal-(1->4)-D-Glc  + H+', 'CHEBI:30248 + CHEBI:15378 = CHEBI:30248 + CHEBI:15378'), ('alpha-lactose  = alpha-lactose', 'CHEBI:36219 = CHEBI:36219'), ('alpha-lactose  + H+  = alpha-lactose  + H+', 'CHEBI:36219 + CHEBI:15378 = CHEBI:36219 + CHEBI:15378'), ('trisaccharide  = trisaccharide', 'CHEBI:27150 = CHEBI:27150'), ('trisaccharide  + H+  = trisaccharide  + H+', 'CHEBI:27150 + CHEBI:15378 = CHEBI:27150 + CHEBI:15378'), ('glucose  = glucose', 'CHEBI:5418 = CHEBI:5418'), ('glucose  + H+  = glucose  + H+', 'CHEBI:5418 + CHEBI:15378 = CHEBI:5418 + CHEBI:15378')]	0.0	100.0
P33026	2.A.1.20.2	P31436	[('oligosaccharide  = oligosaccharide', 'CHEBI:7758 = CHEBI:7758'), ('oligosaccharide  + H+  = oligosaccharide  + H+', 'CHEBI:7758 + CHEBI:15378 = CHEBI:7758 + CHEBI:15378'), ('beta-D-Gal-(1->3)-beta-D-GlcNAc-(1->3)-beta-D-Gal-(1->4)-D-Glc  = beta-D-Gal-(1->3)-beta-D-GlcNAc-(1->3)-beta-D-Gal-(1->4)-D-Glc', 'CHEBI:30248 = CHEBI:30248'), ('beta-D-Gal-(1->3)-beta-D-GlcNAc-(1->3)-beta-D-Gal-(1->4)-D-Glc  + H+  = beta-D-Gal-(1->3)-beta-D-GlcNAc-(1->3)-beta-D-Gal-(1->4)-D-Glc  + H+', 'CHEBI:30248 + CHEBI:15378 = CHEBI:30248 + CHEBI:15378'), ('alpha-lactose  = alpha-lactose', 'CHEBI:36219 = CHEBI:36219'), ('alpha-lactose  + H+  = alpha-lactose  + H+', 'CHEBI:36219 + CHEBI:15378 = CHEBI:36219 + CHEBI:15378'), ('trisaccharide  = trisaccharide', 'CHEBI:27150 = CHEBI:27150'), ('trisaccharide  + H+  = trisaccharide  + H+', 'CHEBI:27150 + CHEBI:15378 = CHEBI:27150 + CHEBI:15378'), ('glucose  = glucose', 'CHEBI:5418 = CHEBI:5418'), ('glucose  + H+  = glucose  + H+', 'CHEBI:5418 + CHEBI:15378 = CHEBI:5418 + CHEBI:15378')]	0.0	71.247
P33026	2.A.1.20.2	P31675	[('oligosaccharide  = oligosaccharide', 'CHEBI:7758 = CHEBI:7758'), ('oligosaccharide  + H+  = oligosaccharide  + H+', 'CHEBI:7758 + CHEBI:15378 = CHEBI:7758 + CHEBI:15378'), ('beta-D-Gal-(1->3)-beta-D-GlcNAc-(1->3)-beta-D-Gal-(1->4)-D-Glc  = beta-D-Gal-(1->3)-beta-D-GlcNAc-(1->3)-beta-D-Gal-(1->4)-D-Glc', 'CHEBI:30248 = CHEBI:30248'), ('beta-D-Gal-(1->3)-beta-D-GlcNAc-(1->3)-beta-D-Gal-(1->4)-D-Glc  + H+  = beta-D-Gal-(1->3)-beta-D-GlcNAc-(1->3)-beta-D-Gal-(1->4)-D-Glc  + H+', 'CHEBI:30248 + CHEBI:15378 = CHEBI:30248 + CHEBI:15378'), ('alpha-lactose  = alpha-lactose', 'CHEBI:36219 = CHEBI:36219'), ('alpha-lactose  + H+  = alpha-lactose  + H+', 'CHEBI:36219 + CHEBI:15378 = CHEBI:36219 + CHEBI:15378'), ('trisaccharide  = trisaccharide', 'CHEBI:27150 = CHEBI:27150'), ('trisaccharide  + H+  = trisaccharide  + H+', 'CHEBI:27150 + CHEBI:15378 = CHEBI:27150 + CHEBI:15378'), ('glucose  = glucose', 'CHEBI:5418 = CHEBI:5418'), ('glucose  + H+  = glucose  + H+', 'CHEBI:5418 + CHEBI:15378 = CHEBI:5418 + CHEBI:15378')]	2.25e-129	52.208
P31436	2.A.1.20.3	P33026	[('arabinose  = arabinose', 'CHEBI:22599 = CHEBI:22599'), ('arabinose  + H+  = arabinose  + H+', 'CHEBI:22599 + CHEBI:15378 = CHEBI:22599 + CHEBI:15378')]	0.0	71.247
P31436	2.A.1.20.3	P31436	[('arabinose  = arabinose', 'CHEBI:22599 = CHEBI:22599'), ('arabinose  + H+  = arabinose  + H+', 'CHEBI:22599 + CHEBI:15378 = CHEBI:22599 + CHEBI:15378')]	0.0	100.0
Q9S3K0	2.A.1.20.4	P33026	[('isopropyl beta-D-thiogalactopyranoside  = isopropyl beta-D-thiogalactopyranoside', 'CHEBI:61448 = CHEBI:61448'), ('isopropyl beta-D-thiogalactopyranoside  + H+  = isopropyl beta-D-thiogalactopyranoside  + H+', 'CHEBI:61448 + CHEBI:15378 = CHEBI:61448 + CHEBI:15378'), ('alpha-lactose  = alpha-lactose', 'CHEBI:36219 = CHEBI:36219'), ('alpha-lactose  + H+  = alpha-lactose  + H+', 'CHEBI:36219 + CHEBI:15378 = CHEBI:36219 + CHEBI:15378'), ('arabinose  = arabinose', 'CHEBI:22599 = CHEBI:22599'), ('arabinose  + H+  = arabinose  + H+', 'CHEBI:22599 + CHEBI:15378 = CHEBI:22599 + CHEBI:15378')]	1.75e-176	68.193
Q9S3K0	2.A.1.20.4	P31436	[('isopropyl beta-D-thiogalactopyranoside  = isopropyl beta-D-thiogalactopyranoside', 'CHEBI:61448 = CHEBI:61448'), ('isopropyl beta-D-thiogalactopyranoside  + H+  = isopropyl beta-D-thiogalactopyranoside  + H+', 'CHEBI:61448 + CHEBI:15378 = CHEBI:61448 + CHEBI:15378'), ('alpha-lactose  = alpha-lactose', 'CHEBI:36219 = CHEBI:36219'), ('alpha-lactose  + H+  = alpha-lactose  + H+', 'CHEBI:36219 + CHEBI:15378 = CHEBI:36219 + CHEBI:15378'), ('arabinose  = arabinose', 'CHEBI:22599 = CHEBI:22599'), ('arabinose  + H+  = arabinose  + H+', 'CHEBI:22599 + CHEBI:15378 = CHEBI:22599 + CHEBI:15378')]	4.79e-154	60.204
Q9S3K0	2.A.1.20.4	P31675	[('isopropyl beta-D-thiogalactopyranoside  = isopropyl beta-D-thiogalactopyranoside', 'CHEBI:61448 = CHEBI:61448'), ('isopropyl beta-D-thiogalactopyranoside  + H+  = isopropyl beta-D-thiogalactopyranoside  + H+', 'CHEBI:61448 + CHEBI:15378 = CHEBI:61448 + CHEBI:15378'), ('alpha-lactose  = alpha-lactose', 'CHEBI:36219 = CHEBI:36219'), ('alpha-lactose  + H+  = alpha-lactose  + H+', 'CHEBI:36219 + CHEBI:15378 = CHEBI:36219 + CHEBI:15378'), ('arabinose  = arabinose', 'CHEBI:22599 = CHEBI:22599'), ('arabinose  + H+  = arabinose  + H+', 'CHEBI:22599 + CHEBI:15378 = CHEBI:22599 + CHEBI:15378')]	4.6e-120	55.376
P0AE16	2.A.1.25.2	P0AE16	[('peptide  = peptide', 'CHEBI:16670 = CHEBI:16670'), ('peptide  + H+  = peptide  + H+', 'CHEBI:16670 + CHEBI:15378 = CHEBI:16670 + CHEBI:15378'), ('glycopeptide  = glycopeptide', 'CHEBI:24396 = CHEBI:24396'), ('glycopeptide  + H+  = glycopeptide  + H+', 'CHEBI:24396 + CHEBI:15378 = CHEBI:24396 + CHEBI:15378')]	0.0	100.0
P21503	2.A.1.26.1	P21503	[('S  = S', 'S = S'), ('S  + H+  = S  + H+', 'S + CHEBI:15378 = S + CHEBI:15378')]	0.0	100.0
Q47142	2.A.1.27.1	Q47142	[('hydratropic acid  = hydratropic acid', 'CHEBI:48526 = CHEBI:48526'), ('hydratropic acid  + H+  = hydratropic acid  + H+', 'CHEBI:48526 + CHEBI:15378 = CHEBI:48526 + CHEBI:15378')]	0.0	100.0
P76269	2.A.1.3.17	P76269	[('trimethoprim  = trimethoprim', 'CHEBI:45924 = CHEBI:45924'), ('trimethoprim  + H+  = trimethoprim  + H+', 'CHEBI:45924 + CHEBI:15378 = CHEBI:45924 + CHEBI:15378')]	0.0	100.0
P0AEJ0	2.A.1.3.2	P52600	[('rhodamine 6G  = rhodamine 6G', 'CHEBI:52672 = CHEBI:52672'), ('rhodamine 6G  + H+  = rhodamine 6G  + H+', 'CHEBI:52672 + CHEBI:15378 = CHEBI:52672 + CHEBI:15378'), ('deoxycholate  = deoxycholate', 'CHEBI:23614 = CHEBI:23614'), ('deoxycholate  + H+  = deoxycholate  + H+', 'CHEBI:23614 + CHEBI:15378 = CHEBI:23614 + CHEBI:15378'), ('CCCP  = CCCP', 'CHEBI:3259 = CHEBI:3259'), ('CCCP  + H+  = CCCP  + H+', 'CHEBI:3259 + CHEBI:15378 = CHEBI:3259 + CHEBI:15378'), ('nalidixic acid  = nalidixic acid', 'CHEBI:100147 = CHEBI:100147'), ('nalidixic acid  + H+  = nalidixic acid  + H+', 'CHEBI:100147 + CHEBI:15378 = CHEBI:100147 + CHEBI:15378'), ('17beta-estradiol  = 17beta-estradiol', 'CHEBI:16469 = CHEBI:16469'), ('17beta-estradiol  + H+  = 17beta-estradiol  + H+', 'CHEBI:16469 + CHEBI:15378 = CHEBI:16469 + CHEBI:15378'), ('progesterone  = progesterone', 'CHEBI:17026 = CHEBI:17026'), ('progesterone  + H+  = progesterone  + H+', 'CHEBI:17026 + CHEBI:15378 = CHEBI:17026 + CHEBI:15378')]	0.0	62.374
P0AEJ0	2.A.1.3.2	P0AEJ0	[('rhodamine 6G  = rhodamine 6G', 'CHEBI:52672 = CHEBI:52672'), ('rhodamine 6G  + H+  = rhodamine 6G  + H+', 'CHEBI:52672 + CHEBI:15378 = CHEBI:52672 + CHEBI:15378'), ('deoxycholate  = deoxycholate', 'CHEBI:23614 = CHEBI:23614'), ('deoxycholate  + H+  = deoxycholate  + H+', 'CHEBI:23614 + CHEBI:15378 = CHEBI:23614 + CHEBI:15378'), ('CCCP  = CCCP', 'CHEBI:3259 = CHEBI:3259'), ('CCCP  + H+  = CCCP  + H+', 'CHEBI:3259 + CHEBI:15378 = CHEBI:3259 + CHEBI:15378'), ('nalidixic acid  = nalidixic acid', 'CHEBI:100147 = CHEBI:100147'), ('nalidixic acid  + H+  = nalidixic acid  + H+', 'CHEBI:100147 + CHEBI:15378 = CHEBI:100147 + CHEBI:15378'), ('17beta-estradiol  = 17beta-estradiol', 'CHEBI:16469 = CHEBI:16469'), ('17beta-estradiol  + H+  = 17beta-estradiol  + H+', 'CHEBI:16469 + CHEBI:15378 = CHEBI:16469 + CHEBI:15378'), ('progesterone  = progesterone', 'CHEBI:17026 = CHEBI:17026'), ('progesterone  + H+  = progesterone  + H+', 'CHEBI:17026 + CHEBI:15378 = CHEBI:17026 + CHEBI:15378')]	0.0	100.0
Q9RQ29	2.A.1.3.20	P52600	[('long-chain fatty acid  = long-chain fatty acid', 'CHEBI:15904 = CHEBI:15904'), ('long-chain fatty acid  + H+  = long-chain fatty acid  + H+', 'CHEBI:15904 + CHEBI:15378 = CHEBI:15904 + CHEBI:15378')]	0.0	50.895
Q9RQ29	2.A.1.3.20	P0AEJ0	[('long-chain fatty acid  = long-chain fatty acid', 'CHEBI:15904 = CHEBI:15904'), ('long-chain fatty acid  + H+  = long-chain fatty acid  + H+', 'CHEBI:15904 + CHEBI:15378 = CHEBI:15904 + CHEBI:15378')]	0.0	57.654
P36554	2.A.1.3.26	P36554	[('deoxycholate  = deoxycholate', 'CHEBI:23614 = CHEBI:23614'), ('deoxycholate  + H+  = deoxycholate  + H+', 'CHEBI:23614 + CHEBI:15378 = CHEBI:23614 + CHEBI:15378'), ('novobiocin  = novobiocin', 'CHEBI:28368 = CHEBI:28368'), ('novobiocin  + H+  = novobiocin  + H+', 'CHEBI:28368 + CHEBI:15378 = CHEBI:28368 + CHEBI:15378'), ('arabinose  = arabinose', 'CHEBI:22599 = CHEBI:22599'), ('arabinose  + H+  = arabinose  + H+', 'CHEBI:22599 + CHEBI:15378 = CHEBI:22599 + CHEBI:15378')]	0.0	100.0
C5W790	2.A.1.3.36	P52599	[('cysteine  = cysteine', 'CHEBI:15356 = CHEBI:15356'), ('cysteine  + H+  = cysteine  + H+', 'CHEBI:15356 + CHEBI:15378 = CHEBI:15356 + CHEBI:15378'), ('drug  = drug', 'CHEBI:23888 = CHEBI:23888'), ('drug  + H+  = drug  + H+', 'CHEBI:23888 + CHEBI:15378 = CHEBI:23888 + CHEBI:15378')]	0.0	100.0
C5W789	2.A.1.3.36	P52600	[('cysteine  = cysteine', 'CHEBI:15356 = CHEBI:15356'), ('cysteine  + H+  = cysteine  + H+', 'CHEBI:15356 + CHEBI:15378 = CHEBI:15356 + CHEBI:15378'), ('drug  = drug', 'CHEBI:23888 = CHEBI:23888'), ('drug  + H+  = drug  + H+', 'CHEBI:23888 + CHEBI:15378 = CHEBI:23888 + CHEBI:15378')]	0.0	99.414
C5W789	2.A.1.3.36	P0AEJ0	[('cysteine  = cysteine', 'CHEBI:15356 = CHEBI:15356'), ('cysteine  + H+  = cysteine  + H+', 'CHEBI:15356 + CHEBI:15378 = CHEBI:15356 + CHEBI:15378'), ('drug  = drug', 'CHEBI:23888 = CHEBI:23888'), ('drug  + H+  = drug  + H+', 'CHEBI:23888 + CHEBI:15378 = CHEBI:23888 + CHEBI:15378')]	0.0	62.227
P31474	2.A.1.3.51	P31474	[('S  = S', 'S = S'), ('S  + H+  = S  + H+', 'S + CHEBI:15378 = S + CHEBI:15378')]	0.0	100.0
B4E7L4	2.A.1.3.82	P0AEJ0	[('drug  = drug', 'CHEBI:23888 = CHEBI:23888'), ('drug  + H+  = drug  + H+', 'CHEBI:23888 + CHEBI:15378 = CHEBI:23888 + CHEBI:15378')]	0.0	54.418
ABO10669.2	2.A.1.3.85	P36554	[('drug  = drug', 'CHEBI:23888 = CHEBI:23888'), ('drug  + H+  = drug  + H+', 'CHEBI:23888 + CHEBI:15378 = CHEBI:23888 + CHEBI:15378')]	2.8e-144	50.554
P52067	2.A.1.35.1	P52067	[('fosmidomycin  = fosmidomycin', 'CHEBI:443725 = CHEBI:443725'), ('fosmidomycin  + H+  = fosmidomycin  + H+', 'CHEBI:443725 + CHEBI:15378 = CHEBI:443725 + CHEBI:15378')]	0.0	100.0
Q56877	2.A.1.35.2	P52067	[('cationic peptidyl group  = cationic peptidyl group', 'CHEBI:134400 = CHEBI:134400'), ('cationic peptidyl group  + H+  = cationic peptidyl group  + H+', 'CHEBI:134400 + CHEBI:15378 = CHEBI:134400 + CHEBI:15378')]	0.0	71.182
P43531	2.A.1.36.1	P43531	[('3,6-diamino-10-methylacridinium chloride  = 3,6-diamino-10-methylacridinium chloride', 'CHEBI:383703 = CHEBI:383703'), ('3,6-diamino-10-methylacridinium chloride  + H+  = 3,6-diamino-10-methylacridinium chloride  + H+', 'CHEBI:383703 + CHEBI:15378 = CHEBI:383703 + CHEBI:15378'), ('arabinose  = arabinose', 'CHEBI:22599 = CHEBI:22599'), ('arabinose  + H+  = arabinose  + H+', 'CHEBI:22599 + CHEBI:15378 = CHEBI:22599 + CHEBI:15378')]	0.0	100.0
P76628	2.A.1.36.3	P76628	[('S  = S', 'S = S'), ('S  + H+  = S  + H+', 'S + CHEBI:15378 = S + CHEBI:15378')]	0.0	100.0
P24077	2.A.1.38.1	P24077	[('enterobactin  = enterobactin', 'CHEBI:28855 = CHEBI:28855'), ('enterobactin  + H+  = enterobactin  + H+', 'CHEBI:28855 + CHEBI:15378 = CHEBI:28855 + CHEBI:15378'), ('arabinose  = arabinose', 'CHEBI:22599 = CHEBI:22599'), ('arabinose  + H+  = arabinose  + H+', 'CHEBI:22599 + CHEBI:15378 = CHEBI:22599 + CHEBI:15378')]	0.0	100.0
Q8ZR35	2.A.1.38.3	P24077	[('enterobactin  = enterobactin', 'CHEBI:28855 = CHEBI:28855'), ('enterobactin  + H+  = enterobactin  + H+', 'CHEBI:28855 + CHEBI:15378 = CHEBI:28855 + CHEBI:15378')]	0.0	90.465
P0AGC0	2.A.1.4.1	P0AGC0	[('phospho sugar  = phospho sugar', 'CHEBI:33447 = CHEBI:33447'), ('phospho sugar  + H+  = phospho sugar  + H+', 'CHEBI:33447 + CHEBI:15378 = CHEBI:33447 + CHEBI:15378')]	0.0	100.0
P08194	2.A.1.4.3	P08194	[('glycerol 1-phosphate  = glycerol 1-phosphate', 'CHEBI:14336 = CHEBI:14336'), ('glycerol 1-phosphate  + H+  = glycerol 1-phosphate  + H+', 'CHEBI:14336 + CHEBI:15378 = CHEBI:14336 + CHEBI:15378')]	0.0	100.0
P09836	2.A.1.4.4	P09836	[('phosphate(3-)  = phosphate(3-)', 'CHEBI:18367 = CHEBI:18367'), ('phosphate(3-)  + H+  = phosphate(3-)  + H+', 'CHEBI:18367 + CHEBI:15378 = CHEBI:18367 + CHEBI:15378'), ('hexose phosphate  = hexose phosphate', 'CHEBI:47878 = CHEBI:47878'), ('hexose phosphate  + H+  = hexose phosphate  + H+', 'CHEBI:47878 + CHEBI:15378 = CHEBI:47878 + CHEBI:15378')]	0.0	100.0
P39196	2.A.1.42.1	P39196	[('1-O-acylglycerophosphoethanolamine  = 1-O-acylglycerophosphoethanolamine', 'CHEBI:55493 = CHEBI:55493'), ('1-O-acylglycerophosphoethanolamine  + H+  = 1-O-acylglycerophosphoethanolamine  + H+', 'CHEBI:55493 + CHEBI:15378 = CHEBI:55493 + CHEBI:15378'), ('2-monolysocardiolipin  = 2-monolysocardiolipin', 'CHEBI:60430 = CHEBI:60430'), ('2-monolysocardiolipin  + H+  = 2-monolysocardiolipin  + H+', 'CHEBI:60430 + CHEBI:15378 = CHEBI:60430 + CHEBI:15378')]	0.0	100.0
P77549	2.A.1.46.6	P77549	[('arabinose  = arabinose', 'CHEBI:22599 = CHEBI:22599'), ('arabinose  + H+  = arabinose  + H+', 'CHEBI:22599 + CHEBI:15378 = CHEBI:22599 + CHEBI:15378')]	0.0	100.0
P37621	2.A.1.46.7	P37621	[('glyphosate  = glyphosate', 'CHEBI:27744 = CHEBI:27744'), ('glyphosate  + H+  = glyphosate  + H+', 'CHEBI:27744 + CHEBI:15378 = CHEBI:27744 + CHEBI:15378'), ('arabinose  = arabinose', 'CHEBI:22599 = CHEBI:22599'), ('arabinose  + H+  = arabinose  + H+', 'CHEBI:22599 + CHEBI:15378 = CHEBI:22599 + CHEBI:15378')]	0.0	100.0
P02920	2.A.1.5.1	P02920	[('lactose + H(+) = lactose + H(+)', 'CHEBI:17716 + CHEBI:15378 = CHEBI:17716 + CHEBI:15378'), ('melibiose + H(+) = melibiose + H(+)', 'CHEBI:28053 + CHEBI:15378 = CHEBI:28053 + CHEBI:15378'), ('maltose  = maltose', 'CHEBI:17306 = CHEBI:17306'), ('maltose  + H+  = maltose  + H+', 'CHEBI:17306 + CHEBI:15378 = CHEBI:17306 + CHEBI:15378'), ('melibiose  = melibiose', 'CHEBI:28053 = CHEBI:28053'), ('lactose  = lactose', 'CHEBI:17716 = CHEBI:17716'), ('sucrose  = sucrose', 'CHEBI:17992 = CHEBI:17992'), ('sucrose  + H+  = sucrose  + H+', 'CHEBI:17992 + CHEBI:15378 = CHEBI:17992 + CHEBI:15378'), ('4-nitrophenyl alpha-D-galactoside  = 4-nitrophenyl alpha-D-galactoside', 'CHEBI:546840 = CHEBI:546840'), ('4-nitrophenyl alpha-D-galactoside  + H+  = 4-nitrophenyl alpha-D-galactoside  + H+', 'CHEBI:546840 + CHEBI:15378 = CHEBI:546840 + CHEBI:15378'), ('4-nitrophenyl-beta-D-galactoside  = 4-nitrophenyl-beta-D-galactoside', 'CHEBI:355715 = CHEBI:355715'), ('4-nitrophenyl-beta-D-galactoside  + H+  = 4-nitrophenyl-beta-D-galactoside  + H+', 'CHEBI:355715 + CHEBI:15378 = CHEBI:355715 + CHEBI:15378'), ('methyl beta-D-galactoside  = methyl beta-D-galactoside', 'CHEBI:17540 = CHEBI:17540'), ('methyl beta-D-galactoside  + H+  = methyl beta-D-galactoside  + H+', 'CHEBI:17540 + CHEBI:15378 = CHEBI:17540 + CHEBI:15378')]	0.0	100.0
P16552	2.A.1.5.2	P02920	[('hydron  = hydron', 'CHEBI:15378 = CHEBI:15378'), ('hydron  + H+  = hydron  + H+', 'CHEBI:15378 + CHEBI:15378 = CHEBI:15378 + CHEBI:15378'), ('raffinose  = raffinose', 'CHEBI:16634 = CHEBI:16634'), ('raffinose  + H+  = raffinose  + H+', 'CHEBI:16634 + CHEBI:15378 = CHEBI:16634 + CHEBI:15378')]	1.75e-158	57.855
P96517	2.A.1.5.4	P02920	[('hydron  = hydron', 'CHEBI:15378 = CHEBI:15378'), ('hydron  + H+  = hydron  + H+', 'CHEBI:15378 + CHEBI:15378 = CHEBI:15378 + CHEBI:15378'), ('melibiose  = melibiose', 'CHEBI:28053 = CHEBI:28053'), ('melibiose  + H+  = melibiose  + H+', 'CHEBI:28053 + CHEBI:15378 = CHEBI:28053 + CHEBI:15378'), ('alpha-lactose  = alpha-lactose', 'CHEBI:36219 = CHEBI:36219'), ('alpha-lactose  + H+  = alpha-lactose  + H+', 'CHEBI:36219 + CHEBI:15378 = CHEBI:36219 + CHEBI:15378')]	8.52e-146	59.649
D6IHN4	2.A.1.51.2	P39381	[('S  = S', 'S = S'), ('S  + H+  = S  + H+', 'S + CHEBI:15378 = S + CHEBI:15378')]	0.0	89.796
P32135	2.A.1.52.1	P32135	[('S  = S', 'S = S'), ('S  + H+  = S  + H+', 'S + CHEBI:15378 = S + CHEBI:15378')]	0.0	100.0
F4TJX1	2.A.1.52.2	P77031	[('S  = S', 'S = S'), ('S  + H+  = S  + H+', 'S + CHEBI:15378 = S + CHEBI:15378')]	0.0	98.353
P37643	2.A.1.6.10	P37643	[('metabolite  = metabolite', 'CHEBI:25212 = CHEBI:25212'), ('metabolite  + H+  = metabolite  + H+', 'CHEBI:25212 + CHEBI:15378 = CHEBI:25212 + CHEBI:15378')]	0.0	100.0
P0AEX3	2.A.1.6.2	P0AEX3	[('hydron  = hydron', 'CHEBI:15378 = CHEBI:15378'), ('hydron  + H+  = hydron  + H+', 'CHEBI:15378 + CHEBI:15378 = CHEBI:15378 + CHEBI:15378'), ('2-oxoglutarate(2-)  = 2-oxoglutarate(2-)', 'CHEBI:16810 = CHEBI:16810'), ('2-oxoglutarate(2-)  + H+  = 2-oxoglutarate(2-)  + H+', 'CHEBI:16810 + CHEBI:15378 = CHEBI:16810 + CHEBI:15378'), ('arabinose  = arabinose', 'CHEBI:22599 = CHEBI:22599'), ('arabinose  + H+  = arabinose  + H+', 'CHEBI:22599 + CHEBI:15378 = CHEBI:22599 + CHEBI:15378')]	0.0	100.0
Q52000	2.A.1.6.3	P0AEX3	[('dicarboxylic acid dianion  = dicarboxylic acid dianion', 'CHEBI:28965 = CHEBI:28965'), ('dicarboxylic acid dianion  + H+  = dicarboxylic acid dianion  + H+', 'CHEBI:28965 + CHEBI:15378 = CHEBI:28965 + CHEBI:15378')]	0.0	70.361
P0C0L7	2.A.1.6.4	P0C0L7	[('sodium(1+)  = sodium(1+)', 'CHEBI:29101 = CHEBI:29101'), ('sodium(1+)  + H+  = sodium(1+)  + H+', 'CHEBI:29101 + CHEBI:15378 = CHEBI:29101 + CHEBI:15378'), ('hydron  = hydron', 'CHEBI:15378 = CHEBI:15378'), ('hydron  + H+  = hydron  + H+', 'CHEBI:15378 + CHEBI:15378 = CHEBI:15378 + CHEBI:15378'), ('L-proline betaine  = L-proline betaine', 'CHEBI:35280 = CHEBI:35280'), ('L-proline betaine  + H+  = L-proline betaine  + H+', 'CHEBI:35280 + CHEBI:15378 = CHEBI:35280 + CHEBI:15378'), ('carnitinium  = carnitinium', 'CHEBI:3424 = CHEBI:3424'), ('carnitinium  + H+  = carnitinium  + H+', 'CHEBI:3424 + CHEBI:15378 = CHEBI:3424 + CHEBI:15378'), ('glycine betaine  = glycine betaine', 'CHEBI:17750 = CHEBI:17750'), ('glycine betaine  + H+  = glycine betaine  + H+', 'CHEBI:17750 + CHEBI:15378 = CHEBI:17750 + CHEBI:15378'), ('N,N-dimethylglycine  = N,N-dimethylglycine', 'CHEBI:17724 = CHEBI:17724'), ('N,N-dimethylglycine  + H+  = N,N-dimethylglycine  + H+', 'CHEBI:17724 + CHEBI:15378 = CHEBI:17724 + CHEBI:15378'), ('proline  = proline', 'CHEBI:26271 = CHEBI:26271'), ('proline  + H+  = proline  + H+', 'CHEBI:26271 + CHEBI:15378 = CHEBI:26271 + CHEBI:15378'), ('taurine  = taurine', 'CHEBI:15891 = CHEBI:15891'), ('taurine  + H+  = taurine  + H+', 'CHEBI:15891 + CHEBI:15378 = CHEBI:15891 + CHEBI:15378'), ('pipecolic acid  = pipecolic acid', 'CHEBI:17964 = CHEBI:17964'), ('pipecolic acid  + H+  = pipecolic acid  + H+', 'CHEBI:17964 + CHEBI:15378 = CHEBI:17964 + CHEBI:15378'), ('ectoine  = ectoine', 'CHEBI:27592 = CHEBI:27592'), ('ectoine  + H+  = ectoine  + H+', 'CHEBI:27592 + CHEBI:15378 = CHEBI:27592 + CHEBI:15378'), ('3-pyridylacetic acid  = 3-pyridylacetic acid', 'CHEBI:86390 = CHEBI:86390'), ('3-pyridylacetic acid  + H+  = 3-pyridylacetic acid  + H+', 'CHEBI:86390 + CHEBI:15378 = CHEBI:86390 + CHEBI:15378')]	0.0	100.0
P76350	2.A.1.6.6	P76350	[('shikimate + H(+) = shikimate + H(+)', 'CHEBI:36208 + CHEBI:15378 = CHEBI:36208 + CHEBI:15378'), ('hydron  = hydron', 'CHEBI:15378 = CHEBI:15378'), ('hydron  + H+  = hydron  + H+', 'CHEBI:15378 + CHEBI:15378 = CHEBI:15378 + CHEBI:15378'), ('shikimic acid  = shikimic acid', 'CHEBI:16119 = CHEBI:16119'), ('shikimic acid  + H+  = shikimic acid  + H+', 'CHEBI:16119 + CHEBI:15378 = CHEBI:16119 + CHEBI:15378')]	0.0	100.0
P77228	2.A.1.6.9	P77228	[('potassium(1+)  = potassium(1+)', 'CHEBI:29103 = CHEBI:29103'), ('potassium(1+)  + H+  = potassium(1+)  + H+', 'CHEBI:29103 + CHEBI:15378 = CHEBI:29103 + CHEBI:15378')]	0.0	100.0
P75810	2.A.1.60.2	P75810	[('S  = S', 'S = S'), ('S  + H+  = S  + H+', 'S + CHEBI:15378 = S + CHEBI:15378')]	0.0	100.0
P11551	2.A.1.7.1	P11551	[('L-galactose + H(+) = L-galactose + H(+)', 'CHEBI:37619 + CHEBI:15378 = CHEBI:37619 + CHEBI:15378'), ('L-fucose + H(+) = L-fucose + H(+)', 'CHEBI:2181 + CHEBI:15378 = CHEBI:2181 + CHEBI:15378'), ('D-arabinose + H(+) = D-arabinose + H(+)', 'CHEBI:46994 + CHEBI:15378 = CHEBI:46994 + CHEBI:15378'), ('hydron  = hydron', 'CHEBI:15378 = CHEBI:15378'), ('hydron  + H+  = hydron  + H+', 'CHEBI:15378 + CHEBI:15378 = CHEBI:15378 + CHEBI:15378'), ('L-fucopyranose  = L-fucopyranose', 'CHEBI:2181 = CHEBI:2181')]	0.0	100.0
P60778	2.A.1.7.14	P60778	[('S  = S', 'S = S'), ('S  + H+  = S  + H+', 'S + CHEBI:15378 = S + CHEBI:15378')]	0.0	100.0
P10903	2.A.1.8.1	P37758	[('nitrate + nitrite = nitrate + nitrite', 'CHEBI:17632 + CHEBI:16301 = CHEBI:17632 + CHEBI:16301'), ('hydron  = hydron', 'CHEBI:15378 = CHEBI:15378'), ('hydron  + H+  = hydron  + H+', 'CHEBI:15378 + CHEBI:15378 = CHEBI:15378 + CHEBI:15378'), ('nitrite  = nitrite', 'CHEBI:16301 = CHEBI:16301'), ('nitrite  + H+  = nitrite  + H+', 'CHEBI:16301 + CHEBI:15378 = CHEBI:16301 + CHEBI:15378'), ('nitrate  = nitrate', 'CHEBI:17632 = CHEBI:17632'), ('nitrate  + H+  = nitrate  + H+', 'CHEBI:17632 + CHEBI:15378 = CHEBI:17632 + CHEBI:15378')]	0.0	75.771
P10903	2.A.1.8.1	P10903	[('nitrate + nitrite = nitrate + nitrite', 'CHEBI:17632 + CHEBI:16301 = CHEBI:17632 + CHEBI:16301'), ('hydron  = hydron', 'CHEBI:15378 = CHEBI:15378'), ('hydron  + H+  = hydron  + H+', 'CHEBI:15378 + CHEBI:15378 = CHEBI:15378 + CHEBI:15378'), ('nitrite  = nitrite', 'CHEBI:16301 = CHEBI:16301'), ('nitrite  + H+  = nitrite  + H+', 'CHEBI:16301 + CHEBI:15378 = CHEBI:16301 + CHEBI:15378'), ('nitrate  = nitrate', 'CHEBI:17632 = CHEBI:17632'), ('nitrate  + H+  = nitrate  + H+', 'CHEBI:17632 + CHEBI:15378 = CHEBI:17632 + CHEBI:15378')]	0.0	100.0
P37758	2.A.1.8.10	P37758	[('nitrite  = nitrite', 'CHEBI:16301 = CHEBI:16301'), ('nitrite  + H+  = nitrite  + H+', 'CHEBI:16301 + CHEBI:15378 = CHEBI:16301 + CHEBI:15378'), ('nitrate  = nitrate', 'CHEBI:17632 = CHEBI:17632'), ('nitrate  + H+  = nitrate  + H+', 'CHEBI:17632 + CHEBI:15378 = CHEBI:17632 + CHEBI:15378')]	0.0	100.0
P37758	2.A.1.8.10	P10903	[('nitrite  = nitrite', 'CHEBI:16301 = CHEBI:16301'), ('nitrite  + H+  = nitrite  + H+', 'CHEBI:16301 + CHEBI:15378 = CHEBI:16301 + CHEBI:15378'), ('nitrate  = nitrate', 'CHEBI:17632 = CHEBI:17632'), ('nitrate  + H+  = nitrate  + H+', 'CHEBI:17632 + CHEBI:15378 = CHEBI:17632 + CHEBI:15378')]	0.0	75.771
Q166T6	2.A.1.8.11	P37758	[('nitrite  = nitrite', 'CHEBI:16301 = CHEBI:16301'), ('nitrite  + H+  = nitrite  + H+', 'CHEBI:16301 + CHEBI:15378 = CHEBI:16301 + CHEBI:15378'), ('nitrate  = nitrate', 'CHEBI:17632 = CHEBI:17632'), ('nitrate  + H+  = nitrate  + H+', 'CHEBI:17632 + CHEBI:15378 = CHEBI:17632 + CHEBI:15378')]	2.6300000000000002e-155	50.968
Q166T6	2.A.1.8.11	P10903	[('nitrite  = nitrite', 'CHEBI:16301 = CHEBI:16301'), ('nitrite  + H+  = nitrite  + H+', 'CHEBI:16301 + CHEBI:15378 = CHEBI:16301 + CHEBI:15378'), ('nitrate  = nitrate', 'CHEBI:17632 = CHEBI:17632'), ('nitrate  + H+  = nitrate  + H+', 'CHEBI:17632 + CHEBI:15378 = CHEBI:17632 + CHEBI:15378')]	6.45e-163	50.431
Q93PW1	2.A.1.8.11	P37758	[('nitrite  = nitrite', 'CHEBI:16301 = CHEBI:16301'), ('nitrite  + H+  = nitrite  + H+', 'CHEBI:16301 + CHEBI:15378 = CHEBI:16301 + CHEBI:15378'), ('nitrate  = nitrate', 'CHEBI:17632 = CHEBI:17632'), ('nitrate  + H+  = nitrate  + H+', 'CHEBI:17632 + CHEBI:15378 = CHEBI:17632 + CHEBI:15378')]	2.09e-152	53.034
Q93PW1	2.A.1.8.11	P10903	[('nitrite  = nitrite', 'CHEBI:16301 = CHEBI:16301'), ('nitrite  + H+  = nitrite  + H+', 'CHEBI:16301 + CHEBI:15378 = CHEBI:16301 + CHEBI:15378'), ('nitrate  = nitrate', 'CHEBI:17632 = CHEBI:17632'), ('nitrate  + H+  = nitrate  + H+', 'CHEBI:17632 + CHEBI:15378 = CHEBI:17632 + CHEBI:15378')]	6.830000000000001e-166	53.913
Q9HXD4	2.A.1.8.17	P37758	[('nitrite  = nitrite', 'CHEBI:16301 = CHEBI:16301'), ('nitrite  + H+  = nitrite  + H+', 'CHEBI:16301 + CHEBI:15378 = CHEBI:16301 + CHEBI:15378'), ('nitrate  = nitrate', 'CHEBI:17632 = CHEBI:17632'), ('nitrate  + H+  = nitrate  + H+', 'CHEBI:17632 + CHEBI:15378 = CHEBI:17632 + CHEBI:15378')]	0.0	58.259
Q9HXD4	2.A.1.8.17	P10903	[('nitrite  = nitrite', 'CHEBI:16301 = CHEBI:16301'), ('nitrite  + H+  = nitrite  + H+', 'CHEBI:16301 + CHEBI:15378 = CHEBI:16301 + CHEBI:15378'), ('nitrate  = nitrate', 'CHEBI:17632 = CHEBI:17632'), ('nitrate  + H+  = nitrate  + H+', 'CHEBI:17632 + CHEBI:15378 = CHEBI:17632 + CHEBI:15378')]	0.0	59.657
P15701	2.A.10.1.1	P0A712	[('2-dehydro-3-deoxy-D-gluconate + H(+) = 2-dehydro-3-deoxy-D-gluconate + H(+)', 'CHEBI:57990 + CHEBI:15378 = CHEBI:57990 + CHEBI:15378')]	0.0	90.446
P0A712	2.A.10.1.2	P0A712	[('2-dehydro-3-deoxy-D-gluconate + H(+) = 2-dehydro-3-deoxy-D-gluconate + H(+)', 'CHEBI:57990 + CHEBI:15378 = CHEBI:57990 + CHEBI:15378')]	0.0	100.0
P50847	2.A.10.1.3	P0A712	[('2-dehydro-3-deoxy-D-gluconate + H(+) = 2-dehydro-3-deoxy-D-gluconate + H(+)', 'CHEBI:57990 + CHEBI:15378 = CHEBI:57990 + CHEBI:15378')]	4.12e-114	51.097
P0AD30	2.A.102.3.1	P0AD30	[('no_reaction_identified', 'no_reaction_identified')]	0.0	100.0
Q8EDB6	2.A.102.3.4	P0AD30	[('no_reaction_identified', 'no_reaction_identified')]	4.8399999999999996e-92	54.753
P0ABG4	2.A.103.1.1	P0ABG4	[('[GlcNAc-(1->4)-Mur2Ac(oyl-L-Ala-gamma-D-Glu-L-Lys-D-Ala-D-Ala)](n)-di-trans,octa-cis-undecaprenyl diphosphate + beta-D-GlcNAc-(1->4)-Mur2Ac(oyl-L-Ala-gamma-D-Glu-L-Lys-D-Ala-D-Ala)-di-trans,octa-cis-undecaprenyl diphosphate = [GlcNAc-(1->4)-Mur2Ac(oyl-L-Ala-gamma-D-Glu-L-Lys-D-Ala-D-Ala)](n+1)-di-trans,octa-cis-undecaprenyl diphosphate + di-trans,octa-cis-undecaprenyl diphosphate + H(+)', 'CHEBI:78435 + CHEBI:60033 = CHEBI:78435 + CHEBI:58405 + CHEBI:15378')]	0.0	100.0
P0ABG7	2.A.103.1.2	P0ABG7	[('[GlcNAc-(1->4)-Mur2Ac(oyl-L-Ala-gamma-D-Glu-L-Lys-D-Ala-D-Ala)](n)-di-trans,octa-cis-undecaprenyl diphosphate + beta-D-GlcNAc-(1->4)-Mur2Ac(oyl-L-Ala-gamma-D-Glu-L-Lys-D-Ala-D-Ala)-di-trans,octa-cis-undecaprenyl diphosphate = [GlcNAc-(1->4)-Mur2Ac(oyl-L-Ala-gamma-D-Glu-L-Lys-D-Ala-D-Ala)](n+1)-di-trans,octa-cis-undecaprenyl diphosphate + di-trans,octa-cis-undecaprenyl diphosphate + H(+)', 'CHEBI:78435 + CHEBI:60033 = CHEBI:78435 + CHEBI:58405 + CHEBI:15378')]	0.0	100.0
A8ANM6	2.A.104.1.1	P64550	[('no_reaction_identified', 'no_reaction_identified')]	2.91e-96	87.248
P76264	2.A.107.1.1	P76264	[('no_reaction_identified', 'no_reaction_identified')]	3.5700000000000005e-132	100.0
P0AB24	2.A.108.2.3	P0AB24	[('heme b + 2 H(+) = protoporphyrin IX + Fe(2+)', 'CHEBI:60344 + 2 CHEBI:15378 = CHEBI:57306 + CHEBI:29033')]	0.0	100.0
P31545	2.A.108.2.3	P31545	[('heme b + 2 H(+) = protoporphyrin IX + Fe(2+)', 'CHEBI:60344 + 2 CHEBI:15378 = CHEBI:57306 + CHEBI:29033')]	0.0	100.0
P75901	2.A.108.2.3	P75901	[('heme b + 2 H(+) = protoporphyrin IX + Fe(2+)', 'CHEBI:60344 + 2 CHEBI:15378 = CHEBI:57306 + CHEBI:29033')]	0.0	100.0
F0N2E7	2.A.109.1.2	P42601	[('no_reaction_identified', 'no_reaction_identified')]	7.480000000000001e-110	55.482
P42601	2.A.109.1.7	P42601	[('no_reaction_identified', 'no_reaction_identified')]	0.0	100.0
L5DDD7	2.A.109.2.3	P67127	[('no_reaction_identified', 'no_reaction_identified')]	9.43e-72	51.327
L5DDD7	2.A.109.2.3	P76389	[('no_reaction_identified', 'no_reaction_identified')]	0.0	98.102
L5DDD7	2.A.109.2.3	P0AEC0	[('no_reaction_identified', 'no_reaction_identified')]	2.09e-154	50.192
P64534	2.A.113.1.1	P64534	[('no_reaction_identified', 'no_reaction_identified')]	1e-81	100.0
P76425	2.A.113.1.1	P76425	[('no_reaction_identified', 'no_reaction_identified')]	0.0	100.0
Q1KLR0	2.A.113.1.10	P76425	[('no_reaction_identified', 'no_reaction_identified')]	1.76e-67	73.427
D5CKG5	2.A.113.1.2	P76425	[('no_reaction_identified', 'no_reaction_identified')]	4.609999999999999e-68	74.825
D5CKG5	2.A.113.1.2	P76425	[('no_reaction_identified', 'no_reaction_identified')]	4.16e-65	65.584
Q8XSC6	2.A.113.1.3	P76425	[('no_reaction_identified', 'no_reaction_identified')]	2.5799999999999996e-54	57.764
Q8XSC6	2.A.113.1.3	P76425	[('no_reaction_identified', 'no_reaction_identified')]	6.45e-50	69.298
P15078	2.A.114.1.1	P39396	[('no_reaction_identified', 'no_reaction_identified')]	0.0	61.571
P15078	2.A.114.1.1	P15078	[('no_reaction_identified', 'no_reaction_identified')]	0.0	100.0
P0AAS9	2.A.114.1.1	P0ADC8	[('no_reaction_identified', 'no_reaction_identified')]	2.23e-32	73.134
P0AAS9	2.A.114.1.1	P0AAS9	[('no_reaction_identified', 'no_reaction_identified')]	1.0099999999999999e-45	100.0
Q8ZJY5	2.A.114.1.10	P39396	[('no_reaction_identified', 'no_reaction_identified')]	0.0	96.369
Q8ZJY5	2.A.114.1.10	P15078	[('no_reaction_identified', 'no_reaction_identified')]	0.0	61.453
Q0P9Y2	2.A.114.1.5	P39396	[('no_reaction_identified', 'no_reaction_identified')]	0.0	51.662
Q0P9Y2	2.A.114.1.5	P15078	[('no_reaction_identified', 'no_reaction_identified')]	0.0	55.728
L0DJM9	2.A.114.1.8	P39396	[('no_reaction_identified', 'no_reaction_identified')]	2.23e-40	54.839
L0DJM9	2.A.114.1.8	P15078	[('no_reaction_identified', 'no_reaction_identified')]	4.06e-39	52.903
P39263	2.A.118.1.8	P39263	[('no_reaction_identified', 'no_reaction_identified')]	0.0	100.0
P0A6J3	2.A.121.1.1	P0A6J3	[('no_reaction_identified', 'no_reaction_identified')]	0.0	100.0
C6EAH0	2.A.122.1.1	P0AD19	[('no_reaction_identified', 'no_reaction_identified')]	1.58e-166	100.0
P75826	2.A.124.1.1	P75826	[('no_reaction_identified', 'no_reaction_identified')]	0.0	100.0
V2MUF2	2.A.127.1.1	P0AD27	[('no_reaction_identified', 'no_reaction_identified')]	0.0	87.201
P0AD27	2.A.127.1.2	P0AD27	[('no_reaction_identified', 'no_reaction_identified')]	0.0	100.0
O22008	2.A.129.1.1	P77682	[('no_reaction_identified', 'no_reaction_identified')]	3.91e-76	88.333
P0ABN5	2.A.13.1.1	P0ABN5	[('fumarate + 3 H(+) = fumarate + 3 H(+)', 'CHEBI:29806 + 3 CHEBI:15378 = CHEBI:29806 + 3 CHEBI:15378'), ('L-aspartate + succinate = L-aspartate + succinate', 'CHEBI:29991 + CHEBI:30031 = CHEBI:29991 + CHEBI:30031'), ('fumarate + succinate = fumarate + succinate', 'CHEBI:29806 + CHEBI:30031 = CHEBI:29806 + CHEBI:30031'), ('fumarate + L-aspartate = fumarate + L-aspartate', 'CHEBI:29806 + CHEBI:29991 = CHEBI:29806 + CHEBI:29991'), ('(S)-malate + succinate = (S)-malate + succinate', 'CHEBI:15589 + CHEBI:30031 = CHEBI:15589 + CHEBI:30031')]	0.0	100.0
P0ABN9	2.A.13.1.2	P0ABN9	[('fumarate + 3 H(+) = fumarate + 3 H(+)', 'CHEBI:29806 + 3 CHEBI:15378 = CHEBI:29806 + 3 CHEBI:15378'), ('L-aspartate + succinate = L-aspartate + succinate', 'CHEBI:29991 + CHEBI:30031 = CHEBI:29991 + CHEBI:30031'), ('(S,S)-tartrate + succinate = (S,S)-tartrate + succinate', 'CHEBI:30927 + CHEBI:30031 = CHEBI:30927 + CHEBI:30031'), ('fumarate + succinate = fumarate + succinate', 'CHEBI:29806 + CHEBI:30031 = CHEBI:29806 + CHEBI:30031'), ('(S)-malate + succinate = (S)-malate + succinate', 'CHEBI:15589 + CHEBI:30031 = CHEBI:15589 + CHEBI:30031')]	0.0	100.0
Q0PC49	2.A.13.1.5	P0ABN5	[('no_reaction_identified', 'no_reaction_identified')]	1.19e-138	53.394
Q0PAK3	2.A.13.1.6	P0ABN9	[('no_reaction_identified', 'no_reaction_identified')]	0.0	69.099
P33231	2.A.14.1.1	Q46839	[('(S)-lactate + H(+) = (S)-lactate + H(+)', 'CHEBI:16651 + CHEBI:15378 = CHEBI:16651 + CHEBI:15378'), ('(R)-lactate + H(+) = (R)-lactate + H(+)', 'CHEBI:16004 + CHEBI:15378 = CHEBI:16004 + CHEBI:15378'), ('glycolate + H(+) = glycolate + H(+)', 'CHEBI:29805 + CHEBI:15378 = CHEBI:29805 + CHEBI:15378')]	0.0	63.082
P33231	2.A.14.1.1	P33231	[('(S)-lactate + H(+) = (S)-lactate + H(+)', 'CHEBI:16651 + CHEBI:15378 = CHEBI:16651 + CHEBI:15378'), ('(R)-lactate + H(+) = (R)-lactate + H(+)', 'CHEBI:16004 + CHEBI:15378 = CHEBI:16004 + CHEBI:15378'), ('glycolate + H(+) = glycolate + H(+)', 'CHEBI:29805 + CHEBI:15378 = CHEBI:29805 + CHEBI:15378')]	0.0	100.0
Q46839	2.A.14.1.2	Q46839	[('(R)-lactate + H(+) = (R)-lactate + H(+)', 'CHEBI:16004 + CHEBI:15378 = CHEBI:16004 + CHEBI:15378'), ('glycolate + H(+) = glycolate + H(+)', 'CHEBI:29805 + CHEBI:15378 = CHEBI:29805 + CHEBI:15378'), ('(S)-lactate + H(+) = (S)-lactate + H(+)', 'CHEBI:16651 + CHEBI:15378 = CHEBI:16651 + CHEBI:15378')]	0.0	100.0
Q46839	2.A.14.1.2	P33231	[('(R)-lactate + H(+) = (R)-lactate + H(+)', 'CHEBI:16004 + CHEBI:15378 = CHEBI:16004 + CHEBI:15378'), ('glycolate + H(+) = glycolate + H(+)', 'CHEBI:29805 + CHEBI:15378 = CHEBI:29805 + CHEBI:15378'), ('(S)-lactate + H(+) = (S)-lactate + H(+)', 'CHEBI:16651 + CHEBI:15378 = CHEBI:16651 + CHEBI:15378')]	0.0	63.082
P71067	2.A.14.1.3	Q46839	[('no_reaction_identified', 'no_reaction_identified')]	0.0	55.282
P71067	2.A.14.1.3	P33231	[('no_reaction_identified', 'no_reaction_identified')]	0.0	54.064
P0ABC9	2.A.15.1.4	P0ABC9	[('choline + H(+) = choline + H(+)', 'CHEBI:15354 + CHEBI:15378 = CHEBI:15354 + CHEBI:15378')]	0.0	100.0
P31553	2.A.15.2.1	P31553	[('4-(trimethylamino)butanoate + (R)-carnitine = 4-(trimethylamino)butanoate + (R)-carnitine', 'CHEBI:16244 + CHEBI:16347 = CHEBI:16244 + CHEBI:16347')]	0.0	100.0
B4EY22	2.A.15.2.2	P31553	[('4-(trimethylamino)butanoate + (R)-carnitine = 4-(trimethylamino)butanoate + (R)-carnitine', 'CHEBI:16244 + CHEBI:16347 = CHEBI:16244 + CHEBI:16347')]	0.0	87.5
B7L6S9	2.A.15.2.3	P0ABD1	[('no_reaction_identified', 'no_reaction_identified')]	0.0	100.0
P25396	2.A.16.1.1	P25396	[('no_reaction_identified', 'no_reaction_identified')]	0.0	100.0
P77304	2.A.17.1.2	P36837	[('no_reaction_identified', 'no_reaction_identified')]	4.729999999999999e-180	52.183
P77304	2.A.17.1.2	P77304	[('no_reaction_identified', 'no_reaction_identified')]	0.0	100.0
P36837	2.A.17.1.3	P36837	[('no_reaction_identified', 'no_reaction_identified')]	0.0	100.0
P36837	2.A.17.1.3	P77304	[('no_reaction_identified', 'no_reaction_identified')]	2.07e-180	52.183
P75742	2.A.17.1.4	P75742	[('no_reaction_identified', 'no_reaction_identified')]	0.0	100.0
P75742	2.A.17.1.4	P39276	[('no_reaction_identified', 'no_reaction_identified')]	0.0	57.595
P39276	2.A.17.1.5	P75742	[('no_reaction_identified', 'no_reaction_identified')]	0.0	57.595
P39276	2.A.17.1.5	P39276	[('no_reaction_identified', 'no_reaction_identified')]	0.0	100.0
P31801	2.A.19.1.1	P31801	[('Na(+) + H(+) = Na(+) + H(+)', 'CHEBI:29101 + CHEBI:15378 = CHEBI:29101 + CHEBI:15378'), ('K(+) + H(+) = K(+) + H(+)', 'CHEBI:29103 + CHEBI:15378 = CHEBI:29103 + CHEBI:15378'), ('Ca(2+) + H(+) = Ca(2+) + H(+)', 'CHEBI:29108 + CHEBI:15378 = CHEBI:29108 + CHEBI:15378')]	0.0	100.0
O54701	2.A.19.4.2	P45394	[('Ca(2+) + K(+) + 4 Na(+) = Ca(2+) + K(+) + 4 Na(+)', 'CHEBI:29108 + CHEBI:29103 + 4 CHEBI:29101 = CHEBI:29108 + CHEBI:29103 + 4 CHEBI:29101')]	1.63e-08	50.877
P45394	2.A.19.5.1	P45394	[('no_reaction_identified', 'no_reaction_identified')]	0.0	100.0
A7ZUZ0	2.A.2.1.1	P02921	[('no_reaction_identified', 'no_reaction_identified')]	0.0	99.789
P0CE45	2.A.2.3.1	P0CE44	[('no_reaction_identified', 'no_reaction_identified')]	0.0	99.781
P32136	2.A.2.3.15	P32137	[('no_reaction_identified', 'no_reaction_identified')]	0.0	64.693
P32136	2.A.2.3.15	P32136	[('no_reaction_identified', 'no_reaction_identified')]	0.0	100.0
P31435	2.A.2.3.4	P31435	[('no_reaction_identified', 'no_reaction_identified')]	0.0	100.0
P75683	2.A.2.3.5	P75683	[('no_reaction_identified', 'no_reaction_identified')]	0.0	100.0
P32137	2.A.2.3.9	P32137	[('no_reaction_identified', 'no_reaction_identified')]	0.0	100.0
P32137	2.A.2.3.9	P32136	[('no_reaction_identified', 'no_reaction_identified')]	0.0	64.693
P0AFJ7	2.A.20.1.1	P0AFJ7	[('arsenate + H(+) = arsenate + H(+)', 'CHEBI:48597 + CHEBI:15378 = CHEBI:48597 + CHEBI:15378'), ('phosphate + H(+) = phosphate + H(+)', 'CHEBI:43474 + CHEBI:15378 = CHEBI:43474 + CHEBI:15378')]	0.0	100.0
P0AFJ7	2.A.20.1.1	P43676	[('arsenate + H(+) = arsenate + H(+)', 'CHEBI:48597 + CHEBI:15378 = CHEBI:48597 + CHEBI:15378'), ('phosphate + H(+) = phosphate + H(+)', 'CHEBI:43474 + CHEBI:15378 = CHEBI:43474 + CHEBI:15378')]	0.0	80.762
P43676	2.A.20.1.2	P0AFJ7	[('phosphate + H(+) = phosphate + H(+)', 'CHEBI:43474 + CHEBI:15378 = CHEBI:43474 + CHEBI:15378')]	0.0	80.762
P43676	2.A.20.1.2	P43676	[('phosphate + H(+) = phosphate + H(+)', 'CHEBI:43474 + CHEBI:15378 = CHEBI:43474 + CHEBI:15378')]	0.0	100.0
P16256	2.A.21.1.1	P16256	[('(R)-pantothenate + Na(+) = (R)-pantothenate + Na(+)', 'CHEBI:29032 + CHEBI:29101 = CHEBI:29032 + CHEBI:29101')]	0.0	100.0
P07117	2.A.21.2.1	P07117	[('L-proline + Na(+) = L-proline + Na(+)', 'CHEBI:60039 + CHEBI:29101 = CHEBI:60039 + CHEBI:29101')]	0.0	100.0
Q7A4Q7	2.A.21.2.2	P07117	[('L-proline + Na(+) = L-proline + Na(+)', 'CHEBI:60039 + CHEBI:29101 = CHEBI:60039 + CHEBI:29101')]	2.0199999999999999e-153	50.202
Q9I5F5	2.A.21.2.3	P07117	[('L-proline + Na(+) = L-proline + Na(+)', 'CHEBI:60039 + CHEBI:29101 = CHEBI:60039 + CHEBI:29101')]	0.0	78.384
J7JIE8	2.A.21.2.4	P07117	[('no_reaction_identified', 'no_reaction_identified')]	3.0100000000000002e-173	54.255
O24896	2.A.21.2.6	P07117	[('L-proline + Na(+) = L-proline + Na(+)', 'CHEBI:60039 + CHEBI:29101 = CHEBI:60039 + CHEBI:29101')]	3.13e-163	50.303
P31448	2.A.21.3.21	P31448	[('no_reaction_identified', 'no_reaction_identified')]	0.0	100.0
O50471	2.A.21.7.1	P32705	[('no_reaction_identified', 'no_reaction_identified')]	0.0	68.593
P32705	2.A.21.7.2	P32705	[('no_reaction_identified', 'no_reaction_identified')]	0.0	100.0
D5AU53	2.A.21.7.4	P32705	[('no_reaction_identified', 'no_reaction_identified')]	0.0	64.407
D5APM1	2.A.21.7.5	P32705	[('no_reaction_identified', 'no_reaction_identified')]	0.0	64.198
P21345	2.A.23.1.1	P21345	[('no_reaction_identified', 'no_reaction_identified')]	0.0	100.0
Q848I3	2.A.23.1.10	P0A830	[('no_reaction_identified', 'no_reaction_identified')]	0.0	77.317
P0AGE4	2.A.23.1.13	P0AGE4	[('L-serine + Na(+) = L-serine + Na(+)', 'CHEBI:33384 + CHEBI:29101 = CHEBI:33384 + CHEBI:29101'), ('L-threonine + Na(+) = L-threonine + Na(+)', 'CHEBI:57926 + CHEBI:29101 = CHEBI:57926 + CHEBI:29101')]	0.0	100.0
P24943	2.A.23.1.2	P21345	[('no_reaction_identified', 'no_reaction_identified')]	8.78e-170	60.143
Q01857	2.A.23.1.3	P0A830	[('no_reaction_identified', 'no_reaction_identified')]	0.0	62.998
P54596	2.A.23.1.4	P77529	[('no_reaction_identified', 'no_reaction_identified')]	3.36e-141	52.36
P96603	2.A.23.1.6	P0A830	[('no_reaction_identified', 'no_reaction_identified')]	6.05e-160	56.618
P0A830	2.A.23.1.7	P0A830	[('no_reaction_identified', 'no_reaction_identified')]	0.0	100.0
P77529	2.A.23.1.8	P77529	[('L-cystine + H(+) = L-cystine + H(+)', 'CHEBI:35491 + CHEBI:15378 = CHEBI:35491 + CHEBI:15378')]	0.0	100.0
Q1J1H5	2.A.23.1.9	P0A830	[('no_reaction_identified', 'no_reaction_identified')]	0.0	62.824
P30143	2.A.25.1.10	P30143	[('no_reaction_identified', 'no_reaction_identified')]	0.0	100.0
P19072	2.A.26.1.1	P0AD99	[('no_reaction_identified', 'no_reaction_identified')]	1.5999999999999998e-165	54.861
P0AD99	2.A.26.1.10	P0AD99	[('no_reaction_identified', 'no_reaction_identified')]	0.0	100.0
P25185	2.A.26.1.2	P0AD99	[('no_reaction_identified', 'no_reaction_identified')]	0.0	66.972
P0AER8	2.A.27.1.1	P0AER8	[('no_reaction_identified', 'no_reaction_identified')]	0.0	100.0
Q1A2K9	2.A.27.1.4	P0AER8	[('no_reaction_identified', 'no_reaction_identified')]	4.39e-130	51.531
P39836	2.A.28.3.4	P39836	[('no_reaction_identified', 'no_reaction_identified')]	0.0	100.0
P24207	2.A.3.1.1	P15993	[('L-phenylalanine + H(+) = L-phenylalanine + H(+)', 'CHEBI:58095 + CHEBI:15378 = CHEBI:58095 + CHEBI:15378'), ('phenylalanine  + n H+  = phenylalanine  + n H+', 'CHEBI:28044 + n CHEBI:15378 = CHEBI:28044 + n CHEBI:15378')]	0.0	64.651
P24207	2.A.3.1.1	P24207	[('L-phenylalanine + H(+) = L-phenylalanine + H(+)', 'CHEBI:58095 + CHEBI:15378 = CHEBI:58095 + CHEBI:15378'), ('phenylalanine  + n H+  = phenylalanine  + n H+', 'CHEBI:28044 + n CHEBI:15378 = CHEBI:28044 + n CHEBI:15378')]	0.0	100.0
Q47689	2.A.3.1.10	Q47689	[('N-methyl-L-methionine  + n H+  = N-methyl-L-methionine  + n H+', 'CHEBI:44003 + n CHEBI:15378 = CHEBI:44003 + n CHEBI:15378'), ('S-methyl-L-methionine  + n H+  = S-methyl-L-methionine  + n H+', 'CHEBI:17728 + n CHEBI:15378 = CHEBI:17728 + n CHEBI:15378')]	0.0	100.0
P76037	2.A.3.1.13	P76037	[('putrescine + H(+) = putrescine + H(+)', 'CHEBI:326268 + CHEBI:15378 = CHEBI:326268 + CHEBI:15378'), ('putrescine  + n H+  = putrescine  + n H+', 'CHEBI:17148 + n CHEBI:15378 = CHEBI:17148 + n CHEBI:15378')]	0.0	100.0
P76037	2.A.3.1.13	P0AA47	[('putrescine + H(+) = putrescine + H(+)', 'CHEBI:326268 + CHEBI:15378 = CHEBI:326268 + CHEBI:15378'), ('putrescine  + n H+  = putrescine  + n H+', 'CHEBI:17148 + n CHEBI:15378 = CHEBI:17148 + n CHEBI:15378')]	0.0	63.677
P0AA47	2.A.3.1.14	P76037	[('putrescine + H(+) = putrescine + H(+)', 'CHEBI:326268 + CHEBI:15378 = CHEBI:326268 + CHEBI:15378'), ('putrescine  + n H+  = putrescine  + n H+', 'CHEBI:17148 + n CHEBI:15378 = CHEBI:17148 + n CHEBI:15378')]	0.0	63.677
P0AA47	2.A.3.1.14	P0AA47	[('putrescine + H(+) = putrescine + H(+)', 'CHEBI:326268 + CHEBI:15378 = CHEBI:326268 + CHEBI:15378'), ('putrescine  + n H+  = putrescine  + n H+', 'CHEBI:17148 + n CHEBI:15378 = CHEBI:17148 + n CHEBI:15378')]	0.0	100.0
P27837	2.A.3.1.15	P27837	[('L-serine + H(+) = L-serine + H(+)', 'CHEBI:33384 + CHEBI:15378 = CHEBI:33384 + CHEBI:15378'), ('L-threonine + H(+) = L-threonine + H(+)', 'CHEBI:57926 + CHEBI:15378 = CHEBI:57926 + CHEBI:15378'), ('S  + n H+  = S  + n H+', 'S + n CHEBI:15378 = S + n CHEBI:15378')]	0.0	100.0
P96704	2.A.3.1.16	P0AAE0	[('S  + n H+  = S  + n H+', 'S + n CHEBI:15378 = S + n CHEBI:15378')]	5.56e-177	54.425
M1IW84	2.A.3.1.17	P0AAE0	[('D-alanine  + n H+  = D-alanine  + n H+', 'CHEBI:15570 + n CHEBI:15378 = CHEBI:15570 + n CHEBI:15378'), ('D-serine  + n H+  = D-serine  + n H+', 'CHEBI:16523 + n CHEBI:15378 = CHEBI:16523 + n CHEBI:15378'), ('L-alanine  + n H+  = L-alanine  + n H+', 'CHEBI:16977 + n CHEBI:15378 = CHEBI:16977 + n CHEBI:15378'), ('D-cycloserine  + n H+  = D-cycloserine  + n H+', 'CHEBI:40009 + n CHEBI:15378 = CHEBI:40009 + n CHEBI:15378')]	0.0	59.348
K7VV21	2.A.3.1.18	P25737	[('lysine  + n H+  = lysine  + n H+', 'CHEBI:25094 + n CHEBI:15378 = CHEBI:25094 + n CHEBI:15378')]	3.28e-176	50.607
K7WL41	2.A.3.1.19	P25737	[('S  + n H+  = S  + n H+', 'S + n CHEBI:15378 = S + n CHEBI:15378')]	9.77e-171	51.158
P25737	2.A.3.1.2	P25737	[('L-lysine + H(+) = L-lysine + H(+)', 'CHEBI:32551 + CHEBI:15378 = CHEBI:32551 + CHEBI:15378'), ('hydron  + n H+  = hydron  + n H+', 'CHEBI:15378 + n CHEBI:15378 = CHEBI:15378 + n CHEBI:15378'), ('lysine  + n H+  = lysine  + n H+', 'CHEBI:25094 + n CHEBI:15378 = CHEBI:25094 + n CHEBI:15378')]	0.0	100.0
P0AAE2	2.A.3.1.23	P0AAE2	[('proline  + n H+  = proline  + n H+', 'CHEBI:26271 + n CHEBI:15378 = CHEBI:26271 + n CHEBI:15378')]	0.0	100.0
P77610	2.A.3.1.24	P77610	[('asparagine  + n H+  = asparagine  + n H+', 'CHEBI:22653 + n CHEBI:15378 = CHEBI:22653 + n CHEBI:15378')]	0.0	100.0
BAV22301.1	2.A.3.1.25	P0AAE0	[('D-alanine  + n H+  = D-alanine  + n H+', 'CHEBI:15570 + n CHEBI:15378 = CHEBI:15570 + n CHEBI:15378'), ('D-serine  + n H+  = D-serine  + n H+', 'CHEBI:16523 + n CHEBI:15378 = CHEBI:16523 + n CHEBI:15378'), ('glycine  + n H+  = glycine  + n H+', 'CHEBI:15428 + n CHEBI:15378 = CHEBI:15428 + n CHEBI:15378')]	0.0	65.848
P15993	2.A.3.1.3	P15993	[('L-tryptophan + H(+) = L-tryptophan + H(+)', 'CHEBI:57912 + CHEBI:15378 = CHEBI:57912 + CHEBI:15378'), ('L-tyrosine + H(+) = L-tyrosine + H(+)', 'CHEBI:58315 + CHEBI:15378 = CHEBI:58315 + CHEBI:15378'), ('L-phenylalanine + H(+) = L-phenylalanine + H(+)', 'CHEBI:58095 + CHEBI:15378 = CHEBI:58095 + CHEBI:15378'), ('phenylalanine  + n H+  = phenylalanine  + n H+', 'CHEBI:28044 + n CHEBI:15378 = CHEBI:28044 + n CHEBI:15378'), ('tryptophan  + n H+  = tryptophan  + n H+', 'CHEBI:27897 + n CHEBI:15378 = CHEBI:27897 + n CHEBI:15378'), ('tyrosine  + n H+  = tyrosine  + n H+', 'CHEBI:18186 + n CHEBI:15378 = CHEBI:18186 + n CHEBI:15378')]	0.0	100.0
P15993	2.A.3.1.3	P24207	[('L-tryptophan + H(+) = L-tryptophan + H(+)', 'CHEBI:57912 + CHEBI:15378 = CHEBI:57912 + CHEBI:15378'), ('L-tyrosine + H(+) = L-tyrosine + H(+)', 'CHEBI:58315 + CHEBI:15378 = CHEBI:58315 + CHEBI:15378'), ('L-phenylalanine + H(+) = L-phenylalanine + H(+)', 'CHEBI:58095 + CHEBI:15378 = CHEBI:58095 + CHEBI:15378'), ('phenylalanine  + n H+  = phenylalanine  + n H+', 'CHEBI:28044 + n CHEBI:15378 = CHEBI:28044 + n CHEBI:15378'), ('tryptophan  + n H+  = tryptophan  + n H+', 'CHEBI:27897 + n CHEBI:15378 = CHEBI:27897 + n CHEBI:15378'), ('tyrosine  + n H+  = tyrosine  + n H+', 'CHEBI:18186 + n CHEBI:15378 = CHEBI:18186 + n CHEBI:15378')]	0.0	64.651
P25527	2.A.3.1.4	P25527	[('4-aminobutanoate + H(+) = 4-aminobutanoate + H(+)', 'CHEBI:59888 + CHEBI:15378 = CHEBI:59888 + CHEBI:15378'), ('hydron  + n H+  = hydron  + n H+', 'CHEBI:15378 + n CHEBI:15378 = CHEBI:15378 + n CHEBI:15378'), ('gamma-aminobutyric acid  + n H+  = gamma-aminobutyric acid  + n H+', 'CHEBI:16865 + n CHEBI:15378 = CHEBI:16865 + n CHEBI:15378')]	0.0	100.0
P37460	2.A.3.1.6	P0AAE2	[('proline  + n H+  = proline  + n H+', 'CHEBI:26271 + n CHEBI:15378 = CHEBI:26271 + n CHEBI:15378')]	0.0	95.824
P0AAE0	2.A.3.1.7	P0AAE0	[('L-alanine + H(+) = L-alanine + H(+)', 'CHEBI:57972 + CHEBI:15378 = CHEBI:57972 + CHEBI:15378'), ('D-alanine + H(+) = D-alanine + H(+)', 'CHEBI:57416 + CHEBI:15378 = CHEBI:57416 + CHEBI:15378'), ('glycine + H(+) = glycine + H(+)', 'CHEBI:57305 + CHEBI:15378 = CHEBI:57305 + CHEBI:15378'), ('D-cycloserine + H(+) = D-cycloserine + H(+)', 'CHEBI:75929 + CHEBI:15378 = CHEBI:75929 + CHEBI:15378'), ('D-serine + H(+) = D-serine + H(+)', 'CHEBI:35247 + CHEBI:15378 = CHEBI:35247 + CHEBI:15378'), ('beta-alanine + H(+) = beta-alanine + H(+)', 'CHEBI:57966 + CHEBI:15378 = CHEBI:57966 + CHEBI:15378'), ('hydron  + n H+  = hydron  + n H+', 'CHEBI:15378 + n CHEBI:15378 = CHEBI:15378 + n CHEBI:15378'), ('D-alanine  + n H+  = D-alanine  + n H+', 'CHEBI:15570 + n CHEBI:15378 = CHEBI:15570 + n CHEBI:15378'), ('D-serine  + n H+  = D-serine  + n H+', 'CHEBI:16523 + n CHEBI:15378 = CHEBI:16523 + n CHEBI:15378'), ('glycine  + n H+  = glycine  + n H+', 'CHEBI:15428 + n CHEBI:15378 = CHEBI:15428 + n CHEBI:15378'), ('serine  + n H+  = serine  + n H+', 'CHEBI:17822 + n CHEBI:15378 = CHEBI:17822 + n CHEBI:15378'), ('D-cycloserine  + n H+  = D-cycloserine  + n H+', 'CHEBI:40009 + n CHEBI:15378 = CHEBI:40009 + n CHEBI:15378')]	0.0	100.0
P40812	2.A.3.1.8	P77610	[('asparagine  + n H+  = asparagine  + n H+', 'CHEBI:22653 + n CHEBI:15378 = CHEBI:22653 + n CHEBI:15378')]	0.0	91.383
O31199	2.A.3.1.9	P0AAE2	[('histidine  + n H+  = histidine  + n H+', 'CHEBI:27570 + n CHEBI:15378 = CHEBI:27570 + n CHEBI:15378')]	0.0	60.314
P39277	2.A.3.13.1	P39277	[('L-valine + H(+) = L-valine + H(+)', 'CHEBI:57762 + CHEBI:15378 = CHEBI:57762 + CHEBI:15378'), ('L-leucine + H(+) = L-leucine + H(+)', 'CHEBI:57427 + CHEBI:15378 = CHEBI:57427 + CHEBI:15378'), ('L-isoleucine + H(+) = L-isoleucine + H(+)', 'CHEBI:58045 + CHEBI:15378 = CHEBI:58045 + CHEBI:15378'), ('L-methionine + H(+) = L-methionine + H(+)', 'CHEBI:57844 + CHEBI:15378 = CHEBI:57844 + CHEBI:15378'), ('methionine  + n H+  = methionine  + n H+', 'CHEBI:16811 + n CHEBI:15378 = CHEBI:16811 + n CHEBI:15378')]	0.0	100.0
Q8ZKC0	2.A.3.13.2	P39277	[('ceftriaxone  + n H+  = ceftriaxone  + n H+', 'CHEBI:29007 + n CHEBI:15378 = CHEBI:29007 + n CHEBI:15378')]	0.0	71.707
P0AAF1	2.A.3.2.1	P0AAF1	[('putrescine + L-ornithine = putrescine + L-ornithine', 'CHEBI:326268 + CHEBI:46911 = CHEBI:326268 + CHEBI:46911'), ('putrescine + H(+) = putrescine + H(+)', 'CHEBI:326268 + CHEBI:15378 = CHEBI:326268 + CHEBI:15378'), ('putrescine  + n H+  = putrescine  + n H+', 'CHEBI:17148 + n CHEBI:15378 = CHEBI:17148 + n CHEBI:15378')]	0.0	100.0
P0AAE8	2.A.3.2.2	P0AAE8	[('cadaverine + L-lysine = cadaverine + L-lysine', 'CHEBI:58384 + CHEBI:32551 = CHEBI:58384 + CHEBI:32551'), ('cadaverine + H(+) = cadaverine + H(+)', 'CHEBI:58384 + CHEBI:15378 = CHEBI:58384 + CHEBI:15378'), ('cadaverine  + n H+  = cadaverine  + n H+', 'CHEBI:18127 + n CHEBI:15378 = CHEBI:18127 + n CHEBI:15378')]	0.0	100.0
P60061	2.A.3.2.5	P60061	[('agmatine + L-arginine = agmatine + L-arginine', 'CHEBI:58145 + CHEBI:32682 = CHEBI:58145 + CHEBI:32682'), ('arginine  + n H+  = arginine  + n H+', 'CHEBI:29016 + n CHEBI:15378 = CHEBI:29016 + n CHEBI:15378')]	0.0	100.0
P0AAE5	2.A.3.2.8	P0AAE5	[('L-ornithine + L-arginine = L-ornithine + L-arginine', 'CHEBI:46911 + CHEBI:32682 = CHEBI:46911 + CHEBI:32682'), ('arginine  + n H+  = arginine  + n H+', 'CHEBI:29016 + n CHEBI:15378 = CHEBI:29016 + n CHEBI:15378')]	0.0	100.0
P77400	2.A.3.6.4	P77400	[('S  + n H+  = S  + n H+', 'S + n CHEBI:15378 = S + n CHEBI:15378')]	0.0	100.0
O30417	2.A.3.7.1	P63235	[('4-aminobutanoate + L-glutamate = 4-aminobutanoate + L-glutamate', 'CHEBI:59888 + CHEBI:29985 = CHEBI:59888 + CHEBI:29985'), ('glutamate(2-)  + n H+  = glutamate(2-)  + n H+', 'CHEBI:29987 + n CHEBI:15378 = CHEBI:29987 + n CHEBI:15378'), ('gamma-aminobutyric acid  + n H+  = gamma-aminobutyric acid  + n H+', 'CHEBI:16865 + n CHEBI:15378 = CHEBI:16865 + n CHEBI:15378')]	2.7700000000000003e-177	52.789
P75835	2.A.3.7.2	P75835	[('glutamate(2-)  + n H+  = glutamate(2-)  + n H+', 'CHEBI:29987 + n CHEBI:15378 = CHEBI:29987 + n CHEBI:15378'), ('gamma-aminobutyric acid  + n H+  = gamma-aminobutyric acid  + n H+', 'CHEBI:16865 + n CHEBI:15378 = CHEBI:16865 + n CHEBI:15378')]	0.0	100.0
C8U8G2	2.A.3.7.3	P63235	[('glutamate(2-)  + n H+  = glutamate(2-)  + n H+', 'CHEBI:29987 + n CHEBI:15378 = CHEBI:29987 + n CHEBI:15378')]	0.0	100.0
P42590	2.A.3.7.4	P42590	[('S  + n H+  = S  + n H+', 'S + n CHEBI:15378 = S + n CHEBI:15378')]	0.0	100.0
P39282	2.A.3.7.5	P39282	[('S  + n H+  = S  + n H+', 'S + n CHEBI:15378 = S + n CHEBI:15378')]	0.0	100.0
F2HJG8	2.A.3.7.6	P75835	[('glutamate(2-)  + n H+  = glutamate(2-)  + n H+', 'CHEBI:29987 + n CHEBI:15378 = CHEBI:29987 + n CHEBI:15378'), ('aspartate(2-)  + n H+  = aspartate(2-)  + n H+', 'CHEBI:29995 + n CHEBI:15378 = CHEBI:29995 + n CHEBI:15378')]	0.0	58.193
P45539	2.A.3.8.17	P45539	[('N(6)-(D-psicosyl)-L-lysine = N(6)-(D-psicosyl)-L-lysine', 'CHEBI:61403 = CHEBI:61403'), ('N(6)-(D-fructosyl)-L-lysine = N(6)-(D-fructosyl)-L-lysine', 'CHEBI:61393 = CHEBI:61393'), ('fructosyllysine(1+)  + n H+  = fructosyllysine(1+)  + n H+', 'CHEBI:61393 + n CHEBI:15378 = CHEBI:61393 + n CHEBI:15378'), ('psicosyllysine  + n H+  = psicosyllysine  + n H+', 'CHEBI:61425 + n CHEBI:15378 = CHEBI:61425 + n CHEBI:15378')]	0.0	100.0
P13738	2.A.33.1.1	P13738	[('Na(+) + 2 H(+) = Na(+) + 2 H(+)', 'CHEBI:29101 + 2 CHEBI:15378 = CHEBI:29101 + 2 CHEBI:15378'), ('Li(+) + 2 H(+) = Li(+) + 2 H(+)', 'CHEBI:49713 + 2 CHEBI:15378 = CHEBI:49713 + 2 CHEBI:15378')]	0.0	100.0
Q56725	2.A.33.1.2	P13738	[('Na(+) + 2 H(+) = Na(+) + 2 H(+)', 'CHEBI:29101 + 2 CHEBI:15378 = CHEBI:29101 + 2 CHEBI:15378'), ('Li(+) + 2 H(+) = Li(+) + 2 H(+)', 'CHEBI:49713 + 2 CHEBI:15378 = CHEBI:49713 + 2 CHEBI:15378')]	6.39e-145	59.375
P0AFA7	2.A.34.1.1	P0AFA7	[('2 Na(+) + 3 H(+) = 2 Na(+) + 3 H(+)', '2 CHEBI:29101 + 3 CHEBI:15378 = 2 CHEBI:29101 + 3 CHEBI:15378')]	0.0	100.0
Q87N04	2.A.34.1.2	P0AFA7	[('2 Na(+) + 3 H(+) = 2 Na(+) + 3 H(+)', '2 CHEBI:29101 + 3 CHEBI:15378 = 2 CHEBI:29101 + 3 CHEBI:15378')]	0.0	71.206
Q9I2S5	2.A.34.1.3	P0AFA7	[('2 Na(+) + 3 H(+) = 2 Na(+) + 3 H(+)', '2 CHEBI:29101 + 3 CHEBI:15378 = 2 CHEBI:29101 + 3 CHEBI:15378')]	1.04e-165	61.585
P32703	2.A.36.3.1	P32703	[('Na+  + H+  = Na+  + H+', 'CHEBI:29101 + CHEBI:15378 = CHEBI:29101 + CHEBI:15378')]	0.0	100.0
P76007	2.A.36.6.11	P76007	[('K(+) + H(+) = K(+) + H(+)', 'CHEBI:29103 + CHEBI:15378 = CHEBI:29103 + CHEBI:15378'), ('sodium(1+)  + H+  = sodium(1+)  + H+', 'CHEBI:29101 + CHEBI:15378 = CHEBI:29101 + CHEBI:15378')]	0.0	100.0
Q87KV8	2.A.36.6.3	P76007	[('K(+) + H(+) = K(+) + H(+)', 'CHEBI:29103 + CHEBI:15378 = CHEBI:29103 + CHEBI:15378')]	0.0	61.189
Q9KNM9	2.A.36.6.5	P76007	[('K(+) + H(+) = K(+) + H(+)', 'CHEBI:29103 + CHEBI:15378 = CHEBI:29103 + CHEBI:15378'), ('sodium(1+)  + H+  = sodium(1+)  + H+', 'CHEBI:29101 + CHEBI:15378 = CHEBI:29101 + CHEBI:15378'), ('hydron  + H+  = hydron  + H+', 'CHEBI:15378 + CHEBI:15378 = CHEBI:15378 + CHEBI:15378')]	0.0	61.458
P03819	2.A.37.1.1	P03819	[('a quinone + NADH + H(+) = a quinol + NAD(+)', 'CHEBI:132124 + CHEBI:57945 + CHEBI:15378 = CHEBI:24646 + CHEBI:57540'), ('a quinone + NADPH + H(+) = a quinol + NADP(+)', 'CHEBI:132124 + CHEBI:57783 + CHEBI:15378 = CHEBI:24646 + CHEBI:58349')]	0.0	100.0
P0A754	2.A.37.1.1	P0A754	[('a quinone + NADH + H(+) = a quinol + NAD(+)', 'CHEBI:132124 + CHEBI:57945 + CHEBI:15378 = CHEBI:24646 + CHEBI:57540'), ('a quinone + NADPH + H(+) = a quinol + NADP(+)', 'CHEBI:132124 + CHEBI:57783 + CHEBI:15378 = CHEBI:24646 + CHEBI:58349')]	8.440000000000001e-132	100.0
P0A756	2.A.37.1.2	P0A756	[('a quinone + NADH + H(+) = a quinol + NAD(+)', 'CHEBI:132124 + CHEBI:57945 + CHEBI:15378 = CHEBI:24646 + CHEBI:57540'), ('a quinone + NADPH + H(+) = a quinol + NADP(+)', 'CHEBI:132124 + CHEBI:57783 + CHEBI:15378 = CHEBI:24646 + CHEBI:58349')]	5.54e-138	100.0
P45522	2.A.37.1.2	P45522	[('a quinone + NADH + H(+) = a quinol + NAD(+)', 'CHEBI:132124 + CHEBI:57945 + CHEBI:15378 = CHEBI:24646 + CHEBI:57540'), ('a quinone + NADPH + H(+) = a quinol + NADP(+)', 'CHEBI:132124 + CHEBI:57783 + CHEBI:15378 = CHEBI:24646 + CHEBI:58349')]	0.0	100.0
P39830	2.A.37.1.5	P39830	[('no_reaction_identified', 'no_reaction_identified')]	0.0	100.0
P0AFZ7	2.A.38.1.1	P0AFZ7	[('no_reaction_identified', 'no_reaction_identified')]	0.0	100.0
P0AGI8	2.A.38.1.1	P0AGI8	[('no_reaction_identified', 'no_reaction_identified')]	0.0	100.0
Q6T3V7	2.A.38.1.3	P0AFZ7	[('no_reaction_identified', 'no_reaction_identified')]	0.0	55.072
Q87TN7	2.A.38.1.5	P0AFZ7	[('no_reaction_identified', 'no_reaction_identified')]	0.0	69.485
P23849	2.A.38.1.6	P23849	[('no_reaction_identified', 'no_reaction_identified')]	0.0	100.0
P0AA82	2.A.39.1.1	P0AA82	[('no_reaction_identified', 'no_reaction_identified')]	0.0	100.0
P75712	2.A.39.3.8	P75712	[('(S)-allantoin + H(+) = (S)-allantoin + H(+)', 'CHEBI:15678 + CHEBI:15378 = CHEBI:15678 + CHEBI:15378')]	0.0	100.0
P75757	2.A.4.1.4	P75757	[('no_reaction_identified', 'no_reaction_identified')]	0.0	100.0
P69380	2.A.4.7.1	P69380	[('Zn(2+) + H(+) = Zn(2+) + H(+)', 'CHEBI:29105 + CHEBI:15378 = CHEBI:29105 + CHEBI:15378'), ('Fe(2+) + H(+) = Fe(2+) + H(+)', 'CHEBI:29033 + CHEBI:15378 = CHEBI:29033 + CHEBI:15378'), ('Cd(2+) + H(+) = Cd(2+) + H(+)', 'CHEBI:48775 + CHEBI:15378 = CHEBI:48775 + CHEBI:15378')]	0.0	100.0
P0AGM7	2.A.40.1.1	P0AGM7	[('uracil + H(+) = uracil + H(+)', 'CHEBI:17568 + CHEBI:15378 = CHEBI:17568 + CHEBI:15378')]	0.0	100.0
P75892	2.A.40.1.3	P75892	[('no_reaction_identified', 'no_reaction_identified')]	0.0	100.0
Q46821	2.A.40.3.3	Q46821	[('no_reaction_identified', 'no_reaction_identified')]	0.0	100.0
P0AGM9	2.A.40.4.2	P0AGM9	[('xanthine + H(+) = xanthine + H(+)', 'CHEBI:17712 + CHEBI:15378 = CHEBI:17712 + CHEBI:15378')]	0.0	100.0
P67444	2.A.40.4.3	P67444	[('xanthine + H(+) = xanthine + H(+)', 'CHEBI:17712 + CHEBI:15378 = CHEBI:17712 + CHEBI:15378')]	0.0	100.0
Q7DDK5	2.A.40.4.6	P67444	[('no_reaction_identified', 'no_reaction_identified')]	0.0	68.386
P77328	2.A.40.5.1	P77328	[('no_reaction_identified', 'no_reaction_identified')]	0.0	100.0
P31440	2.A.40.7.4	P31466	[('no_reaction_identified', 'no_reaction_identified')]	0.0	74.099
P31440	2.A.40.7.4	P31440	[('no_reaction_identified', 'no_reaction_identified')]	0.0	100.0
P0AF52	2.A.40.7.5	P0AF52	[('no_reaction_identified', 'no_reaction_identified')]	0.0	100.0
P0AF52	2.A.40.7.5	Q46817	[('no_reaction_identified', 'no_reaction_identified')]	0.0	82.444
P31466	2.A.40.7.6	P31466	[('no_reaction_identified', 'no_reaction_identified')]	0.0	100.0
P31466	2.A.40.7.6	P31440	[('no_reaction_identified', 'no_reaction_identified')]	0.0	74.099
Q46817	2.A.40.7.7	P0AF52	[('no_reaction_identified', 'no_reaction_identified')]	0.0	82.444
Q46817	2.A.40.7.7	Q46817	[('no_reaction_identified', 'no_reaction_identified')]	0.0	100.0
P0AFF2	2.A.41.1.1	P0AFF2	"[(""2'-deoxycytidine + H(+) = 2'-deoxycytidine + H(+)"", 'CHEBI:15698 + CHEBI:15378 = CHEBI:15698 + CHEBI:15378'), ('adenosine + H(+) = adenosine + H(+)', 'CHEBI:16335 + CHEBI:15378 = CHEBI:16335 + CHEBI:15378'), ('cytidine + H(+) = cytidine + H(+)', 'CHEBI:17562 + CHEBI:15378 = CHEBI:17562 + CHEBI:15378'), ('uridine + H(+) = uridine + H(+)', 'CHEBI:16704 + CHEBI:15378 = CHEBI:16704 + CHEBI:15378'), ('thymidine + H(+) = thymidine + H(+)', 'CHEBI:17748 + CHEBI:15378 = CHEBI:17748 + CHEBI:15378')]"	0.0	100.0
P39141	2.A.41.1.2	P0AFF2	[('no_reaction_identified', 'no_reaction_identified')]	2.29e-153	60.204
P33021	2.A.41.2.10	P33021	[('no_reaction_identified', 'no_reaction_identified')]	0.0	100.0
P33021	2.A.41.2.10	P33024	[('no_reaction_identified', 'no_reaction_identified')]	0.0	88.221
Q9KPL5	2.A.41.2.11	P33021	[('no_reaction_identified', 'no_reaction_identified')]	9.720000000000001e-129	50.721
Q9KPL5	2.A.41.2.11	P33024	[('no_reaction_identified', 'no_reaction_identified')]	1.56e-127	50.962
P33024	2.A.41.2.9	P33021	[('no_reaction_identified', 'no_reaction_identified')]	0.0	88.221
P33024	2.A.41.2.9	P33024	[('no_reaction_identified', 'no_reaction_identified')]	0.0	100.0
P0AAD4	2.A.42.1.1	P0AAD4	[('L-tyrosine + H(+) = L-tyrosine + H(+)', 'CHEBI:58315 + CHEBI:15378 = CHEBI:58315 + CHEBI:15378')]	0.0	100.0
P0AAD2	2.A.42.1.2	P0AAD2	[('L-tryptophan + H(+) = L-tryptophan + H(+)', 'CHEBI:57912 + CHEBI:15378 = CHEBI:57912 + CHEBI:15378')]	0.0	100.0
P0AAD2	2.A.42.1.2	P23173	[('L-tryptophan + H(+) = L-tryptophan + H(+)', 'CHEBI:57912 + CHEBI:15378 = CHEBI:57912 + CHEBI:15378')]	2.23e-139	53.351
P23173	2.A.42.1.3	P0AAD2	[('no_reaction_identified', 'no_reaction_identified')]	7.979999999999999e-146	52.812
P23173	2.A.42.1.3	P23173	[('no_reaction_identified', 'no_reaction_identified')]	0.0	100.0
P0AAD6	2.A.42.2.1	P0AAD6	[('L-serine + H(+) = L-serine + H(+)', 'CHEBI:33384 + CHEBI:15378 = CHEBI:33384 + CHEBI:15378')]	0.0	100.0
P0AAD6	2.A.42.2.1	P0AAD8	[('L-serine + H(+) = L-serine + H(+)', 'CHEBI:33384 + CHEBI:15378 = CHEBI:33384 + CHEBI:15378')]	4.77e-153	50.905
P0AAD8	2.A.42.2.2	P0AAD6	[('L-serine + H(+) = L-serine + H(+)', 'CHEBI:33384 + CHEBI:15378 = CHEBI:33384 + CHEBI:15378'), ('L-threonine + H(+) = L-threonine + H(+)', 'CHEBI:57926 + CHEBI:15378 = CHEBI:57926 + CHEBI:15378')]	9.990000000000001e-156	50.905
P0AAD8	2.A.42.2.2	P0AAD8	[('L-serine + H(+) = L-serine + H(+)', 'CHEBI:33384 + CHEBI:15378 = CHEBI:33384 + CHEBI:15378'), ('L-threonine + H(+) = L-threonine + H(+)', 'CHEBI:57926 + CHEBI:15378 = CHEBI:57926 + CHEBI:15378')]	0.0	100.0
P37660	2.A.42.2.3	P37660	[('no_reaction_identified', 'no_reaction_identified')]	0.0	100.0
P42628	2.A.42.2.4	P42628	[('no_reaction_identified', 'no_reaction_identified')]	0.0	100.0
P63340	2.A.42.2.5	P63340	[('no_reaction_identified', 'no_reaction_identified')]	0.0	100.0
P30329	2.A.45.1.1	P0AB93	[('no_reaction_identified', 'no_reaction_identified')]	2.0599999999999998e-172	59.434
P75788	2.A.45.2.5	P75788	[('no_reaction_identified', 'no_reaction_identified')]	0.0	100.0
P76103	2.A.46.1.9	P76103	[('no_reaction_identified', 'no_reaction_identified')]	0.0	100.0
P0AE74	2.A.47.3.2	P0AE74	[('no_reaction_identified', 'no_reaction_identified')]	0.0	100.0
P39414	2.A.47.3.3	P39414	[('(2R,3R)-tartrate + succinate = (2R,3R)-tartrate + succinate', 'CHEBI:30924 + CHEBI:30031 = CHEBI:30924 + CHEBI:30031')]	0.0	100.0
P75763	2.A.47.3.5	P75763	[('no_reaction_identified', 'no_reaction_identified')]	0.0	100.0
P0AFU2	2.A.47.4.8	P0AFU2	[('no_reaction_identified', 'no_reaction_identified')]	0.0	100.0
P37019	2.A.49.5.1	P37019	[('2 chloride + H(+) = 2 chloride + H(+)', '2 CHEBI:17996 + CHEBI:15378 = 2 CHEBI:17996 + CHEBI:15378')]	0.0	100.0
Q8FHC1	2.A.49.5.3	P76175	[('no_reaction_identified', 'no_reaction_identified')]	0.0	98.565
A8AGW0	2.A.49.5.4	P76175	[('no_reaction_identified', 'no_reaction_identified')]	0.0	80.815
A8ALD3	2.A.49.5.5	P37019	[('2 chloride + H(+) = 2 chloride + H(+)', '2 CHEBI:17996 + CHEBI:15378 = 2 CHEBI:17996 + CHEBI:15378')]	0.0	77.801
H5KWQ5	2.A.49.7.1	P67729	[('no_reaction_identified', 'no_reaction_identified')]	0.0	99.761
P0A8H3	2.A.5.5.1	P0A8H3	[('Zn(2+) = Zn(2+)', 'CHEBI:29105 = CHEBI:29105'), ('Mn(2+) = Mn(2+)', 'CHEBI:29035 = CHEBI:29035'), ('Co(2+) = Co(2+)', 'CHEBI:48828 = CHEBI:48828'), ('Fe(2+) = Fe(2+)', 'CHEBI:29033 = CHEBI:29033'), ('Cu(2+) = Cu(2+)', 'CHEBI:29036 = CHEBI:29036'), ('Cd(2+) = Cd(2+)', 'CHEBI:48775 = CHEBI:48775'), ('Me2+  =(pmf) Me2+', 'CHEBI:24870 =(pmf) CHEBI:24870')]	0.0	100.0
P0AFR2	2.A.53.3.11	P0AFR2	[('succinate + 2 H(+) = succinate + 2 H(+)', 'CHEBI:30031 + 2 CHEBI:15378 = CHEBI:30031 + 2 CHEBI:15378'), ('L-aspartate + 2 H(+) = L-aspartate + 2 H(+)', 'CHEBI:29991 + 2 CHEBI:15378 = CHEBI:29991 + 2 CHEBI:15378'), ('fumarate + 2 H(+) = fumarate + 2 H(+)', 'CHEBI:29806 + 2 CHEBI:15378 = CHEBI:29806 + 2 CHEBI:15378')]	0.0	100.0
A1JRS3	2.A.53.3.9	P0AFR2	[('no_reaction_identified', 'no_reaction_identified')]	0.0	72.978
P0A769	2.A.55.3.1	P0A769	[('no_reaction_identified', 'no_reaction_identified')]	0.0	100.0
P96593	2.A.55.3.3	P0A769	[('no_reaction_identified', 'no_reaction_identified')]	1.1499999999999999e-131	50.761
Q9RTP8	2.A.55.3.7	P0A769	[('no_reaction_identified', 'no_reaction_identified')]	1.2200000000000001e-148	52.239
P37674	2.A.56.1.2	P37674	[('2,3-diketogulonate  + n H+  = 2,3-diketogulonate  + n H+', 'CHEBI:57441 + n CHEBI:15378 = CHEBI:57441 + n CHEBI:15378')]	1.68e-113	100.0
P37675	2.A.56.1.2	P37675	[('2,3-diketogulonate  + n H+  = 2,3-diketogulonate  + n H+', 'CHEBI:57441 + n CHEBI:15378 = CHEBI:57441 + n CHEBI:15378')]	0.0	100.0
P37676	2.A.56.1.2	P37676	[('2,3-diketogulonate  + n H+  = 2,3-diketogulonate  + n H+', 'CHEBI:57441 + n CHEBI:15378 = CHEBI:57441 + n CHEBI:15378')]	0.0	100.0
R4JQ65	2.A.56.1.9	P37675	[('D-fuconate  + n H+  = D-fuconate  + n H+', 'CHEBI:35372 + n CHEBI:15378 = CHEBI:35372 + n CHEBI:15378'), ('D-galactonate  + n H+  = D-galactonate  + n H+', 'CHEBI:12931 + n CHEBI:15378 = CHEBI:12931 + n CHEBI:15378'), ('D-gluconate  + n H+  = D-gluconate  + n H+', 'CHEBI:18391 + n CHEBI:15378 = CHEBI:18391 + n CHEBI:15378'), ('D-xylonic acid  + n H+  = D-xylonic acid  + n H+', 'CHEBI:48093 + n CHEBI:15378 = CHEBI:48093 + n CHEBI:15378')]	4.8600000000000006e-129	56.674
P0AF43	2.A.58.2.1	P0AF43	[('no_reaction_identified', 'no_reaction_identified')]	0.0	100.0
Q9ZHC9	2.A.6.1.3	P38054	[('silver(1+)  + n H+  = silver(1+)  + n H+', 'CHEBI:49468 + n CHEBI:15378 = CHEBI:49468 + n CHEBI:15378')]	0.0	86.973
P38054	2.A.6.1.4	P38054	[('copper(1+)  + n H+  = copper(1+)  + n H+', 'CHEBI:49552 + n CHEBI:15378 = CHEBI:49552 + n CHEBI:15378'), ('silver(1+)  + n H+  = silver(1+)  + n H+', 'CHEBI:49468 + n CHEBI:15378 = CHEBI:49468 + n CHEBI:15378')]	0.0	100.0
P77214	2.A.6.1.4	P77214	[('copper(1+)  + n H+  = copper(1+)  + n H+', 'CHEBI:49552 + n CHEBI:15378 = CHEBI:49552 + n CHEBI:15378'), ('silver(1+)  + n H+  = silver(1+)  + n H+', 'CHEBI:49468 + n CHEBI:15378 = CHEBI:49468 + n CHEBI:15378')]	6.920000000000001e-79	100.0
P77239	2.A.6.1.4	P77239	[('copper(1+)  + n H+  = copper(1+)  + n H+', 'CHEBI:49552 + n CHEBI:15378 = CHEBI:49552 + n CHEBI:15378'), ('silver(1+)  + n H+  = silver(1+)  + n H+', 'CHEBI:49468 + n CHEBI:15378 = CHEBI:49468 + n CHEBI:15378')]	0.0	100.0
P24181	2.A.6.2.1	P31224	[('rhodamine 6G  + n H+  = rhodamine 6G  + n H+', 'CHEBI:52672 + n CHEBI:15378 = CHEBI:52672 + n CHEBI:15378'), ('3,6-diamino-10-methylacridinium chloride  + n H+  = 3,6-diamino-10-methylacridinium chloride  + n H+', 'CHEBI:383703 + n CHEBI:15378 = CHEBI:383703 + n CHEBI:15378'), ('deoxycholate  + n H+  = deoxycholate  + n H+', 'CHEBI:23614 + n CHEBI:15378 = CHEBI:23614 + n CHEBI:15378'), ('doxorubicin  + n H+  = doxorubicin  + n H+', 'CHEBI:28748 + n CHEBI:15378 = CHEBI:28748 + n CHEBI:15378'), ('ethidium  + n H+  = ethidium  + n H+', 'CHEBI:42478 + n CHEBI:15378 = CHEBI:42478 + n CHEBI:15378')]	0.0	77.638
P24181	2.A.6.2.1	P24181	[('rhodamine 6G  + n H+  = rhodamine 6G  + n H+', 'CHEBI:52672 + n CHEBI:15378 = CHEBI:52672 + n CHEBI:15378'), ('3,6-diamino-10-methylacridinium chloride  + n H+  = 3,6-diamino-10-methylacridinium chloride  + n H+', 'CHEBI:383703 + n CHEBI:15378 = CHEBI:383703 + n CHEBI:15378'), ('deoxycholate  + n H+  = deoxycholate  + n H+', 'CHEBI:23614 + n CHEBI:15378 = CHEBI:23614 + n CHEBI:15378'), ('doxorubicin  + n H+  = doxorubicin  + n H+', 'CHEBI:28748 + n CHEBI:15378 = CHEBI:28748 + n CHEBI:15378'), ('ethidium  + n H+  = ethidium  + n H+', 'CHEBI:42478 + n CHEBI:15378 = CHEBI:42478 + n CHEBI:15378')]	0.0	100.0
P24181	2.A.6.2.1	P24177	[('rhodamine 6G  + n H+  = rhodamine 6G  + n H+', 'CHEBI:52672 + n CHEBI:15378 = CHEBI:52672 + n CHEBI:15378'), ('3,6-diamino-10-methylacridinium chloride  + n H+  = 3,6-diamino-10-methylacridinium chloride  + n H+', 'CHEBI:383703 + n CHEBI:15378 = CHEBI:383703 + n CHEBI:15378'), ('deoxycholate  + n H+  = deoxycholate  + n H+', 'CHEBI:23614 + n CHEBI:15378 = CHEBI:23614 + n CHEBI:15378'), ('doxorubicin  + n H+  = doxorubicin  + n H+', 'CHEBI:28748 + n CHEBI:15378 = CHEBI:28748 + n CHEBI:15378'), ('ethidium  + n H+  = ethidium  + n H+', 'CHEBI:42478 + n CHEBI:15378 = CHEBI:42478 + n CHEBI:15378')]	0.0	62.5
P24181	2.A.6.2.1	P37637	[('rhodamine 6G  + n H+  = rhodamine 6G  + n H+', 'CHEBI:52672 + n CHEBI:15378 = CHEBI:52672 + n CHEBI:15378'), ('3,6-diamino-10-methylacridinium chloride  + n H+  = 3,6-diamino-10-methylacridinium chloride  + n H+', 'CHEBI:383703 + n CHEBI:15378 = CHEBI:383703 + n CHEBI:15378'), ('deoxycholate  + n H+  = deoxycholate  + n H+', 'CHEBI:23614 + n CHEBI:15378 = CHEBI:23614 + n CHEBI:15378'), ('doxorubicin  + n H+  = doxorubicin  + n H+', 'CHEBI:28748 + n CHEBI:15378 = CHEBI:28748 + n CHEBI:15378'), ('ethidium  + n H+  = ethidium  + n H+', 'CHEBI:42478 + n CHEBI:15378 = CHEBI:42478 + n CHEBI:15378')]	0.0	70.138
Q9KWV4	2.A.6.2.10	P31224	[('styrene  + n H+  = styrene  + n H+', 'CHEBI:27452 + n CHEBI:15378 = CHEBI:27452 + n CHEBI:15378'), ('toluene  + n H+  = toluene  + n H+', 'CHEBI:17578 + n CHEBI:15378 = CHEBI:17578 + n CHEBI:15378')]	0.0	58.462
Q9KWV4	2.A.6.2.10	P24181	[('styrene  + n H+  = styrene  + n H+', 'CHEBI:27452 + n CHEBI:15378 = CHEBI:27452 + n CHEBI:15378'), ('toluene  + n H+  = toluene  + n H+', 'CHEBI:17578 + n CHEBI:15378 = CHEBI:17578 + n CHEBI:15378')]	0.0	56.564
Q9KWV4	2.A.6.2.10	P24177	[('styrene  + n H+  = styrene  + n H+', 'CHEBI:27452 + n CHEBI:15378 = CHEBI:27452 + n CHEBI:15378'), ('toluene  + n H+  = toluene  + n H+', 'CHEBI:17578 + n CHEBI:15378 = CHEBI:17578 + n CHEBI:15378')]	0.0	53.609
Q9KWV4	2.A.6.2.10	P37637	[('styrene  + n H+  = styrene  + n H+', 'CHEBI:27452 + n CHEBI:15378 = CHEBI:27452 + n CHEBI:15378'), ('toluene  + n H+  = toluene  + n H+', 'CHEBI:17578 + n CHEBI:15378 = CHEBI:17578 + n CHEBI:15378')]	0.0	53.654
Q93PU4	2.A.6.2.11	P31224	[('styrene  + n H+  = styrene  + n H+', 'CHEBI:27452 + n CHEBI:15378 = CHEBI:27452 + n CHEBI:15378'), ('m-xylene  + n H+  = m-xylene  + n H+', 'CHEBI:28488 + n CHEBI:15378 = CHEBI:28488 + n CHEBI:15378'), ('toluene  + n H+  = toluene  + n H+', 'CHEBI:17578 + n CHEBI:15378 = CHEBI:17578 + n CHEBI:15378'), ('ethylbenzene  + n H+  = ethylbenzene  + n H+', 'CHEBI:16101 + n CHEBI:15378 = CHEBI:16101 + n CHEBI:15378'), ('propylbenzene  + n H+  = propylbenzene  + n H+', 'CHEBI:42630 + n CHEBI:15378 = CHEBI:42630 + n CHEBI:15378')]	0.0	57.279
Q93PU4	2.A.6.2.11	P24181	[('styrene  + n H+  = styrene  + n H+', 'CHEBI:27452 + n CHEBI:15378 = CHEBI:27452 + n CHEBI:15378'), ('m-xylene  + n H+  = m-xylene  + n H+', 'CHEBI:28488 + n CHEBI:15378 = CHEBI:28488 + n CHEBI:15378'), ('toluene  + n H+  = toluene  + n H+', 'CHEBI:17578 + n CHEBI:15378 = CHEBI:17578 + n CHEBI:15378'), ('ethylbenzene  + n H+  = ethylbenzene  + n H+', 'CHEBI:16101 + n CHEBI:15378 = CHEBI:16101 + n CHEBI:15378'), ('propylbenzene  + n H+  = propylbenzene  + n H+', 'CHEBI:42630 + n CHEBI:15378 = CHEBI:42630 + n CHEBI:15378')]	0.0	56.522
Q93PU4	2.A.6.2.11	P24177	[('styrene  + n H+  = styrene  + n H+', 'CHEBI:27452 + n CHEBI:15378 = CHEBI:27452 + n CHEBI:15378'), ('m-xylene  + n H+  = m-xylene  + n H+', 'CHEBI:28488 + n CHEBI:15378 = CHEBI:28488 + n CHEBI:15378'), ('toluene  + n H+  = toluene  + n H+', 'CHEBI:17578 + n CHEBI:15378 = CHEBI:17578 + n CHEBI:15378'), ('ethylbenzene  + n H+  = ethylbenzene  + n H+', 'CHEBI:16101 + n CHEBI:15378 = CHEBI:16101 + n CHEBI:15378'), ('propylbenzene  + n H+  = propylbenzene  + n H+', 'CHEBI:42630 + n CHEBI:15378 = CHEBI:42630 + n CHEBI:15378')]	0.0	53.558
Q93PU4	2.A.6.2.11	P37637	[('styrene  + n H+  = styrene  + n H+', 'CHEBI:27452 + n CHEBI:15378 = CHEBI:27452 + n CHEBI:15378'), ('m-xylene  + n H+  = m-xylene  + n H+', 'CHEBI:28488 + n CHEBI:15378 = CHEBI:28488 + n CHEBI:15378'), ('toluene  + n H+  = toluene  + n H+', 'CHEBI:17578 + n CHEBI:15378 = CHEBI:17578 + n CHEBI:15378'), ('ethylbenzene  + n H+  = ethylbenzene  + n H+', 'CHEBI:16101 + n CHEBI:15378 = CHEBI:16101 + n CHEBI:15378'), ('propylbenzene  + n H+  = propylbenzene  + n H+', 'CHEBI:42630 + n CHEBI:15378 = CHEBI:42630 + n CHEBI:15378')]	0.0	54.432
Q93PU5	2.A.6.2.11	P0AE06	[('styrene  + n H+  = styrene  + n H+', 'CHEBI:27452 + n CHEBI:15378 = CHEBI:27452 + n CHEBI:15378'), ('m-xylene  + n H+  = m-xylene  + n H+', 'CHEBI:28488 + n CHEBI:15378 = CHEBI:28488 + n CHEBI:15378'), ('toluene  + n H+  = toluene  + n H+', 'CHEBI:17578 + n CHEBI:15378 = CHEBI:17578 + n CHEBI:15378'), ('ethylbenzene  + n H+  = ethylbenzene  + n H+', 'CHEBI:16101 + n CHEBI:15378 = CHEBI:16101 + n CHEBI:15378'), ('propylbenzene  + n H+  = propylbenzene  + n H+', 'CHEBI:42630 + n CHEBI:15378 = CHEBI:42630 + n CHEBI:15378')]	1.17e-117	50.409
P76398	2.A.6.2.12	P76399	[('benzalkonium chloride  + n H+  = benzalkonium chloride  + n H+', 'CHEBI:3020 + n CHEBI:15378 = CHEBI:3020 + n CHEBI:15378'), ('sodium dodecyl sulfate  + n H+  = sodium dodecyl sulfate  + n H+', 'CHEBI:8984 + n CHEBI:15378 = CHEBI:8984 + n CHEBI:15378'), ('copper cation  + n H+  = copper cation  + n H+', 'CHEBI:23378 + n CHEBI:15378 = CHEBI:23378 + n CHEBI:15378'), ('zinc ion  + n H+  = zinc ion  + n H+', 'CHEBI:27365 + n CHEBI:15378 = CHEBI:27365 + n CHEBI:15378'), ('deoxycholate  + n H+  = deoxycholate  + n H+', 'CHEBI:23614 + n CHEBI:15378 = CHEBI:23614 + n CHEBI:15378'), ('enoxacin  + n H+  = enoxacin  + n H+', 'CHEBI:157175 + n CHEBI:15378 = CHEBI:157175 + n CHEBI:15378'), ('norfloxacin  + n H+  = norfloxacin  + n H+', 'CHEBI:100246 + n CHEBI:15378 = CHEBI:100246 + n CHEBI:15378'), ('cloxacillin  + n H+  = cloxacillin  + n H+', 'CHEBI:49566 + n CHEBI:15378 = CHEBI:49566 + n CHEBI:15378'), ('nalidixic acid  + n H+  = nalidixic acid  + n H+', 'CHEBI:100147 + n CHEBI:15378 = CHEBI:100147 + n CHEBI:15378'), ('bile acid  + n H+  = bile acid  + n H+', 'CHEBI:3098 + n CHEBI:15378 = CHEBI:3098 + n CHEBI:15378'), ('kanamycin  + n H+  = kanamycin  + n H+', 'CHEBI:6104 + n CHEBI:15378 = CHEBI:6104 + n CHEBI:15378')]	0.0	50.049
P76398	2.A.6.2.12	P76398	[('benzalkonium chloride  + n H+  = benzalkonium chloride  + n H+', 'CHEBI:3020 + n CHEBI:15378 = CHEBI:3020 + n CHEBI:15378'), ('sodium dodecyl sulfate  + n H+  = sodium dodecyl sulfate  + n H+', 'CHEBI:8984 + n CHEBI:15378 = CHEBI:8984 + n CHEBI:15378'), ('copper cation  + n H+  = copper cation  + n H+', 'CHEBI:23378 + n CHEBI:15378 = CHEBI:23378 + n CHEBI:15378'), ('zinc ion  + n H+  = zinc ion  + n H+', 'CHEBI:27365 + n CHEBI:15378 = CHEBI:27365 + n CHEBI:15378'), ('deoxycholate  + n H+  = deoxycholate  + n H+', 'CHEBI:23614 + n CHEBI:15378 = CHEBI:23614 + n CHEBI:15378'), ('enoxacin  + n H+  = enoxacin  + n H+', 'CHEBI:157175 + n CHEBI:15378 = CHEBI:157175 + n CHEBI:15378'), ('norfloxacin  + n H+  = norfloxacin  + n H+', 'CHEBI:100246 + n CHEBI:15378 = CHEBI:100246 + n CHEBI:15378'), ('cloxacillin  + n H+  = cloxacillin  + n H+', 'CHEBI:49566 + n CHEBI:15378 = CHEBI:49566 + n CHEBI:15378'), ('nalidixic acid  + n H+  = nalidixic acid  + n H+', 'CHEBI:100147 + n CHEBI:15378 = CHEBI:100147 + n CHEBI:15378'), ('bile acid  + n H+  = bile acid  + n H+', 'CHEBI:3098 + n CHEBI:15378 = CHEBI:3098 + n CHEBI:15378'), ('kanamycin  + n H+  = kanamycin  + n H+', 'CHEBI:6104 + n CHEBI:15378 = CHEBI:6104 + n CHEBI:15378')]	0.0	100.0
P76399	2.A.6.2.12	P76399	[('benzalkonium chloride  + n H+  = benzalkonium chloride  + n H+', 'CHEBI:3020 + n CHEBI:15378 = CHEBI:3020 + n CHEBI:15378'), ('sodium dodecyl sulfate  + n H+  = sodium dodecyl sulfate  + n H+', 'CHEBI:8984 + n CHEBI:15378 = CHEBI:8984 + n CHEBI:15378'), ('copper cation  + n H+  = copper cation  + n H+', 'CHEBI:23378 + n CHEBI:15378 = CHEBI:23378 + n CHEBI:15378'), ('zinc ion  + n H+  = zinc ion  + n H+', 'CHEBI:27365 + n CHEBI:15378 = CHEBI:27365 + n CHEBI:15378'), ('deoxycholate  + n H+  = deoxycholate  + n H+', 'CHEBI:23614 + n CHEBI:15378 = CHEBI:23614 + n CHEBI:15378'), ('enoxacin  + n H+  = enoxacin  + n H+', 'CHEBI:157175 + n CHEBI:15378 = CHEBI:157175 + n CHEBI:15378'), ('norfloxacin  + n H+  = norfloxacin  + n H+', 'CHEBI:100246 + n CHEBI:15378 = CHEBI:100246 + n CHEBI:15378'), ('cloxacillin  + n H+  = cloxacillin  + n H+', 'CHEBI:49566 + n CHEBI:15378 = CHEBI:49566 + n CHEBI:15378'), ('nalidixic acid  + n H+  = nalidixic acid  + n H+', 'CHEBI:100147 + n CHEBI:15378 = CHEBI:100147 + n CHEBI:15378'), ('bile acid  + n H+  = bile acid  + n H+', 'CHEBI:3098 + n CHEBI:15378 = CHEBI:3098 + n CHEBI:15378'), ('kanamycin  + n H+  = kanamycin  + n H+', 'CHEBI:6104 + n CHEBI:15378 = CHEBI:6104 + n CHEBI:15378')]	0.0	100.0
P76399	2.A.6.2.12	P76398	[('benzalkonium chloride  + n H+  = benzalkonium chloride  + n H+', 'CHEBI:3020 + n CHEBI:15378 = CHEBI:3020 + n CHEBI:15378'), ('sodium dodecyl sulfate  + n H+  = sodium dodecyl sulfate  + n H+', 'CHEBI:8984 + n CHEBI:15378 = CHEBI:8984 + n CHEBI:15378'), ('copper cation  + n H+  = copper cation  + n H+', 'CHEBI:23378 + n CHEBI:15378 = CHEBI:23378 + n CHEBI:15378'), ('zinc ion  + n H+  = zinc ion  + n H+', 'CHEBI:27365 + n CHEBI:15378 = CHEBI:27365 + n CHEBI:15378'), ('deoxycholate  + n H+  = deoxycholate  + n H+', 'CHEBI:23614 + n CHEBI:15378 = CHEBI:23614 + n CHEBI:15378'), ('enoxacin  + n H+  = enoxacin  + n H+', 'CHEBI:157175 + n CHEBI:15378 = CHEBI:157175 + n CHEBI:15378'), ('norfloxacin  + n H+  = norfloxacin  + n H+', 'CHEBI:100246 + n CHEBI:15378 = CHEBI:100246 + n CHEBI:15378'), ('cloxacillin  + n H+  = cloxacillin  + n H+', 'CHEBI:49566 + n CHEBI:15378 = CHEBI:49566 + n CHEBI:15378'), ('nalidixic acid  + n H+  = nalidixic acid  + n H+', 'CHEBI:100147 + n CHEBI:15378 = CHEBI:100147 + n CHEBI:15378'), ('bile acid  + n H+  = bile acid  + n H+', 'CHEBI:3098 + n CHEBI:15378 = CHEBI:3098 + n CHEBI:15378'), ('kanamycin  + n H+  = kanamycin  + n H+', 'CHEBI:6104 + n CHEBI:15378 = CHEBI:6104 + n CHEBI:15378')]	0.0	50.049
P37637	2.A.6.2.13	P31224	[('rhodamine 6G  + n H+  = rhodamine 6G  + n H+', 'CHEBI:52672 + n CHEBI:15378 = CHEBI:52672 + n CHEBI:15378'), ('benzalkonium chloride  + n H+  = benzalkonium chloride  + n H+', 'CHEBI:3020 + n CHEBI:15378 = CHEBI:3020 + n CHEBI:15378'), ('crystal violet  + n H+  = crystal violet  + n H+', 'CHEBI:41688 + n CHEBI:15378 = CHEBI:41688 + n CHEBI:15378'), ('sodium dodecyl sulfate  + n H+  = sodium dodecyl sulfate  + n H+', 'CHEBI:8984 + n CHEBI:15378 = CHEBI:8984 + n CHEBI:15378'), ('deoxycholate  + n H+  = deoxycholate  + n H+', 'CHEBI:23614 + n CHEBI:15378 = CHEBI:23614 + n CHEBI:15378'), ('thiamine(1+) diphosphate  + n H+  = thiamine(1+) diphosphate  + n H+', 'CHEBI:9532 + n CHEBI:15378 = CHEBI:9532 + n CHEBI:15378'), ('doxorubicin  + n H+  = doxorubicin  + n H+', 'CHEBI:28748 + n CHEBI:15378 = CHEBI:28748 + n CHEBI:15378'), ('17beta-estradiol  + n H+  = 17beta-estradiol  + n H+', 'CHEBI:16469 + n CHEBI:15378 = CHEBI:16469 + n CHEBI:15378'), ('progesterone  + n H+  = progesterone  + n H+', 'CHEBI:17026 + n CHEBI:15378 = CHEBI:17026 + n CHEBI:15378'), ('ethidium  + n H+  = ethidium  + n H+', 'CHEBI:42478 + n CHEBI:15378 = CHEBI:42478 + n CHEBI:15378'), ('erythromycin A  + n H+  = erythromycin A  + n H+', 'CHEBI:42355 + n CHEBI:15378 = CHEBI:42355 + n CHEBI:15378')]	0.0	71.111
P37637	2.A.6.2.13	P24181	[('rhodamine 6G  + n H+  = rhodamine 6G  + n H+', 'CHEBI:52672 + n CHEBI:15378 = CHEBI:52672 + n CHEBI:15378'), ('benzalkonium chloride  + n H+  = benzalkonium chloride  + n H+', 'CHEBI:3020 + n CHEBI:15378 = CHEBI:3020 + n CHEBI:15378'), ('crystal violet  + n H+  = crystal violet  + n H+', 'CHEBI:41688 + n CHEBI:15378 = CHEBI:41688 + n CHEBI:15378'), ('sodium dodecyl sulfate  + n H+  = sodium dodecyl sulfate  + n H+', 'CHEBI:8984 + n CHEBI:15378 = CHEBI:8984 + n CHEBI:15378'), ('deoxycholate  + n H+  = deoxycholate  + n H+', 'CHEBI:23614 + n CHEBI:15378 = CHEBI:23614 + n CHEBI:15378'), ('thiamine(1+) diphosphate  + n H+  = thiamine(1+) diphosphate  + n H+', 'CHEBI:9532 + n CHEBI:15378 = CHEBI:9532 + n CHEBI:15378'), ('doxorubicin  + n H+  = doxorubicin  + n H+', 'CHEBI:28748 + n CHEBI:15378 = CHEBI:28748 + n CHEBI:15378'), ('17beta-estradiol  + n H+  = 17beta-estradiol  + n H+', 'CHEBI:16469 + n CHEBI:15378 = CHEBI:16469 + n CHEBI:15378'), ('progesterone  + n H+  = progesterone  + n H+', 'CHEBI:17026 + n CHEBI:15378 = CHEBI:17026 + n CHEBI:15378'), ('ethidium  + n H+  = ethidium  + n H+', 'CHEBI:42478 + n CHEBI:15378 = CHEBI:42478 + n CHEBI:15378'), ('erythromycin A  + n H+  = erythromycin A  + n H+', 'CHEBI:42355 + n CHEBI:15378 = CHEBI:42355 + n CHEBI:15378')]	0.0	70.069
P37637	2.A.6.2.13	P24177	[('rhodamine 6G  + n H+  = rhodamine 6G  + n H+', 'CHEBI:52672 + n CHEBI:15378 = CHEBI:52672 + n CHEBI:15378'), ('benzalkonium chloride  + n H+  = benzalkonium chloride  + n H+', 'CHEBI:3020 + n CHEBI:15378 = CHEBI:3020 + n CHEBI:15378'), ('crystal violet  + n H+  = crystal violet  + n H+', 'CHEBI:41688 + n CHEBI:15378 = CHEBI:41688 + n CHEBI:15378'), ('sodium dodecyl sulfate  + n H+  = sodium dodecyl sulfate  + n H+', 'CHEBI:8984 + n CHEBI:15378 = CHEBI:8984 + n CHEBI:15378'), ('deoxycholate  + n H+  = deoxycholate  + n H+', 'CHEBI:23614 + n CHEBI:15378 = CHEBI:23614 + n CHEBI:15378'), ('thiamine(1+) diphosphate  + n H+  = thiamine(1+) diphosphate  + n H+', 'CHEBI:9532 + n CHEBI:15378 = CHEBI:9532 + n CHEBI:15378'), ('doxorubicin  + n H+  = doxorubicin  + n H+', 'CHEBI:28748 + n CHEBI:15378 = CHEBI:28748 + n CHEBI:15378'), ('17beta-estradiol  + n H+  = 17beta-estradiol  + n H+', 'CHEBI:16469 + n CHEBI:15378 = CHEBI:16469 + n CHEBI:15378'), ('progesterone  + n H+  = progesterone  + n H+', 'CHEBI:17026 + n CHEBI:15378 = CHEBI:17026 + n CHEBI:15378'), ('ethidium  + n H+  = ethidium  + n H+', 'CHEBI:42478 + n CHEBI:15378 = CHEBI:42478 + n CHEBI:15378'), ('erythromycin A  + n H+  = erythromycin A  + n H+', 'CHEBI:42355 + n CHEBI:15378 = CHEBI:42355 + n CHEBI:15378')]	0.0	61.138
P37637	2.A.6.2.13	P37637	[('rhodamine 6G  + n H+  = rhodamine 6G  + n H+', 'CHEBI:52672 + n CHEBI:15378 = CHEBI:52672 + n CHEBI:15378'), ('benzalkonium chloride  + n H+  = benzalkonium chloride  + n H+', 'CHEBI:3020 + n CHEBI:15378 = CHEBI:3020 + n CHEBI:15378'), ('crystal violet  + n H+  = crystal violet  + n H+', 'CHEBI:41688 + n CHEBI:15378 = CHEBI:41688 + n CHEBI:15378'), ('sodium dodecyl sulfate  + n H+  = sodium dodecyl sulfate  + n H+', 'CHEBI:8984 + n CHEBI:15378 = CHEBI:8984 + n CHEBI:15378'), ('deoxycholate  + n H+  = deoxycholate  + n H+', 'CHEBI:23614 + n CHEBI:15378 = CHEBI:23614 + n CHEBI:15378'), ('thiamine(1+) diphosphate  + n H+  = thiamine(1+) diphosphate  + n H+', 'CHEBI:9532 + n CHEBI:15378 = CHEBI:9532 + n CHEBI:15378'), ('doxorubicin  + n H+  = doxorubicin  + n H+', 'CHEBI:28748 + n CHEBI:15378 = CHEBI:28748 + n CHEBI:15378'), ('17beta-estradiol  + n H+  = 17beta-estradiol  + n H+', 'CHEBI:16469 + n CHEBI:15378 = CHEBI:16469 + n CHEBI:15378'), ('progesterone  + n H+  = progesterone  + n H+', 'CHEBI:17026 + n CHEBI:15378 = CHEBI:17026 + n CHEBI:15378'), ('ethidium  + n H+  = ethidium  + n H+', 'CHEBI:42478 + n CHEBI:15378 = CHEBI:42478 + n CHEBI:15378'), ('erythromycin A  + n H+  = erythromycin A  + n H+', 'CHEBI:42355 + n CHEBI:15378 = CHEBI:42355 + n CHEBI:15378')]	0.0	100.0
Q6V6X8	2.A.6.2.18	P31224	[('chloramphenicol  + n H+  = chloramphenicol  + n H+', 'CHEBI:17698 + n CHEBI:15378 = CHEBI:17698 + n CHEBI:15378'), ('nalidixic acid  + n H+  = nalidixic acid  + n H+', 'CHEBI:100147 + n CHEBI:15378 = CHEBI:100147 + n CHEBI:15378'), ('phenanthrene  + n H+  = phenanthrene  + n H+', 'CHEBI:28851 + n CHEBI:15378 = CHEBI:28851 + n CHEBI:15378'), ('fluoranthene  + n H+  = fluoranthene  + n H+', 'CHEBI:33083 + n CHEBI:15378 = CHEBI:33083 + n CHEBI:15378')]	0.0	67.565
Q6V6X8	2.A.6.2.18	P24181	[('chloramphenicol  + n H+  = chloramphenicol  + n H+', 'CHEBI:17698 + n CHEBI:15378 = CHEBI:17698 + n CHEBI:15378'), ('nalidixic acid  + n H+  = nalidixic acid  + n H+', 'CHEBI:100147 + n CHEBI:15378 = CHEBI:100147 + n CHEBI:15378'), ('phenanthrene  + n H+  = phenanthrene  + n H+', 'CHEBI:28851 + n CHEBI:15378 = CHEBI:28851 + n CHEBI:15378'), ('fluoranthene  + n H+  = fluoranthene  + n H+', 'CHEBI:33083 + n CHEBI:15378 = CHEBI:33083 + n CHEBI:15378')]	0.0	64.626
Q6V6X8	2.A.6.2.18	P24177	[('chloramphenicol  + n H+  = chloramphenicol  + n H+', 'CHEBI:17698 + n CHEBI:15378 = CHEBI:17698 + n CHEBI:15378'), ('nalidixic acid  + n H+  = nalidixic acid  + n H+', 'CHEBI:100147 + n CHEBI:15378 = CHEBI:100147 + n CHEBI:15378'), ('phenanthrene  + n H+  = phenanthrene  + n H+', 'CHEBI:28851 + n CHEBI:15378 = CHEBI:28851 + n CHEBI:15378'), ('fluoranthene  + n H+  = fluoranthene  + n H+', 'CHEBI:33083 + n CHEBI:15378 = CHEBI:33083 + n CHEBI:15378')]	0.0	59.299
Q6V6X8	2.A.6.2.18	P37637	[('chloramphenicol  + n H+  = chloramphenicol  + n H+', 'CHEBI:17698 + n CHEBI:15378 = CHEBI:17698 + n CHEBI:15378'), ('nalidixic acid  + n H+  = nalidixic acid  + n H+', 'CHEBI:100147 + n CHEBI:15378 = CHEBI:100147 + n CHEBI:15378'), ('phenanthrene  + n H+  = phenanthrene  + n H+', 'CHEBI:28851 + n CHEBI:15378 = CHEBI:28851 + n CHEBI:15378'), ('fluoranthene  + n H+  = fluoranthene  + n H+', 'CHEBI:33083 + n CHEBI:15378 = CHEBI:33083 + n CHEBI:15378')]	0.0	60.773
Q6V6X9	2.A.6.2.18	P24180	[('chloramphenicol  + n H+  = chloramphenicol  + n H+', 'CHEBI:17698 + n CHEBI:15378 = CHEBI:17698 + n CHEBI:15378'), ('nalidixic acid  + n H+  = nalidixic acid  + n H+', 'CHEBI:100147 + n CHEBI:15378 = CHEBI:100147 + n CHEBI:15378'), ('phenanthrene  + n H+  = phenanthrene  + n H+', 'CHEBI:28851 + n CHEBI:15378 = CHEBI:28851 + n CHEBI:15378'), ('fluoranthene  + n H+  = fluoranthene  + n H+', 'CHEBI:33083 + n CHEBI:15378 = CHEBI:33083 + n CHEBI:15378')]	2.89e-117	50.663
Q6V6X9	2.A.6.2.18	P0AE06	[('chloramphenicol  + n H+  = chloramphenicol  + n H+', 'CHEBI:17698 + n CHEBI:15378 = CHEBI:17698 + n CHEBI:15378'), ('nalidixic acid  + n H+  = nalidixic acid  + n H+', 'CHEBI:100147 + n CHEBI:15378 = CHEBI:100147 + n CHEBI:15378'), ('phenanthrene  + n H+  = phenanthrene  + n H+', 'CHEBI:28851 + n CHEBI:15378 = CHEBI:28851 + n CHEBI:15378'), ('fluoranthene  + n H+  = fluoranthene  + n H+', 'CHEBI:33083 + n CHEBI:15378 = CHEBI:33083 + n CHEBI:15378')]	1.52e-132	55.319
Q8GC83	2.A.6.2.19	P31224	[('ion  + n H+  = ion  + n H+', 'CHEBI:24870 + n CHEBI:15378 = CHEBI:24870 + n CHEBI:15378'), ('ciprofloxacin  + n H+  = ciprofloxacin  + n H+', 'CHEBI:100241 + n CHEBI:15378 = CHEBI:100241 + n CHEBI:15378'), ('chloramphenicol  + n H+  = chloramphenicol  + n H+', 'CHEBI:17698 + n CHEBI:15378 = CHEBI:17698 + n CHEBI:15378'), ('tetracycline  + n H+  = tetracycline  + n H+', 'CHEBI:27902 + n CHEBI:15378 = CHEBI:27902 + n CHEBI:15378'), ('doxycycline  + n H+  = doxycycline  + n H+', 'CHEBI:50845 + n CHEBI:15378 = CHEBI:50845 + n CHEBI:15378'), ('erythromycin A  + n H+  = erythromycin A  + n H+', 'CHEBI:42355 + n CHEBI:15378 = CHEBI:42355 + n CHEBI:15378')]	0.0	57.555
Q8GC83	2.A.6.2.19	P24181	[('ion  + n H+  = ion  + n H+', 'CHEBI:24870 + n CHEBI:15378 = CHEBI:24870 + n CHEBI:15378'), ('ciprofloxacin  + n H+  = ciprofloxacin  + n H+', 'CHEBI:100241 + n CHEBI:15378 = CHEBI:100241 + n CHEBI:15378'), ('chloramphenicol  + n H+  = chloramphenicol  + n H+', 'CHEBI:17698 + n CHEBI:15378 = CHEBI:17698 + n CHEBI:15378'), ('tetracycline  + n H+  = tetracycline  + n H+', 'CHEBI:27902 + n CHEBI:15378 = CHEBI:27902 + n CHEBI:15378'), ('doxycycline  + n H+  = doxycycline  + n H+', 'CHEBI:50845 + n CHEBI:15378 = CHEBI:50845 + n CHEBI:15378'), ('erythromycin A  + n H+  = erythromycin A  + n H+', 'CHEBI:42355 + n CHEBI:15378 = CHEBI:42355 + n CHEBI:15378')]	0.0	56.867
Q8GC83	2.A.6.2.19	P24177	[('ion  + n H+  = ion  + n H+', 'CHEBI:24870 + n CHEBI:15378 = CHEBI:24870 + n CHEBI:15378'), ('ciprofloxacin  + n H+  = ciprofloxacin  + n H+', 'CHEBI:100241 + n CHEBI:15378 = CHEBI:100241 + n CHEBI:15378'), ('chloramphenicol  + n H+  = chloramphenicol  + n H+', 'CHEBI:17698 + n CHEBI:15378 = CHEBI:17698 + n CHEBI:15378'), ('tetracycline  + n H+  = tetracycline  + n H+', 'CHEBI:27902 + n CHEBI:15378 = CHEBI:27902 + n CHEBI:15378'), ('doxycycline  + n H+  = doxycycline  + n H+', 'CHEBI:50845 + n CHEBI:15378 = CHEBI:50845 + n CHEBI:15378'), ('erythromycin A  + n H+  = erythromycin A  + n H+', 'CHEBI:42355 + n CHEBI:15378 = CHEBI:42355 + n CHEBI:15378')]	0.0	54.677
Q8GC83	2.A.6.2.19	P37637	[('ion  + n H+  = ion  + n H+', 'CHEBI:24870 + n CHEBI:15378 = CHEBI:24870 + n CHEBI:15378'), ('ciprofloxacin  + n H+  = ciprofloxacin  + n H+', 'CHEBI:100241 + n CHEBI:15378 = CHEBI:100241 + n CHEBI:15378'), ('chloramphenicol  + n H+  = chloramphenicol  + n H+', 'CHEBI:17698 + n CHEBI:15378 = CHEBI:17698 + n CHEBI:15378'), ('tetracycline  + n H+  = tetracycline  + n H+', 'CHEBI:27902 + n CHEBI:15378 = CHEBI:27902 + n CHEBI:15378'), ('doxycycline  + n H+  = doxycycline  + n H+', 'CHEBI:50845 + n CHEBI:15378 = CHEBI:50845 + n CHEBI:15378'), ('erythromycin A  + n H+  = erythromycin A  + n H+', 'CHEBI:42355 + n CHEBI:15378 = CHEBI:42355 + n CHEBI:15378')]	0.0	54.642
P31224	2.A.6.2.2	P31224	[('phospholipid  + n H+  = phospholipid  + n H+', 'CHEBI:8150 + n CHEBI:15378 = CHEBI:8150 + n CHEBI:15378'), ('bile acid  + n H+  = bile acid  + n H+', 'CHEBI:3098 + n CHEBI:15378 = CHEBI:3098 + n CHEBI:15378'), ('ethidium  + n H+  = ethidium  + n H+', 'CHEBI:42478 + n CHEBI:15378 = CHEBI:42478 + n CHEBI:15378'), ('steroid hormone  + n H+  = steroid hormone  + n H+', 'CHEBI:26764 + n CHEBI:15378 = CHEBI:26764 + n CHEBI:15378'), ('disinfectant  + n H+  = disinfectant  + n H+', 'CHEBI:48219 + n CHEBI:15378 = CHEBI:48219 + n CHEBI:15378'), ('detergent  + n H+  = detergent  + n H+', 'CHEBI:27780 + n CHEBI:15378 = CHEBI:27780 + n CHEBI:15378'), ('drug  + n H+  = drug  + n H+', 'CHEBI:23888 + n CHEBI:15378 = CHEBI:23888 + n CHEBI:15378'), ('dye  + n H+  = dye  + n H+', 'CHEBI:37958 + n CHEBI:15378 = CHEBI:37958 + n CHEBI:15378')]	0.0	100.0
P31224	2.A.6.2.2	P24181	[('phospholipid  + n H+  = phospholipid  + n H+', 'CHEBI:8150 + n CHEBI:15378 = CHEBI:8150 + n CHEBI:15378'), ('bile acid  + n H+  = bile acid  + n H+', 'CHEBI:3098 + n CHEBI:15378 = CHEBI:3098 + n CHEBI:15378'), ('ethidium  + n H+  = ethidium  + n H+', 'CHEBI:42478 + n CHEBI:15378 = CHEBI:42478 + n CHEBI:15378'), ('steroid hormone  + n H+  = steroid hormone  + n H+', 'CHEBI:26764 + n CHEBI:15378 = CHEBI:26764 + n CHEBI:15378'), ('disinfectant  + n H+  = disinfectant  + n H+', 'CHEBI:48219 + n CHEBI:15378 = CHEBI:48219 + n CHEBI:15378'), ('detergent  + n H+  = detergent  + n H+', 'CHEBI:27780 + n CHEBI:15378 = CHEBI:27780 + n CHEBI:15378'), ('drug  + n H+  = drug  + n H+', 'CHEBI:23888 + n CHEBI:15378 = CHEBI:23888 + n CHEBI:15378'), ('dye  + n H+  = dye  + n H+', 'CHEBI:37958 + n CHEBI:15378 = CHEBI:37958 + n CHEBI:15378')]	0.0	77.527
P31224	2.A.6.2.2	P24177	[('phospholipid  + n H+  = phospholipid  + n H+', 'CHEBI:8150 + n CHEBI:15378 = CHEBI:8150 + n CHEBI:15378'), ('bile acid  + n H+  = bile acid  + n H+', 'CHEBI:3098 + n CHEBI:15378 = CHEBI:3098 + n CHEBI:15378'), ('ethidium  + n H+  = ethidium  + n H+', 'CHEBI:42478 + n CHEBI:15378 = CHEBI:42478 + n CHEBI:15378'), ('steroid hormone  + n H+  = steroid hormone  + n H+', 'CHEBI:26764 + n CHEBI:15378 = CHEBI:26764 + n CHEBI:15378'), ('disinfectant  + n H+  = disinfectant  + n H+', 'CHEBI:48219 + n CHEBI:15378 = CHEBI:48219 + n CHEBI:15378'), ('detergent  + n H+  = detergent  + n H+', 'CHEBI:27780 + n CHEBI:15378 = CHEBI:27780 + n CHEBI:15378'), ('drug  + n H+  = drug  + n H+', 'CHEBI:23888 + n CHEBI:15378 = CHEBI:23888 + n CHEBI:15378'), ('dye  + n H+  = dye  + n H+', 'CHEBI:37958 + n CHEBI:15378 = CHEBI:37958 + n CHEBI:15378')]	0.0	66.045
P31224	2.A.6.2.2	P37637	[('phospholipid  + n H+  = phospholipid  + n H+', 'CHEBI:8150 + n CHEBI:15378 = CHEBI:8150 + n CHEBI:15378'), ('bile acid  + n H+  = bile acid  + n H+', 'CHEBI:3098 + n CHEBI:15378 = CHEBI:3098 + n CHEBI:15378'), ('ethidium  + n H+  = ethidium  + n H+', 'CHEBI:42478 + n CHEBI:15378 = CHEBI:42478 + n CHEBI:15378'), ('steroid hormone  + n H+  = steroid hormone  + n H+', 'CHEBI:26764 + n CHEBI:15378 = CHEBI:26764 + n CHEBI:15378'), ('disinfectant  + n H+  = disinfectant  + n H+', 'CHEBI:48219 + n CHEBI:15378 = CHEBI:48219 + n CHEBI:15378'), ('detergent  + n H+  = detergent  + n H+', 'CHEBI:27780 + n CHEBI:15378 = CHEBI:27780 + n CHEBI:15378'), ('drug  + n H+  = drug  + n H+', 'CHEBI:23888 + n CHEBI:15378 = CHEBI:23888 + n CHEBI:15378'), ('dye  + n H+  = dye  + n H+', 'CHEBI:37958 + n CHEBI:15378 = CHEBI:37958 + n CHEBI:15378')]	0.0	71.148
P0AAW9	2.A.6.2.2	P0AAW9	[('phospholipid  + n H+  = phospholipid  + n H+', 'CHEBI:8150 + n CHEBI:15378 = CHEBI:8150 + n CHEBI:15378'), ('bile acid  + n H+  = bile acid  + n H+', 'CHEBI:3098 + n CHEBI:15378 = CHEBI:3098 + n CHEBI:15378'), ('ethidium  + n H+  = ethidium  + n H+', 'CHEBI:42478 + n CHEBI:15378 = CHEBI:42478 + n CHEBI:15378'), ('steroid hormone  + n H+  = steroid hormone  + n H+', 'CHEBI:26764 + n CHEBI:15378 = CHEBI:26764 + n CHEBI:15378'), ('disinfectant  + n H+  = disinfectant  + n H+', 'CHEBI:48219 + n CHEBI:15378 = CHEBI:48219 + n CHEBI:15378'), ('detergent  + n H+  = detergent  + n H+', 'CHEBI:27780 + n CHEBI:15378 = CHEBI:27780 + n CHEBI:15378'), ('drug  + n H+  = drug  + n H+', 'CHEBI:23888 + n CHEBI:15378 = CHEBI:23888 + n CHEBI:15378'), ('dye  + n H+  = dye  + n H+', 'CHEBI:37958 + n CHEBI:15378 = CHEBI:37958 + n CHEBI:15378')]	3.4000000000000003e-29	100.0
Q6VV68	2.A.6.2.23	P31224	[('3,6-diamino-10-methylacridinium chloride  + n H+  = 3,6-diamino-10-methylacridinium chloride  + n H+', 'CHEBI:383703 + n CHEBI:15378 = CHEBI:383703 + n CHEBI:15378'), ('N-acyl homoserine lactone  + n H+  = N-acyl homoserine lactone  + n H+', 'CHEBI:83169 + n CHEBI:15378 = CHEBI:83169 + n CHEBI:15378'), ('beta-lactam  + n H+  = beta-lactam  + n H+', 'CHEBI:35627 + n CHEBI:15378 = CHEBI:35627 + n CHEBI:15378'), ('streptomycin  + n H+  = streptomycin  + n H+', 'CHEBI:17076 + n CHEBI:15378 = CHEBI:17076 + n CHEBI:15378'), ('gentamycin  + n H+  = gentamycin  + n H+', 'CHEBI:24212 + n CHEBI:15378 = CHEBI:24212 + n CHEBI:15378'), ('erythromycin A  + n H+  = erythromycin A  + n H+', 'CHEBI:42355 + n CHEBI:15378 = CHEBI:42355 + n CHEBI:15378')]	0.0	66.571
Q6VV68	2.A.6.2.23	P24181	[('3,6-diamino-10-methylacridinium chloride  + n H+  = 3,6-diamino-10-methylacridinium chloride  + n H+', 'CHEBI:383703 + n CHEBI:15378 = CHEBI:383703 + n CHEBI:15378'), ('N-acyl homoserine lactone  + n H+  = N-acyl homoserine lactone  + n H+', 'CHEBI:83169 + n CHEBI:15378 = CHEBI:83169 + n CHEBI:15378'), ('beta-lactam  + n H+  = beta-lactam  + n H+', 'CHEBI:35627 + n CHEBI:15378 = CHEBI:35627 + n CHEBI:15378'), ('streptomycin  + n H+  = streptomycin  + n H+', 'CHEBI:17076 + n CHEBI:15378 = CHEBI:17076 + n CHEBI:15378'), ('gentamycin  + n H+  = gentamycin  + n H+', 'CHEBI:24212 + n CHEBI:15378 = CHEBI:24212 + n CHEBI:15378'), ('erythromycin A  + n H+  = erythromycin A  + n H+', 'CHEBI:42355 + n CHEBI:15378 = CHEBI:42355 + n CHEBI:15378')]	0.0	65.024
Q6VV68	2.A.6.2.23	P24177	[('3,6-diamino-10-methylacridinium chloride  + n H+  = 3,6-diamino-10-methylacridinium chloride  + n H+', 'CHEBI:383703 + n CHEBI:15378 = CHEBI:383703 + n CHEBI:15378'), ('N-acyl homoserine lactone  + n H+  = N-acyl homoserine lactone  + n H+', 'CHEBI:83169 + n CHEBI:15378 = CHEBI:83169 + n CHEBI:15378'), ('beta-lactam  + n H+  = beta-lactam  + n H+', 'CHEBI:35627 + n CHEBI:15378 = CHEBI:35627 + n CHEBI:15378'), ('streptomycin  + n H+  = streptomycin  + n H+', 'CHEBI:17076 + n CHEBI:15378 = CHEBI:17076 + n CHEBI:15378'), ('gentamycin  + n H+  = gentamycin  + n H+', 'CHEBI:24212 + n CHEBI:15378 = CHEBI:24212 + n CHEBI:15378'), ('erythromycin A  + n H+  = erythromycin A  + n H+', 'CHEBI:42355 + n CHEBI:15378 = CHEBI:42355 + n CHEBI:15378')]	0.0	61.725
Q6VV68	2.A.6.2.23	P37637	[('3,6-diamino-10-methylacridinium chloride  + n H+  = 3,6-diamino-10-methylacridinium chloride  + n H+', 'CHEBI:383703 + n CHEBI:15378 = CHEBI:383703 + n CHEBI:15378'), ('N-acyl homoserine lactone  + n H+  = N-acyl homoserine lactone  + n H+', 'CHEBI:83169 + n CHEBI:15378 = CHEBI:83169 + n CHEBI:15378'), ('beta-lactam  + n H+  = beta-lactam  + n H+', 'CHEBI:35627 + n CHEBI:15378 = CHEBI:35627 + n CHEBI:15378'), ('streptomycin  + n H+  = streptomycin  + n H+', 'CHEBI:17076 + n CHEBI:15378 = CHEBI:17076 + n CHEBI:15378'), ('gentamycin  + n H+  = gentamycin  + n H+', 'CHEBI:24212 + n CHEBI:15378 = CHEBI:24212 + n CHEBI:15378'), ('erythromycin A  + n H+  = erythromycin A  + n H+', 'CHEBI:42355 + n CHEBI:15378 = CHEBI:42355 + n CHEBI:15378')]	0.0	62.235
Q6VV69	2.A.6.2.23	P37636	[('3,6-diamino-10-methylacridinium chloride  + n H+  = 3,6-diamino-10-methylacridinium chloride  + n H+', 'CHEBI:383703 + n CHEBI:15378 = CHEBI:383703 + n CHEBI:15378'), ('N-acyl homoserine lactone  + n H+  = N-acyl homoserine lactone  + n H+', 'CHEBI:83169 + n CHEBI:15378 = CHEBI:83169 + n CHEBI:15378'), ('beta-lactam  + n H+  = beta-lactam  + n H+', 'CHEBI:35627 + n CHEBI:15378 = CHEBI:35627 + n CHEBI:15378'), ('streptomycin  + n H+  = streptomycin  + n H+', 'CHEBI:17076 + n CHEBI:15378 = CHEBI:17076 + n CHEBI:15378'), ('gentamycin  + n H+  = gentamycin  + n H+', 'CHEBI:24212 + n CHEBI:15378 = CHEBI:24212 + n CHEBI:15378'), ('erythromycin A  + n H+  = erythromycin A  + n H+', 'CHEBI:42355 + n CHEBI:15378 = CHEBI:42355 + n CHEBI:15378')]	4.01e-109	50.0
Q6VV69	2.A.6.2.23	P24180	[('3,6-diamino-10-methylacridinium chloride  + n H+  = 3,6-diamino-10-methylacridinium chloride  + n H+', 'CHEBI:383703 + n CHEBI:15378 = CHEBI:383703 + n CHEBI:15378'), ('N-acyl homoserine lactone  + n H+  = N-acyl homoserine lactone  + n H+', 'CHEBI:83169 + n CHEBI:15378 = CHEBI:83169 + n CHEBI:15378'), ('beta-lactam  + n H+  = beta-lactam  + n H+', 'CHEBI:35627 + n CHEBI:15378 = CHEBI:35627 + n CHEBI:15378'), ('streptomycin  + n H+  = streptomycin  + n H+', 'CHEBI:17076 + n CHEBI:15378 = CHEBI:17076 + n CHEBI:15378'), ('gentamycin  + n H+  = gentamycin  + n H+', 'CHEBI:24212 + n CHEBI:15378 = CHEBI:24212 + n CHEBI:15378'), ('erythromycin A  + n H+  = erythromycin A  + n H+', 'CHEBI:42355 + n CHEBI:15378 = CHEBI:42355 + n CHEBI:15378')]	5.46e-118	51.955
Q6VV69	2.A.6.2.23	P0AE06	[('3,6-diamino-10-methylacridinium chloride  + n H+  = 3,6-diamino-10-methylacridinium chloride  + n H+', 'CHEBI:383703 + n CHEBI:15378 = CHEBI:383703 + n CHEBI:15378'), ('N-acyl homoserine lactone  + n H+  = N-acyl homoserine lactone  + n H+', 'CHEBI:83169 + n CHEBI:15378 = CHEBI:83169 + n CHEBI:15378'), ('beta-lactam  + n H+  = beta-lactam  + n H+', 'CHEBI:35627 + n CHEBI:15378 = CHEBI:35627 + n CHEBI:15378'), ('streptomycin  + n H+  = streptomycin  + n H+', 'CHEBI:17076 + n CHEBI:15378 = CHEBI:17076 + n CHEBI:15378'), ('gentamycin  + n H+  = gentamycin  + n H+', 'CHEBI:24212 + n CHEBI:15378 = CHEBI:24212 + n CHEBI:15378'), ('erythromycin A  + n H+  = erythromycin A  + n H+', 'CHEBI:42355 + n CHEBI:15378 = CHEBI:42355 + n CHEBI:15378')]	3.89e-128	54.223
O87936	2.A.6.2.24	P31224	[('clindamycin  + n H+  = clindamycin  + n H+', 'CHEBI:3745 + n CHEBI:15378 = CHEBI:3745 + n CHEBI:15378'), ('spectinomycin  + n H+  = spectinomycin  + n H+', 'CHEBI:9215 + n CHEBI:15378 = CHEBI:9215 + n CHEBI:15378'), ('streptomycin  + n H+  = streptomycin  + n H+', 'CHEBI:17076 + n CHEBI:15378 = CHEBI:17076 + n CHEBI:15378'), ('gentamycin  + n H+  = gentamycin  + n H+', 'CHEBI:24212 + n CHEBI:15378 = CHEBI:24212 + n CHEBI:15378'), ('kanamycin  + n H+  = kanamycin  + n H+', 'CHEBI:6104 + n CHEBI:15378 = CHEBI:6104 + n CHEBI:15378'), ('tobramycin  + n H+  = tobramycin  + n H+', 'CHEBI:28864 + n CHEBI:15378 = CHEBI:28864 + n CHEBI:15378'), ('neomycin  + n H+  = neomycin  + n H+', 'CHEBI:7507 + n CHEBI:15378 = CHEBI:7507 + n CHEBI:15378'), ('erythromycin A  + n H+  = erythromycin A  + n H+', 'CHEBI:42355 + n CHEBI:15378 = CHEBI:42355 + n CHEBI:15378'), ('clarithromycin  + n H+  = clarithromycin  + n H+', 'CHEBI:3732 + n CHEBI:15378 = CHEBI:3732 + n CHEBI:15378')]	0.0	51.791
O87936	2.A.6.2.24	P24181	[('clindamycin  + n H+  = clindamycin  + n H+', 'CHEBI:3745 + n CHEBI:15378 = CHEBI:3745 + n CHEBI:15378'), ('spectinomycin  + n H+  = spectinomycin  + n H+', 'CHEBI:9215 + n CHEBI:15378 = CHEBI:9215 + n CHEBI:15378'), ('streptomycin  + n H+  = streptomycin  + n H+', 'CHEBI:17076 + n CHEBI:15378 = CHEBI:17076 + n CHEBI:15378'), ('gentamycin  + n H+  = gentamycin  + n H+', 'CHEBI:24212 + n CHEBI:15378 = CHEBI:24212 + n CHEBI:15378'), ('kanamycin  + n H+  = kanamycin  + n H+', 'CHEBI:6104 + n CHEBI:15378 = CHEBI:6104 + n CHEBI:15378'), ('tobramycin  + n H+  = tobramycin  + n H+', 'CHEBI:28864 + n CHEBI:15378 = CHEBI:28864 + n CHEBI:15378'), ('neomycin  + n H+  = neomycin  + n H+', 'CHEBI:7507 + n CHEBI:15378 = CHEBI:7507 + n CHEBI:15378'), ('erythromycin A  + n H+  = erythromycin A  + n H+', 'CHEBI:42355 + n CHEBI:15378 = CHEBI:42355 + n CHEBI:15378'), ('clarithromycin  + n H+  = clarithromycin  + n H+', 'CHEBI:3732 + n CHEBI:15378 = CHEBI:3732 + n CHEBI:15378')]	0.0	50.0
Q2AAU3	2.A.6.2.26	P31224	[('drug  + n H+  = drug  + n H+', 'CHEBI:23888 + n CHEBI:15378 = CHEBI:23888 + n CHEBI:15378')]	0.0	63.368
Q2AAU3	2.A.6.2.26	P24181	[('drug  + n H+  = drug  + n H+', 'CHEBI:23888 + n CHEBI:15378 = CHEBI:23888 + n CHEBI:15378')]	0.0	61.822
Q2AAU3	2.A.6.2.26	P24177	[('drug  + n H+  = drug  + n H+', 'CHEBI:23888 + n CHEBI:15378 = CHEBI:23888 + n CHEBI:15378')]	0.0	58.92
Q2AAU3	2.A.6.2.26	P37637	[('drug  + n H+  = drug  + n H+', 'CHEBI:23888 + n CHEBI:15378 = CHEBI:23888 + n CHEBI:15378')]	0.0	60.407
Q24LT7	2.A.6.2.29	P31224	[('phenosafranine  + n H+  = phenosafranine  + n H+', 'CHEBI:33601 + n CHEBI:15378 = CHEBI:33601 + n CHEBI:15378'), ('pyronin Y  + n H+  = pyronin Y  + n H+', 'CHEBI:8682 + n CHEBI:15378 = CHEBI:8682 + n CHEBI:15378'), ('sodium dodecyl sulfate  + n H+  = sodium dodecyl sulfate  + n H+', 'CHEBI:8984 + n CHEBI:15378 = CHEBI:8984 + n CHEBI:15378'), ('rifampicin  + n H+  = rifampicin  + n H+', 'CHEBI:28077 + n CHEBI:15378 = CHEBI:28077 + n CHEBI:15378'), ('trimethoprim  + n H+  = trimethoprim  + n H+', 'CHEBI:45924 + n CHEBI:15378 = CHEBI:45924 + n CHEBI:15378'), ('chloramphenicol  + n H+  = chloramphenicol  + n H+', 'CHEBI:17698 + n CHEBI:15378 = CHEBI:17698 + n CHEBI:15378'), ('beta-lactam  + n H+  = beta-lactam  + n H+', 'CHEBI:35627 + n CHEBI:15378 = CHEBI:35627 + n CHEBI:15378'), ('novobiocin  + n H+  = novobiocin  + n H+', 'CHEBI:28368 + n CHEBI:15378 = CHEBI:28368 + n CHEBI:15378'), ('fusidic acid  + n H+  = fusidic acid  + n H+', 'CHEBI:29013 + n CHEBI:15378 = CHEBI:29013 + n CHEBI:15378'), ('tetracycline  + n H+  = tetracycline  + n H+', 'CHEBI:27902 + n CHEBI:15378 = CHEBI:27902 + n CHEBI:15378'), ('tigecycline  + n H+  = tigecycline  + n H+', 'CHEBI:149836 + n CHEBI:15378 = CHEBI:149836 + n CHEBI:15378'), ('triclosan  + n H+  = triclosan  + n H+', 'CHEBI:164200 + n CHEBI:15378 = CHEBI:164200 + n CHEBI:15378'), ('acridine  + n H+  = acridine  + n H+', 'CHEBI:36420 + n CHEBI:15378 = CHEBI:36420 + n CHEBI:15378'), ('fluoroquinolone antibiotic  + n H+  = fluoroquinolone antibiotic  + n H+', 'CHEBI:87211 + n CHEBI:15378 = CHEBI:87211 + n CHEBI:15378'), ('erythromycin A  + n H+  = erythromycin A  + n H+', 'CHEBI:42355 + n CHEBI:15378 = CHEBI:42355 + n CHEBI:15378')]	0.0	57.678
Q24LT7	2.A.6.2.29	P24181	[('phenosafranine  + n H+  = phenosafranine  + n H+', 'CHEBI:33601 + n CHEBI:15378 = CHEBI:33601 + n CHEBI:15378'), ('pyronin Y  + n H+  = pyronin Y  + n H+', 'CHEBI:8682 + n CHEBI:15378 = CHEBI:8682 + n CHEBI:15378'), ('sodium dodecyl sulfate  + n H+  = sodium dodecyl sulfate  + n H+', 'CHEBI:8984 + n CHEBI:15378 = CHEBI:8984 + n CHEBI:15378'), ('rifampicin  + n H+  = rifampicin  + n H+', 'CHEBI:28077 + n CHEBI:15378 = CHEBI:28077 + n CHEBI:15378'), ('trimethoprim  + n H+  = trimethoprim  + n H+', 'CHEBI:45924 + n CHEBI:15378 = CHEBI:45924 + n CHEBI:15378'), ('chloramphenicol  + n H+  = chloramphenicol  + n H+', 'CHEBI:17698 + n CHEBI:15378 = CHEBI:17698 + n CHEBI:15378'), ('beta-lactam  + n H+  = beta-lactam  + n H+', 'CHEBI:35627 + n CHEBI:15378 = CHEBI:35627 + n CHEBI:15378'), ('novobiocin  + n H+  = novobiocin  + n H+', 'CHEBI:28368 + n CHEBI:15378 = CHEBI:28368 + n CHEBI:15378'), ('fusidic acid  + n H+  = fusidic acid  + n H+', 'CHEBI:29013 + n CHEBI:15378 = CHEBI:29013 + n CHEBI:15378'), ('tetracycline  + n H+  = tetracycline  + n H+', 'CHEBI:27902 + n CHEBI:15378 = CHEBI:27902 + n CHEBI:15378'), ('tigecycline  + n H+  = tigecycline  + n H+', 'CHEBI:149836 + n CHEBI:15378 = CHEBI:149836 + n CHEBI:15378'), ('triclosan  + n H+  = triclosan  + n H+', 'CHEBI:164200 + n CHEBI:15378 = CHEBI:164200 + n CHEBI:15378'), ('acridine  + n H+  = acridine  + n H+', 'CHEBI:36420 + n CHEBI:15378 = CHEBI:36420 + n CHEBI:15378'), ('fluoroquinolone antibiotic  + n H+  = fluoroquinolone antibiotic  + n H+', 'CHEBI:87211 + n CHEBI:15378 = CHEBI:87211 + n CHEBI:15378'), ('erythromycin A  + n H+  = erythromycin A  + n H+', 'CHEBI:42355 + n CHEBI:15378 = CHEBI:42355 + n CHEBI:15378')]	0.0	58.08
Q24LT7	2.A.6.2.29	P24177	[('phenosafranine  + n H+  = phenosafranine  + n H+', 'CHEBI:33601 + n CHEBI:15378 = CHEBI:33601 + n CHEBI:15378'), ('pyronin Y  + n H+  = pyronin Y  + n H+', 'CHEBI:8682 + n CHEBI:15378 = CHEBI:8682 + n CHEBI:15378'), ('sodium dodecyl sulfate  + n H+  = sodium dodecyl sulfate  + n H+', 'CHEBI:8984 + n CHEBI:15378 = CHEBI:8984 + n CHEBI:15378'), ('rifampicin  + n H+  = rifampicin  + n H+', 'CHEBI:28077 + n CHEBI:15378 = CHEBI:28077 + n CHEBI:15378'), ('trimethoprim  + n H+  = trimethoprim  + n H+', 'CHEBI:45924 + n CHEBI:15378 = CHEBI:45924 + n CHEBI:15378'), ('chloramphenicol  + n H+  = chloramphenicol  + n H+', 'CHEBI:17698 + n CHEBI:15378 = CHEBI:17698 + n CHEBI:15378'), ('beta-lactam  + n H+  = beta-lactam  + n H+', 'CHEBI:35627 + n CHEBI:15378 = CHEBI:35627 + n CHEBI:15378'), ('novobiocin  + n H+  = novobiocin  + n H+', 'CHEBI:28368 + n CHEBI:15378 = CHEBI:28368 + n CHEBI:15378'), ('fusidic acid  + n H+  = fusidic acid  + n H+', 'CHEBI:29013 + n CHEBI:15378 = CHEBI:29013 + n CHEBI:15378'), ('tetracycline  + n H+  = tetracycline  + n H+', 'CHEBI:27902 + n CHEBI:15378 = CHEBI:27902 + n CHEBI:15378'), ('tigecycline  + n H+  = tigecycline  + n H+', 'CHEBI:149836 + n CHEBI:15378 = CHEBI:149836 + n CHEBI:15378'), ('triclosan  + n H+  = triclosan  + n H+', 'CHEBI:164200 + n CHEBI:15378 = CHEBI:164200 + n CHEBI:15378'), ('acridine  + n H+  = acridine  + n H+', 'CHEBI:36420 + n CHEBI:15378 = CHEBI:36420 + n CHEBI:15378'), ('fluoroquinolone antibiotic  + n H+  = fluoroquinolone antibiotic  + n H+', 'CHEBI:87211 + n CHEBI:15378 = CHEBI:87211 + n CHEBI:15378'), ('erythromycin A  + n H+  = erythromycin A  + n H+', 'CHEBI:42355 + n CHEBI:15378 = CHEBI:42355 + n CHEBI:15378')]	0.0	57.619
Q24LT7	2.A.6.2.29	P37637	[('phenosafranine  + n H+  = phenosafranine  + n H+', 'CHEBI:33601 + n CHEBI:15378 = CHEBI:33601 + n CHEBI:15378'), ('pyronin Y  + n H+  = pyronin Y  + n H+', 'CHEBI:8682 + n CHEBI:15378 = CHEBI:8682 + n CHEBI:15378'), ('sodium dodecyl sulfate  + n H+  = sodium dodecyl sulfate  + n H+', 'CHEBI:8984 + n CHEBI:15378 = CHEBI:8984 + n CHEBI:15378'), ('rifampicin  + n H+  = rifampicin  + n H+', 'CHEBI:28077 + n CHEBI:15378 = CHEBI:28077 + n CHEBI:15378'), ('trimethoprim  + n H+  = trimethoprim  + n H+', 'CHEBI:45924 + n CHEBI:15378 = CHEBI:45924 + n CHEBI:15378'), ('chloramphenicol  + n H+  = chloramphenicol  + n H+', 'CHEBI:17698 + n CHEBI:15378 = CHEBI:17698 + n CHEBI:15378'), ('beta-lactam  + n H+  = beta-lactam  + n H+', 'CHEBI:35627 + n CHEBI:15378 = CHEBI:35627 + n CHEBI:15378'), ('novobiocin  + n H+  = novobiocin  + n H+', 'CHEBI:28368 + n CHEBI:15378 = CHEBI:28368 + n CHEBI:15378'), ('fusidic acid  + n H+  = fusidic acid  + n H+', 'CHEBI:29013 + n CHEBI:15378 = CHEBI:29013 + n CHEBI:15378'), ('tetracycline  + n H+  = tetracycline  + n H+', 'CHEBI:27902 + n CHEBI:15378 = CHEBI:27902 + n CHEBI:15378'), ('tigecycline  + n H+  = tigecycline  + n H+', 'CHEBI:149836 + n CHEBI:15378 = CHEBI:149836 + n CHEBI:15378'), ('triclosan  + n H+  = triclosan  + n H+', 'CHEBI:164200 + n CHEBI:15378 = CHEBI:164200 + n CHEBI:15378'), ('acridine  + n H+  = acridine  + n H+', 'CHEBI:36420 + n CHEBI:15378 = CHEBI:36420 + n CHEBI:15378'), ('fluoroquinolone antibiotic  + n H+  = fluoroquinolone antibiotic  + n H+', 'CHEBI:87211 + n CHEBI:15378 = CHEBI:87211 + n CHEBI:15378'), ('erythromycin A  + n H+  = erythromycin A  + n H+', 'CHEBI:42355 + n CHEBI:15378 = CHEBI:42355 + n CHEBI:15378')]	0.0	56.584
O68441	2.A.6.2.3	P31224	[('isoflavonoid  + n H+  = isoflavonoid  + n H+', 'CHEBI:50753 + n CHEBI:15378 = CHEBI:50753 + n CHEBI:15378')]	0.0	52.536
O68441	2.A.6.2.3	P24181	[('isoflavonoid  + n H+  = isoflavonoid  + n H+', 'CHEBI:50753 + n CHEBI:15378 = CHEBI:50753 + n CHEBI:15378')]	0.0	52.023
O68441	2.A.6.2.3	P37637	[('isoflavonoid  + n H+  = isoflavonoid  + n H+', 'CHEBI:50753 + n CHEBI:15378 = CHEBI:50753 + n CHEBI:15378')]	0.0	51.434
Q6GW09	2.A.6.2.31	P02930	[('fluoroquinolone antibiotic  + n H+  = fluoroquinolone antibiotic  + n H+', 'CHEBI:87211 + n CHEBI:15378 = CHEBI:87211 + n CHEBI:15378')]	0.0	73.819
Q9I0V6	2.A.6.2.39	P76399	[('aztreonam  + n H+  = aztreonam  + n H+', 'CHEBI:161680 + n CHEBI:15378 = CHEBI:161680 + n CHEBI:15378'), ('novobiocin  + n H+  = novobiocin  + n H+', 'CHEBI:28368 + n CHEBI:15378 = CHEBI:28368 + n CHEBI:15378'), ('tetracycline  + n H+  = tetracycline  + n H+', 'CHEBI:27902 + n CHEBI:15378 = CHEBI:27902 + n CHEBI:15378'), ('macrolide  + n H+  = macrolide  + n H+', 'CHEBI:25106 + n CHEBI:15378 = CHEBI:25106 + n CHEBI:15378')]	0.0	51.078
Q9I0V6	2.A.6.2.39	P76398	[('aztreonam  + n H+  = aztreonam  + n H+', 'CHEBI:161680 + n CHEBI:15378 = CHEBI:161680 + n CHEBI:15378'), ('novobiocin  + n H+  = novobiocin  + n H+', 'CHEBI:28368 + n CHEBI:15378 = CHEBI:28368 + n CHEBI:15378'), ('tetracycline  + n H+  = tetracycline  + n H+', 'CHEBI:27902 + n CHEBI:15378 = CHEBI:27902 + n CHEBI:15378'), ('macrolide  + n H+  = macrolide  + n H+', 'CHEBI:25106 + n CHEBI:15378 = CHEBI:25106 + n CHEBI:15378')]	0.0	66.829
Q9I0V7	2.A.6.2.39	P76399	[('aztreonam  + n H+  = aztreonam  + n H+', 'CHEBI:161680 + n CHEBI:15378 = CHEBI:161680 + n CHEBI:15378'), ('novobiocin  + n H+  = novobiocin  + n H+', 'CHEBI:28368 + n CHEBI:15378 = CHEBI:28368 + n CHEBI:15378'), ('tetracycline  + n H+  = tetracycline  + n H+', 'CHEBI:27902 + n CHEBI:15378 = CHEBI:27902 + n CHEBI:15378'), ('macrolide  + n H+  = macrolide  + n H+', 'CHEBI:25106 + n CHEBI:15378 = CHEBI:25106 + n CHEBI:15378')]	0.0	62.77
Q8GKU1	2.A.6.2.4	P31224	[('ethidium bromide  + n H+  = ethidium bromide  + n H+', 'CHEBI:4883 + n CHEBI:15378 = CHEBI:4883 + n CHEBI:15378'), ('rifampicin  + n H+  = rifampicin  + n H+', 'CHEBI:28077 + n CHEBI:15378 = CHEBI:28077 + n CHEBI:15378'), ('ciprofloxacin  + n H+  = ciprofloxacin  + n H+', 'CHEBI:100241 + n CHEBI:15378 = CHEBI:100241 + n CHEBI:15378'), ('amikacin  + n H+  = amikacin  + n H+', 'CHEBI:2637 + n CHEBI:15378 = CHEBI:2637 + n CHEBI:15378'), ('chloramphenicol  + n H+  = chloramphenicol  + n H+', 'CHEBI:17698 + n CHEBI:15378 = CHEBI:17698 + n CHEBI:15378'), ('ceftazidime  + n H+  = ceftazidime  + n H+', 'CHEBI:3508 + n CHEBI:15378 = CHEBI:3508 + n CHEBI:15378'), ('meropenem  + n H+  = meropenem  + n H+', 'CHEBI:43968 + n CHEBI:15378 = CHEBI:43968 + n CHEBI:15378'), ('tetracycline  + n H+  = tetracycline  + n H+', 'CHEBI:27902 + n CHEBI:15378 = CHEBI:27902 + n CHEBI:15378'), ('erythromycin A  + n H+  = erythromycin A  + n H+', 'CHEBI:42355 + n CHEBI:15378 = CHEBI:42355 + n CHEBI:15378')]	0.0	53.23
Q8GKU1	2.A.6.2.4	P24181	[('ethidium bromide  + n H+  = ethidium bromide  + n H+', 'CHEBI:4883 + n CHEBI:15378 = CHEBI:4883 + n CHEBI:15378'), ('rifampicin  + n H+  = rifampicin  + n H+', 'CHEBI:28077 + n CHEBI:15378 = CHEBI:28077 + n CHEBI:15378'), ('ciprofloxacin  + n H+  = ciprofloxacin  + n H+', 'CHEBI:100241 + n CHEBI:15378 = CHEBI:100241 + n CHEBI:15378'), ('amikacin  + n H+  = amikacin  + n H+', 'CHEBI:2637 + n CHEBI:15378 = CHEBI:2637 + n CHEBI:15378'), ('chloramphenicol  + n H+  = chloramphenicol  + n H+', 'CHEBI:17698 + n CHEBI:15378 = CHEBI:17698 + n CHEBI:15378'), ('ceftazidime  + n H+  = ceftazidime  + n H+', 'CHEBI:3508 + n CHEBI:15378 = CHEBI:3508 + n CHEBI:15378'), ('meropenem  + n H+  = meropenem  + n H+', 'CHEBI:43968 + n CHEBI:15378 = CHEBI:43968 + n CHEBI:15378'), ('tetracycline  + n H+  = tetracycline  + n H+', 'CHEBI:27902 + n CHEBI:15378 = CHEBI:27902 + n CHEBI:15378'), ('erythromycin A  + n H+  = erythromycin A  + n H+', 'CHEBI:42355 + n CHEBI:15378 = CHEBI:42355 + n CHEBI:15378')]	0.0	53.398
Q8GKU1	2.A.6.2.4	P24177	[('ethidium bromide  + n H+  = ethidium bromide  + n H+', 'CHEBI:4883 + n CHEBI:15378 = CHEBI:4883 + n CHEBI:15378'), ('rifampicin  + n H+  = rifampicin  + n H+', 'CHEBI:28077 + n CHEBI:15378 = CHEBI:28077 + n CHEBI:15378'), ('ciprofloxacin  + n H+  = ciprofloxacin  + n H+', 'CHEBI:100241 + n CHEBI:15378 = CHEBI:100241 + n CHEBI:15378'), ('amikacin  + n H+  = amikacin  + n H+', 'CHEBI:2637 + n CHEBI:15378 = CHEBI:2637 + n CHEBI:15378'), ('chloramphenicol  + n H+  = chloramphenicol  + n H+', 'CHEBI:17698 + n CHEBI:15378 = CHEBI:17698 + n CHEBI:15378'), ('ceftazidime  + n H+  = ceftazidime  + n H+', 'CHEBI:3508 + n CHEBI:15378 = CHEBI:3508 + n CHEBI:15378'), ('meropenem  + n H+  = meropenem  + n H+', 'CHEBI:43968 + n CHEBI:15378 = CHEBI:43968 + n CHEBI:15378'), ('tetracycline  + n H+  = tetracycline  + n H+', 'CHEBI:27902 + n CHEBI:15378 = CHEBI:27902 + n CHEBI:15378'), ('erythromycin A  + n H+  = erythromycin A  + n H+', 'CHEBI:42355 + n CHEBI:15378 = CHEBI:42355 + n CHEBI:15378')]	0.0	54.475
Q8GKU1	2.A.6.2.4	P37637	[('ethidium bromide  + n H+  = ethidium bromide  + n H+', 'CHEBI:4883 + n CHEBI:15378 = CHEBI:4883 + n CHEBI:15378'), ('rifampicin  + n H+  = rifampicin  + n H+', 'CHEBI:28077 + n CHEBI:15378 = CHEBI:28077 + n CHEBI:15378'), ('ciprofloxacin  + n H+  = ciprofloxacin  + n H+', 'CHEBI:100241 + n CHEBI:15378 = CHEBI:100241 + n CHEBI:15378'), ('amikacin  + n H+  = amikacin  + n H+', 'CHEBI:2637 + n CHEBI:15378 = CHEBI:2637 + n CHEBI:15378'), ('chloramphenicol  + n H+  = chloramphenicol  + n H+', 'CHEBI:17698 + n CHEBI:15378 = CHEBI:17698 + n CHEBI:15378'), ('ceftazidime  + n H+  = ceftazidime  + n H+', 'CHEBI:3508 + n CHEBI:15378 = CHEBI:3508 + n CHEBI:15378'), ('meropenem  + n H+  = meropenem  + n H+', 'CHEBI:43968 + n CHEBI:15378 = CHEBI:43968 + n CHEBI:15378'), ('tetracycline  + n H+  = tetracycline  + n H+', 'CHEBI:27902 + n CHEBI:15378 = CHEBI:27902 + n CHEBI:15378'), ('erythromycin A  + n H+  = erythromycin A  + n H+', 'CHEBI:42355 + n CHEBI:15378 = CHEBI:42355 + n CHEBI:15378')]	0.0	51.877
Q9RBY8	2.A.6.2.41	P31224	[('ciprofloxacin  + n H+  = ciprofloxacin  + n H+', 'CHEBI:100241 + n CHEBI:15378 = CHEBI:100241 + n CHEBI:15378')]	0.0	55.129
Q9RBY8	2.A.6.2.41	P24181	[('ciprofloxacin  + n H+  = ciprofloxacin  + n H+', 'CHEBI:100241 + n CHEBI:15378 = CHEBI:100241 + n CHEBI:15378')]	0.0	52.061
Q9RBY8	2.A.6.2.41	P24177	[('ciprofloxacin  + n H+  = ciprofloxacin  + n H+', 'CHEBI:100241 + n CHEBI:15378 = CHEBI:100241 + n CHEBI:15378')]	0.0	53.846
Q9RBY8	2.A.6.2.41	P37637	[('ciprofloxacin  + n H+  = ciprofloxacin  + n H+', 'CHEBI:100241 + n CHEBI:15378 = CHEBI:100241 + n CHEBI:15378')]	0.0	51.767
Q9F241	2.A.6.2.42	P24180	[('ethidium bromide  + n H+  = ethidium bromide  + n H+', 'CHEBI:4883 + n CHEBI:15378 = CHEBI:4883 + n CHEBI:15378'), ('norfloxacin  + n H+  = norfloxacin  + n H+', 'CHEBI:100246 + n CHEBI:15378 = CHEBI:100246 + n CHEBI:15378')]	5.45e-119	51.105
Q9F241	2.A.6.2.42	P0AE06	[('ethidium bromide  + n H+  = ethidium bromide  + n H+', 'CHEBI:4883 + n CHEBI:15378 = CHEBI:4883 + n CHEBI:15378'), ('norfloxacin  + n H+  = norfloxacin  + n H+', 'CHEBI:100246 + n CHEBI:15378 = CHEBI:100246 + n CHEBI:15378')]	5.34e-122	51.892
Q9F240	2.A.6.2.42	P31224	[('ethidium bromide  + n H+  = ethidium bromide  + n H+', 'CHEBI:4883 + n CHEBI:15378 = CHEBI:4883 + n CHEBI:15378'), ('norfloxacin  + n H+  = norfloxacin  + n H+', 'CHEBI:100246 + n CHEBI:15378 = CHEBI:100246 + n CHEBI:15378')]	0.0	63.977
Q9F240	2.A.6.2.42	P24181	[('ethidium bromide  + n H+  = ethidium bromide  + n H+', 'CHEBI:4883 + n CHEBI:15378 = CHEBI:4883 + n CHEBI:15378'), ('norfloxacin  + n H+  = norfloxacin  + n H+', 'CHEBI:100246 + n CHEBI:15378 = CHEBI:100246 + n CHEBI:15378')]	0.0	61.079
Q9F240	2.A.6.2.42	P24177	[('ethidium bromide  + n H+  = ethidium bromide  + n H+', 'CHEBI:4883 + n CHEBI:15378 = CHEBI:4883 + n CHEBI:15378'), ('norfloxacin  + n H+  = norfloxacin  + n H+', 'CHEBI:100246 + n CHEBI:15378 = CHEBI:100246 + n CHEBI:15378')]	0.0	61.825
Q9F240	2.A.6.2.42	P37637	[('ethidium bromide  + n H+  = ethidium bromide  + n H+', 'CHEBI:4883 + n CHEBI:15378 = CHEBI:4883 + n CHEBI:15378'), ('norfloxacin  + n H+  = norfloxacin  + n H+', 'CHEBI:100246 + n CHEBI:15378 = CHEBI:100246 + n CHEBI:15378')]	0.0	58.229
Q8Y3G9	2.A.6.2.45	P24180	[('antimicrobial agent  + n H+  = antimicrobial agent  + n H+', 'CHEBI:22582 + n CHEBI:15378 = CHEBI:22582 + n CHEBI:15378'), ('phytoalexin  + n H+  = phytoalexin  + n H+', 'CHEBI:26115 + n CHEBI:15378 = CHEBI:26115 + n CHEBI:15378'), ('detergent  + n H+  = detergent  + n H+', 'CHEBI:27780 + n CHEBI:15378 = CHEBI:27780 + n CHEBI:15378')]	3.17e-113	51.724
Q8Y3G9	2.A.6.2.45	P0AE06	[('antimicrobial agent  + n H+  = antimicrobial agent  + n H+', 'CHEBI:22582 + n CHEBI:15378 = CHEBI:22582 + n CHEBI:15378'), ('phytoalexin  + n H+  = phytoalexin  + n H+', 'CHEBI:26115 + n CHEBI:15378 = CHEBI:26115 + n CHEBI:15378'), ('detergent  + n H+  = detergent  + n H+', 'CHEBI:27780 + n CHEBI:15378 = CHEBI:27780 + n CHEBI:15378')]	1.22e-124	55.291
Q8Y3H0	2.A.6.2.45	P31224	[('antimicrobial agent  + n H+  = antimicrobial agent  + n H+', 'CHEBI:22582 + n CHEBI:15378 = CHEBI:22582 + n CHEBI:15378'), ('phytoalexin  + n H+  = phytoalexin  + n H+', 'CHEBI:26115 + n CHEBI:15378 = CHEBI:26115 + n CHEBI:15378'), ('detergent  + n H+  = detergent  + n H+', 'CHEBI:27780 + n CHEBI:15378 = CHEBI:27780 + n CHEBI:15378')]	0.0	55.821
Q8Y3H0	2.A.6.2.45	P24181	[('antimicrobial agent  + n H+  = antimicrobial agent  + n H+', 'CHEBI:22582 + n CHEBI:15378 = CHEBI:22582 + n CHEBI:15378'), ('phytoalexin  + n H+  = phytoalexin  + n H+', 'CHEBI:26115 + n CHEBI:15378 = CHEBI:26115 + n CHEBI:15378'), ('detergent  + n H+  = detergent  + n H+', 'CHEBI:27780 + n CHEBI:15378 = CHEBI:27780 + n CHEBI:15378')]	0.0	56.95
Q8Y3H0	2.A.6.2.45	P24177	[('antimicrobial agent  + n H+  = antimicrobial agent  + n H+', 'CHEBI:22582 + n CHEBI:15378 = CHEBI:22582 + n CHEBI:15378'), ('phytoalexin  + n H+  = phytoalexin  + n H+', 'CHEBI:26115 + n CHEBI:15378 = CHEBI:26115 + n CHEBI:15378'), ('detergent  + n H+  = detergent  + n H+', 'CHEBI:27780 + n CHEBI:15378 = CHEBI:27780 + n CHEBI:15378')]	0.0	54.554
Q8Y3H0	2.A.6.2.45	P37637	[('antimicrobial agent  + n H+  = antimicrobial agent  + n H+', 'CHEBI:22582 + n CHEBI:15378 = CHEBI:22582 + n CHEBI:15378'), ('phytoalexin  + n H+  = phytoalexin  + n H+', 'CHEBI:26115 + n CHEBI:15378 = CHEBI:26115 + n CHEBI:15378'), ('detergent  + n H+  = detergent  + n H+', 'CHEBI:27780 + n CHEBI:15378 = CHEBI:27780 + n CHEBI:15378')]	0.0	53.091
Q0VQY6	2.A.6.2.46	P31224	[('limonene  + n H+  = limonene  + n H+', 'CHEBI:15384 + n CHEBI:15378 = CHEBI:15384 + n CHEBI:15378')]	0.0	69.738
Q0VQY6	2.A.6.2.46	P24181	[('limonene  + n H+  = limonene  + n H+', 'CHEBI:15384 + n CHEBI:15378 = CHEBI:15384 + n CHEBI:15378')]	0.0	68.447
Q0VQY6	2.A.6.2.46	P24177	[('limonene  + n H+  = limonene  + n H+', 'CHEBI:15384 + n CHEBI:15378 = CHEBI:15384 + n CHEBI:15378')]	0.0	63.813
Q0VQY6	2.A.6.2.46	P37637	[('limonene  + n H+  = limonene  + n H+', 'CHEBI:15384 + n CHEBI:15378 = CHEBI:15384 + n CHEBI:15378')]	0.0	63.01
E3DBE3	2.A.6.2.48	P31224	[('luteolin  + n H+  = luteolin  + n H+', 'CHEBI:15864 + n CHEBI:15378 = CHEBI:15864 + n CHEBI:15378'), ('clotrimazole  + n H+  = clotrimazole  + n H+', 'CHEBI:3764 + n CHEBI:15378 = CHEBI:3764 + n CHEBI:15378')]	0.0	64.547
E3DBE3	2.A.6.2.48	P24181	[('luteolin  + n H+  = luteolin  + n H+', 'CHEBI:15864 + n CHEBI:15378 = CHEBI:15864 + n CHEBI:15378'), ('clotrimazole  + n H+  = clotrimazole  + n H+', 'CHEBI:3764 + n CHEBI:15378 = CHEBI:3764 + n CHEBI:15378')]	0.0	61.725
E3DBE3	2.A.6.2.48	P24177	[('luteolin  + n H+  = luteolin  + n H+', 'CHEBI:15864 + n CHEBI:15378 = CHEBI:15864 + n CHEBI:15378'), ('clotrimazole  + n H+  = clotrimazole  + n H+', 'CHEBI:3764 + n CHEBI:15378 = CHEBI:3764 + n CHEBI:15378')]	0.0	79.556
E3DBE3	2.A.6.2.48	P37637	[('luteolin  + n H+  = luteolin  + n H+', 'CHEBI:15864 + n CHEBI:15378 = CHEBI:15864 + n CHEBI:15378'), ('clotrimazole  + n H+  = clotrimazole  + n H+', 'CHEBI:3764 + n CHEBI:15378 = CHEBI:3764 + n CHEBI:15378')]	0.0	60.31
Q93K41	2.A.6.2.49	P37636	[('levofloxacin  + n H+  = levofloxacin  + n H+', 'CHEBI:63598 + n CHEBI:15378 = CHEBI:63598 + n CHEBI:15378'), ('tigecycline  + n H+  = tigecycline  + n H+', 'CHEBI:149836 + n CHEBI:15378 = CHEBI:149836 + n CHEBI:15378'), ('drug  + n H+  = drug  + n H+', 'CHEBI:23888 + n CHEBI:15378 = CHEBI:23888 + n CHEBI:15378')]	1.1199999999999998e-126	50.895
Q93K41	2.A.6.2.49	P24180	[('levofloxacin  + n H+  = levofloxacin  + n H+', 'CHEBI:63598 + n CHEBI:15378 = CHEBI:63598 + n CHEBI:15378'), ('tigecycline  + n H+  = tigecycline  + n H+', 'CHEBI:149836 + n CHEBI:15378 = CHEBI:149836 + n CHEBI:15378'), ('drug  + n H+  = drug  + n H+', 'CHEBI:23888 + n CHEBI:15378 = CHEBI:23888 + n CHEBI:15378')]	8.31e-170	64.191
Q93K41	2.A.6.2.49	P0AE06	[('levofloxacin  + n H+  = levofloxacin  + n H+', 'CHEBI:63598 + n CHEBI:15378 = CHEBI:63598 + n CHEBI:15378'), ('tigecycline  + n H+  = tigecycline  + n H+', 'CHEBI:149836 + n CHEBI:15378 = CHEBI:149836 + n CHEBI:15378'), ('drug  + n H+  = drug  + n H+', 'CHEBI:23888 + n CHEBI:15378 = CHEBI:23888 + n CHEBI:15378')]	0.0	81.454
A6T6J1	2.A.6.2.49	P0AAW9	[('levofloxacin  + n H+  = levofloxacin  + n H+', 'CHEBI:63598 + n CHEBI:15378 = CHEBI:63598 + n CHEBI:15378'), ('tigecycline  + n H+  = tigecycline  + n H+', 'CHEBI:149836 + n CHEBI:15378 = CHEBI:149836 + n CHEBI:15378'), ('drug  + n H+  = drug  + n H+', 'CHEBI:23888 + n CHEBI:15378 = CHEBI:23888 + n CHEBI:15378')]	3.47e-25	87.755
P52002	2.A.6.2.6	P31224	[('colistin  + n H+  = colistin  + n H+', 'CHEBI:37943 + n CHEBI:15378 = CHEBI:37943 + n CHEBI:15378'), ('chloramphenicol  + n H+  = chloramphenicol  + n H+', 'CHEBI:17698 + n CHEBI:15378 = CHEBI:17698 + n CHEBI:15378'), ('beta-lactam  + n H+  = beta-lactam  + n H+', 'CHEBI:35627 + n CHEBI:15378 = CHEBI:35627 + n CHEBI:15378'), ('acrolein  + n H+  = acrolein  + n H+', 'CHEBI:15368 + n CHEBI:15378 = CHEBI:15368 + n CHEBI:15378'), ('tetracycline  + n H+  = tetracycline  + n H+', 'CHEBI:27902 + n CHEBI:15378 = CHEBI:27902 + n CHEBI:15378'), ('4-terpineol  + n H+  = 4-terpineol  + n H+', 'CHEBI:78884 + n CHEBI:15378 = CHEBI:78884 + n CHEBI:15378'), ('1,8-cineole  + n H+  = 1,8-cineole  + n H+', 'CHEBI:27961 + n CHEBI:15378 = CHEBI:27961 + n CHEBI:15378'), ('fluoroquinolone antibiotic  + n H+  = fluoroquinolone antibiotic  + n H+', 'CHEBI:87211 + n CHEBI:15378 = CHEBI:87211 + n CHEBI:15378'), ('macrolide  + n H+  = macrolide  + n H+', 'CHEBI:25106 + n CHEBI:15378 = CHEBI:25106 + n CHEBI:15378')]	0.0	69.943
P52002	2.A.6.2.6	P24181	[('colistin  + n H+  = colistin  + n H+', 'CHEBI:37943 + n CHEBI:15378 = CHEBI:37943 + n CHEBI:15378'), ('chloramphenicol  + n H+  = chloramphenicol  + n H+', 'CHEBI:17698 + n CHEBI:15378 = CHEBI:17698 + n CHEBI:15378'), ('beta-lactam  + n H+  = beta-lactam  + n H+', 'CHEBI:35627 + n CHEBI:15378 = CHEBI:35627 + n CHEBI:15378'), ('acrolein  + n H+  = acrolein  + n H+', 'CHEBI:15368 + n CHEBI:15378 = CHEBI:15368 + n CHEBI:15378'), ('tetracycline  + n H+  = tetracycline  + n H+', 'CHEBI:27902 + n CHEBI:15378 = CHEBI:27902 + n CHEBI:15378'), ('4-terpineol  + n H+  = 4-terpineol  + n H+', 'CHEBI:78884 + n CHEBI:15378 = CHEBI:78884 + n CHEBI:15378'), ('1,8-cineole  + n H+  = 1,8-cineole  + n H+', 'CHEBI:27961 + n CHEBI:15378 = CHEBI:27961 + n CHEBI:15378'), ('fluoroquinolone antibiotic  + n H+  = fluoroquinolone antibiotic  + n H+', 'CHEBI:87211 + n CHEBI:15378 = CHEBI:87211 + n CHEBI:15378'), ('macrolide  + n H+  = macrolide  + n H+', 'CHEBI:25106 + n CHEBI:15378 = CHEBI:25106 + n CHEBI:15378')]	0.0	66.925
P52002	2.A.6.2.6	P24177	[('colistin  + n H+  = colistin  + n H+', 'CHEBI:37943 + n CHEBI:15378 = CHEBI:37943 + n CHEBI:15378'), ('chloramphenicol  + n H+  = chloramphenicol  + n H+', 'CHEBI:17698 + n CHEBI:15378 = CHEBI:17698 + n CHEBI:15378'), ('beta-lactam  + n H+  = beta-lactam  + n H+', 'CHEBI:35627 + n CHEBI:15378 = CHEBI:35627 + n CHEBI:15378'), ('acrolein  + n H+  = acrolein  + n H+', 'CHEBI:15368 + n CHEBI:15378 = CHEBI:15368 + n CHEBI:15378'), ('tetracycline  + n H+  = tetracycline  + n H+', 'CHEBI:27902 + n CHEBI:15378 = CHEBI:27902 + n CHEBI:15378'), ('4-terpineol  + n H+  = 4-terpineol  + n H+', 'CHEBI:78884 + n CHEBI:15378 = CHEBI:78884 + n CHEBI:15378'), ('1,8-cineole  + n H+  = 1,8-cineole  + n H+', 'CHEBI:27961 + n CHEBI:15378 = CHEBI:27961 + n CHEBI:15378'), ('fluoroquinolone antibiotic  + n H+  = fluoroquinolone antibiotic  + n H+', 'CHEBI:87211 + n CHEBI:15378 = CHEBI:87211 + n CHEBI:15378'), ('macrolide  + n H+  = macrolide  + n H+', 'CHEBI:25106 + n CHEBI:15378 = CHEBI:25106 + n CHEBI:15378')]	0.0	61.979
P52002	2.A.6.2.6	P37637	[('colistin  + n H+  = colistin  + n H+', 'CHEBI:37943 + n CHEBI:15378 = CHEBI:37943 + n CHEBI:15378'), ('chloramphenicol  + n H+  = chloramphenicol  + n H+', 'CHEBI:17698 + n CHEBI:15378 = CHEBI:17698 + n CHEBI:15378'), ('beta-lactam  + n H+  = beta-lactam  + n H+', 'CHEBI:35627 + n CHEBI:15378 = CHEBI:35627 + n CHEBI:15378'), ('acrolein  + n H+  = acrolein  + n H+', 'CHEBI:15368 + n CHEBI:15378 = CHEBI:15368 + n CHEBI:15378'), ('tetracycline  + n H+  = tetracycline  + n H+', 'CHEBI:27902 + n CHEBI:15378 = CHEBI:27902 + n CHEBI:15378'), ('4-terpineol  + n H+  = 4-terpineol  + n H+', 'CHEBI:78884 + n CHEBI:15378 = CHEBI:78884 + n CHEBI:15378'), ('1,8-cineole  + n H+  = 1,8-cineole  + n H+', 'CHEBI:27961 + n CHEBI:15378 = CHEBI:27961 + n CHEBI:15378'), ('fluoroquinolone antibiotic  + n H+  = fluoroquinolone antibiotic  + n H+', 'CHEBI:87211 + n CHEBI:15378 = CHEBI:87211 + n CHEBI:15378'), ('macrolide  + n H+  = macrolide  + n H+', 'CHEBI:25106 + n CHEBI:15378 = CHEBI:25106 + n CHEBI:15378')]	0.0	62.73
P52477	2.A.6.2.6	P24180	[('colistin  + n H+  = colistin  + n H+', 'CHEBI:37943 + n CHEBI:15378 = CHEBI:37943 + n CHEBI:15378'), ('chloramphenicol  + n H+  = chloramphenicol  + n H+', 'CHEBI:17698 + n CHEBI:15378 = CHEBI:17698 + n CHEBI:15378'), ('beta-lactam  + n H+  = beta-lactam  + n H+', 'CHEBI:35627 + n CHEBI:15378 = CHEBI:35627 + n CHEBI:15378'), ('acrolein  + n H+  = acrolein  + n H+', 'CHEBI:15368 + n CHEBI:15378 = CHEBI:15368 + n CHEBI:15378'), ('tetracycline  + n H+  = tetracycline  + n H+', 'CHEBI:27902 + n CHEBI:15378 = CHEBI:27902 + n CHEBI:15378'), ('4-terpineol  + n H+  = 4-terpineol  + n H+', 'CHEBI:78884 + n CHEBI:15378 = CHEBI:78884 + n CHEBI:15378'), ('1,8-cineole  + n H+  = 1,8-cineole  + n H+', 'CHEBI:27961 + n CHEBI:15378 = CHEBI:27961 + n CHEBI:15378'), ('fluoroquinolone antibiotic  + n H+  = fluoroquinolone antibiotic  + n H+', 'CHEBI:87211 + n CHEBI:15378 = CHEBI:87211 + n CHEBI:15378'), ('macrolide  + n H+  = macrolide  + n H+', 'CHEBI:25106 + n CHEBI:15378 = CHEBI:25106 + n CHEBI:15378')]	9.94e-130	53.678
P52477	2.A.6.2.6	P0AE06	[('colistin  + n H+  = colistin  + n H+', 'CHEBI:37943 + n CHEBI:15378 = CHEBI:37943 + n CHEBI:15378'), ('chloramphenicol  + n H+  = chloramphenicol  + n H+', 'CHEBI:17698 + n CHEBI:15378 = CHEBI:17698 + n CHEBI:15378'), ('beta-lactam  + n H+  = beta-lactam  + n H+', 'CHEBI:35627 + n CHEBI:15378 = CHEBI:35627 + n CHEBI:15378'), ('acrolein  + n H+  = acrolein  + n H+', 'CHEBI:15368 + n CHEBI:15378 = CHEBI:15368 + n CHEBI:15378'), ('tetracycline  + n H+  = tetracycline  + n H+', 'CHEBI:27902 + n CHEBI:15378 = CHEBI:27902 + n CHEBI:15378'), ('4-terpineol  + n H+  = 4-terpineol  + n H+', 'CHEBI:78884 + n CHEBI:15378 = CHEBI:78884 + n CHEBI:15378'), ('1,8-cineole  + n H+  = 1,8-cineole  + n H+', 'CHEBI:27961 + n CHEBI:15378 = CHEBI:27961 + n CHEBI:15378'), ('fluoroquinolone antibiotic  + n H+  = fluoroquinolone antibiotic  + n H+', 'CHEBI:87211 + n CHEBI:15378 = CHEBI:87211 + n CHEBI:15378'), ('macrolide  + n H+  = macrolide  + n H+', 'CHEBI:25106 + n CHEBI:15378 = CHEBI:25106 + n CHEBI:15378')]	1.51e-141	59.299
P24177	2.A.6.2.7	P31224	[('copper(2+)  + n H+  = copper(2+)  + n H+', 'CHEBI:29036 + n CHEBI:15378 = CHEBI:29036 + n CHEBI:15378'), ('zinc(2+)  + n H+  = zinc(2+)  + n H+', 'CHEBI:29105 + n CHEBI:15378 = CHEBI:29105 + n CHEBI:15378'), ('sodium dodecyl sulfate  + n H+  = sodium dodecyl sulfate  + n H+', 'CHEBI:8984 + n CHEBI:15378 = CHEBI:8984 + n CHEBI:15378'), ('deoxycholate  + n H+  = deoxycholate  + n H+', 'CHEBI:23614 + n CHEBI:15378 = CHEBI:23614 + n CHEBI:15378'), ('L-cysteine  + n H+  = L-cysteine  + n H+', 'CHEBI:17561 + n CHEBI:15378 = CHEBI:17561 + n CHEBI:15378'), ('amikacin  + n H+  = amikacin  + n H+', 'CHEBI:2637 + n CHEBI:15378 = CHEBI:2637 + n CHEBI:15378'), ('amino cyclitol glycoside  + n H+  = amino cyclitol glycoside  + n H+', 'CHEBI:22479 + n CHEBI:15378 = CHEBI:22479 + n CHEBI:15378'), ('gentamycin  + n H+  = gentamycin  + n H+', 'CHEBI:24212 + n CHEBI:15378 = CHEBI:24212 + n CHEBI:15378'), ('kanamycin  + n H+  = kanamycin  + n H+', 'CHEBI:6104 + n CHEBI:15378 = CHEBI:6104 + n CHEBI:15378'), ('tobramycin  + n H+  = tobramycin  + n H+', 'CHEBI:28864 + n CHEBI:15378 = CHEBI:28864 + n CHEBI:15378'), ('neomycin  + n H+  = neomycin  + n H+', 'CHEBI:7507 + n CHEBI:15378 = CHEBI:7507 + n CHEBI:15378'), ('17beta-estradiol  + n H+  = 17beta-estradiol  + n H+', 'CHEBI:16469 + n CHEBI:15378 = CHEBI:16469 + n CHEBI:15378'), ('progesterone  + n H+  = progesterone  + n H+', 'CHEBI:17026 + n CHEBI:15378 = CHEBI:17026 + n CHEBI:15378')]	0.0	66.12
P24177	2.A.6.2.7	P24181	[('copper(2+)  + n H+  = copper(2+)  + n H+', 'CHEBI:29036 + n CHEBI:15378 = CHEBI:29036 + n CHEBI:15378'), ('zinc(2+)  + n H+  = zinc(2+)  + n H+', 'CHEBI:29105 + n CHEBI:15378 = CHEBI:29105 + n CHEBI:15378'), ('sodium dodecyl sulfate  + n H+  = sodium dodecyl sulfate  + n H+', 'CHEBI:8984 + n CHEBI:15378 = CHEBI:8984 + n CHEBI:15378'), ('deoxycholate  + n H+  = deoxycholate  + n H+', 'CHEBI:23614 + n CHEBI:15378 = CHEBI:23614 + n CHEBI:15378'), ('L-cysteine  + n H+  = L-cysteine  + n H+', 'CHEBI:17561 + n CHEBI:15378 = CHEBI:17561 + n CHEBI:15378'), ('amikacin  + n H+  = amikacin  + n H+', 'CHEBI:2637 + n CHEBI:15378 = CHEBI:2637 + n CHEBI:15378'), ('amino cyclitol glycoside  + n H+  = amino cyclitol glycoside  + n H+', 'CHEBI:22479 + n CHEBI:15378 = CHEBI:22479 + n CHEBI:15378'), ('gentamycin  + n H+  = gentamycin  + n H+', 'CHEBI:24212 + n CHEBI:15378 = CHEBI:24212 + n CHEBI:15378'), ('kanamycin  + n H+  = kanamycin  + n H+', 'CHEBI:6104 + n CHEBI:15378 = CHEBI:6104 + n CHEBI:15378'), ('tobramycin  + n H+  = tobramycin  + n H+', 'CHEBI:28864 + n CHEBI:15378 = CHEBI:28864 + n CHEBI:15378'), ('neomycin  + n H+  = neomycin  + n H+', 'CHEBI:7507 + n CHEBI:15378 = CHEBI:7507 + n CHEBI:15378'), ('17beta-estradiol  + n H+  = 17beta-estradiol  + n H+', 'CHEBI:16469 + n CHEBI:15378 = CHEBI:16469 + n CHEBI:15378'), ('progesterone  + n H+  = progesterone  + n H+', 'CHEBI:17026 + n CHEBI:15378 = CHEBI:17026 + n CHEBI:15378')]	0.0	62.5
P24177	2.A.6.2.7	P24177	[('copper(2+)  + n H+  = copper(2+)  + n H+', 'CHEBI:29036 + n CHEBI:15378 = CHEBI:29036 + n CHEBI:15378'), ('zinc(2+)  + n H+  = zinc(2+)  + n H+', 'CHEBI:29105 + n CHEBI:15378 = CHEBI:29105 + n CHEBI:15378'), ('sodium dodecyl sulfate  + n H+  = sodium dodecyl sulfate  + n H+', 'CHEBI:8984 + n CHEBI:15378 = CHEBI:8984 + n CHEBI:15378'), ('deoxycholate  + n H+  = deoxycholate  + n H+', 'CHEBI:23614 + n CHEBI:15378 = CHEBI:23614 + n CHEBI:15378'), ('L-cysteine  + n H+  = L-cysteine  + n H+', 'CHEBI:17561 + n CHEBI:15378 = CHEBI:17561 + n CHEBI:15378'), ('amikacin  + n H+  = amikacin  + n H+', 'CHEBI:2637 + n CHEBI:15378 = CHEBI:2637 + n CHEBI:15378'), ('amino cyclitol glycoside  + n H+  = amino cyclitol glycoside  + n H+', 'CHEBI:22479 + n CHEBI:15378 = CHEBI:22479 + n CHEBI:15378'), ('gentamycin  + n H+  = gentamycin  + n H+', 'CHEBI:24212 + n CHEBI:15378 = CHEBI:24212 + n CHEBI:15378'), ('kanamycin  + n H+  = kanamycin  + n H+', 'CHEBI:6104 + n CHEBI:15378 = CHEBI:6104 + n CHEBI:15378'), ('tobramycin  + n H+  = tobramycin  + n H+', 'CHEBI:28864 + n CHEBI:15378 = CHEBI:28864 + n CHEBI:15378'), ('neomycin  + n H+  = neomycin  + n H+', 'CHEBI:7507 + n CHEBI:15378 = CHEBI:7507 + n CHEBI:15378'), ('17beta-estradiol  + n H+  = 17beta-estradiol  + n H+', 'CHEBI:16469 + n CHEBI:15378 = CHEBI:16469 + n CHEBI:15378'), ('progesterone  + n H+  = progesterone  + n H+', 'CHEBI:17026 + n CHEBI:15378 = CHEBI:17026 + n CHEBI:15378')]	0.0	100.0
P24177	2.A.6.2.7	P37637	[('copper(2+)  + n H+  = copper(2+)  + n H+', 'CHEBI:29036 + n CHEBI:15378 = CHEBI:29036 + n CHEBI:15378'), ('zinc(2+)  + n H+  = zinc(2+)  + n H+', 'CHEBI:29105 + n CHEBI:15378 = CHEBI:29105 + n CHEBI:15378'), ('sodium dodecyl sulfate  + n H+  = sodium dodecyl sulfate  + n H+', 'CHEBI:8984 + n CHEBI:15378 = CHEBI:8984 + n CHEBI:15378'), ('deoxycholate  + n H+  = deoxycholate  + n H+', 'CHEBI:23614 + n CHEBI:15378 = CHEBI:23614 + n CHEBI:15378'), ('L-cysteine  + n H+  = L-cysteine  + n H+', 'CHEBI:17561 + n CHEBI:15378 = CHEBI:17561 + n CHEBI:15378'), ('amikacin  + n H+  = amikacin  + n H+', 'CHEBI:2637 + n CHEBI:15378 = CHEBI:2637 + n CHEBI:15378'), ('amino cyclitol glycoside  + n H+  = amino cyclitol glycoside  + n H+', 'CHEBI:22479 + n CHEBI:15378 = CHEBI:22479 + n CHEBI:15378'), ('gentamycin  + n H+  = gentamycin  + n H+', 'CHEBI:24212 + n CHEBI:15378 = CHEBI:24212 + n CHEBI:15378'), ('kanamycin  + n H+  = kanamycin  + n H+', 'CHEBI:6104 + n CHEBI:15378 = CHEBI:6104 + n CHEBI:15378'), ('tobramycin  + n H+  = tobramycin  + n H+', 'CHEBI:28864 + n CHEBI:15378 = CHEBI:28864 + n CHEBI:15378'), ('neomycin  + n H+  = neomycin  + n H+', 'CHEBI:7507 + n CHEBI:15378 = CHEBI:7507 + n CHEBI:15378'), ('17beta-estradiol  + n H+  = 17beta-estradiol  + n H+', 'CHEBI:16469 + n CHEBI:15378 = CHEBI:16469 + n CHEBI:15378'), ('progesterone  + n H+  = progesterone  + n H+', 'CHEBI:17026 + n CHEBI:15378 = CHEBI:17026 + n CHEBI:15378')]	0.0	61.143
Q9KJC2	2.A.6.2.8	P31224	[('chloramphenicol  + n H+  = chloramphenicol  + n H+', 'CHEBI:17698 + n CHEBI:15378 = CHEBI:17698 + n CHEBI:15378'), ('carbenicillin  + n H+  = carbenicillin  + n H+', 'CHEBI:3393 + n CHEBI:15378 = CHEBI:3393 + n CHEBI:15378'), ('novobiocin  + n H+  = novobiocin  + n H+', 'CHEBI:28368 + n CHEBI:15378 = CHEBI:28368 + n CHEBI:15378'), ('tetracycline  + n H+  = tetracycline  + n H+', 'CHEBI:27902 + n CHEBI:15378 = CHEBI:27902 + n CHEBI:15378'), ('streptomycin  + n H+  = streptomycin  + n H+', 'CHEBI:17076 + n CHEBI:15378 = CHEBI:17076 + n CHEBI:15378'), ('erythromycin A  + n H+  = erythromycin A  + n H+', 'CHEBI:42355 + n CHEBI:15378 = CHEBI:42355 + n CHEBI:15378')]	0.0	65.736
Q9KJC2	2.A.6.2.8	P24181	[('chloramphenicol  + n H+  = chloramphenicol  + n H+', 'CHEBI:17698 + n CHEBI:15378 = CHEBI:17698 + n CHEBI:15378'), ('carbenicillin  + n H+  = carbenicillin  + n H+', 'CHEBI:3393 + n CHEBI:15378 = CHEBI:3393 + n CHEBI:15378'), ('novobiocin  + n H+  = novobiocin  + n H+', 'CHEBI:28368 + n CHEBI:15378 = CHEBI:28368 + n CHEBI:15378'), ('tetracycline  + n H+  = tetracycline  + n H+', 'CHEBI:27902 + n CHEBI:15378 = CHEBI:27902 + n CHEBI:15378'), ('streptomycin  + n H+  = streptomycin  + n H+', 'CHEBI:17076 + n CHEBI:15378 = CHEBI:17076 + n CHEBI:15378'), ('erythromycin A  + n H+  = erythromycin A  + n H+', 'CHEBI:42355 + n CHEBI:15378 = CHEBI:42355 + n CHEBI:15378')]	0.0	64.666
Q9KJC2	2.A.6.2.8	P24177	[('chloramphenicol  + n H+  = chloramphenicol  + n H+', 'CHEBI:17698 + n CHEBI:15378 = CHEBI:17698 + n CHEBI:15378'), ('carbenicillin  + n H+  = carbenicillin  + n H+', 'CHEBI:3393 + n CHEBI:15378 = CHEBI:3393 + n CHEBI:15378'), ('novobiocin  + n H+  = novobiocin  + n H+', 'CHEBI:28368 + n CHEBI:15378 = CHEBI:28368 + n CHEBI:15378'), ('tetracycline  + n H+  = tetracycline  + n H+', 'CHEBI:27902 + n CHEBI:15378 = CHEBI:27902 + n CHEBI:15378'), ('streptomycin  + n H+  = streptomycin  + n H+', 'CHEBI:17076 + n CHEBI:15378 = CHEBI:17076 + n CHEBI:15378'), ('erythromycin A  + n H+  = erythromycin A  + n H+', 'CHEBI:42355 + n CHEBI:15378 = CHEBI:42355 + n CHEBI:15378')]	0.0	58.96
Q9KJC2	2.A.6.2.8	P37637	[('chloramphenicol  + n H+  = chloramphenicol  + n H+', 'CHEBI:17698 + n CHEBI:15378 = CHEBI:17698 + n CHEBI:15378'), ('carbenicillin  + n H+  = carbenicillin  + n H+', 'CHEBI:3393 + n CHEBI:15378 = CHEBI:3393 + n CHEBI:15378'), ('novobiocin  + n H+  = novobiocin  + n H+', 'CHEBI:28368 + n CHEBI:15378 = CHEBI:28368 + n CHEBI:15378'), ('tetracycline  + n H+  = tetracycline  + n H+', 'CHEBI:27902 + n CHEBI:15378 = CHEBI:27902 + n CHEBI:15378'), ('streptomycin  + n H+  = streptomycin  + n H+', 'CHEBI:17076 + n CHEBI:15378 = CHEBI:17076 + n CHEBI:15378'), ('erythromycin A  + n H+  = erythromycin A  + n H+', 'CHEBI:42355 + n CHEBI:15378 = CHEBI:42355 + n CHEBI:15378')]	0.0	59.381
O52248	2.A.6.2.9	P31224	[('acetate  + n H+  = acetate  + n H+', 'CHEBI:30089 + n CHEBI:15378 = CHEBI:30089 + n CHEBI:15378'), ('styrene  + n H+  = styrene  + n H+', 'CHEBI:27452 + n CHEBI:15378 = CHEBI:27452 + n CHEBI:15378'), ('m-xylene  + n H+  = m-xylene  + n H+', 'CHEBI:28488 + n CHEBI:15378 = CHEBI:28488 + n CHEBI:15378'), ('toluene  + n H+  = toluene  + n H+', 'CHEBI:17578 + n CHEBI:15378 = CHEBI:17578 + n CHEBI:15378'), ('propylbenzene  + n H+  = propylbenzene  + n H+', 'CHEBI:42630 + n CHEBI:15378 = CHEBI:42630 + n CHEBI:15378'), ('alpha-pinene  + n H+  = alpha-pinene  + n H+', 'CHEBI:36740 + n CHEBI:15378 = CHEBI:36740 + n CHEBI:15378')]	0.0	65.736
O52248	2.A.6.2.9	P24181	[('acetate  + n H+  = acetate  + n H+', 'CHEBI:30089 + n CHEBI:15378 = CHEBI:30089 + n CHEBI:15378'), ('styrene  + n H+  = styrene  + n H+', 'CHEBI:27452 + n CHEBI:15378 = CHEBI:27452 + n CHEBI:15378'), ('m-xylene  + n H+  = m-xylene  + n H+', 'CHEBI:28488 + n CHEBI:15378 = CHEBI:28488 + n CHEBI:15378'), ('toluene  + n H+  = toluene  + n H+', 'CHEBI:17578 + n CHEBI:15378 = CHEBI:17578 + n CHEBI:15378'), ('propylbenzene  + n H+  = propylbenzene  + n H+', 'CHEBI:42630 + n CHEBI:15378 = CHEBI:42630 + n CHEBI:15378'), ('alpha-pinene  + n H+  = alpha-pinene  + n H+', 'CHEBI:36740 + n CHEBI:15378 = CHEBI:36740 + n CHEBI:15378')]	0.0	64.666
O52248	2.A.6.2.9	P24177	[('acetate  + n H+  = acetate  + n H+', 'CHEBI:30089 + n CHEBI:15378 = CHEBI:30089 + n CHEBI:15378'), ('styrene  + n H+  = styrene  + n H+', 'CHEBI:27452 + n CHEBI:15378 = CHEBI:27452 + n CHEBI:15378'), ('m-xylene  + n H+  = m-xylene  + n H+', 'CHEBI:28488 + n CHEBI:15378 = CHEBI:28488 + n CHEBI:15378'), ('toluene  + n H+  = toluene  + n H+', 'CHEBI:17578 + n CHEBI:15378 = CHEBI:17578 + n CHEBI:15378'), ('propylbenzene  + n H+  = propylbenzene  + n H+', 'CHEBI:42630 + n CHEBI:15378 = CHEBI:42630 + n CHEBI:15378'), ('alpha-pinene  + n H+  = alpha-pinene  + n H+', 'CHEBI:36740 + n CHEBI:15378 = CHEBI:36740 + n CHEBI:15378')]	0.0	58.96
O52248	2.A.6.2.9	P37637	[('acetate  + n H+  = acetate  + n H+', 'CHEBI:30089 + n CHEBI:15378 = CHEBI:30089 + n CHEBI:15378'), ('styrene  + n H+  = styrene  + n H+', 'CHEBI:27452 + n CHEBI:15378 = CHEBI:27452 + n CHEBI:15378'), ('m-xylene  + n H+  = m-xylene  + n H+', 'CHEBI:28488 + n CHEBI:15378 = CHEBI:28488 + n CHEBI:15378'), ('toluene  + n H+  = toluene  + n H+', 'CHEBI:17578 + n CHEBI:15378 = CHEBI:17578 + n CHEBI:15378'), ('propylbenzene  + n H+  = propylbenzene  + n H+', 'CHEBI:42630 + n CHEBI:15378 = CHEBI:42630 + n CHEBI:15378'), ('alpha-pinene  + n H+  = alpha-pinene  + n H+', 'CHEBI:36740 + n CHEBI:15378 = CHEBI:36740 + n CHEBI:15378')]	0.0	59.439
Q9WWZ9	2.A.6.2.9	P24180	[('acetate  + n H+  = acetate  + n H+', 'CHEBI:30089 + n CHEBI:15378 = CHEBI:30089 + n CHEBI:15378'), ('styrene  + n H+  = styrene  + n H+', 'CHEBI:27452 + n CHEBI:15378 = CHEBI:27452 + n CHEBI:15378'), ('m-xylene  + n H+  = m-xylene  + n H+', 'CHEBI:28488 + n CHEBI:15378 = CHEBI:28488 + n CHEBI:15378'), ('toluene  + n H+  = toluene  + n H+', 'CHEBI:17578 + n CHEBI:15378 = CHEBI:17578 + n CHEBI:15378'), ('propylbenzene  + n H+  = propylbenzene  + n H+', 'CHEBI:42630 + n CHEBI:15378 = CHEBI:42630 + n CHEBI:15378'), ('alpha-pinene  + n H+  = alpha-pinene  + n H+', 'CHEBI:36740 + n CHEBI:15378 = CHEBI:36740 + n CHEBI:15378')]	6.22e-121	51.105
Q9WWZ9	2.A.6.2.9	P0AE06	[('acetate  + n H+  = acetate  + n H+', 'CHEBI:30089 + n CHEBI:15378 = CHEBI:30089 + n CHEBI:15378'), ('styrene  + n H+  = styrene  + n H+', 'CHEBI:27452 + n CHEBI:15378 = CHEBI:27452 + n CHEBI:15378'), ('m-xylene  + n H+  = m-xylene  + n H+', 'CHEBI:28488 + n CHEBI:15378 = CHEBI:28488 + n CHEBI:15378'), ('toluene  + n H+  = toluene  + n H+', 'CHEBI:17578 + n CHEBI:15378 = CHEBI:17578 + n CHEBI:15378'), ('propylbenzene  + n H+  = propylbenzene  + n H+', 'CHEBI:42630 + n CHEBI:15378 = CHEBI:42630 + n CHEBI:15378'), ('alpha-pinene  + n H+  = alpha-pinene  + n H+', 'CHEBI:36740 + n CHEBI:15378 = CHEBI:36740 + n CHEBI:15378')]	5.66e-135	54.787
P0AG90	2.A.6.4.1	P0AG90	[('hydron  + n H+  = hydron  + n H+', 'CHEBI:15378 + n CHEBI:15378 = CHEBI:15378 + n CHEBI:15378'), ('protein polypeptide chain  + n H+  = protein polypeptide chain  + n H+', 'CHEBI:8526 + n CHEBI:15378 = CHEBI:8526 + n CHEBI:15378')]	0.0	100.0
P0AG93	2.A.6.4.1	P0AG93	[('hydron  + n H+  = hydron  + n H+', 'CHEBI:15378 + n CHEBI:15378 = CHEBI:15378 + n CHEBI:15378'), ('protein polypeptide chain  + n H+  = protein polypeptide chain  + n H+', 'CHEBI:8526 + n CHEBI:15378 = CHEBI:8526 + n CHEBI:15378')]	0.0	100.0
P0ABP3	2.A.61.1.1	P0ABP3	[('fumarate + 3 H(+) = fumarate + 3 H(+)', 'CHEBI:29806 + 3 CHEBI:15378 = CHEBI:29806 + 3 CHEBI:15378'), ('fumarate + succinate = fumarate + succinate', 'CHEBI:29806 + CHEBI:30031 = CHEBI:29806 + CHEBI:30031')]	0.0	100.0
P45428	2.A.61.1.2	P45428	[('no_reaction_identified', 'no_reaction_identified')]	0.0	100.0
P0A843	2.A.64.1.1	P69428	[('no_reaction_identified', 'no_reaction_identified')]	5.81e-11	55.882
P0A843	2.A.64.1.1	P0A843	[('no_reaction_identified', 'no_reaction_identified')]	4.55e-41	100.0
P69423	2.A.64.1.1	P69423	[('no_reaction_identified', 'no_reaction_identified')]	0.0	100.0
P69425	2.A.64.1.1	P69425	[('no_reaction_identified', 'no_reaction_identified')]	3.1800000000000005e-123	100.0
P69428	2.A.64.1.1	P69428	[('no_reaction_identified', 'no_reaction_identified')]	1.36e-59	100.0
P69428	2.A.64.1.1	P0A843	[('no_reaction_identified', 'no_reaction_identified')]	3.71e-19	55.882
Q6MK41	2.A.64.1.3	P0A843	[('no_reaction_identified', 'no_reaction_identified')]	8.28e-07	54.286
O82855	2.A.66.1.1	P37340	[('no_reaction_identified', 'no_reaction_identified')]	0.0	57.753
Q9KRU4	2.A.66.1.2	P37340	[('no_reaction_identified', 'no_reaction_identified')]	5.4400000000000004e-179	55.677
D5CJ69	2.A.66.1.22	P76352	[('no_reaction_identified', 'no_reaction_identified')]	0.0	81.838
P76352	2.A.66.1.23	P76352	[('no_reaction_identified', 'no_reaction_identified')]	0.0	100.0
P37340	2.A.66.1.3	P37340	[('no_reaction_identified', 'no_reaction_identified')]	0.0	100.0
P28303	2.A.66.1.4	P28303	[('no_reaction_identified', 'no_reaction_identified')]	0.0	100.0
L8CW92	2.A.66.12.6	Q46841	[('no_reaction_identified', 'no_reaction_identified')]	0.0	99.155
P37746	2.A.66.2.1	P37746	[('no_reaction_identified', 'no_reaction_identified')]	0.0	100.0
P0AAA7	2.A.66.2.3	P0AAA7	[('no_reaction_identified', 'no_reaction_identified')]	0.0	100.0
P77377	2.A.66.2.7	P77377	[('no_reaction_identified', 'no_reaction_identified')]	0.0	100.0
P37169	2.A.66.4.1	P0AF16	[('no_reaction_identified', 'no_reaction_identified')]	0.0	94.314
P0AF16	2.A.66.4.3	P0AF16	[('no_reaction_identified', 'no_reaction_identified')]	0.0	100.0
B1JXG0	2.A.66.4.7	P0AF16	[('no_reaction_identified', 'no_reaction_identified')]	3.42e-165	53.592
P46133	2.A.68.1.1	P46133	[('N-(4-aminobenzoyl)-L-glutamate + H(+) = N-(4-aminobenzoyl)-L-glutamate + H(+)', 'CHEBI:60903 + CHEBI:15378 = CHEBI:60903 + CHEBI:15378')]	0.0	100.0
P0AA50	2.A.69.3.5	P0AA49	[('no_reaction_identified', 'no_reaction_identified')]	0.0	100.0
D5CES3	2.A.7.1.10	P69937	[('no_reaction_identified', 'no_reaction_identified')]	1.82e-58	87.619
Q2FD83	2.A.7.1.11	P23895	[('no_reaction_identified', 'no_reaction_identified')]	5.39e-32	53.333
P23895	2.A.7.1.3	P23895	[('no_reaction_identified', 'no_reaction_identified')]	1.51e-75	100.0
P69937	2.A.7.1.4	P69937	[('no_reaction_identified', 'no_reaction_identified')]	3.7299999999999996e-67	100.0
P69210	2.A.7.1.9	P69210	[('no_reaction_identified', 'no_reaction_identified')]	5.0100000000000006e-70	100.0
P69213	2.A.7.1.9	P69212	[('no_reaction_identified', 'no_reaction_identified')]	7.45e-81	100.0
V2FAS1	2.A.7.17.1	P46136	[('no_reaction_identified', 'no_reaction_identified')]	3.49e-170	85.616
P46136	2.A.7.17.2	P46136	[('L-glutamate = L-glutamate', 'CHEBI:29985 = CHEBI:29985'), ('L-lysine = L-lysine', 'CHEBI:32551 = CHEBI:32551'), ('L-valine = L-valine', 'CHEBI:57762 = CHEBI:57762'), ('L-tryptophan = L-tryptophan', 'CHEBI:57912 = CHEBI:57912'), ('L-isoleucine = L-isoleucine', 'CHEBI:58045 = CHEBI:58045'), ('L-tyrosine = L-tyrosine', 'CHEBI:58315 = CHEBI:58315'), ('L-threonine = L-threonine', 'CHEBI:57926 = CHEBI:57926'), ('L-methionine = L-methionine', 'CHEBI:57844 = CHEBI:57844'), ('L-phenylalanine = L-phenylalanine', 'CHEBI:58095 = CHEBI:58095')]	0.0	100.0
P76111	2.A.7.21.2	P76111	[('no_reaction_identified', 'no_reaction_identified')]	8.74e-101	100.0
Q47377	2.A.7.22.1	Q47377	[('no_reaction_identified', 'no_reaction_identified')]	4.12e-75	100.0
P76474	2.A.7.22.1	P76474	[('no_reaction_identified', 'no_reaction_identified')]	5.43e-87	100.0
Q8Z537	2.A.7.22.2	P76474	[('no_reaction_identified', 'no_reaction_identified')]	1.49e-50	67.2
P81891	2.A.7.22.2	Q47377	[('no_reaction_identified', 'no_reaction_identified')]	3.0299999999999997e-45	74.49
P76169	2.A.7.26.1	P76169	[('no_reaction_identified', 'no_reaction_identified')]	1.5500000000000002e-72	100.0
O06933	2.A.7.3.1	P0ADP5	[('no_reaction_identified', 'no_reaction_identified')]	6.27e-95	52.313
P31437	2.A.7.3.12	P31437	[('no_reaction_identified', 'no_reaction_identified')]	0.0	100.0
E1ILD8	2.A.7.3.18	P0AA73	[('no_reaction_identified', 'no_reaction_identified')]	0.0	100.0
P39314	2.A.7.3.19	P39314	[('no_reaction_identified', 'no_reaction_identified')]	0.0	100.0
P31125	2.A.7.3.2	P31125	[('no_reaction_identified', 'no_reaction_identified')]	0.0	100.0
p0aa70	2.A.7.3.22	P0AA70	[('no_reaction_identified', 'no_reaction_identified')]	0.0	100.0
P0ABT9	2.A.7.3.26	P0ABT8	[('no_reaction_identified', 'no_reaction_identified')]	0.0	100.0
P0AA67	2.A.7.3.6	P0AA67	[('no_reaction_identified', 'no_reaction_identified')]	0.0	100.0
P0ADP5	2.A.7.3.61	P0ADP5	[('biotin = biotin', 'CHEBI:57586 = CHEBI:57586')]	0.0	100.0
P27125	2.A.7.6.1	P27125	[('L-mannopyranose + H(+) = L-mannopyranose + H(+)', 'CHEBI:37677 + CHEBI:15378 = CHEBI:37677 + CHEBI:15378'), ('L-lyxopyranose + H(+) = L-lyxopyranose + H(+)', 'CHEBI:62321 + CHEBI:15378 = CHEBI:62321 + CHEBI:15378'), ('L-rhamnopyranose + H(+) = L-rhamnopyranose + H(+)', 'CHEBI:62346 + CHEBI:15378 = CHEBI:62346 + CHEBI:15378')]	0.0	100.0
P27844	2.A.7.7.2	P27844	[('no_reaction_identified', 'no_reaction_identified')]	0.0	100.0
P63183	2.A.72.1.1	P63183	[('K(+) + H(+) = K(+) + H(+)', 'CHEBI:29103 + CHEBI:15378 = CHEBI:29103 + CHEBI:15378')]	0.0	100.0
P76460	2.A.73.1.1	P76460	[('no_reaction_identified', 'no_reaction_identified')]	0.0	100.0
P11667	2.A.75.1.2	P11667	[('L-arginine = L-arginine', 'CHEBI:32682 = CHEBI:32682')]	2.67e-152	100.0
P0AG34	2.A.76.1.1	P0AG34	[('no_reaction_identified', 'no_reaction_identified')]	1.6399999999999998e-147	100.0
P0AG38	2.A.76.1.2	P0AG38	[('no_reaction_identified', 'no_reaction_identified')]	3.34e-149	100.0
P75693	2.A.76.1.3	P75693	[('no_reaction_identified', 'no_reaction_identified')]	6.39e-162	100.0
P38101	2.A.76.1.4	P38101	[('L-cysteine = L-cysteine', 'CHEBI:35235 = CHEBI:35235'), ('O-acetyl-L-serine = O-acetyl-L-serine', 'CHEBI:58340 = CHEBI:58340')]	2.91e-140	100.0
P76249	2.A.76.1.5	P76249	[('L-leucine + H(+) = L-leucine + H(+)', 'CHEBI:57427 + CHEBI:15378 = CHEBI:57427 + CHEBI:15378')]	4.4699999999999995e-152	100.0
P43667	2.A.78.1.3	P43667	[('no_reaction_identified', 'no_reaction_identified')]	5.18e-76	100.0
P76630	2.A.78.1.3	P76630	[('no_reaction_identified', 'no_reaction_identified')]	4.33e-178	100.0
P0ADD5	2.A.79.2.1	P0ADD5	[('no_reaction_identified', 'no_reaction_identified')]	0.0	100.0
P0ADD2	2.A.79.2.1	P0ADD2	[('no_reaction_identified', 'no_reaction_identified')]	5.12e-111	100.0
P12012	2.A.8.1.1	P39357	[('no_reaction_identified', 'no_reaction_identified')]	0.0	59.556
P12012	2.A.8.1.1	P39344	[('no_reaction_identified', 'no_reaction_identified')]	3.19e-148	50.114
P12012	2.A.8.1.1	P39835	[('no_reaction_identified', 'no_reaction_identified')]	3.23e-155	50.554
P39357	2.A.8.1.11	P39357	[('no_reaction_identified', 'no_reaction_identified')]	0.0	100.0
P39344	2.A.8.1.2	P39344	[('D-gluconate + H(+) = D-gluconate + H(+)', 'CHEBI:18391 + CHEBI:15378 = CHEBI:18391 + CHEBI:15378'), ('5-dehydro-D-gluconate + H(+) = 5-dehydro-D-gluconate + H(+)', 'CHEBI:58143 + CHEBI:15378 = CHEBI:58143 + CHEBI:15378'), ('L-idonate + H(+) = L-idonate + H(+)', 'CHEBI:17796 + CHEBI:15378 = CHEBI:17796 + CHEBI:15378')]	0.0	100.0
P39344	2.A.8.1.2	P39835	[('D-gluconate + H(+) = D-gluconate + H(+)', 'CHEBI:18391 + CHEBI:15378 = CHEBI:18391 + CHEBI:15378'), ('5-dehydro-D-gluconate + H(+) = 5-dehydro-D-gluconate + H(+)', 'CHEBI:58143 + CHEBI:15378 = CHEBI:58143 + CHEBI:15378'), ('L-idonate + H(+) = L-idonate + H(+)', 'CHEBI:17796 + CHEBI:15378 = CHEBI:17796 + CHEBI:15378')]	0.0	61.872
P0AC94	2.A.8.1.3	P0AC94	[('no_reaction_identified', 'no_reaction_identified')]	0.0	100.0
P39835	2.A.8.1.4	P39344	[('no_reaction_identified', 'no_reaction_identified')]	0.0	61.872
P39835	2.A.8.1.4	P39835	[('no_reaction_identified', 'no_reaction_identified')]	0.0	100.0
P08555	2.A.8.1.5	P08555	[('no_reaction_identified', 'no_reaction_identified')]	0.0	100.0
Q46892	2.A.8.1.7	Q46892	[('no_reaction_identified', 'no_reaction_identified')]	0.0	100.0
P0AC96	2.A.8.1.8	P0AC96	[('no_reaction_identified', 'no_reaction_identified')]	0.0	100.0
A7ZJR5	2.A.81.1.4	P60869	[('no_reaction_identified', 'no_reaction_identified')]	0.0	99.822
B7L824	2.A.81.1.5	P60872	[('no_reaction_identified', 'no_reaction_identified')]	0.0	100.0
P75870	2.A.85.1.1	P75870	[('no_reaction_identified', 'no_reaction_identified')]	0.0	100.0
P46481	2.A.85.1.2	P46481	[('no_reaction_identified', 'no_reaction_identified')]	0.0	100.0
P45537	2.A.85.1.3	P45537	[('no_reaction_identified', 'no_reaction_identified')]	0.0	100.0
Q8ZPN4	2.A.85.1.5	P76186	[('no_reaction_identified', 'no_reaction_identified')]	0.0	84.776
Q8X638	2.A.85.1.6	P76186	[('no_reaction_identified', 'no_reaction_identified')]	0.0	99.403
P32715	2.A.85.6.1	P32715	[('no_reaction_identified', 'no_reaction_identified')]	0.0	100.0
P33011	2.A.85.7.1	P33011	[('no_reaction_identified', 'no_reaction_identified')]	0.0	100.0
P0AFI9	2.A.86.1.1	P0AFI9	[('no_reaction_identified', 'no_reaction_identified')]	0.0	100.0
P0AGM0	2.A.86.1.2	P0AGM0	[('no_reaction_identified', 'no_reaction_identified')]	0.0	100.0
P0AFS5	2.A.86.1.4	P0AFS5	[('(2R,4S)-2-methyltetrahydrofuran-2,3,3,4-tetrol = (2R,4S)-2-methyltetrahydrofuran-2,3,3,4-tetrol', 'CHEBI:44800 = CHEBI:44800')]	0.0	100.0
B1LE48	2.A.86.2.1	P0AFS7	[('no_reaction_identified', 'no_reaction_identified')]	0.0	99.459
B3WJF3	2.A.88.8.6	P37619	[('no_reaction_identified', 'no_reaction_identified')]	1.68e-160	99.548
P25714	2.A.9.3.1	P25714	[('no_reaction_identified', 'no_reaction_identified')]	0.0	100.0
P0AEY1	2.A.95.1.1	P0AEY1	[('no_reaction_identified', 'no_reaction_identified')]	2.1e-159	100.0
P67143	2.A.95.1.5	P67143	[('no_reaction_identified', 'no_reaction_identified')]	9.35e-137	100.0
P25743	2.A.95.1.7	P25743	[('no_reaction_identified', 'no_reaction_identified')]	5.18e-155	100.0
P0AC98	2.A.96.1.1	P0AC98	[('no_reaction_identified', 'no_reaction_identified')]	2.8999999999999997e-131	100.0
WP_026391967.1	2.A.96.1.8	P0AC98	[('no_reaction_identified', 'no_reaction_identified')]	9.92e-61	55.135
WP_048050534.1	2.A.96.1.9	P0AC98	[('no_reaction_identified', 'no_reaction_identified')]	1.98e-69	59.239
P62723	2.A.98.1.3	P62723	[('no_reaction_identified', 'no_reaction_identified')]	0.0	100.0
P02929	2.C.1.1.1	P02929	[('no_reaction_identified', 'no_reaction_identified')]	2.52e-171	100.0
P19934	2.C.1.2.1	P19934	[('no_reaction_identified', 'no_reaction_identified')]	0.0	100.0
P45955	2.C.1.2.1	P45955	[('no_reaction_identified', 'no_reaction_identified')]	0.0	100.0
C6EJJ6	2.C.1.2.1	P0A912	[('no_reaction_identified', 'no_reaction_identified')]	3.24e-128	100.0
P0A855	2.C.1.2.1	P0A855	[('no_reaction_identified', 'no_reaction_identified')]	0.0	100.0
P02916	3.A.1.1.1	P02916	[('maltooligosaccharide  + ATP = maltooligosaccharide  + ADP + Pi', 'CHEBI:17593 + CHEBI:15422 = CHEBI:17593 + CHEBI:16761 + CHEBI:18367'), ('maltose  + ATP = maltose  + ADP + Pi', 'CHEBI:17306 + CHEBI:15422 = CHEBI:17306 + CHEBI:16761 + CHEBI:18367'), ('D-maltose + ATP + H2O = D-maltose + ADP + phosphate + H(+)', 'CHEBI:17306 + CHEBI:30616 + CHEBI:15377 = CHEBI:17306 + CHEBI:456216 + CHEBI:43474 + CHEBI:15378')]	0.0	100.0
P0AEX9	3.A.1.1.1	P0AEX9	[('maltooligosaccharide  + ATP = maltooligosaccharide  + ADP + Pi', 'CHEBI:17593 + CHEBI:15422 = CHEBI:17593 + CHEBI:16761 + CHEBI:18367'), ('maltose  + ATP = maltose  + ADP + Pi', 'CHEBI:17306 + CHEBI:15422 = CHEBI:17306 + CHEBI:16761 + CHEBI:18367'), ('D-maltose + ATP + H2O = D-maltose + ADP + phosphate + H(+)', 'CHEBI:17306 + CHEBI:30616 + CHEBI:15377 = CHEBI:17306 + CHEBI:456216 + CHEBI:43474 + CHEBI:15378')]	0.0	100.0
P68183	3.A.1.1.1	P68183	[('maltooligosaccharide  + ATP = maltooligosaccharide  + ADP + Pi', 'CHEBI:17593 + CHEBI:15422 = CHEBI:17593 + CHEBI:16761 + CHEBI:18367'), ('maltose  + ATP = maltose  + ADP + Pi', 'CHEBI:17306 + CHEBI:15422 = CHEBI:17306 + CHEBI:16761 + CHEBI:18367'), ('D-maltose + ATP + H2O = D-maltose + ADP + phosphate + H(+)', 'CHEBI:17306 + CHEBI:30616 + CHEBI:15377 = CHEBI:17306 + CHEBI:456216 + CHEBI:43474 + CHEBI:15378')]	0.0	100.0
P68187	3.A.1.1.1	P68187	[('maltooligosaccharide  + ATP = maltooligosaccharide  + ADP + Pi', 'CHEBI:17593 + CHEBI:15422 = CHEBI:17593 + CHEBI:16761 + CHEBI:18367'), ('maltose  + ATP = maltose  + ADP + Pi', 'CHEBI:17306 + CHEBI:15422 = CHEBI:17306 + CHEBI:16761 + CHEBI:18367'), ('D-maltose + ATP + H2O = D-maltose + ADP + phosphate + H(+)', 'CHEBI:17306 + CHEBI:30616 + CHEBI:15377 = CHEBI:17306 + CHEBI:456216 + CHEBI:43474 + CHEBI:15378')]	0.0	100.0
Q9KWT9	3.A.1.1.10	P68187	[('alginic acid  + ATP = alginic acid  + ADP + Pi', 'CHEBI:17548 + CHEBI:15422 = CHEBI:17548 + CHEBI:16761 + CHEBI:18367')]	3.19e-112	50.136
Q9KWT9	3.A.1.1.10	P77481	[('alginic acid  + ATP = alginic acid  + ADP + Pi', 'CHEBI:17548 + CHEBI:15422 = CHEBI:17548 + CHEBI:16761 + CHEBI:18367')]	7.5e-136	52.846
Q9KWT9	3.A.1.1.10	P10907	[('alginic acid  + ATP = alginic acid  + ADP + Pi', 'CHEBI:17548 + CHEBI:15422 = CHEBI:17548 + CHEBI:16761 + CHEBI:18367')]	4.710000000000001e-124	51.253
Q9AI63	3.A.1.1.12	P68187	[('6-O-alpha-D-glucopyranosyl-D-fructofuranose  + ATP = 6-O-alpha-D-glucopyranosyl-D-fructofuranose  + ADP + Pi', 'CHEBI:18394 + CHEBI:15422 = CHEBI:18394 + CHEBI:16761 + CHEBI:18367')]	5.37e-131	53.699
Q9AI63	3.A.1.1.12	P10907	[('6-O-alpha-D-glucopyranosyl-D-fructofuranose  + ATP = 6-O-alpha-D-glucopyranosyl-D-fructofuranose  + ADP + Pi', 'CHEBI:18394 + CHEBI:15422 = CHEBI:18394 + CHEBI:16761 + CHEBI:18367')]	1.4e-116	50.954
Q8TZQ3	3.A.1.1.16	P77481	[('maltooligosaccharide  + ATP = maltooligosaccharide  + ADP + Pi', 'CHEBI:17593 + CHEBI:15422 = CHEBI:17593 + CHEBI:16761 + CHEBI:18367')]	2.7399999999999998e-120	51.206
Q9R9Q4	3.A.1.1.17	P10907	[('alpha,alpha-trehalose  + ATP = alpha,alpha-trehalose  + ADP + Pi', 'CHEBI:16551 + CHEBI:15422 = CHEBI:16551 + CHEBI:16761 + CHEBI:18367'), ('maltose  + ATP = maltose  + ADP + Pi', 'CHEBI:17306 + CHEBI:15422 = CHEBI:17306 + CHEBI:16761 + CHEBI:18367'), ('sucrose  + ATP = sucrose  + ADP + Pi', 'CHEBI:17992 + CHEBI:15422 = CHEBI:17992 + CHEBI:16761 + CHEBI:18367')]	2.36e-110	50.142
Q8L122	3.A.1.1.19	P69874	[('6-O-alpha-D-glucopyranosyl-D-fructofuranose  + ATP = 6-O-alpha-D-glucopyranosyl-D-fructofuranose  + ADP + Pi', 'CHEBI:18394 + CHEBI:15422 = CHEBI:18394 + CHEBI:16761 + CHEBI:18367')]	1.4800000000000001e-58	50.262
Q7WWQ6	3.A.1.1.20	P77481	[('solute  + ATP = solute  + ADP + Pi', 'solute + CHEBI:15422 = solute + CHEBI:16761 + CHEBI:18367'), ('substrate  + ATP = substrate  + ADP + Pi', 'substrate + CHEBI:15422 = substrate + CHEBI:16761 + CHEBI:18367')]	1.07e-145	58.933
Q9X103	3.A.1.1.22	P68187	[('alpha,alpha-trehalose  + ATP = alpha,alpha-trehalose  + ADP + Pi', 'CHEBI:16551 + CHEBI:15422 = CHEBI:16551 + CHEBI:16761 + CHEBI:18367'), ('maltose  + ATP = maltose  + ADP + Pi', 'CHEBI:17306 + CHEBI:15422 = CHEBI:17306 + CHEBI:16761 + CHEBI:18367'), ('alpha-maltotriose  + ATP = alpha-maltotriose  + ADP + Pi', 'CHEBI:27931 + CHEBI:15422 = CHEBI:27931 + CHEBI:16761 + CHEBI:18367'), ('maltotetraose  + ATP = maltotetraose  + ADP + Pi', 'CHEBI:28460 + CHEBI:15422 = CHEBI:28460 + CHEBI:16761 + CHEBI:18367')]	8.1e-108	51.212
Q9X103	3.A.1.1.22	P77481	[('alpha,alpha-trehalose  + ATP = alpha,alpha-trehalose  + ADP + Pi', 'CHEBI:16551 + CHEBI:15422 = CHEBI:16551 + CHEBI:16761 + CHEBI:18367'), ('maltose  + ATP = maltose  + ADP + Pi', 'CHEBI:17306 + CHEBI:15422 = CHEBI:17306 + CHEBI:16761 + CHEBI:18367'), ('alpha-maltotriose  + ATP = alpha-maltotriose  + ADP + Pi', 'CHEBI:27931 + CHEBI:15422 = CHEBI:27931 + CHEBI:16761 + CHEBI:18367'), ('maltotetraose  + ATP = maltotetraose  + ADP + Pi', 'CHEBI:28460 + CHEBI:15422 = CHEBI:28460 + CHEBI:16761 + CHEBI:18367')]	9.4e-139	54.987
Q9X103	3.A.1.1.22	P69874	[('alpha,alpha-trehalose  + ATP = alpha,alpha-trehalose  + ADP + Pi', 'CHEBI:16551 + CHEBI:15422 = CHEBI:16551 + CHEBI:16761 + CHEBI:18367'), ('maltose  + ATP = maltose  + ADP + Pi', 'CHEBI:17306 + CHEBI:15422 = CHEBI:17306 + CHEBI:16761 + CHEBI:18367'), ('alpha-maltotriose  + ATP = alpha-maltotriose  + ADP + Pi', 'CHEBI:27931 + CHEBI:15422 = CHEBI:27931 + CHEBI:16761 + CHEBI:18367'), ('maltotetraose  + ATP = maltotetraose  + ADP + Pi', 'CHEBI:28460 + CHEBI:15422 = CHEBI:28460 + CHEBI:16761 + CHEBI:18367')]	2.89e-86	52.653
Q9X103	3.A.1.1.22	P10907	[('alpha,alpha-trehalose  + ATP = alpha,alpha-trehalose  + ADP + Pi', 'CHEBI:16551 + CHEBI:15422 = CHEBI:16551 + CHEBI:16761 + CHEBI:18367'), ('maltose  + ATP = maltose  + ADP + Pi', 'CHEBI:17306 + CHEBI:15422 = CHEBI:17306 + CHEBI:16761 + CHEBI:18367'), ('alpha-maltotriose  + ATP = alpha-maltotriose  + ADP + Pi', 'CHEBI:27931 + CHEBI:15422 = CHEBI:27931 + CHEBI:16761 + CHEBI:18367'), ('maltotetraose  + ATP = maltotetraose  + ADP + Pi', 'CHEBI:28460 + CHEBI:15422 = CHEBI:28460 + CHEBI:16761 + CHEBI:18367')]	1.15e-124	50.273
P96483	3.A.1.1.23	P77795	[('cellobiose  + ATP = cellobiose  + ADP + Pi', 'CHEBI:17057 + CHEBI:15422 = CHEBI:17057 + CHEBI:16761 + CHEBI:18367')]	4.65e-80	50.638
P96483	3.A.1.1.23	P69874	[('cellobiose  + ATP = cellobiose  + ADP + Pi', 'CHEBI:17057 + CHEBI:15422 = CHEBI:17057 + CHEBI:16761 + CHEBI:18367')]	2.45e-83	52.232
Q72L52	3.A.1.1.24	P68187	[('glucose  + ATP = glucose  + ADP + Pi', 'CHEBI:5418 + CHEBI:15422 = CHEBI:5418 + CHEBI:16761 + CHEBI:18367'), ('mannose  + ATP = mannose  + ADP + Pi', 'CHEBI:14575 + CHEBI:15422 = CHEBI:14575 + CHEBI:16761 + CHEBI:18367')]	4.41e-120	54.128
Q72L52	3.A.1.1.24	P77481	[('glucose  + ATP = glucose  + ADP + Pi', 'CHEBI:5418 + CHEBI:15422 = CHEBI:5418 + CHEBI:16761 + CHEBI:18367'), ('mannose  + ATP = mannose  + ADP + Pi', 'CHEBI:14575 + CHEBI:15422 = CHEBI:14575 + CHEBI:16761 + CHEBI:18367')]	2.21e-126	52.575
Q72L52	3.A.1.1.24	P10907	[('glucose  + ATP = glucose  + ADP + Pi', 'CHEBI:5418 + CHEBI:15422 = CHEBI:5418 + CHEBI:16761 + CHEBI:18367'), ('mannose  + ATP = mannose  + ADP + Pi', 'CHEBI:14575 + CHEBI:15422 = CHEBI:14575 + CHEBI:16761 + CHEBI:18367')]	1.2200000000000001e-117	50.273
P94360	3.A.1.1.26	P77481	[('maltose  + ATP = maltose  + ADP + Pi', 'CHEBI:17306 + CHEBI:15422 = CHEBI:17306 + CHEBI:16761 + CHEBI:18367')]	1.14e-170	63.836
Q8DT25	3.A.1.1.27	P68187	[('alpha,alpha-trehalose  + ATP = alpha,alpha-trehalose  + ADP + Pi', 'CHEBI:16551 + CHEBI:15422 = CHEBI:16551 + CHEBI:16761 + CHEBI:18367'), ('maltose  + ATP = maltose  + ADP + Pi', 'CHEBI:17306 + CHEBI:15422 = CHEBI:17306 + CHEBI:16761 + CHEBI:18367'), ('alpha-maltotriose  + ATP = alpha-maltotriose  + ADP + Pi', 'CHEBI:27931 + CHEBI:15422 = CHEBI:27931 + CHEBI:16761 + CHEBI:18367'), ('maltotetraose  + ATP = maltotetraose  + ADP + Pi', 'CHEBI:28460 + CHEBI:15422 = CHEBI:28460 + CHEBI:16761 + CHEBI:18367')]	9.059999999999999e-115	50.588
Q8DT25	3.A.1.1.27	P77481	[('alpha,alpha-trehalose  + ATP = alpha,alpha-trehalose  + ADP + Pi', 'CHEBI:16551 + CHEBI:15422 = CHEBI:16551 + CHEBI:16761 + CHEBI:18367'), ('maltose  + ATP = maltose  + ADP + Pi', 'CHEBI:17306 + CHEBI:15422 = CHEBI:17306 + CHEBI:16761 + CHEBI:18367'), ('alpha-maltotriose  + ATP = alpha-maltotriose  + ADP + Pi', 'CHEBI:27931 + CHEBI:15422 = CHEBI:27931 + CHEBI:16761 + CHEBI:18367'), ('maltotetraose  + ATP = maltotetraose  + ADP + Pi', 'CHEBI:28460 + CHEBI:15422 = CHEBI:28460 + CHEBI:16761 + CHEBI:18367')]	6.73e-146	56.383
Q00752	3.A.1.1.28	P77481	[('raffinose  + ATP = raffinose  + ADP + Pi', 'CHEBI:16634 + CHEBI:15422 = CHEBI:16634 + CHEBI:16761 + CHEBI:18367'), ('stachyose  + ATP = stachyose  + ADP + Pi', 'CHEBI:17164 + CHEBI:15422 = CHEBI:17164 + CHEBI:16761 + CHEBI:18367')]	1.0499999999999999e-150	57.743
P0AG80	3.A.1.1.3	P0AG80	[('glycerol 1-phosphate  + ATP = glycerol 1-phosphate  + ADP + Pi', 'CHEBI:14336 + CHEBI:15422 = CHEBI:14336 + CHEBI:16761 + CHEBI:18367'), ('glycerol 2-phosphate + ATP + H2O = glycerol 2-phosphate + ADP + phosphate + H(+)', 'CHEBI:58083 + CHEBI:30616 + CHEBI:15377 = CHEBI:58083 + CHEBI:456216 + CHEBI:43474 + CHEBI:15378'), ('sn-glycerol 3-phosphate + ATP + H2O = sn-glycerol 3-phosphate + ADP + phosphate + H(+)', 'CHEBI:57597 + CHEBI:30616 + CHEBI:15377 = CHEBI:57597 + CHEBI:456216 + CHEBI:43474 + CHEBI:15378')]	0.0	100.0
P10905	3.A.1.1.3	P10905	[('glycerol 1-phosphate  + ATP = glycerol 1-phosphate  + ADP + Pi', 'CHEBI:14336 + CHEBI:15422 = CHEBI:14336 + CHEBI:16761 + CHEBI:18367'), ('glycerol 2-phosphate + ATP + H2O = glycerol 2-phosphate + ADP + phosphate + H(+)', 'CHEBI:58083 + CHEBI:30616 + CHEBI:15377 = CHEBI:58083 + CHEBI:456216 + CHEBI:43474 + CHEBI:15378'), ('sn-glycerol 3-phosphate + ATP + H2O = sn-glycerol 3-phosphate + ADP + phosphate + H(+)', 'CHEBI:57597 + CHEBI:30616 + CHEBI:15377 = CHEBI:57597 + CHEBI:456216 + CHEBI:43474 + CHEBI:15378')]	0.0	100.0
P10906	3.A.1.1.3	P10906	[('glycerol 1-phosphate  + ATP = glycerol 1-phosphate  + ADP + Pi', 'CHEBI:14336 + CHEBI:15422 = CHEBI:14336 + CHEBI:16761 + CHEBI:18367'), ('glycerol 2-phosphate + ATP + H2O = glycerol 2-phosphate + ADP + phosphate + H(+)', 'CHEBI:58083 + CHEBI:30616 + CHEBI:15377 = CHEBI:58083 + CHEBI:456216 + CHEBI:43474 + CHEBI:15378'), ('sn-glycerol 3-phosphate + ATP + H2O = sn-glycerol 3-phosphate + ADP + phosphate + H(+)', 'CHEBI:57597 + CHEBI:30616 + CHEBI:15377 = CHEBI:57597 + CHEBI:456216 + CHEBI:43474 + CHEBI:15378')]	0.0	100.0
P10907	3.A.1.1.3	P10907	[('glycerol 1-phosphate  + ATP = glycerol 1-phosphate  + ADP + Pi', 'CHEBI:14336 + CHEBI:15422 = CHEBI:14336 + CHEBI:16761 + CHEBI:18367'), ('glycerol 2-phosphate + ATP + H2O = glycerol 2-phosphate + ADP + phosphate + H(+)', 'CHEBI:58083 + CHEBI:30616 + CHEBI:15377 = CHEBI:58083 + CHEBI:456216 + CHEBI:43474 + CHEBI:15378'), ('sn-glycerol 3-phosphate + ATP + H2O = sn-glycerol 3-phosphate + ADP + phosphate + H(+)', 'CHEBI:57597 + CHEBI:30616 + CHEBI:15377 = CHEBI:57597 + CHEBI:456216 + CHEBI:43474 + CHEBI:15378')]	0.0	100.0
O50454	3.A.1.1.31	P69874	[('solute  + ATP = solute  + ADP + Pi', 'solute + CHEBI:15422 = solute + CHEBI:16761 + CHEBI:18367'), ('substrate  + ATP = substrate  + ADP + Pi', 'substrate + CHEBI:15422 = substrate + CHEBI:16761 + CHEBI:18367')]	1.3200000000000001e-79	53.247
Q55035	3.A.1.1.32	P77481	[('1-O-(D-glucosyl)glycerol  + ATP = 1-O-(D-glucosyl)glycerol  + ADP + Pi', 'CHEBI:91033 + CHEBI:15422 = CHEBI:91033 + CHEBI:16761 + CHEBI:18367')]	1.08e-123	51.22
Q55035	3.A.1.1.32	P10907	[('1-O-(D-glucosyl)glycerol  + ATP = 1-O-(D-glucosyl)glycerol  + ADP + Pi', 'CHEBI:91033 + CHEBI:15422 = CHEBI:91033 + CHEBI:16761 + CHEBI:18367')]	7.65e-111	56.794
Q9L0Q1	3.A.1.1.33	P77795	[('N-acetyl-beta-D-glucosaminyl-(1->4)-N-acetyl-aldehydo-D-glucosamine  + ATP = N-acetyl-beta-D-glucosaminyl-(1->4)-N-acetyl-aldehydo-D-glucosamine  + ADP + Pi', 'CHEBI:50668 + CHEBI:15422 = CHEBI:50668 + CHEBI:16761 + CHEBI:18367')]	2.5399999999999997e-81	51.489
Q9L0Q1	3.A.1.1.33	P69874	[('N-acetyl-beta-D-glucosaminyl-(1->4)-N-acetyl-aldehydo-D-glucosamine  + ATP = N-acetyl-beta-D-glucosaminyl-(1->4)-N-acetyl-aldehydo-D-glucosamine  + ADP + Pi', 'CHEBI:50668 + CHEBI:15422 = CHEBI:50668 + CHEBI:16761 + CHEBI:18367')]	4.84e-80	50.893
O32151	3.A.1.1.34	P68187	[('arabinoside  + ATP = arabinoside  + ADP + Pi', 'CHEBI:22601 + CHEBI:15422 = CHEBI:22601 + CHEBI:16761 + CHEBI:18367')]	2.41e-116	52.134
O32151	3.A.1.1.34	P77481	[('arabinoside  + ATP = arabinoside  + ADP + Pi', 'CHEBI:22601 + CHEBI:15422 = CHEBI:22601 + CHEBI:16761 + CHEBI:18367')]	6.01e-145	57.493
O32151	3.A.1.1.34	P10907	[('arabinoside  + ATP = arabinoside  + ADP + Pi', 'CHEBI:22601 + CHEBI:15422 = CHEBI:22601 + CHEBI:16761 + CHEBI:18367')]	4.82e-124	51.213
Q9WYQ2	3.A.1.1.38	P69874	[('inositol phosphate  + ATP = inositol phosphate  + ADP + Pi', 'CHEBI:24846 + CHEBI:15422 = CHEBI:24846 + CHEBI:16761 + CHEBI:18367')]	3.62e-78	50.0
Q01937	3.A.1.1.4	P68187	[('alpha-lactose  + ATP = alpha-lactose  + ADP + Pi', 'CHEBI:36219 + CHEBI:15422 = CHEBI:36219 + CHEBI:16761 + CHEBI:18367')]	1.8900000000000002e-129	53.571
Q01937	3.A.1.1.4	P77481	[('alpha-lactose  + ATP = alpha-lactose  + ADP + Pi', 'CHEBI:36219 + CHEBI:15422 = CHEBI:36219 + CHEBI:16761 + CHEBI:18367')]	4.1500000000000004e-116	50.689
Q8NMV1	3.A.1.1.45	P77481	[('maltose  + ATP = maltose  + ADP + Pi', 'CHEBI:17306 + CHEBI:15422 = CHEBI:17306 + CHEBI:16761 + CHEBI:18367')]	1.33e-109	55.446
Q8NMV1	3.A.1.1.45	P69874	[('maltose  + ATP = maltose  + ADP + Pi', 'CHEBI:17306 + CHEBI:15422 = CHEBI:17306 + CHEBI:16761 + CHEBI:18367')]	5.789999999999999e-82	54.054
P76042	3.A.1.1.46	P76042	[('glucoside  + ATP = glucoside  + ADP + Pi', 'CHEBI:24278 + CHEBI:15422 = CHEBI:24278 + CHEBI:16761 + CHEBI:18367')]	0.0	100.0
P0AFR7	3.A.1.1.46	P0AFR7	[('glucoside  + ATP = glucoside  + ADP + Pi', 'CHEBI:24278 + CHEBI:15422 = CHEBI:24278 + CHEBI:16761 + CHEBI:18367')]	0.0	100.0
P77716	3.A.1.1.46	P77716	[('glucoside  + ATP = glucoside  + ADP + Pi', 'CHEBI:24278 + CHEBI:15422 = CHEBI:24278 + CHEBI:16761 + CHEBI:18367')]	0.0	100.0
P77481	3.A.1.1.46	P77481	[('glucoside  + ATP = glucoside  + ADP + Pi', 'CHEBI:24278 + CHEBI:15422 = CHEBI:24278 + CHEBI:16761 + CHEBI:18367')]	0.0	100.0
O30494	3.A.1.1.49	P68187	[('D-mannitol  + ATP = D-mannitol  + ADP + Pi', 'CHEBI:16899 + CHEBI:15422 = CHEBI:16899 + CHEBI:16761 + CHEBI:18367'), ('glucitol  + ATP = glucitol  + ADP + Pi', 'CHEBI:30911 + CHEBI:15422 = CHEBI:30911 + CHEBI:16761 + CHEBI:18367'), ('arabinitol  + ATP = arabinitol  + ADP + Pi', 'CHEBI:22605 + CHEBI:15422 = CHEBI:22605 + CHEBI:16761 + CHEBI:18367')]	6.93e-129	52.355
O30494	3.A.1.1.49	P10907	[('D-mannitol  + ATP = D-mannitol  + ADP + Pi', 'CHEBI:16899 + CHEBI:15422 = CHEBI:16899 + CHEBI:16761 + CHEBI:18367'), ('glucitol  + ATP = glucitol  + ADP + Pi', 'CHEBI:30911 + CHEBI:15422 = CHEBI:30911 + CHEBI:16761 + CHEBI:18367'), ('arabinitol  + ATP = arabinitol  + ADP + Pi', 'CHEBI:22605 + CHEBI:15422 = CHEBI:22605 + CHEBI:16761 + CHEBI:18367')]	2.26e-127	52.661
P54933	3.A.1.1.5	P69874	[('hexitol  + ATP = hexitol  + ADP + Pi', 'CHEBI:24583 + CHEBI:15422 = CHEBI:24583 + CHEBI:16761 + CHEBI:18367')]	1.05e-81	53.39
P54933	3.A.1.1.5	P10907	[('hexitol  + ATP = hexitol  + ADP + Pi', 'CHEBI:24583 + CHEBI:15422 = CHEBI:24583 + CHEBI:16761 + CHEBI:18367')]	8.33e-110	50.423
Q6MNM2	3.A.1.1.51	P69874	[('alpha,alpha-trehalose  + ATP = alpha,alpha-trehalose  + ADP + Pi', 'CHEBI:16551 + CHEBI:15422 = CHEBI:16551 + CHEBI:16761 + CHEBI:18367'), ('alpha-cyclodextrin  + ATP = alpha-cyclodextrin  + ADP + Pi', 'CHEBI:40585 + CHEBI:15422 = CHEBI:40585 + CHEBI:16761 + CHEBI:18367'), ('maltoheptaose heptasaccharide  + ATP = maltoheptaose heptasaccharide  + ADP + Pi', 'CHEBI:62009 + CHEBI:15422 = CHEBI:62009 + CHEBI:16761 + CHEBI:18367'), ('maltose  + ATP = maltose  + ADP + Pi', 'CHEBI:17306 + CHEBI:15422 = CHEBI:17306 + CHEBI:16761 + CHEBI:18367'), ('alpha-maltotriose  + ATP = alpha-maltotriose  + ADP + Pi', 'CHEBI:27931 + CHEBI:15422 = CHEBI:27931 + CHEBI:16761 + CHEBI:18367'), ('maltotetraose  + ATP = maltotetraose  + ADP + Pi', 'CHEBI:28460 + CHEBI:15422 = CHEBI:28460 + CHEBI:16761 + CHEBI:18367'), ('maltopentaose pentasaccharide  + ATP = maltopentaose pentasaccharide  + ADP + Pi', 'CHEBI:61996 + CHEBI:15422 = CHEBI:61996 + CHEBI:16761 + CHEBI:18367')]	1.08e-82	50.607
Q8YVZ3	3.A.1.1.52	P68187	[('esculin  + ATP = esculin  + ADP + Pi', 'CHEBI:4853 + CHEBI:15422 = CHEBI:4853 + CHEBI:16761 + CHEBI:18367'), ('maltose  + ATP = maltose  + ADP + Pi', 'CHEBI:17306 + CHEBI:15422 = CHEBI:17306 + CHEBI:16761 + CHEBI:18367'), ('sucrose  + ATP = sucrose  + ADP + Pi', 'CHEBI:17992 + CHEBI:15422 = CHEBI:17992 + CHEBI:16761 + CHEBI:18367'), ('beta-glucoside  + ATP = beta-glucoside  + ADP + Pi', 'CHEBI:60980 + CHEBI:15422 = CHEBI:60980 + CHEBI:16761 + CHEBI:18367'), ('glucose  + ATP = glucose  + ADP + Pi', 'CHEBI:5418 + CHEBI:15422 = CHEBI:5418 + CHEBI:16761 + CHEBI:18367'), ('fructose  + ATP = fructose  + ADP + Pi', 'CHEBI:5172 + CHEBI:15422 = CHEBI:5172 + CHEBI:16761 + CHEBI:18367')]	6.4e-107	50.61
WP_022543180.1	3.A.1.1.53	P69874	[('raffinose  + ATP = raffinose  + ADP + Pi', 'CHEBI:16634 + CHEBI:15422 = CHEBI:16634 + CHEBI:16761 + CHEBI:18367'), ('stachyose  + ATP = stachyose  + ADP + Pi', 'CHEBI:17164 + CHEBI:15422 = CHEBI:17164 + CHEBI:16761 + CHEBI:18367'), ('verbascose  + ATP = verbascose  + ADP + Pi', 'CHEBI:28586 + CHEBI:15422 = CHEBI:28586 + CHEBI:16761 + CHEBI:18367'), ('melibiose  + ATP = melibiose  + ADP + Pi', 'CHEBI:28053 + CHEBI:15422 = CHEBI:28053 + CHEBI:16761 + CHEBI:18367'), ('isomaltose  + ATP = isomaltose  + ADP + Pi', 'CHEBI:28189 + CHEBI:15422 = CHEBI:28189 + CHEBI:16761 + CHEBI:18367'), ('panose  + ATP = panose  + ADP + Pi', 'CHEBI:7912 + CHEBI:15422 = CHEBI:7912 + CHEBI:16761 + CHEBI:18367'), ('isomaltotriose  + ATP = isomaltotriose  + ADP + Pi', 'CHEBI:27649 + CHEBI:15422 = CHEBI:27649 + CHEBI:16761 + CHEBI:18367')]	5.96e-80	52.232
D4GP39	3.A.1.1.56	P69874	[('aldehydo-D-xylose  + ATP = aldehydo-D-xylose  + ADP + Pi', 'CHEBI:15936 + CHEBI:15422 = CHEBI:15936 + CHEBI:16761 + CHEBI:18367'), ('L-arabinopyranose  + ATP = L-arabinopyranose  + ADP + Pi', 'CHEBI:17535 + CHEBI:15422 = CHEBI:17535 + CHEBI:16761 + CHEBI:18367'), ('D-xylose + ATP + H2O = D-xylose + ADP + phosphate + H(+)', 'CHEBI:53455 + CHEBI:30616 + CHEBI:15377 = CHEBI:53455 + CHEBI:456216 + CHEBI:43474 + CHEBI:15378'), ('L-arabinose + ATP + H2O = L-arabinose + ADP + phosphate + H(+)', 'CHEBI:17535 + CHEBI:30616 + CHEBI:15377 = CHEBI:17535 + CHEBI:456216 + CHEBI:43474 + CHEBI:15378')]	2.25e-76	51.304
Q92T01	3.A.1.1.58	P68187	[('N-acetyl-beta-D-glucosamine  + ATP = N-acetyl-beta-D-glucosamine  + ADP + Pi', 'CHEBI:28009 + CHEBI:15422 = CHEBI:28009 + CHEBI:16761 + CHEBI:18367')]	1.23e-109	53.704
Q92T01	3.A.1.1.58	P69874	[('N-acetyl-beta-D-glucosamine  + ATP = N-acetyl-beta-D-glucosamine  + ADP + Pi', 'CHEBI:28009 + CHEBI:15422 = CHEBI:28009 + CHEBI:16761 + CHEBI:18367')]	6.27e-81	50.847
Q48394	3.A.1.1.6	P77481	[('cyclodextrin  + ATP = cyclodextrin  + ADP + Pi', 'CHEBI:23456 + CHEBI:15422 = CHEBI:23456 + CHEBI:16761 + CHEBI:18367')]	1.07e-121	50.811
O53482	3.A.1.1.61	P69874	[('solute  + ATP = solute  + ADP + Pi', 'solute + CHEBI:15422 = solute + CHEBI:16761 + CHEBI:18367'), ('substrate  + ATP = substrate  + ADP + Pi', 'substrate + CHEBI:15422 = substrate + CHEBI:16761 + CHEBI:18367')]	1.88e-84	51.502
F6BHH9	3.A.1.1.62	P77481	[('cyclodextrin  + ATP = cyclodextrin  + ADP + Pi', 'CHEBI:23456 + CHEBI:15422 = CHEBI:23456 + CHEBI:16761 + CHEBI:18367'), ('maltose  + ATP = maltose  + ADP + Pi', 'CHEBI:17306 + CHEBI:15422 = CHEBI:17306 + CHEBI:16761 + CHEBI:18367')]	3.18e-154	59.239
Q9Z3R9	3.A.1.1.8	P68187	[('alpha,alpha-trehalose  + ATP = alpha,alpha-trehalose  + ADP + Pi', 'CHEBI:16551 + CHEBI:15422 = CHEBI:16551 + CHEBI:16761 + CHEBI:18367'), ('maltose  + ATP = maltose  + ADP + Pi', 'CHEBI:17306 + CHEBI:15422 = CHEBI:17306 + CHEBI:16761 + CHEBI:18367'), ('sucrose  + ATP = sucrose  + ADP + Pi', 'CHEBI:17992 + CHEBI:15422 = CHEBI:17992 + CHEBI:16761 + CHEBI:18367')]	2.5499999999999997e-128	52.747
Q9Z3R9	3.A.1.1.8	P77481	[('alpha,alpha-trehalose  + ATP = alpha,alpha-trehalose  + ADP + Pi', 'CHEBI:16551 + CHEBI:15422 = CHEBI:16551 + CHEBI:16761 + CHEBI:18367'), ('maltose  + ATP = maltose  + ADP + Pi', 'CHEBI:17306 + CHEBI:15422 = CHEBI:17306 + CHEBI:16761 + CHEBI:18367'), ('sucrose  + ATP = sucrose  + ADP + Pi', 'CHEBI:17992 + CHEBI:15422 = CHEBI:17992 + CHEBI:16761 + CHEBI:18367')]	1.04e-114	50.704
P0A9U1	3.A.1.105.15	P0A9U1	[('drug  + ATP = drug  + ADP + Pi', 'CHEBI:23888 + CHEBI:15422 = CHEBI:23888 + CHEBI:16761 + CHEBI:18367')]	0.0	100.0
P75777	3.A.1.105.15	P75777	[('drug  + ATP = drug  + ADP + Pi', 'CHEBI:23888 + CHEBI:15422 = CHEBI:23888 + CHEBI:16761 + CHEBI:18367')]	0.0	100.0
P0AFP9	3.A.1.105.15	P0AFP9	[('drug  + ATP = drug  + ADP + Pi', 'CHEBI:23888 + CHEBI:15422 = CHEBI:23888 + CHEBI:16761 + CHEBI:18367')]	0.0	100.0
C6EIY9	3.A.1.105.15	P0AFQ2	[('drug  + ATP = drug  + ADP + Pi', 'CHEBI:23888 + CHEBI:15422 = CHEBI:23888 + CHEBI:16761 + CHEBI:18367')]	0.0	100.0
C8TJS4	3.A.1.105.16	P37624	[('solute  + ATP = solute  + ADP + Pi', 'solute + CHEBI:15422 = solute + CHEBI:16761 + CHEBI:18367'), ('substrate  + ATP = substrate  + ADP + Pi', 'substrate + CHEBI:15422 = substrate + CHEBI:16761 + CHEBI:18367')]	0.0	99.561
P0AGH1	3.A.1.105.16	P0AGH1	[('solute  + ATP = solute  + ADP + Pi', 'solute + CHEBI:15422 = solute + CHEBI:16761 + CHEBI:18367'), ('substrate  + ATP = substrate  + ADP + Pi', 'substrate + CHEBI:15422 = substrate + CHEBI:16761 + CHEBI:18367')]	0.0	100.0
P37626	3.A.1.105.16	P37626	[('solute  + ATP = solute  + ADP + Pi', 'solute + CHEBI:15422 = solute + CHEBI:16761 + CHEBI:18367'), ('substrate  + ATP = substrate  + ADP + Pi', 'substrate + CHEBI:15422 = substrate + CHEBI:16761 + CHEBI:18367')]	0.0	100.0
P0AFN6	3.A.1.105.17	P0AFN6	[('phospholipid  + ATP = phospholipid  + ADP + Pi', 'CHEBI:8150 + CHEBI:15422 = CHEBI:8150 + CHEBI:16761 + CHEBI:18367'), ('polyketide  + ATP = polyketide  + ADP + Pi', 'CHEBI:26188 + CHEBI:15422 = CHEBI:26188 + CHEBI:16761 + CHEBI:18367')]	0.0	100.0
P36879	3.A.1.105.17	P36879	[('phospholipid  + ATP = phospholipid  + ADP + Pi', 'CHEBI:8150 + CHEBI:15422 = CHEBI:8150 + CHEBI:16761 + CHEBI:18367'), ('polyketide  + ATP = polyketide  + ADP + Pi', 'CHEBI:26188 + CHEBI:15422 = CHEBI:26188 + CHEBI:16761 + CHEBI:18367')]	0.0	100.0
P60752	3.A.1.106.1	P60752	[('phospholipid  + ATP = phospholipid  + ADP + Pi', 'CHEBI:8150 + CHEBI:15422 = CHEBI:8150 + CHEBI:16761 + CHEBI:18367'), ('lipid As  + ATP = lipid As  + ADP + Pi', 'CHEBI:25051 + CHEBI:15422 = CHEBI:25051 + CHEBI:16761 + CHEBI:18367'), ('lipopolysaccharide  + ATP = lipopolysaccharide  + ADP + Pi', 'CHEBI:6494 + CHEBI:15422 = CHEBI:6494 + CHEBI:16761 + CHEBI:18367'), ('drug  + ATP = drug  + ADP + Pi', 'CHEBI:23888 + CHEBI:15422 = CHEBI:23888 + CHEBI:16761 + CHEBI:18367')]	0.0	100.0
P77265	3.A.1.106.13	P77265	[('peptide  + ATP = peptide  + ADP + Pi', 'CHEBI:16670 + CHEBI:15422 = CHEBI:16670 + CHEBI:16761 + CHEBI:18367')]	0.0	100.0
P0AAG5	3.A.1.106.13	P0AAG5	[('peptide  + ATP = peptide  + ADP + Pi', 'CHEBI:16670 + CHEBI:15422 = CHEBI:16670 + CHEBI:16761 + CHEBI:18367')]	0.0	100.0
P63359	3.A.1.106.20	P60752	[('phospholipid  + ATP = phospholipid  + ADP + Pi', 'CHEBI:16247 + CHEBI:15422 = CHEBI:16247 + CHEBI:16761 + CHEBI:18367'), ('lipid As  + ATP = lipid As  + ADP + Pi', 'CHEBI:25051 + CHEBI:15422 = CHEBI:25051 + CHEBI:16761 + CHEBI:18367'), ('lipopolysaccharide  + ATP = lipopolysaccharide  + ADP + Pi', 'CHEBI:6494 + CHEBI:15422 = CHEBI:6494 + CHEBI:16761 + CHEBI:18367'), ('drug  + ATP = drug  + ADP + Pi', 'CHEBI:23888 + CHEBI:15422 = CHEBI:23888 + CHEBI:16761 + CHEBI:18367')]	0.0	96.392
A7VN01	3.A.1.106.5	P77265	"[(""2'-(4-ethoxyphenyl)-5-(4-methylpiperazin-1-yl)-2,5'-bibenzimidazole  + ATP = 2'-(4-ethoxyphenyl)-5-(4-methylpiperazin-1-yl)-2,5'-bibenzimidazole  + ADP + Pi"", 'CHEBI:51232 + CHEBI:15422 = CHEBI:51232 + CHEBI:16761 + CHEBI:18367'), ('norfloxacin  + ATP = norfloxacin  + ADP + Pi', 'CHEBI:100246 + CHEBI:15422 = CHEBI:100246 + CHEBI:16761 + CHEBI:18367'), ('nifedipine  + ATP = nifedipine  + ADP + Pi', 'CHEBI:7565 + CHEBI:15422 = CHEBI:7565 + CHEBI:16761 + CHEBI:18367'), ('tetracycline  + ATP = tetracycline  + ADP + Pi', 'CHEBI:27902 + CHEBI:15422 = CHEBI:27902 + CHEBI:16761 + CHEBI:18367')]"	0.0	79.252
A7VN02	3.A.1.106.5	P0AAG5	"[(""2'-(4-ethoxyphenyl)-5-(4-methylpiperazin-1-yl)-2,5'-bibenzimidazole  + ATP = 2'-(4-ethoxyphenyl)-5-(4-methylpiperazin-1-yl)-2,5'-bibenzimidazole  + ADP + Pi"", 'CHEBI:51232 + CHEBI:15422 = CHEBI:51232 + CHEBI:16761 + CHEBI:18367'), ('norfloxacin  + ATP = norfloxacin  + ADP + Pi', 'CHEBI:100246 + CHEBI:15422 = CHEBI:100246 + CHEBI:16761 + CHEBI:18367'), ('nifedipine  + ATP = nifedipine  + ADP + Pi', 'CHEBI:7565 + CHEBI:15422 = CHEBI:7565 + CHEBI:16761 + CHEBI:18367'), ('tetracycline  + ATP = tetracycline  + ADP + Pi', 'CHEBI:27902 + CHEBI:15422 = CHEBI:27902 + CHEBI:16761 + CHEBI:18367')]"	0.0	79.932
P0ABM0	3.A.1.107.3	P0ABL8	[('ferroheme b  + ATP = ferroheme b  + ADP + Pi', 'CHEBI:17627 + CHEBI:15422 = CHEBI:17627 + CHEBI:16761 + CHEBI:18367'), ('heme b + ATP + H2O = heme b + ADP + phosphate + H(+)', 'CHEBI:60344 + CHEBI:30616 + CHEBI:15377 = CHEBI:60344 + CHEBI:456216 + CHEBI:43474 + CHEBI:15378')]	7.41e-150	100.0
P0ABM7	3.A.1.107.3	P0ABM5	[('ferroheme b  + ATP = ferroheme b  + ADP + Pi', 'CHEBI:17627 + CHEBI:15422 = CHEBI:17627 + CHEBI:16761 + CHEBI:18367'), ('heme b + ATP + H2O = heme b + ADP + phosphate + H(+)', 'CHEBI:60344 + CHEBI:30616 + CHEBI:15377 = CHEBI:60344 + CHEBI:456216 + CHEBI:43474 + CHEBI:15378')]	1.04e-44	100.0
Q8XE58	3.A.1.107.3	P33931	[('ferroheme b  + ATP = ferroheme b  + ADP + Pi', 'CHEBI:17627 + CHEBI:15422 = CHEBI:17627 + CHEBI:16761 + CHEBI:18367'), ('heme b + ATP + H2O = heme b + ADP + phosphate + H(+)', 'CHEBI:60344 + CHEBI:30616 + CHEBI:15377 = CHEBI:60344 + CHEBI:456216 + CHEBI:43474 + CHEBI:15378')]	3.22e-151	99.034
K6BIH6	3.A.1.107.4	P0ABL8	[('apocytochrome c  + ATP = apocytochrome c  + ADP + Pi', 'CHEBI:2782 + CHEBI:15422 = CHEBI:2782 + CHEBI:16761 + CHEBI:18367'), ('heme  + ATP = heme  + ADP + Pi', 'CHEBI:30413 + CHEBI:15422 = CHEBI:30413 + CHEBI:16761 + CHEBI:18367')]	4.15e-43	55.882
P0AFK4	3.A.1.11.1	P0AFK4	[('spermidine  + ATP = spermidine  + ADP + Pi', 'CHEBI:16610 + CHEBI:15422 = CHEBI:16610 + CHEBI:16761 + CHEBI:18367'), ('putrescine  + ATP = putrescine  + ADP + Pi', 'CHEBI:17148 + CHEBI:15422 = CHEBI:17148 + CHEBI:16761 + CHEBI:18367')]	0.0	100.0
P0AFK6	3.A.1.11.1	P0AFK6	[('spermidine  + ATP = spermidine  + ADP + Pi', 'CHEBI:16610 + CHEBI:15422 = CHEBI:16610 + CHEBI:16761 + CHEBI:18367'), ('putrescine  + ATP = putrescine  + ADP + Pi', 'CHEBI:17148 + CHEBI:15422 = CHEBI:17148 + CHEBI:16761 + CHEBI:18367')]	0.0	100.0
P0AFK9	3.A.1.11.1	P0AFK9	[('spermidine  + ATP = spermidine  + ADP + Pi', 'CHEBI:16610 + CHEBI:15422 = CHEBI:16610 + CHEBI:16761 + CHEBI:18367'), ('putrescine  + ATP = putrescine  + ADP + Pi', 'CHEBI:17148 + CHEBI:15422 = CHEBI:17148 + CHEBI:16761 + CHEBI:18367')]	0.0	100.0
P69874	3.A.1.11.1	P37009	[('spermidine  + ATP = spermidine  + ADP + Pi', 'CHEBI:16610 + CHEBI:15422 = CHEBI:16610 + CHEBI:16761 + CHEBI:18367'), ('putrescine  + ATP = putrescine  + ADP + Pi', 'CHEBI:17148 + CHEBI:15422 = CHEBI:17148 + CHEBI:16761 + CHEBI:18367')]	1.69e-83	51.452
P69874	3.A.1.11.1	P69874	[('spermidine  + ATP = spermidine  + ADP + Pi', 'CHEBI:16610 + CHEBI:15422 = CHEBI:16610 + CHEBI:16761 + CHEBI:18367'), ('putrescine  + ATP = putrescine  + ADP + Pi', 'CHEBI:17148 + CHEBI:15422 = CHEBI:17148 + CHEBI:16761 + CHEBI:18367')]	0.0	100.0
Q3MAR5	3.A.1.11.10	P69874	[('polyamine macromolecule  + ATP = polyamine macromolecule  + ADP + Pi', 'CHEBI:51349 + CHEBI:15422 = CHEBI:51349 + CHEBI:16761 + CHEBI:18367'), ('sym-homospermidine  + ATP = sym-homospermidine  + ADP + Pi', 'CHEBI:16554 + CHEBI:15422 = CHEBI:16554 + CHEBI:16761 + CHEBI:18367')]	3.38e-97	54.511
P0AFL1	3.A.1.11.2	P0AFL1	[('putrescine  + ATP = putrescine  + ADP + Pi', 'CHEBI:17148 + CHEBI:15422 = CHEBI:17148 + CHEBI:16761 + CHEBI:18367'), ('putrescine + ATP + H2O = putrescine + ADP + phosphate + H(+)', 'CHEBI:326268 + CHEBI:30616 + CHEBI:15377 = CHEBI:326268 + CHEBI:456216 + CHEBI:43474 + CHEBI:15378')]	0.0	100.0
P31133	3.A.1.11.2	P31133	[('putrescine  + ATP = putrescine  + ADP + Pi', 'CHEBI:17148 + CHEBI:15422 = CHEBI:17148 + CHEBI:16761 + CHEBI:18367'), ('putrescine + ATP + H2O = putrescine + ADP + phosphate + H(+)', 'CHEBI:326268 + CHEBI:30616 + CHEBI:15377 = CHEBI:326268 + CHEBI:456216 + CHEBI:43474 + CHEBI:15378')]	0.0	100.0
P31134	3.A.1.11.2	P31134	[('putrescine  + ATP = putrescine  + ADP + Pi', 'CHEBI:17148 + CHEBI:15422 = CHEBI:17148 + CHEBI:16761 + CHEBI:18367'), ('putrescine + ATP + H2O = putrescine + ADP + phosphate + H(+)', 'CHEBI:326268 + CHEBI:30616 + CHEBI:15377 = CHEBI:326268 + CHEBI:456216 + CHEBI:43474 + CHEBI:15378')]	0.0	100.0
P31135	3.A.1.11.2	P31135	[('putrescine  + ATP = putrescine  + ADP + Pi', 'CHEBI:17148 + CHEBI:15422 = CHEBI:17148 + CHEBI:16761 + CHEBI:18367'), ('putrescine + ATP + H2O = putrescine + ADP + phosphate + H(+)', 'CHEBI:326268 + CHEBI:30616 + CHEBI:15377 = CHEBI:326268 + CHEBI:456216 + CHEBI:43474 + CHEBI:15378')]	0.0	100.0
P96063	3.A.1.11.5	P69874	[('(2-aminoethyl)phosphonic acid  + ATP = (2-aminoethyl)phosphonic acid  + ADP + Pi', 'CHEBI:15573 + CHEBI:15422 = CHEBI:15573 + CHEBI:16761 + CHEBI:18367')]	1.94e-78	50.206
Q97Q42	3.A.1.11.7	P69874	[('spermidine  + ATP = spermidine  + ADP + Pi', 'CHEBI:16610 + CHEBI:15422 = CHEBI:16610 + CHEBI:16761 + CHEBI:18367'), ('putrescine  + ATP = putrescine  + ADP + Pi', 'CHEBI:17148 + CHEBI:15422 = CHEBI:17148 + CHEBI:16761 + CHEBI:18367')]	5.97e-97	53.472
Q5HGY5	3.A.1.11.8	P69874	[('spermidine  + ATP = spermidine  + ADP + Pi', 'CHEBI:16610 + CHEBI:15422 = CHEBI:16610 + CHEBI:16761 + CHEBI:18367'), ('spermine  + ATP = spermine  + ADP + Pi', 'CHEBI:15746 + CHEBI:15422 = CHEBI:15746 + CHEBI:16761 + CHEBI:18367')]	2.48e-96	50.345
P76108	3.A.1.11.9	P76108	[('(3R)-3-hydroxybutanoyl-CoA + [(3R)-hydroxybutanoate](n) = [(3R)-hydroxybutanoate](n+1) + CoA', 'CHEBI:57315 + CHEBI:8298 = CHEBI:8298 + CHEBI:57287'), ('spermidine  + ATP = spermidine  + ADP + Pi', 'CHEBI:16610 + CHEBI:15422 = CHEBI:16610 + CHEBI:16761 + CHEBI:18367'), ('putrescine  + ATP = putrescine  + ADP + Pi', 'CHEBI:17148 + CHEBI:15422 = CHEBI:17148 + CHEBI:16761 + CHEBI:18367'), ('double-stranded DNA  + ATP = double-stranded DNA  + ADP + Pi', 'CHEBI:4705 + CHEBI:15422 = CHEBI:4705 + CHEBI:16761 + CHEBI:18367')]	0.0	100.0
P77795	3.A.1.11.9	P77795	[('(3R)-3-hydroxybutanoyl-CoA + [(3R)-hydroxybutanoate](n) = [(3R)-hydroxybutanoate](n+1) + CoA', 'CHEBI:57315 + CHEBI:8298 = CHEBI:8298 + CHEBI:57287'), ('spermidine  + ATP = spermidine  + ADP + Pi', 'CHEBI:16610 + CHEBI:15422 = CHEBI:16610 + CHEBI:16761 + CHEBI:18367'), ('putrescine  + ATP = putrescine  + ADP + Pi', 'CHEBI:17148 + CHEBI:15422 = CHEBI:17148 + CHEBI:16761 + CHEBI:18367'), ('double-stranded DNA  + ATP = double-stranded DNA  + ADP + Pi', 'CHEBI:4705 + CHEBI:15422 = CHEBI:4705 + CHEBI:16761 + CHEBI:18367')]	0.0	100.0
P77156	3.A.1.11.9	P77156	[('(3R)-3-hydroxybutanoyl-CoA + [(3R)-hydroxybutanoate](n) = [(3R)-hydroxybutanoate](n+1) + CoA', 'CHEBI:57315 + CHEBI:8298 = CHEBI:8298 + CHEBI:57287'), ('spermidine  + ATP = spermidine  + ADP + Pi', 'CHEBI:16610 + CHEBI:15422 = CHEBI:16610 + CHEBI:16761 + CHEBI:18367'), ('putrescine  + ATP = putrescine  + ADP + Pi', 'CHEBI:17148 + CHEBI:15422 = CHEBI:17148 + CHEBI:16761 + CHEBI:18367'), ('double-stranded DNA  + ATP = double-stranded DNA  + ADP + Pi', 'CHEBI:4705 + CHEBI:15422 = CHEBI:4705 + CHEBI:16761 + CHEBI:18367')]	0.0	100.0
P0AFR9	3.A.1.11.9	P0AFR9	[('(3R)-3-hydroxybutanoyl-CoA + [(3R)-hydroxybutanoate](n) = [(3R)-hydroxybutanoate](n+1) + CoA', 'CHEBI:57315 + CHEBI:8298 = CHEBI:8298 + CHEBI:57287'), ('spermidine  + ATP = spermidine  + ADP + Pi', 'CHEBI:16610 + CHEBI:15422 = CHEBI:16610 + CHEBI:16761 + CHEBI:18367'), ('putrescine  + ATP = putrescine  + ADP + Pi', 'CHEBI:17148 + CHEBI:15422 = CHEBI:17148 + CHEBI:16761 + CHEBI:18367'), ('double-stranded DNA  + ATP = double-stranded DNA  + ADP + Pi', 'CHEBI:4705 + CHEBI:15422 = CHEBI:4705 + CHEBI:16761 + CHEBI:18367')]	0.0	100.0
Q54452	3.A.1.110.7	P02930	[('solute  + ATP = solute  + ADP + Pi', 'solute + CHEBI:15422 = solute + CHEBI:16761 + CHEBI:18367'), ('substrate  + ATP = substrate  + ADP + Pi', 'substrate + CHEBI:15422 = substrate + CHEBI:16761 + CHEBI:18367')]	0.0	72.888
P33941	3.A.1.113.3	P33941	[('microcin  + ATP = microcin  + ADP + Pi', 'CHEBI:64627 + CHEBI:15422 = CHEBI:64627 + CHEBI:16761 + CHEBI:18367')]	0.0	100.0
Q54204	3.A.1.119.1	P77499	[('solute  + ATP = solute  + ADP + Pi', 'solute + CHEBI:15422 = solute + CHEBI:16761 + CHEBI:18367'), ('substrate  + ATP = substrate  + ADP + Pi', 'substrate + CHEBI:15422 = substrate + CHEBI:16761 + CHEBI:18367')]	2.77e-08	50.0
Q54204	3.A.1.119.1	P63389	[('solute  + ATP = solute  + ADP + Pi', 'solute + CHEBI:15422 = solute + CHEBI:16761 + CHEBI:18367'), ('substrate  + ATP = substrate  + ADP + Pi', 'substrate + CHEBI:15422 = substrate + CHEBI:16761 + CHEBI:18367')]	2.69e-07	50.0
P0AFM2	3.A.1.12.1	P0AFM2	[('4-(trimethylammonio)butanoate  + ATP = 4-(trimethylammonio)butanoate  + ADP + Pi', 'CHEBI:16244 + CHEBI:15422 = CHEBI:16244 + CHEBI:16761 + CHEBI:18367'), ('choline  + ATP = choline  + ADP + Pi', 'CHEBI:15354 + CHEBI:15422 = CHEBI:15354 + CHEBI:16761 + CHEBI:18367'), ('carnitinium  + ATP = carnitinium  + ADP + Pi', 'CHEBI:3424 + CHEBI:15422 = CHEBI:3424 + CHEBI:16761 + CHEBI:18367'), ('beta-alanine betaine  + ATP = beta-alanine betaine  + ADP + Pi', 'CHEBI:28825 + CHEBI:15422 = CHEBI:28825 + CHEBI:16761 + CHEBI:18367'), ('glycine betaine  + ATP = glycine betaine  + ADP + Pi', 'CHEBI:17750 + CHEBI:15422 = CHEBI:17750 + CHEBI:16761 + CHEBI:18367'), ('proline  + ATP = proline  + ADP + Pi', 'CHEBI:26271 + CHEBI:15422 = CHEBI:26271 + CHEBI:16761 + CHEBI:18367')]	0.0	100.0
P14175	3.A.1.12.1	P14175	[('4-(trimethylammonio)butanoate  + ATP = 4-(trimethylammonio)butanoate  + ADP + Pi', 'CHEBI:16244 + CHEBI:15422 = CHEBI:16244 + CHEBI:16761 + CHEBI:18367'), ('choline  + ATP = choline  + ADP + Pi', 'CHEBI:15354 + CHEBI:15422 = CHEBI:15354 + CHEBI:16761 + CHEBI:18367'), ('carnitinium  + ATP = carnitinium  + ADP + Pi', 'CHEBI:3424 + CHEBI:15422 = CHEBI:3424 + CHEBI:16761 + CHEBI:18367'), ('beta-alanine betaine  + ATP = beta-alanine betaine  + ADP + Pi', 'CHEBI:28825 + CHEBI:15422 = CHEBI:28825 + CHEBI:16761 + CHEBI:18367'), ('glycine betaine  + ATP = glycine betaine  + ADP + Pi', 'CHEBI:17750 + CHEBI:15422 = CHEBI:17750 + CHEBI:16761 + CHEBI:18367'), ('proline  + ATP = proline  + ADP + Pi', 'CHEBI:26271 + CHEBI:15422 = CHEBI:26271 + CHEBI:16761 + CHEBI:18367')]	0.0	100.0
P14176	3.A.1.12.1	P14176	[('4-(trimethylammonio)butanoate  + ATP = 4-(trimethylammonio)butanoate  + ADP + Pi', 'CHEBI:16244 + CHEBI:15422 = CHEBI:16244 + CHEBI:16761 + CHEBI:18367'), ('choline  + ATP = choline  + ADP + Pi', 'CHEBI:15354 + CHEBI:15422 = CHEBI:15354 + CHEBI:16761 + CHEBI:18367'), ('carnitinium  + ATP = carnitinium  + ADP + Pi', 'CHEBI:3424 + CHEBI:15422 = CHEBI:3424 + CHEBI:16761 + CHEBI:18367'), ('beta-alanine betaine  + ATP = beta-alanine betaine  + ADP + Pi', 'CHEBI:28825 + CHEBI:15422 = CHEBI:28825 + CHEBI:16761 + CHEBI:18367'), ('glycine betaine  + ATP = glycine betaine  + ADP + Pi', 'CHEBI:17750 + CHEBI:15422 = CHEBI:17750 + CHEBI:16761 + CHEBI:18367'), ('proline  + ATP = proline  + ADP + Pi', 'CHEBI:26271 + CHEBI:15422 = CHEBI:26271 + CHEBI:16761 + CHEBI:18367')]	0.0	100.0
Q9HTI8	3.A.1.12.12	P14175	[('choline  + ATP = choline  + ADP + Pi', 'CHEBI:15354 + CHEBI:15422 = CHEBI:15354 + CHEBI:16761 + CHEBI:18367'), ('carnitinium  + ATP = carnitinium  + ADP + Pi', 'CHEBI:3424 + CHEBI:15422 = CHEBI:3424 + CHEBI:16761 + CHEBI:18367'), ('glycine betaine  + ATP = glycine betaine  + ADP + Pi', 'CHEBI:17750 + CHEBI:15422 = CHEBI:17750 + CHEBI:16761 + CHEBI:18367')]	7.689999999999999e-95	53.48
P33359	3.A.1.12.15	P33359	[('choline  + ATP = choline  + ADP + Pi', 'CHEBI:15354 + CHEBI:15422 = CHEBI:15354 + CHEBI:16761 + CHEBI:18367'), ('glycine betaine  + ATP = glycine betaine  + ADP + Pi', 'CHEBI:17750 + CHEBI:15422 = CHEBI:17750 + CHEBI:16761 + CHEBI:18367'), ('glycine  + ATP = glycine  + ADP + Pi', 'CHEBI:15428 + CHEBI:15422 = CHEBI:15428 + CHEBI:16761 + CHEBI:18367'), ('glycine betaine + ATP + H2O = glycine betaine + ADP + phosphate + H(+)', 'CHEBI:17750 + CHEBI:30616 + CHEBI:15377 = CHEBI:17750 + CHEBI:456216 + CHEBI:43474 + CHEBI:15378')]	4.14e-169	100.0
P33360	3.A.1.12.15	P33360	[('choline  + ATP = choline  + ADP + Pi', 'CHEBI:15354 + CHEBI:15422 = CHEBI:15354 + CHEBI:16761 + CHEBI:18367'), ('glycine betaine  + ATP = glycine betaine  + ADP + Pi', 'CHEBI:17750 + CHEBI:15422 = CHEBI:17750 + CHEBI:16761 + CHEBI:18367'), ('glycine  + ATP = glycine  + ADP + Pi', 'CHEBI:15428 + CHEBI:15422 = CHEBI:15428 + CHEBI:16761 + CHEBI:18367'), ('glycine betaine + ATP + H2O = glycine betaine + ADP + phosphate + H(+)', 'CHEBI:17750 + CHEBI:30616 + CHEBI:15377 = CHEBI:17750 + CHEBI:456216 + CHEBI:43474 + CHEBI:15378')]	0.0	100.0
P33361	3.A.1.12.15	P33361	[('choline  + ATP = choline  + ADP + Pi', 'CHEBI:15354 + CHEBI:15422 = CHEBI:15354 + CHEBI:16761 + CHEBI:18367'), ('glycine betaine  + ATP = glycine betaine  + ADP + Pi', 'CHEBI:17750 + CHEBI:15422 = CHEBI:17750 + CHEBI:16761 + CHEBI:18367'), ('glycine  + ATP = glycine  + ADP + Pi', 'CHEBI:15428 + CHEBI:15422 = CHEBI:15428 + CHEBI:16761 + CHEBI:18367'), ('glycine betaine + ATP + H2O = glycine betaine + ADP + phosphate + H(+)', 'CHEBI:17750 + CHEBI:30616 + CHEBI:15377 = CHEBI:17750 + CHEBI:456216 + CHEBI:43474 + CHEBI:15378')]	0.0	100.0
P33362	3.A.1.12.15	P33362	[('choline  + ATP = choline  + ADP + Pi', 'CHEBI:15354 + CHEBI:15422 = CHEBI:15354 + CHEBI:16761 + CHEBI:18367'), ('glycine betaine  + ATP = glycine betaine  + ADP + Pi', 'CHEBI:17750 + CHEBI:15422 = CHEBI:17750 + CHEBI:16761 + CHEBI:18367'), ('glycine  + ATP = glycine  + ADP + Pi', 'CHEBI:15428 + CHEBI:15422 = CHEBI:15428 + CHEBI:16761 + CHEBI:18367'), ('glycine betaine + ATP + H2O = glycine betaine + ADP + phosphate + H(+)', 'CHEBI:17750 + CHEBI:30616 + CHEBI:15377 = CHEBI:17750 + CHEBI:456216 + CHEBI:43474 + CHEBI:15378')]	0.0	100.0
WP_332273826.1	3.A.1.12.18	P33360	[('osmolyte  + ATP = osmolyte  + ADP + Pi', 'CHEBI:25728 + CHEBI:15422 = CHEBI:25728 + CHEBI:16761 + CHEBI:18367')]	9.67e-82	50.42
P46920	3.A.1.12.2	P14175	[('a quaternary ammonium + ATP + H2O = a quaternary ammonium + ADP + phosphate + H(+)', 'CHEBI:35267 + CHEBI:30616 + CHEBI:15377 = CHEBI:35267 + CHEBI:456216 + CHEBI:43474 + CHEBI:15378'), ('glycine betaine  + ATP = glycine betaine  + ADP + Pi', 'CHEBI:17750 + CHEBI:15422 = CHEBI:17750 + CHEBI:16761 + CHEBI:18367'), ('S,S-dimethyl-beta-propiothetin  + ATP = S,S-dimethyl-beta-propiothetin  + ADP + Pi', 'CHEBI:16457 + CHEBI:15422 = CHEBI:16457 + CHEBI:16761 + CHEBI:18367'), ('(carboxymethyl)(dimethyl)sulfonium  + ATP = (carboxymethyl)(dimethyl)sulfonium  + ADP + Pi', 'CHEBI:4623 + CHEBI:15422 = CHEBI:4623 + CHEBI:16761 + CHEBI:18367')]	3.0300000000000003e-133	50.513
Q9KKE1	3.A.1.12.6	P14175	[('a quaternary ammonium + ATP + H2O = a quaternary ammonium + ADP + phosphate + H(+)', 'CHEBI:35267 + CHEBI:30616 + CHEBI:15377 = CHEBI:35267 + CHEBI:456216 + CHEBI:43474 + CHEBI:15378'), ('L-proline betaine  + ATP = L-proline betaine  + ADP + Pi', 'CHEBI:35280 + CHEBI:15422 = CHEBI:35280 + CHEBI:16761 + CHEBI:18367'), ('glycine betaine  + ATP = glycine betaine  + ADP + Pi', 'CHEBI:17750 + CHEBI:15422 = CHEBI:17750 + CHEBI:16761 + CHEBI:18367'), ('proline  + ATP = proline  + ADP + Pi', 'CHEBI:26271 + CHEBI:15422 = CHEBI:26271 + CHEBI:16761 + CHEBI:18367'), ('histidine  + ATP = histidine  + ADP + Pi', 'CHEBI:27570 + CHEBI:15422 = CHEBI:27570 + CHEBI:16761 + CHEBI:18367')]	3.87e-106	57.308
Q8U4S5	3.A.1.12.9	P14175	[('glycine betaine  + ATP = glycine betaine  + ADP + Pi', 'CHEBI:17750 + CHEBI:15422 = CHEBI:17750 + CHEBI:16761 + CHEBI:18367')]	1.5199999999999999e-134	50.761
P43672	3.A.1.120.6	P43672	[('ATP + H2O = ADP + phosphate + H(+)', 'CHEBI:30616 + CHEBI:15377 = CHEBI:456216 + CHEBI:43474 + CHEBI:15378'), ('solute  + ATP = solute  + ADP + Pi', 'solute + CHEBI:15422 = solute + CHEBI:16761 + CHEBI:18367'), ('substrate  + ATP = substrate  + ADP + Pi', 'substrate + CHEBI:15422 = substrate + CHEBI:16761 + CHEBI:18367')]	0.0	100.0
P9WQK3	3.A.1.120.8	P0A9W3	[('ATP + H2O = ADP + phosphate + H(+)', 'CHEBI:30616 + CHEBI:15377 = CHEBI:456216 + CHEBI:43474 + CHEBI:15378'), ('solute  + ATP = solute  + ADP + Pi', 'solute + CHEBI:15422 = solute + CHEBI:16761 + CHEBI:18367'), ('substrate  + ATP = substrate  + ADP + Pi', 'substrate + CHEBI:15422 = substrate + CHEBI:16761 + CHEBI:18367')]	0.0	56.684
P75830	3.A.1.122.1	P75830	[('L-cysteine  + ATP = L-cysteine  + ADP + Pi', 'CHEBI:17561 + CHEBI:15422 = CHEBI:17561 + CHEBI:16761 + CHEBI:18367'), ('macrolide  + ATP = macrolide  + ADP + Pi', 'CHEBI:25106 + CHEBI:15422 = CHEBI:25106 + CHEBI:16761 + CHEBI:18367'), ('erythromycin A  + ATP = erythromycin A  + ADP + Pi', 'CHEBI:42355 + CHEBI:15422 = CHEBI:42355 + CHEBI:16761 + CHEBI:18367'), ('drug  + ATP = drug  + ADP + Pi', 'CHEBI:23888 + CHEBI:15422 = CHEBI:23888 + CHEBI:16761 + CHEBI:18367')]	0.0	100.0
P75831	3.A.1.122.1	P75831	[('L-cysteine  + ATP = L-cysteine  + ADP + Pi', 'CHEBI:17561 + CHEBI:15422 = CHEBI:17561 + CHEBI:16761 + CHEBI:18367'), ('macrolide  + ATP = macrolide  + ADP + Pi', 'CHEBI:25106 + CHEBI:15422 = CHEBI:25106 + CHEBI:16761 + CHEBI:18367'), ('erythromycin A  + ATP = erythromycin A  + ADP + Pi', 'CHEBI:42355 + CHEBI:15422 = CHEBI:42355 + CHEBI:16761 + CHEBI:18367'), ('drug  + ATP = drug  + ADP + Pi', 'CHEBI:23888 + CHEBI:15422 = CHEBI:23888 + CHEBI:16761 + CHEBI:18367')]	0.0	100.0
A0ZUB1	3.A.1.122.12	P75831	[('Arthrofactin  + ATP = Arthrofactin  + ADP + Pi', 'CHEBI:80022 + CHEBI:15422 = CHEBI:80022 + CHEBI:16761 + CHEBI:18367')]	0.0	58.065
P77504	3.A.1.122.15	P77504	[('cation  + ATP = cation  + ADP + Pi', 'CHEBI:3473 + CHEBI:15422 = CHEBI:3473 + CHEBI:16761 + CHEBI:18367')]	0.0	100.0
P0A9T8	3.A.1.122.15	P0A9T8	[('cation  + ATP = cation  + ADP + Pi', 'CHEBI:3473 + CHEBI:15422 = CHEBI:3473 + CHEBI:16761 + CHEBI:18367')]	3.72e-165	100.0
N9J6M5	3.A.1.122.18	P75831	[('peptide  + ATP = peptide  + ADP + Pi', 'CHEBI:16670 + CHEBI:15422 = CHEBI:16670 + CHEBI:16761 + CHEBI:18367'), ('macrolide antibiotic  + ATP = macrolide antibiotic  + ADP + Pi', 'CHEBI:25105 + CHEBI:15422 = CHEBI:25105 + CHEBI:16761 + CHEBI:18367'), ('virulence factor  + ATP = virulence factor  + ADP + Pi', 'CHEBI:72316 + CHEBI:15422 = CHEBI:72316 + CHEBI:16761 + CHEBI:18367')]	0.0	53.414
Q8DQF8	3.A.1.122.20	P75831	[('antimicrobial agent  + ATP = antimicrobial agent  + ADP + Pi', 'CHEBI:22582 + CHEBI:15422 = CHEBI:22582 + CHEBI:16761 + CHEBI:18367')]	3.01e-74	52.489
AKF46139	3.A.1.122.36	P75831	[('solute  + ATP = solute  + ADP + Pi', 'solute + CHEBI:15422 = solute + CHEBI:16761 + CHEBI:18367'), ('substrate  + ATP = substrate  + ADP + Pi', 'substrate + CHEBI:15422 = substrate + CHEBI:16761 + CHEBI:18367')]	0.0	56.925
P0ADC3	3.A.1.125.1	P0ADC3	[('lipoprotein  + ATP = lipoprotein  + ADP + Pi', 'CHEBI:6495 + CHEBI:15422 = CHEBI:6495 + CHEBI:16761 + CHEBI:18367')]	0.0	100.0
P75957	3.A.1.125.1	P75957	[('lipoprotein  + ATP = lipoprotein  + ADP + Pi', 'CHEBI:6495 + CHEBI:15422 = CHEBI:6495 + CHEBI:16761 + CHEBI:18367')]	6.3700000000000004e-173	100.0
P75958	3.A.1.125.1	P75958	[('lipoprotein  + ATP = lipoprotein  + ADP + Pi', 'CHEBI:6495 + CHEBI:15422 = CHEBI:6495 + CHEBI:16761 + CHEBI:18367')]	0.0	100.0
P23886	3.A.1.129.1	P23886	[('glutathione + ATP + H2O = glutathione + ADP + phosphate + H(+)', 'CHEBI:57925 + CHEBI:30616 + CHEBI:15377 = CHEBI:57925 + CHEBI:456216 + CHEBI:43474 + CHEBI:15378'), ('L-cysteine + ATP + H2O = L-cysteine + ADP + phosphate + H(+)', 'CHEBI:35235 + CHEBI:30616 + CHEBI:15377 = CHEBI:35235 + CHEBI:456216 + CHEBI:43474 + CHEBI:15378'), ('glutathione  + ATP = glutathione  + ADP + Pi', 'CHEBI:16856 + CHEBI:15422 = CHEBI:16856 + CHEBI:16761 + CHEBI:18367'), ('cysteine  + ATP = cysteine  + ADP + Pi', 'CHEBI:15356 + CHEBI:15422 = CHEBI:15356 + CHEBI:16761 + CHEBI:18367')]	0.0	100.0
P29018	3.A.1.129.1	P29018	[('glutathione + ATP + H2O = glutathione + ADP + phosphate + H(+)', 'CHEBI:57925 + CHEBI:30616 + CHEBI:15377 = CHEBI:57925 + CHEBI:456216 + CHEBI:43474 + CHEBI:15378'), ('L-cysteine + ATP + H2O = L-cysteine + ADP + phosphate + H(+)', 'CHEBI:35235 + CHEBI:30616 + CHEBI:15377 = CHEBI:35235 + CHEBI:456216 + CHEBI:43474 + CHEBI:15378'), ('glutathione  + ATP = glutathione  + ADP + Pi', 'CHEBI:16856 + CHEBI:15422 = CHEBI:16856 + CHEBI:16761 + CHEBI:18367'), ('cysteine  + ATP = cysteine  + ADP + Pi', 'CHEBI:15356 + CHEBI:15422 = CHEBI:15356 + CHEBI:16761 + CHEBI:18367')]	0.0	100.0
P06609	3.A.1.13.1	P06609	[('cyanocob(III)alamin  + ATP = cyanocob(III)alamin  + ADP + Pi', 'CHEBI:17439 + CHEBI:15422 = CHEBI:17439 + CHEBI:16761 + CHEBI:18367'), ('an R-cob(III)alamin + ATP + H2O = an R-cob(III)alamin + ADP + phosphate + H(+)', 'CHEBI:140785 + CHEBI:30616 + CHEBI:15377 = CHEBI:140785 + CHEBI:456216 + CHEBI:43474 + CHEBI:15378')]	0.0	100.0
P06611	3.A.1.13.1	P06611	[('cyanocob(III)alamin  + ATP = cyanocob(III)alamin  + ADP + Pi', 'CHEBI:17439 + CHEBI:15422 = CHEBI:17439 + CHEBI:16761 + CHEBI:18367'), ('an R-cob(III)alamin + ATP + H2O = an R-cob(III)alamin + ADP + phosphate + H(+)', 'CHEBI:140785 + CHEBI:30616 + CHEBI:15377 = CHEBI:140785 + CHEBI:456216 + CHEBI:43474 + CHEBI:15378')]	0.0	100.0
Q8ZRP7	3.A.1.13.1	P37028	[('cyanocob(III)alamin  + ATP = cyanocob(III)alamin  + ADP + Pi', 'CHEBI:17439 + CHEBI:15422 = CHEBI:17439 + CHEBI:16761 + CHEBI:18367'), ('an R-cob(III)alamin + ATP + H2O = an R-cob(III)alamin + ADP + phosphate + H(+)', 'CHEBI:140785 + CHEBI:30616 + CHEBI:15377 = CHEBI:140785 + CHEBI:456216 + CHEBI:43474 + CHEBI:15378')]	1.9800000000000002e-160	81.203
P77307	3.A.1.139.2	P77307	[('iron(2+)  + ATP = iron(2+)  + ADP + Pi', 'CHEBI:29033 + CHEBI:15422 = CHEBI:29033 + CHEBI:16761 + CHEBI:18367')]	0.0	100.0
P77279	3.A.1.139.2	P77279	[('iron(2+)  + ATP = iron(2+)  + ADP + Pi', 'CHEBI:29033 + CHEBI:15422 = CHEBI:29033 + CHEBI:16761 + CHEBI:18367')]	4.59e-170	100.0
P15028	3.A.1.14.1	P15028	[('Fe(III)-complexed siderophore  + ATP = Fe(III)-complexed siderophore  + ADP + Pi', 'CHEBI:84734 + CHEBI:15422 = CHEBI:84734 + CHEBI:16761 + CHEBI:18367'), ('iron(III) dicitrate + ATP + H2O = iron(III) dicitrate + ADP + phosphate + H(+)', 'CHEBI:4991 + CHEBI:30616 + CHEBI:15377 = CHEBI:4991 + CHEBI:456216 + CHEBI:43474 + CHEBI:15378')]	0.0	100.0
P15029	3.A.1.14.1	P15029	[('Fe(III)-complexed siderophore  + ATP = Fe(III)-complexed siderophore  + ADP + Pi', 'CHEBI:84734 + CHEBI:15422 = CHEBI:84734 + CHEBI:16761 + CHEBI:18367'), ('iron(III) dicitrate + ATP + H2O = iron(III) dicitrate + ADP + phosphate + H(+)', 'CHEBI:4991 + CHEBI:30616 + CHEBI:15377 = CHEBI:4991 + CHEBI:456216 + CHEBI:43474 + CHEBI:15378')]	0.0	100.0
P15030	3.A.1.14.1	P15030	[('Fe(III)-complexed siderophore  + ATP = Fe(III)-complexed siderophore  + ADP + Pi', 'CHEBI:84734 + CHEBI:15422 = CHEBI:84734 + CHEBI:16761 + CHEBI:18367'), ('iron(III) dicitrate + ATP + H2O = iron(III) dicitrate + ADP + phosphate + H(+)', 'CHEBI:4991 + CHEBI:30616 + CHEBI:15377 = CHEBI:4991 + CHEBI:456216 + CHEBI:43474 + CHEBI:15378')]	0.0	100.0
P15031	3.A.1.14.1	P15031	[('Fe(III)-complexed siderophore  + ATP = Fe(III)-complexed siderophore  + ADP + Pi', 'CHEBI:84734 + CHEBI:15422 = CHEBI:84734 + CHEBI:16761 + CHEBI:18367'), ('iron(III) dicitrate + ATP + H2O = iron(III) dicitrate + ADP + phosphate + H(+)', 'CHEBI:4991 + CHEBI:30616 + CHEBI:15377 = CHEBI:4991 + CHEBI:456216 + CHEBI:43474 + CHEBI:15378')]	0.0	100.0
Q9RK11	3.A.1.14.13	P23878	[('coelichelin  + ATP = coelichelin  + ADP + Pi', 'CHEBI:80049 + CHEBI:15422 = CHEBI:80049 + CHEBI:16761 + CHEBI:18367')]	6.34e-84	52.29
P23876	3.A.1.14.2	P23876	[('ferrienterobactin(3-)  + ATP = ferrienterobactin(3-)  + ADP + Pi', 'CHEBI:28199 + CHEBI:15422 = CHEBI:28199 + CHEBI:16761 + CHEBI:18367'), ('Fe(III)-enterobactin + ATP + H2O = Fe(III)-enterobactin + ADP + phosphate + H(+)', 'CHEBI:28199 + CHEBI:30616 + CHEBI:15377 = CHEBI:28199 + CHEBI:456216 + CHEBI:43474 + CHEBI:15378')]	0.0	100.0
P23877	3.A.1.14.2	P23877	[('ferrienterobactin(3-)  + ATP = ferrienterobactin(3-)  + ADP + Pi', 'CHEBI:28199 + CHEBI:15422 = CHEBI:28199 + CHEBI:16761 + CHEBI:18367'), ('Fe(III)-enterobactin + ATP + H2O = Fe(III)-enterobactin + ADP + phosphate + H(+)', 'CHEBI:28199 + CHEBI:30616 + CHEBI:15377 = CHEBI:28199 + CHEBI:456216 + CHEBI:43474 + CHEBI:15378')]	0.0	100.0
P23878	3.A.1.14.2	P23878	[('ferrienterobactin(3-)  + ATP = ferrienterobactin(3-)  + ADP + Pi', 'CHEBI:28199 + CHEBI:15422 = CHEBI:28199 + CHEBI:16761 + CHEBI:18367'), ('Fe(III)-enterobactin + ATP + H2O = Fe(III)-enterobactin + ADP + phosphate + H(+)', 'CHEBI:28199 + CHEBI:30616 + CHEBI:15377 = CHEBI:28199 + CHEBI:456216 + CHEBI:43474 + CHEBI:15378')]	0.0	100.0
C8U2V6	3.A.1.14.2	P0AEL6	[('ferrienterobactin(3-)  + ATP = ferrienterobactin(3-)  + ADP + Pi', 'CHEBI:28199 + CHEBI:15422 = CHEBI:28199 + CHEBI:16761 + CHEBI:18367'), ('Fe(III)-enterobactin + ATP + H2O = Fe(III)-enterobactin + ADP + phosphate + H(+)', 'CHEBI:28199 + CHEBI:30616 + CHEBI:15377 = CHEBI:28199 + CHEBI:456216 + CHEBI:43474 + CHEBI:15378')]	0.0	99.686
Q9S215	3.A.1.14.22	P23878	[('desferrioxamine B mesylate  + ATP = desferrioxamine B mesylate  + ADP + Pi', 'CHEBI:31460 + CHEBI:15422 = CHEBI:31460 + CHEBI:16761 + CHEBI:18367')]	1.2300000000000001e-117	61.719
P72592	3.A.1.14.24	P23878	[('Fe(III)-complexed hydroxamate siderophore  + ATP = Fe(III)-complexed hydroxamate siderophore  + ADP + Pi', 'CHEBI:84688 + CHEBI:15422 = CHEBI:84688 + CHEBI:16761 + CHEBI:18367')]	6.91e-99	54.365
P06972	3.A.1.14.3	P06972	[('iron(III) hydroxamate  + ATP = iron(III) hydroxamate  + ADP + Pi', 'CHEBI:28163 + CHEBI:15422 = CHEBI:28163 + CHEBI:16761 + CHEBI:18367'), ('elaiophylin  + ATP = elaiophylin  + ADP + Pi', 'CHEBI:77879 + CHEBI:15422 = CHEBI:77879 + CHEBI:16761 + CHEBI:18367')]	0.0	100.0
P07821	3.A.1.14.3	P07821	[('iron(III) hydroxamate  + ATP = iron(III) hydroxamate  + ADP + Pi', 'CHEBI:28163 + CHEBI:15422 = CHEBI:28163 + CHEBI:16761 + CHEBI:18367'), ('elaiophylin  + ATP = elaiophylin  + ADP + Pi', 'CHEBI:77879 + CHEBI:15422 = CHEBI:77879 + CHEBI:16761 + CHEBI:18367')]	0.0	100.0
P07822	3.A.1.14.3	P07822	[('iron(III) hydroxamate  + ATP = iron(III) hydroxamate  + ADP + Pi', 'CHEBI:28163 + CHEBI:15422 = CHEBI:28163 + CHEBI:16761 + CHEBI:18367'), ('elaiophylin  + ATP = elaiophylin  + ADP + Pi', 'CHEBI:77879 + CHEBI:15422 = CHEBI:77879 + CHEBI:16761 + CHEBI:18367')]	0.0	100.0
Q9RCF3	3.A.1.14.6	P23878	[('ferrienterobactin(3-)  + ATP = ferrienterobactin(3-)  + ADP + Pi', 'CHEBI:28199 + CHEBI:15422 = CHEBI:28199 + CHEBI:16761 + CHEBI:18367')]	9.949999999999999e-108	57.48
Q9X665	3.A.1.14.7	P23878	[('iron(III) hydroxamate  + ATP = iron(III) hydroxamate  + ADP + Pi', 'CHEBI:28163 + CHEBI:15422 = CHEBI:28163 + CHEBI:16761 + CHEBI:18367')]	1.58e-94	50.198
Q8GRB0	3.A.1.14.8	P15031	[('iron(III) vibrioferrin  + ATP = iron(III) vibrioferrin  + ADP + Pi', 'CHEBI:84633 + CHEBI:15422 = CHEBI:84633 + CHEBI:16761 + CHEBI:18367')]	8.319999999999999e-106	56.574
P0AC31	3.A.1.140.1	P0AC30	[('solute  + ATP = solute  + ADP + Pi', 'solute + CHEBI:15422 = solute + CHEBI:16761 + CHEBI:18367'), ('substrate  + ATP = substrate  + ADP + Pi', 'substrate + CHEBI:15422 = substrate + CHEBI:16761 + CHEBI:18367')]	0.0	100.0
P0A9R7	3.A.1.140.1	P0A9R7	[('solute  + ATP = solute  + ADP + Pi', 'solute + CHEBI:15422 = solute + CHEBI:16761 + CHEBI:18367'), ('substrate  + ATP = substrate  + ADP + Pi', 'substrate + CHEBI:15422 = substrate + CHEBI:16761 + CHEBI:18367')]	1.78e-164	100.0
I3D120	3.A.1.140.5	P0A9R7	[('solute  + ATP = solute  + ADP + Pi', 'solute + CHEBI:15422 = solute + CHEBI:16761 + CHEBI:18367'), ('substrate  + ATP = substrate  + ADP + Pi', 'substrate + CHEBI:15422 = substrate + CHEBI:16761 + CHEBI:18367')]	6.45e-81	52.093
Q66AT6	3.A.1.15.18	P39172	[('zinc ion  + ATP = zinc ion  + ADP + Pi', 'CHEBI:27365 + CHEBI:15422 = CHEBI:27365 + CHEBI:16761 + CHEBI:18367')]	1.14e-139	65.87
O05703	3.A.1.15.3	P76344	[('zinc(2+)  + ATP = zinc(2+)  + ADP + Pi', 'CHEBI:29105 + CHEBI:15422 = CHEBI:29105 + CHEBI:16761 + CHEBI:18367')]	8.559999999999999e-60	52.571
P0A9X1	3.A.1.15.5	P0A9X1	[('Zn(2+) + ATP + H2O = Zn(2+) + ADP + phosphate + H(+)', 'CHEBI:29105 + CHEBI:30616 + CHEBI:15377 = CHEBI:29105 + CHEBI:456216 + CHEBI:43474 + CHEBI:15378'), ('zinc(2+)  + ATP = zinc(2+)  + ADP + Pi', 'CHEBI:29105 + CHEBI:15422 = CHEBI:29105 + CHEBI:16761 + CHEBI:18367')]	0.0	100.0
P39172	3.A.1.15.5	P39172	[('Zn(2+) + ATP + H2O = Zn(2+) + ADP + phosphate + H(+)', 'CHEBI:29105 + CHEBI:30616 + CHEBI:15377 = CHEBI:29105 + CHEBI:456216 + CHEBI:43474 + CHEBI:15378'), ('zinc(2+)  + ATP = zinc(2+)  + ADP + Pi', 'CHEBI:29105 + CHEBI:15422 = CHEBI:29105 + CHEBI:16761 + CHEBI:18367')]	0.0	100.0
P39832	3.A.1.15.5	P39832	[('Zn(2+) + ATP + H2O = Zn(2+) + ADP + phosphate + H(+)', 'CHEBI:29105 + CHEBI:30616 + CHEBI:15377 = CHEBI:29105 + CHEBI:456216 + CHEBI:43474 + CHEBI:15378'), ('zinc(2+)  + ATP = zinc(2+)  + ADP + Pi', 'CHEBI:29105 + CHEBI:15422 = CHEBI:29105 + CHEBI:16761 + CHEBI:18367')]	0.0	100.0
Q9HVV6	3.A.1.152.1	P0A9V1	[('lipopolysaccharide  + ATP = lipopolysaccharide  + ADP + Pi', 'CHEBI:6494 + CHEBI:15422 = CHEBI:6494 + CHEBI:16761 + CHEBI:18367')]	8.21e-117	66.39
A6THI3	3.A.1.152.9	P0AF98	[('solute  + ATP = solute  + ADP + Pi', 'solute + CHEBI:15422 = solute + CHEBI:16761 + CHEBI:18367'), ('substrate  + ATP = substrate  + ADP + Pi', 'substrate + CHEBI:15422 = substrate + CHEBI:16761 + CHEBI:18367')]	0.0	85.479
A6THI4	3.A.1.152.9	P0ADC6	[('solute  + ATP = solute  + ADP + Pi', 'solute + CHEBI:15422 = solute + CHEBI:16761 + CHEBI:18367'), ('substrate  + ATP = substrate  + ADP + Pi', 'substrate + CHEBI:15422 = substrate + CHEBI:16761 + CHEBI:18367')]	0.0	93.056
A6TEM0	3.A.1.152.9	P0A9V1	[('solute  + ATP = solute  + ADP + Pi', 'solute + CHEBI:15422 = solute + CHEBI:16761 + CHEBI:18367'), ('substrate  + ATP = substrate  + ADP + Pi', 'substrate + CHEBI:15422 = substrate + CHEBI:16761 + CHEBI:18367')]	7.81e-171	95.851
O05347	3.A.1.16.2	Q47538	[('nitrite  + ATP = nitrite  + ADP + Pi', 'CHEBI:16301 + CHEBI:15422 = CHEBI:16301 + CHEBI:16761 + CHEBI:18367'), ('cyanate  + ATP = cyanate  + ADP + Pi', 'CHEBI:29195 + CHEBI:15422 = CHEBI:29195 + CHEBI:16761 + CHEBI:18367')]	6.48e-63	50.259
Q47537	3.A.1.17.1	Q47537	[('taurine  + ATP = taurine  + ADP + Pi', 'CHEBI:15891 + CHEBI:15422 = CHEBI:15891 + CHEBI:16761 + CHEBI:18367'), ('taurine + ATP + H2O = taurine + ADP + phosphate + H(+)', 'CHEBI:507393 + CHEBI:30616 + CHEBI:15377 = CHEBI:507393 + CHEBI:456216 + CHEBI:43474 + CHEBI:15378')]	0.0	100.0
Q47538	3.A.1.17.1	Q47538	[('taurine  + ATP = taurine  + ADP + Pi', 'CHEBI:15891 + CHEBI:15422 = CHEBI:15891 + CHEBI:16761 + CHEBI:18367'), ('taurine + ATP + H2O = taurine + ADP + phosphate + H(+)', 'CHEBI:507393 + CHEBI:30616 + CHEBI:15377 = CHEBI:507393 + CHEBI:456216 + CHEBI:43474 + CHEBI:15378')]	0.0	100.0
Q47539	3.A.1.17.1	Q47539	[('taurine  + ATP = taurine  + ADP + Pi', 'CHEBI:15891 + CHEBI:15422 = CHEBI:15891 + CHEBI:16761 + CHEBI:18367'), ('taurine + ATP + H2O = taurine + ADP + phosphate + H(+)', 'CHEBI:507393 + CHEBI:30616 + CHEBI:15377 = CHEBI:507393 + CHEBI:456216 + CHEBI:43474 + CHEBI:15378')]	0.0	100.0
P75853	3.A.1.17.10	P75853	[('sulfonate  + ATP = sulfonate  + ADP + Pi', 'CHEBI:33543 + CHEBI:15422 = CHEBI:33543 + CHEBI:16761 + CHEBI:18367')]	0.0	100.0
B1X8N7	3.A.1.17.10	P0AAI1	[('sulfonate  + ATP = sulfonate  + ADP + Pi', 'CHEBI:33543 + CHEBI:15422 = CHEBI:33543 + CHEBI:16761 + CHEBI:18367')]	0.0	100.0
P75851	3.A.1.17.10	P75851	[('sulfonate  + ATP = sulfonate  + ADP + Pi', 'CHEBI:33543 + CHEBI:15422 = CHEBI:33543 + CHEBI:16761 + CHEBI:18367')]	0.0	100.0
Q8NR42	3.A.1.17.12	P0AAI1	[('sulfonate  + ATP = sulfonate  + ADP + Pi', 'CHEBI:33543 + CHEBI:15422 = CHEBI:33543 + CHEBI:16761 + CHEBI:18367'), ('sulfonate ester  + ATP = sulfonate ester  + ADP + Pi', 'CHEBI:52474 + CHEBI:15422 = CHEBI:52474 + CHEBI:16761 + CHEBI:18367')]	4.23e-62	50.439
O85765	3.A.1.17.2	P75851	[('sulfonate  + ATP = sulfonate  + ADP + Pi', 'CHEBI:33543 + CHEBI:15422 = CHEBI:33543 + CHEBI:16761 + CHEBI:18367')]	2.08e-137	77.6
Q8KZQ6	3.A.1.17.2	P0AAI1	[('sulfonate  + ATP = sulfonate  + ADP + Pi', 'CHEBI:33543 + CHEBI:15422 = CHEBI:33543 + CHEBI:16761 + CHEBI:18367')]	9.97e-116	71.849
Q2BM70	3.A.1.17.4	Q47539	[('taurine  + ATP = taurine  + ADP + Pi', 'CHEBI:15891 + CHEBI:15422 = CHEBI:15891 + CHEBI:16761 + CHEBI:18367')]	4.78e-71	55.159
P31548	3.A.1.19.1	P31548	[('thiamine + ATP + H2O = thiamine + ADP + phosphate + H(+)', 'CHEBI:18385 + CHEBI:30616 + CHEBI:15377 = CHEBI:18385 + CHEBI:456216 + CHEBI:43474 + CHEBI:15378'), ('thiamine(1+) monophosphate  + ATP = thiamine(1+) monophosphate  + ADP + Pi', 'CHEBI:9533 + CHEBI:15422 = CHEBI:9533 + CHEBI:16761 + CHEBI:18367'), ('thiamine(1+) diphosphate  + ATP = thiamine(1+) diphosphate  + ADP + Pi', 'CHEBI:9532 + CHEBI:15422 = CHEBI:9532 + CHEBI:16761 + CHEBI:18367'), ('thiamine(1+)  + ATP = thiamine(1+)  + ADP + Pi', 'CHEBI:18385 + CHEBI:15422 = CHEBI:18385 + CHEBI:16761 + CHEBI:18367')]	4.21e-171	100.0
P31549	3.A.1.19.1	P31549	[('thiamine + ATP + H2O = thiamine + ADP + phosphate + H(+)', 'CHEBI:18385 + CHEBI:30616 + CHEBI:15377 = CHEBI:18385 + CHEBI:456216 + CHEBI:43474 + CHEBI:15378'), ('thiamine(1+) monophosphate  + ATP = thiamine(1+) monophosphate  + ADP + Pi', 'CHEBI:9533 + CHEBI:15422 = CHEBI:9533 + CHEBI:16761 + CHEBI:18367'), ('thiamine(1+) diphosphate  + ATP = thiamine(1+) diphosphate  + ADP + Pi', 'CHEBI:9532 + CHEBI:15422 = CHEBI:9532 + CHEBI:16761 + CHEBI:18367'), ('thiamine(1+)  + ATP = thiamine(1+)  + ADP + Pi', 'CHEBI:18385 + CHEBI:15422 = CHEBI:18385 + CHEBI:16761 + CHEBI:18367')]	0.0	100.0
P31550	3.A.1.19.1	P31550	[('thiamine + ATP + H2O = thiamine + ADP + phosphate + H(+)', 'CHEBI:18385 + CHEBI:30616 + CHEBI:15377 = CHEBI:18385 + CHEBI:456216 + CHEBI:43474 + CHEBI:15378'), ('thiamine(1+) monophosphate  + ATP = thiamine(1+) monophosphate  + ADP + Pi', 'CHEBI:9533 + CHEBI:15422 = CHEBI:9533 + CHEBI:16761 + CHEBI:18367'), ('thiamine(1+) diphosphate  + ATP = thiamine(1+) diphosphate  + ADP + Pi', 'CHEBI:9532 + CHEBI:15422 = CHEBI:9532 + CHEBI:16761 + CHEBI:18367'), ('thiamine(1+)  + ATP = thiamine(1+)  + ADP + Pi', 'CHEBI:18385 + CHEBI:15422 = CHEBI:18385 + CHEBI:16761 + CHEBI:18367')]	0.0	100.0
B7L6M8	3.A.1.19.4	P76223	[('sulfate  + ATP = sulfate  + ADP + Pi', 'CHEBI:16189 + CHEBI:15422 = CHEBI:16189 + CHEBI:16761 + CHEBI:18367'), ('thiosulfate(2-)  + ATP = thiosulfate(2-)  + ADP + Pi', 'CHEBI:16094 + CHEBI:15422 = CHEBI:16094 + CHEBI:16761 + CHEBI:18367')]	0.0	97.68
B7L6M9	3.A.1.19.4	P76224	[('sulfate  + ATP = sulfate  + ADP + Pi', 'CHEBI:16189 + CHEBI:15422 = CHEBI:16189 + CHEBI:16761 + CHEBI:18367'), ('thiosulfate(2-)  + ATP = thiosulfate(2-)  + ADP + Pi', 'CHEBI:16094 + CHEBI:15422 = CHEBI:16094 + CHEBI:16761 + CHEBI:18367')]	0.0	97.177
B7L6N0	3.A.1.19.4	P76909	[('sulfate  + ATP = sulfate  + ADP + Pi', 'CHEBI:16189 + CHEBI:15422 = CHEBI:16189 + CHEBI:16761 + CHEBI:18367'), ('thiosulfate(2-)  + ATP = thiosulfate(2-)  + ADP + Pi', 'CHEBI:16094 + CHEBI:15422 = CHEBI:16094 + CHEBI:16761 + CHEBI:18367')]	1.74e-150	94.009
P02925	3.A.1.2.1	P02925	[('beta-D-ribopyranose  + ATP = beta-D-ribopyranose  + ADP + Pi', 'CHEBI:27476 + CHEBI:15422 = CHEBI:27476 + CHEBI:16761 + CHEBI:18367'), ('D-ribose + ATP + H2O = D-ribose + ADP + phosphate + H(+)', 'CHEBI:47013 + CHEBI:30616 + CHEBI:15377 = CHEBI:47013 + CHEBI:456216 + CHEBI:43474 + CHEBI:15378')]	0.0	100.0
P04983	3.A.1.2.1	P04983	[('beta-D-ribopyranose  + ATP = beta-D-ribopyranose  + ADP + Pi', 'CHEBI:27476 + CHEBI:15422 = CHEBI:27476 + CHEBI:16761 + CHEBI:18367'), ('D-ribose + ATP + H2O = D-ribose + ADP + phosphate + H(+)', 'CHEBI:47013 + CHEBI:30616 + CHEBI:15377 = CHEBI:47013 + CHEBI:456216 + CHEBI:43474 + CHEBI:15378')]	0.0	100.0
P0AGI1	3.A.1.2.1	P0AGI1	[('beta-D-ribopyranose  + ATP = beta-D-ribopyranose  + ADP + Pi', 'CHEBI:27476 + CHEBI:15422 = CHEBI:27476 + CHEBI:16761 + CHEBI:18367'), ('D-ribose + ATP + H2O = D-ribose + ADP + phosphate + H(+)', 'CHEBI:47013 + CHEBI:30616 + CHEBI:15377 = CHEBI:47013 + CHEBI:456216 + CHEBI:43474 + CHEBI:15378')]	0.0	100.0
A6VKS8	3.A.1.2.13	P04983	[('autoinducer-2  + ATP = autoinducer-2  + ADP + Pi', 'CHEBI:40646 + CHEBI:15422 = CHEBI:40646 + CHEBI:16761 + CHEBI:18367')]	0.0	73.834
A6VKS9	3.A.1.2.13	P0AGI1	[('autoinducer-2  + ATP = autoinducer-2  + ADP + Pi', 'CHEBI:40646 + CHEBI:15422 = CHEBI:40646 + CHEBI:16761 + CHEBI:18367')]	1.4999999999999998e-150	69.307
A6VKT0	3.A.1.2.13	P02925	[('autoinducer-2  + ATP = autoinducer-2  + ADP + Pi', 'CHEBI:40646 + CHEBI:15422 = CHEBI:40646 + CHEBI:16761 + CHEBI:18367')]	3.25e-150	72.355
Q0HIQ5	3.A.1.2.14	P37772	[('arabinose  + ATP = arabinose  + ADP + Pi', 'CHEBI:22599 + CHEBI:15422 = CHEBI:22599 + CHEBI:16761 + CHEBI:18367')]	6.41e-98	56.757
Q0HIQ6	3.A.1.2.14	P39328	[('arabinose  + ATP = arabinose  + ADP + Pi', 'CHEBI:22599 + CHEBI:15422 = CHEBI:22599 + CHEBI:16761 + CHEBI:18367')]	1.1e-107	58.095
Q0HIQ7	3.A.1.2.14	Q6BEX0	[('arabinose  + ATP = arabinose  + ADP + Pi', 'CHEBI:22599 + CHEBI:15422 = CHEBI:22599 + CHEBI:16761 + CHEBI:18367')]	0.0	52.834
Q0HIQ8	3.A.1.2.14	P39325	[('arabinose  + ATP = arabinose  + ADP + Pi', 'CHEBI:22599 + CHEBI:15422 = CHEBI:22599 + CHEBI:16761 + CHEBI:18367')]	1.8699999999999998e-128	58.252
P02924	3.A.1.2.2	P02924	[('arabinose  + ATP = arabinose  + ADP + Pi', 'CHEBI:22599 + CHEBI:15422 = CHEBI:22599 + CHEBI:16761 + CHEBI:18367'), ('L-arabinose + ATP + H2O = L-arabinose + ADP + phosphate + H(+)', 'CHEBI:17535 + CHEBI:30616 + CHEBI:15377 = CHEBI:17535 + CHEBI:456216 + CHEBI:43474 + CHEBI:15378')]	0.0	100.0
P0AAF3	3.A.1.2.2	P0AAF3	[('arabinose  + ATP = arabinose  + ADP + Pi', 'CHEBI:22599 + CHEBI:15422 = CHEBI:22599 + CHEBI:16761 + CHEBI:18367'), ('L-arabinose + ATP + H2O = L-arabinose + ADP + phosphate + H(+)', 'CHEBI:17535 + CHEBI:30616 + CHEBI:15377 = CHEBI:17535 + CHEBI:456216 + CHEBI:43474 + CHEBI:15378')]	0.0	100.0
P0AE26	3.A.1.2.2	P0AE26	[('arabinose  + ATP = arabinose  + ADP + Pi', 'CHEBI:22599 + CHEBI:15422 = CHEBI:22599 + CHEBI:16761 + CHEBI:18367'), ('L-arabinose + ATP + H2O = L-arabinose + ADP + phosphate + H(+)', 'CHEBI:17535 + CHEBI:30616 + CHEBI:15377 = CHEBI:17535 + CHEBI:456216 + CHEBI:43474 + CHEBI:15378')]	0.0	100.0
P39325	3.A.1.2.25	P39325	[('UDP-sugar  + ATP = UDP-sugar  + ADP + Pi', 'CHEBI:9840 + CHEBI:15422 = CHEBI:9840 + CHEBI:16761 + CHEBI:18367'), ('D-galactofuranose + ATP + H2O = D-galactofuranose + ADP + phosphate + H(+)', 'CHEBI:143624 + CHEBI:30616 + CHEBI:15377 = CHEBI:143624 + CHEBI:456216 + CHEBI:43474 + CHEBI:15378')]	0.0	100.0
Q6BEX0	3.A.1.2.25	Q6BEX0	[('UDP-sugar  + ATP = UDP-sugar  + ADP + Pi', 'CHEBI:9840 + CHEBI:15422 = CHEBI:9840 + CHEBI:16761 + CHEBI:18367'), ('D-galactofuranose + ATP + H2O = D-galactofuranose + ADP + phosphate + H(+)', 'CHEBI:143624 + CHEBI:30616 + CHEBI:15377 = CHEBI:143624 + CHEBI:456216 + CHEBI:43474 + CHEBI:15378')]	0.0	100.0
P39328	3.A.1.2.25	P39328	[('UDP-sugar  + ATP = UDP-sugar  + ADP + Pi', 'CHEBI:9840 + CHEBI:15422 = CHEBI:9840 + CHEBI:16761 + CHEBI:18367'), ('D-galactofuranose + ATP + H2O = D-galactofuranose + ADP + phosphate + H(+)', 'CHEBI:143624 + CHEBI:30616 + CHEBI:15377 = CHEBI:143624 + CHEBI:456216 + CHEBI:43474 + CHEBI:15378')]	0.0	100.0
P37772	3.A.1.2.25	P37772	[('UDP-sugar  + ATP = UDP-sugar  + ADP + Pi', 'CHEBI:9840 + CHEBI:15422 = CHEBI:9840 + CHEBI:16761 + CHEBI:18367'), ('D-galactofuranose + ATP + H2O = D-galactofuranose + ADP + phosphate + H(+)', 'CHEBI:143624 + CHEBI:30616 + CHEBI:15377 = CHEBI:143624 + CHEBI:456216 + CHEBI:43474 + CHEBI:15378')]	0.0	100.0
A6LW10	3.A.1.2.26	P37387	[('xylose  + ATP = xylose  + ADP + Pi', 'CHEBI:10085 + CHEBI:15422 = CHEBI:10085 + CHEBI:16761 + CHEBI:18367')]	1.97e-149	66.776
A6LW11	3.A.1.2.26	P37388	[('xylose  + ATP = xylose  + ADP + Pi', 'CHEBI:10085 + CHEBI:15422 = CHEBI:10085 + CHEBI:16761 + CHEBI:18367')]	0.0	55.2
A6LW12	3.A.1.2.26	P0AGI4	[('xylose  + ATP = xylose  + ADP + Pi', 'CHEBI:10085 + CHEBI:15422 = CHEBI:10085 + CHEBI:16761 + CHEBI:18367')]	1.45e-121	54.902
P77315	3.A.1.2.27	P77315	[('UDP-sugar  + ATP = UDP-sugar  + ADP + Pi', 'CHEBI:9840 + CHEBI:15422 = CHEBI:9840 + CHEBI:16761 + CHEBI:18367')]	0.0	100.0
P77509	3.A.1.2.27	P77509	[('UDP-sugar  + ATP = UDP-sugar  + ADP + Pi', 'CHEBI:9840 + CHEBI:15422 = CHEBI:9840 + CHEBI:16761 + CHEBI:18367')]	0.0	100.0
P77269	3.A.1.2.27	P77269	[('UDP-sugar  + ATP = UDP-sugar  + ADP + Pi', 'CHEBI:9840 + CHEBI:15422 = CHEBI:9840 + CHEBI:16761 + CHEBI:18367')]	0.0	100.0
P0AAG8	3.A.1.2.3	P0AAG8	[('D-galactose + ATP + H2O = D-galactose + ADP + phosphate + H(+)', 'CHEBI:4139 + CHEBI:30616 + CHEBI:15377 = CHEBI:4139 + CHEBI:456216 + CHEBI:43474 + CHEBI:15378'), ('methyl beta-D-galactoside + ATP + H2O = methyl beta-D-galactoside + ADP + phosphate + H(+)', 'CHEBI:17540 + CHEBI:30616 + CHEBI:15377 = CHEBI:17540 + CHEBI:456216 + CHEBI:43474 + CHEBI:15378'), ('glucose  + ATP = glucose  + ADP + Pi', 'CHEBI:5418 + CHEBI:15422 = CHEBI:5418 + CHEBI:16761 + CHEBI:18367'), ('galactose  + ATP = galactose  + ADP + Pi', 'CHEBI:5256 + CHEBI:15422 = CHEBI:5256 + CHEBI:16761 + CHEBI:18367')]	0.0	100.0
P0AEE5	3.A.1.2.3	P0AEE5	[('D-galactose + ATP + H2O = D-galactose + ADP + phosphate + H(+)', 'CHEBI:4139 + CHEBI:30616 + CHEBI:15377 = CHEBI:4139 + CHEBI:456216 + CHEBI:43474 + CHEBI:15378'), ('methyl beta-D-galactoside + ATP + H2O = methyl beta-D-galactoside + ADP + phosphate + H(+)', 'CHEBI:17540 + CHEBI:30616 + CHEBI:15377 = CHEBI:17540 + CHEBI:456216 + CHEBI:43474 + CHEBI:15378'), ('glucose  + ATP = glucose  + ADP + Pi', 'CHEBI:5418 + CHEBI:15422 = CHEBI:5418 + CHEBI:16761 + CHEBI:18367'), ('galactose  + ATP = galactose  + ADP + Pi', 'CHEBI:5256 + CHEBI:15422 = CHEBI:5256 + CHEBI:16761 + CHEBI:18367')]	0.0	100.0
P23200	3.A.1.2.3	P23200	[('D-galactose + ATP + H2O = D-galactose + ADP + phosphate + H(+)', 'CHEBI:4139 + CHEBI:30616 + CHEBI:15377 = CHEBI:4139 + CHEBI:456216 + CHEBI:43474 + CHEBI:15378'), ('methyl beta-D-galactoside + ATP + H2O = methyl beta-D-galactoside + ADP + phosphate + H(+)', 'CHEBI:17540 + CHEBI:30616 + CHEBI:15377 = CHEBI:17540 + CHEBI:456216 + CHEBI:43474 + CHEBI:15378'), ('glucose  + ATP = glucose  + ADP + Pi', 'CHEBI:5418 + CHEBI:15422 = CHEBI:5418 + CHEBI:16761 + CHEBI:18367'), ('galactose  + ATP = galactose  + ADP + Pi', 'CHEBI:5256 + CHEBI:15422 = CHEBI:5256 + CHEBI:16761 + CHEBI:18367')]	0.0	100.0
O68456	3.A.1.2.33	P37387	[('xylose  + ATP = xylose  + ADP + Pi', 'CHEBI:10085 + CHEBI:15422 = CHEBI:10085 + CHEBI:16761 + CHEBI:18367')]	1.9999999999999998e-134	61.386
P0AGI4	3.A.1.2.4	P0AGI4	[('xylose  + ATP = xylose  + ADP + Pi', 'CHEBI:10085 + CHEBI:15422 = CHEBI:10085 + CHEBI:16761 + CHEBI:18367'), ('D-xylose + ATP + H2O = D-xylose + ADP + phosphate + H(+)', 'CHEBI:53455 + CHEBI:30616 + CHEBI:15377 = CHEBI:53455 + CHEBI:456216 + CHEBI:43474 + CHEBI:15378')]	0.0	100.0
P37387	3.A.1.2.4	P37387	[('xylose  + ATP = xylose  + ADP + Pi', 'CHEBI:10085 + CHEBI:15422 = CHEBI:10085 + CHEBI:16761 + CHEBI:18367'), ('D-xylose + ATP + H2O = D-xylose + ADP + phosphate + H(+)', 'CHEBI:53455 + CHEBI:30616 + CHEBI:15377 = CHEBI:53455 + CHEBI:456216 + CHEBI:43474 + CHEBI:15378')]	0.0	100.0
P37388	3.A.1.2.4	P37388	[('xylose  + ATP = xylose  + ADP + Pi', 'CHEBI:10085 + CHEBI:15422 = CHEBI:10085 + CHEBI:16761 + CHEBI:18367'), ('D-xylose + ATP + H2O = D-xylose + ADP + phosphate + H(+)', 'CHEBI:53455 + CHEBI:30616 + CHEBI:15377 = CHEBI:53455 + CHEBI:456216 + CHEBI:43474 + CHEBI:15378')]	0.0	100.0
P32720	3.A.1.2.6	P32720	[('allose  + ATP = allose  + ADP + Pi', 'CHEBI:33935 + CHEBI:15422 = CHEBI:33935 + CHEBI:16761 + CHEBI:18367'), ('D-allose + ATP + H2O = D-allose + ADP + phosphate + H(+)', 'CHEBI:40822 + CHEBI:30616 + CHEBI:15377 = CHEBI:40822 + CHEBI:456216 + CHEBI:43474 + CHEBI:15378')]	0.0	100.0
P32721	3.A.1.2.6	P32721	[('allose  + ATP = allose  + ADP + Pi', 'CHEBI:33935 + CHEBI:15422 = CHEBI:33935 + CHEBI:16761 + CHEBI:18367'), ('D-allose + ATP + H2O = D-allose + ADP + phosphate + H(+)', 'CHEBI:40822 + CHEBI:30616 + CHEBI:15377 = CHEBI:40822 + CHEBI:456216 + CHEBI:43474 + CHEBI:15378')]	0.0	100.0
P39265	3.A.1.2.6	P39265	[('allose  + ATP = allose  + ADP + Pi', 'CHEBI:33935 + CHEBI:15422 = CHEBI:33935 + CHEBI:16761 + CHEBI:18367'), ('D-allose + ATP + H2O = D-allose + ADP + phosphate + H(+)', 'CHEBI:40822 + CHEBI:30616 + CHEBI:15377 = CHEBI:40822 + CHEBI:456216 + CHEBI:43474 + CHEBI:15378')]	0.0	100.0
P0AFS1	3.A.1.2.8	P0AFS1	[('autoinducer-2  + ATP = autoinducer-2  + ADP + Pi', 'CHEBI:40646 + CHEBI:15422 = CHEBI:40646 + CHEBI:16761 + CHEBI:18367')]	0.0	100.0
P76142	3.A.1.2.8	P76142	[('autoinducer-2  + ATP = autoinducer-2  + ADP + Pi', 'CHEBI:40646 + CHEBI:15422 = CHEBI:40646 + CHEBI:16761 + CHEBI:18367')]	0.0	100.0
P77257	3.A.1.2.8	P77257	[('autoinducer-2  + ATP = autoinducer-2  + ADP + Pi', 'CHEBI:40646 + CHEBI:15422 = CHEBI:40646 + CHEBI:16761 + CHEBI:18367')]	0.0	100.0
P77672	3.A.1.2.8	P77672	[('autoinducer-2  + ATP = autoinducer-2  + ADP + Pi', 'CHEBI:40646 + CHEBI:15422 = CHEBI:40646 + CHEBI:16761 + CHEBI:18367')]	0.0	100.0
Q9KLQ6	3.A.1.20.2	P75681	[('hexose phosphate  + ATP = hexose phosphate  + ADP + Pi', 'CHEBI:47878 + CHEBI:15422 = CHEBI:47878 + CHEBI:16761 + CHEBI:18367'), ('Fe(3+) + ATP + H2O = Fe(3+) + ADP + phosphate + H(+)', 'CHEBI:29034 + CHEBI:30616 + CHEBI:15377 = CHEBI:29034 + CHEBI:456216 + CHEBI:43474 + CHEBI:15378')]	4.37e-58	81.579
Q9KLQ5	3.A.1.20.2	P37009	[('hexose phosphate  + ATP = hexose phosphate  + ADP + Pi', 'CHEBI:47878 + CHEBI:15422 = CHEBI:47878 + CHEBI:16761 + CHEBI:18367'), ('Fe(3+) + ATP + H2O = Fe(3+) + ADP + phosphate + H(+)', 'CHEBI:29034 + CHEBI:30616 + CHEBI:15377 = CHEBI:29034 + CHEBI:456216 + CHEBI:43474 + CHEBI:15378')]	5.59e-171	67.147
A3N295	3.A.1.20.3	P75681	[('iron(3+)  + ATP = iron(3+)  + ADP + Pi', 'CHEBI:29034 + CHEBI:15422 = CHEBI:29034 + CHEBI:16761 + CHEBI:18367')]	2.76e-54	76.991
A3N296	3.A.1.20.3	P37009	[('iron(3+)  + ATP = iron(3+)  + ADP + Pi', 'CHEBI:29034 + CHEBI:15422 = CHEBI:29034 + CHEBI:16761 + CHEBI:18367')]	6.780000000000001e-157	62.248
Q2M3G0	3.A.1.201.13	P60752	[('daunorubicin + ATP + H2O = daunorubicin + ADP + phosphate + H(+)', 'CHEBI:64677 + CHEBI:30616 + CHEBI:15377 = CHEBI:64677 + CHEBI:456216 + CHEBI:43474 + CHEBI:15378'), ('rhodamine 6G  + ATP = rhodamine 6G  + ADP + Pi', 'CHEBI:52672 + CHEBI:15422 = CHEBI:52672 + CHEBI:16761 + CHEBI:18367'), ('doxorubicin  + ATP = doxorubicin  + ADP + Pi', 'CHEBI:28748 + CHEBI:15422 = CHEBI:28748 + CHEBI:16761 + CHEBI:18367'), ('drug  + ATP = drug  + ADP + Pi', 'CHEBI:23888 + CHEBI:15422 = CHEBI:23888 + CHEBI:16761 + CHEBI:18367')]	6.95e-48	50.286
P31826	3.A.1.203.11	P31826	[('fatty acid  + ATP = fatty acid  + ADP + Pi', 'CHEBI:35366 + CHEBI:15422 = CHEBI:35366 + CHEBI:16761 + CHEBI:18367')]	0.0	100.0
P28635	3.A.1.24.1	P28635	[('methionine  + ATP = methionine  + ADP + Pi', 'CHEBI:16811 + CHEBI:15422 = CHEBI:16811 + CHEBI:16761 + CHEBI:18367'), ('L-methionine + ATP + H2O = L-methionine + ADP + phosphate + H(+)', 'CHEBI:57844 + CHEBI:30616 + CHEBI:15377 = CHEBI:57844 + CHEBI:456216 + CHEBI:43474 + CHEBI:15378'), ('D-methionine + ATP + H2O = D-methionine + ADP + phosphate + H(+)', 'CHEBI:57932 + CHEBI:30616 + CHEBI:15377 = CHEBI:57932 + CHEBI:456216 + CHEBI:43474 + CHEBI:15378')]	0.0	100.0
P28635	3.A.1.24.1	P04846	[('methionine  + ATP = methionine  + ADP + Pi', 'CHEBI:16811 + CHEBI:15422 = CHEBI:16811 + CHEBI:16761 + CHEBI:18367'), ('L-methionine + ATP + H2O = L-methionine + ADP + phosphate + H(+)', 'CHEBI:57844 + CHEBI:30616 + CHEBI:15377 = CHEBI:57844 + CHEBI:456216 + CHEBI:43474 + CHEBI:15378'), ('D-methionine + ATP + H2O = D-methionine + ADP + phosphate + H(+)', 'CHEBI:57932 + CHEBI:30616 + CHEBI:15377 = CHEBI:57932 + CHEBI:456216 + CHEBI:43474 + CHEBI:15378')]	5.22e-122	61.798
P30750	3.A.1.24.1	P30750	[('methionine  + ATP = methionine  + ADP + Pi', 'CHEBI:16811 + CHEBI:15422 = CHEBI:16811 + CHEBI:16761 + CHEBI:18367'), ('L-methionine + ATP + H2O = L-methionine + ADP + phosphate + H(+)', 'CHEBI:57844 + CHEBI:30616 + CHEBI:15377 = CHEBI:57844 + CHEBI:456216 + CHEBI:43474 + CHEBI:15378'), ('D-methionine + ATP + H2O = D-methionine + ADP + phosphate + H(+)', 'CHEBI:57932 + CHEBI:30616 + CHEBI:15377 = CHEBI:57932 + CHEBI:456216 + CHEBI:43474 + CHEBI:15378')]	0.0	100.0
P31547	3.A.1.24.1	P31547	[('methionine  + ATP = methionine  + ADP + Pi', 'CHEBI:16811 + CHEBI:15422 = CHEBI:16811 + CHEBI:16761 + CHEBI:18367'), ('L-methionine + ATP + H2O = L-methionine + ADP + phosphate + H(+)', 'CHEBI:57844 + CHEBI:30616 + CHEBI:15377 = CHEBI:57844 + CHEBI:456216 + CHEBI:43474 + CHEBI:15378'), ('D-methionine + ATP + H2O = D-methionine + ADP + phosphate + H(+)', 'CHEBI:57932 + CHEBI:30616 + CHEBI:15377 = CHEBI:57932 + CHEBI:456216 + CHEBI:43474 + CHEBI:15378')]	2.44e-151	100.0
Q8NSN2	3.A.1.24.4	P30750	[('L-methionine  + ATP = L-methionine  + ADP + Pi', 'CHEBI:16643 + CHEBI:15422 = CHEBI:16643 + CHEBI:16761 + CHEBI:18367'), ('L-methionine + ATP + H2O = L-methionine + ADP + phosphate + H(+)', 'CHEBI:57844 + CHEBI:30616 + CHEBI:15377 = CHEBI:57844 + CHEBI:456216 + CHEBI:43474 + CHEBI:15378'), ('D-methionine + ATP + H2O = D-methionine + ADP + phosphate + H(+)', 'CHEBI:57932 + CHEBI:30616 + CHEBI:15377 = CHEBI:57932 + CHEBI:456216 + CHEBI:43474 + CHEBI:15378')]	4.2e-90	54.878
Q9HT69	3.A.1.24.5	P31547	[('L-histidine  + ATP = L-histidine  + ADP + Pi', 'CHEBI:15971 + CHEBI:15422 = CHEBI:15971 + CHEBI:16761 + CHEBI:18367'), ('L-methionine + ATP + H2O = L-methionine + ADP + phosphate + H(+)', 'CHEBI:57844 + CHEBI:30616 + CHEBI:15377 = CHEBI:57844 + CHEBI:456216 + CHEBI:43474 + CHEBI:15378'), ('D-methionine + ATP + H2O = D-methionine + ADP + phosphate + H(+)', 'CHEBI:57932 + CHEBI:30616 + CHEBI:15377 = CHEBI:57932 + CHEBI:456216 + CHEBI:43474 + CHEBI:15378')]	7.46e-44	51.412
P0ADV7	3.A.1.27.3	P0ADV7	[('phospholipid  + ATP = phospholipid  + ADP + Pi', 'CHEBI:8150 + CHEBI:15422 = CHEBI:8150 + CHEBI:16761 + CHEBI:18367'), ('tetracycline  + ATP = tetracycline  + ADP + Pi', 'CHEBI:27902 + CHEBI:15422 = CHEBI:27902 + CHEBI:16761 + CHEBI:18367'), ('drug  + ATP = drug  + ADP + Pi', 'CHEBI:23888 + CHEBI:15422 = CHEBI:23888 + CHEBI:16761 + CHEBI:18367')]	1.76e-157	100.0
P63386	3.A.1.27.3	P63386	[('phospholipid  + ATP = phospholipid  + ADP + Pi', 'CHEBI:8150 + CHEBI:15422 = CHEBI:8150 + CHEBI:16761 + CHEBI:18367'), ('tetracycline  + ATP = tetracycline  + ADP + Pi', 'CHEBI:27902 + CHEBI:15422 = CHEBI:27902 + CHEBI:16761 + CHEBI:18367'), ('drug  + ATP = drug  + ADP + Pi', 'CHEBI:23888 + CHEBI:15422 = CHEBI:23888 + CHEBI:16761 + CHEBI:18367')]	0.0	100.0
P64602	3.A.1.27.3	P64602	[('phospholipid  + ATP = phospholipid  + ADP + Pi', 'CHEBI:8150 + CHEBI:15422 = CHEBI:8150 + CHEBI:16761 + CHEBI:18367'), ('tetracycline  + ATP = tetracycline  + ADP + Pi', 'CHEBI:27902 + CHEBI:15422 = CHEBI:27902 + CHEBI:16761 + CHEBI:18367'), ('drug  + ATP = drug  + ADP + Pi', 'CHEBI:23888 + CHEBI:15422 = CHEBI:23888 + CHEBI:16761 + CHEBI:18367')]	5.5199999999999996e-67	100.0
P64604	3.A.1.27.3	P64604	[('phospholipid  + ATP = phospholipid  + ADP + Pi', 'CHEBI:8150 + CHEBI:15422 = CHEBI:8150 + CHEBI:16761 + CHEBI:18367'), ('tetracycline  + ATP = tetracycline  + ADP + Pi', 'CHEBI:27902 + CHEBI:15422 = CHEBI:27902 + CHEBI:16761 + CHEBI:18367'), ('drug  + ATP = drug  + ADP + Pi', 'CHEBI:23888 + CHEBI:15422 = CHEBI:23888 + CHEBI:16761 + CHEBI:18367')]	4.11e-134	100.0
P64606	3.A.1.27.3	P64606	[('phospholipid  + ATP = phospholipid  + ADP + Pi', 'CHEBI:8150 + CHEBI:15422 = CHEBI:8150 + CHEBI:16761 + CHEBI:18367'), ('tetracycline  + ATP = tetracycline  + ADP + Pi', 'CHEBI:27902 + CHEBI:15422 = CHEBI:27902 + CHEBI:16761 + CHEBI:18367'), ('drug  + ATP = drug  + ADP + Pi', 'CHEBI:23888 + CHEBI:15422 = CHEBI:23888 + CHEBI:16761 + CHEBI:18367')]	0.0	100.0
P76506	3.A.1.27.3	P76506	[('phospholipid  + ATP = phospholipid  + ADP + Pi', 'CHEBI:8150 + CHEBI:15422 = CHEBI:8150 + CHEBI:16761 + CHEBI:18367'), ('tetracycline  + ATP = tetracycline  + ADP + Pi', 'CHEBI:27902 + CHEBI:15422 = CHEBI:27902 + CHEBI:16761 + CHEBI:18367'), ('drug  + ATP = drug  + ADP + Pi', 'CHEBI:23888 + CHEBI:15422 = CHEBI:23888 + CHEBI:16761 + CHEBI:18367')]	0.0	100.0
P02915	3.A.1.3.1	P07109	[('L-lysine + ATP + H2O = L-lysine + ADP + phosphate + H(+)', 'CHEBI:32551 + CHEBI:30616 + CHEBI:15377 = CHEBI:32551 + CHEBI:456216 + CHEBI:43474 + CHEBI:15378'), ('a polar amino acid + ATP + H2O = a polar amino acid + ADP + phosphate + H(+)', 'CHEBI:62031 + CHEBI:30616 + CHEBI:15377 = CHEBI:62031 + CHEBI:456216 + CHEBI:43474 + CHEBI:15378'), ('L-ornithine + ATP + H2O = L-ornithine + ADP + phosphate + H(+)', 'CHEBI:46911 + CHEBI:30616 + CHEBI:15377 = CHEBI:46911 + CHEBI:456216 + CHEBI:43474 + CHEBI:15378'), ('L-histidine + ATP + H2O = L-histidine + ADP + phosphate + H(+)', 'CHEBI:57595 + CHEBI:30616 + CHEBI:15377 = CHEBI:57595 + CHEBI:456216 + CHEBI:43474 + CHEBI:15378'), ('L-arginine + ATP + H2O = L-arginine + ADP + phosphate + H(+)', 'CHEBI:32682 + CHEBI:30616 + CHEBI:15377 = CHEBI:32682 + CHEBI:456216 + CHEBI:43474 + CHEBI:15378'), ('lysine  + ATP = lysine  + ADP + Pi', 'CHEBI:25094 + CHEBI:15422 = CHEBI:25094 + CHEBI:16761 + CHEBI:18367'), ('ornithine  + ATP = ornithine  + ADP + Pi', 'CHEBI:18257 + CHEBI:15422 = CHEBI:18257 + CHEBI:16761 + CHEBI:18367'), ('arginine  + ATP = arginine  + ADP + Pi', 'CHEBI:29016 + CHEBI:15422 = CHEBI:29016 + CHEBI:16761 + CHEBI:18367'), ('histidine  + ATP = histidine  + ADP + Pi', 'CHEBI:27570 + CHEBI:15422 = CHEBI:27570 + CHEBI:16761 + CHEBI:18367')]	4.01e-173	94.553
P02915	3.A.1.3.1	P37774	[('L-lysine + ATP + H2O = L-lysine + ADP + phosphate + H(+)', 'CHEBI:32551 + CHEBI:30616 + CHEBI:15377 = CHEBI:32551 + CHEBI:456216 + CHEBI:43474 + CHEBI:15378'), ('a polar amino acid + ATP + H2O = a polar amino acid + ADP + phosphate + H(+)', 'CHEBI:62031 + CHEBI:30616 + CHEBI:15377 = CHEBI:62031 + CHEBI:456216 + CHEBI:43474 + CHEBI:15378'), ('L-ornithine + ATP + H2O = L-ornithine + ADP + phosphate + H(+)', 'CHEBI:46911 + CHEBI:30616 + CHEBI:15377 = CHEBI:46911 + CHEBI:456216 + CHEBI:43474 + CHEBI:15378'), ('L-histidine + ATP + H2O = L-histidine + ADP + phosphate + H(+)', 'CHEBI:57595 + CHEBI:30616 + CHEBI:15377 = CHEBI:57595 + CHEBI:456216 + CHEBI:43474 + CHEBI:15378'), ('L-arginine + ATP + H2O = L-arginine + ADP + phosphate + H(+)', 'CHEBI:32682 + CHEBI:30616 + CHEBI:15377 = CHEBI:32682 + CHEBI:456216 + CHEBI:43474 + CHEBI:15378'), ('lysine  + ATP = lysine  + ADP + Pi', 'CHEBI:25094 + CHEBI:15422 = CHEBI:25094 + CHEBI:16761 + CHEBI:18367'), ('ornithine  + ATP = ornithine  + ADP + Pi', 'CHEBI:18257 + CHEBI:15422 = CHEBI:18257 + CHEBI:16761 + CHEBI:18367'), ('arginine  + ATP = arginine  + ADP + Pi', 'CHEBI:29016 + CHEBI:15422 = CHEBI:29016 + CHEBI:16761 + CHEBI:18367'), ('histidine  + ATP = histidine  + ADP + Pi', 'CHEBI:27570 + CHEBI:15422 = CHEBI:27570 + CHEBI:16761 + CHEBI:18367')]	3.8600000000000004e-77	51.6
P02915	3.A.1.3.1	P10346	[('L-lysine + ATP + H2O = L-lysine + ADP + phosphate + H(+)', 'CHEBI:32551 + CHEBI:30616 + CHEBI:15377 = CHEBI:32551 + CHEBI:456216 + CHEBI:43474 + CHEBI:15378'), ('a polar amino acid + ATP + H2O = a polar amino acid + ADP + phosphate + H(+)', 'CHEBI:62031 + CHEBI:30616 + CHEBI:15377 = CHEBI:62031 + CHEBI:456216 + CHEBI:43474 + CHEBI:15378'), ('L-ornithine + ATP + H2O = L-ornithine + ADP + phosphate + H(+)', 'CHEBI:46911 + CHEBI:30616 + CHEBI:15377 = CHEBI:46911 + CHEBI:456216 + CHEBI:43474 + CHEBI:15378'), ('L-histidine + ATP + H2O = L-histidine + ADP + phosphate + H(+)', 'CHEBI:57595 + CHEBI:30616 + CHEBI:15377 = CHEBI:57595 + CHEBI:456216 + CHEBI:43474 + CHEBI:15378'), ('L-arginine + ATP + H2O = L-arginine + ADP + phosphate + H(+)', 'CHEBI:32682 + CHEBI:30616 + CHEBI:15377 = CHEBI:32682 + CHEBI:456216 + CHEBI:43474 + CHEBI:15378'), ('lysine  + ATP = lysine  + ADP + Pi', 'CHEBI:25094 + CHEBI:15422 = CHEBI:25094 + CHEBI:16761 + CHEBI:18367'), ('ornithine  + ATP = ornithine  + ADP + Pi', 'CHEBI:18257 + CHEBI:15422 = CHEBI:18257 + CHEBI:16761 + CHEBI:18367'), ('arginine  + ATP = arginine  + ADP + Pi', 'CHEBI:29016 + CHEBI:15422 = CHEBI:29016 + CHEBI:16761 + CHEBI:18367'), ('histidine  + ATP = histidine  + ADP + Pi', 'CHEBI:27570 + CHEBI:15422 = CHEBI:27570 + CHEBI:16761 + CHEBI:18367')]	7.29e-74	53.469
P09551	3.A.1.3.1	P09551	[('L-lysine + ATP + H2O = L-lysine + ADP + phosphate + H(+)', 'CHEBI:32551 + CHEBI:30616 + CHEBI:15377 = CHEBI:32551 + CHEBI:456216 + CHEBI:43474 + CHEBI:15378'), ('a polar amino acid + ATP + H2O = a polar amino acid + ADP + phosphate + H(+)', 'CHEBI:62031 + CHEBI:30616 + CHEBI:15377 = CHEBI:62031 + CHEBI:456216 + CHEBI:43474 + CHEBI:15378'), ('L-ornithine + ATP + H2O = L-ornithine + ADP + phosphate + H(+)', 'CHEBI:46911 + CHEBI:30616 + CHEBI:15377 = CHEBI:46911 + CHEBI:456216 + CHEBI:43474 + CHEBI:15378'), ('L-histidine + ATP + H2O = L-histidine + ADP + phosphate + H(+)', 'CHEBI:57595 + CHEBI:30616 + CHEBI:15377 = CHEBI:57595 + CHEBI:456216 + CHEBI:43474 + CHEBI:15378'), ('L-arginine + ATP + H2O = L-arginine + ADP + phosphate + H(+)', 'CHEBI:32682 + CHEBI:30616 + CHEBI:15377 = CHEBI:32682 + CHEBI:456216 + CHEBI:43474 + CHEBI:15378'), ('lysine  + ATP = lysine  + ADP + Pi', 'CHEBI:25094 + CHEBI:15422 = CHEBI:25094 + CHEBI:16761 + CHEBI:18367'), ('ornithine  + ATP = ornithine  + ADP + Pi', 'CHEBI:18257 + CHEBI:15422 = CHEBI:18257 + CHEBI:16761 + CHEBI:18367'), ('arginine  + ATP = arginine  + ADP + Pi', 'CHEBI:29016 + CHEBI:15422 = CHEBI:29016 + CHEBI:16761 + CHEBI:18367'), ('histidine  + ATP = histidine  + ADP + Pi', 'CHEBI:27570 + CHEBI:15422 = CHEBI:27570 + CHEBI:16761 + CHEBI:18367')]	0.0	100.0
P09551	3.A.1.3.1	P0AEU0	[('L-lysine + ATP + H2O = L-lysine + ADP + phosphate + H(+)', 'CHEBI:32551 + CHEBI:30616 + CHEBI:15377 = CHEBI:32551 + CHEBI:456216 + CHEBI:43474 + CHEBI:15378'), ('a polar amino acid + ATP + H2O = a polar amino acid + ADP + phosphate + H(+)', 'CHEBI:62031 + CHEBI:30616 + CHEBI:15377 = CHEBI:62031 + CHEBI:456216 + CHEBI:43474 + CHEBI:15378'), ('L-ornithine + ATP + H2O = L-ornithine + ADP + phosphate + H(+)', 'CHEBI:46911 + CHEBI:30616 + CHEBI:15377 = CHEBI:46911 + CHEBI:456216 + CHEBI:43474 + CHEBI:15378'), ('L-histidine + ATP + H2O = L-histidine + ADP + phosphate + H(+)', 'CHEBI:57595 + CHEBI:30616 + CHEBI:15377 = CHEBI:57595 + CHEBI:456216 + CHEBI:43474 + CHEBI:15378'), ('L-arginine + ATP + H2O = L-arginine + ADP + phosphate + H(+)', 'CHEBI:32682 + CHEBI:30616 + CHEBI:15377 = CHEBI:32682 + CHEBI:456216 + CHEBI:43474 + CHEBI:15378'), ('lysine  + ATP = lysine  + ADP + Pi', 'CHEBI:25094 + CHEBI:15422 = CHEBI:25094 + CHEBI:16761 + CHEBI:18367'), ('ornithine  + ATP = ornithine  + ADP + Pi', 'CHEBI:18257 + CHEBI:15422 = CHEBI:18257 + CHEBI:16761 + CHEBI:18367'), ('arginine  + ATP = arginine  + ADP + Pi', 'CHEBI:29016 + CHEBI:15422 = CHEBI:29016 + CHEBI:16761 + CHEBI:18367'), ('histidine  + ATP = histidine  + ADP + Pi', 'CHEBI:27570 + CHEBI:15422 = CHEBI:27570 + CHEBI:16761 + CHEBI:18367')]	3.7e-134	67.568
P0A2I7	3.A.1.3.1	P0AEU3	[('L-lysine + ATP + H2O = L-lysine + ADP + phosphate + H(+)', 'CHEBI:32551 + CHEBI:30616 + CHEBI:15377 = CHEBI:32551 + CHEBI:456216 + CHEBI:43474 + CHEBI:15378'), ('a polar amino acid + ATP + H2O = a polar amino acid + ADP + phosphate + H(+)', 'CHEBI:62031 + CHEBI:30616 + CHEBI:15377 = CHEBI:62031 + CHEBI:456216 + CHEBI:43474 + CHEBI:15378'), ('L-ornithine + ATP + H2O = L-ornithine + ADP + phosphate + H(+)', 'CHEBI:46911 + CHEBI:30616 + CHEBI:15377 = CHEBI:46911 + CHEBI:456216 + CHEBI:43474 + CHEBI:15378'), ('L-histidine + ATP + H2O = L-histidine + ADP + phosphate + H(+)', 'CHEBI:57595 + CHEBI:30616 + CHEBI:15377 = CHEBI:57595 + CHEBI:456216 + CHEBI:43474 + CHEBI:15378'), ('L-arginine + ATP + H2O = L-arginine + ADP + phosphate + H(+)', 'CHEBI:32682 + CHEBI:30616 + CHEBI:15377 = CHEBI:32682 + CHEBI:456216 + CHEBI:43474 + CHEBI:15378'), ('lysine  + ATP = lysine  + ADP + Pi', 'CHEBI:25094 + CHEBI:15422 = CHEBI:25094 + CHEBI:16761 + CHEBI:18367'), ('ornithine  + ATP = ornithine  + ADP + Pi', 'CHEBI:18257 + CHEBI:15422 = CHEBI:18257 + CHEBI:16761 + CHEBI:18367'), ('arginine  + ATP = arginine  + ADP + Pi', 'CHEBI:29016 + CHEBI:15422 = CHEBI:29016 + CHEBI:16761 + CHEBI:18367'), ('histidine  + ATP = histidine  + ADP + Pi', 'CHEBI:27570 + CHEBI:15422 = CHEBI:27570 + CHEBI:16761 + CHEBI:18367')]	1.1200000000000001e-160	92.275
P0A2I9	3.A.1.3.1	P52094	[('L-lysine + ATP + H2O = L-lysine + ADP + phosphate + H(+)', 'CHEBI:32551 + CHEBI:30616 + CHEBI:15377 = CHEBI:32551 + CHEBI:456216 + CHEBI:43474 + CHEBI:15378'), ('a polar amino acid + ATP + H2O = a polar amino acid + ADP + phosphate + H(+)', 'CHEBI:62031 + CHEBI:30616 + CHEBI:15377 = CHEBI:62031 + CHEBI:456216 + CHEBI:43474 + CHEBI:15378'), ('L-ornithine + ATP + H2O = L-ornithine + ADP + phosphate + H(+)', 'CHEBI:46911 + CHEBI:30616 + CHEBI:15377 = CHEBI:46911 + CHEBI:456216 + CHEBI:43474 + CHEBI:15378'), ('L-histidine + ATP + H2O = L-histidine + ADP + phosphate + H(+)', 'CHEBI:57595 + CHEBI:30616 + CHEBI:15377 = CHEBI:57595 + CHEBI:456216 + CHEBI:43474 + CHEBI:15378'), ('L-arginine + ATP + H2O = L-arginine + ADP + phosphate + H(+)', 'CHEBI:32682 + CHEBI:30616 + CHEBI:15377 = CHEBI:32682 + CHEBI:456216 + CHEBI:43474 + CHEBI:15378'), ('lysine  + ATP = lysine  + ADP + Pi', 'CHEBI:25094 + CHEBI:15422 = CHEBI:25094 + CHEBI:16761 + CHEBI:18367'), ('ornithine  + ATP = ornithine  + ADP + Pi', 'CHEBI:18257 + CHEBI:15422 = CHEBI:18257 + CHEBI:16761 + CHEBI:18367'), ('arginine  + ATP = arginine  + ADP + Pi', 'CHEBI:29016 + CHEBI:15422 = CHEBI:29016 + CHEBI:16761 + CHEBI:18367'), ('histidine  + ATP = histidine  + ADP + Pi', 'CHEBI:27570 + CHEBI:15422 = CHEBI:27570 + CHEBI:16761 + CHEBI:18367')]	1.45e-153	91.228
P0AEM9	3.A.1.3.10	P0AEM9	[('7,8-diaminononanoic acid  + ATP = 7,8-diaminononanoic acid  + ADP + Pi', 'CHEBI:2247 + CHEBI:15422 = CHEBI:2247 + CHEBI:16761 + CHEBI:18367'), ('cystine  + ATP = cystine  + ADP + Pi', 'CHEBI:17376 + CHEBI:15422 = CHEBI:17376 + CHEBI:16761 + CHEBI:18367'), ('D-cystine + ATP + H2O = D-cystine + ADP + phosphate + H(+)', 'CHEBI:145813 + CHEBI:30616 + CHEBI:15377 = CHEBI:145813 + CHEBI:456216 + CHEBI:43474 + CHEBI:15378'), ('L-cystine + ATP + H2O = L-cystine + ADP + phosphate + H(+)', 'CHEBI:35491 + CHEBI:30616 + CHEBI:15377 = CHEBI:35491 + CHEBI:456216 + CHEBI:43474 + CHEBI:15378')]	0.0	100.0
P0AFT2	3.A.1.3.10	P0AFT2	[('7,8-diaminononanoic acid  + ATP = 7,8-diaminononanoic acid  + ADP + Pi', 'CHEBI:2247 + CHEBI:15422 = CHEBI:2247 + CHEBI:16761 + CHEBI:18367'), ('cystine  + ATP = cystine  + ADP + Pi', 'CHEBI:17376 + CHEBI:15422 = CHEBI:17376 + CHEBI:16761 + CHEBI:18367'), ('D-cystine + ATP + H2O = D-cystine + ADP + phosphate + H(+)', 'CHEBI:145813 + CHEBI:30616 + CHEBI:15377 = CHEBI:145813 + CHEBI:456216 + CHEBI:43474 + CHEBI:15378'), ('L-cystine + ATP + H2O = L-cystine + ADP + phosphate + H(+)', 'CHEBI:35491 + CHEBI:30616 + CHEBI:15377 = CHEBI:35491 + CHEBI:456216 + CHEBI:43474 + CHEBI:15378')]	4.5100000000000005e-161	100.0
P37774	3.A.1.3.10	P07109	[('7,8-diaminononanoic acid  + ATP = 7,8-diaminononanoic acid  + ADP + Pi', 'CHEBI:2247 + CHEBI:15422 = CHEBI:2247 + CHEBI:16761 + CHEBI:18367'), ('cystine  + ATP = cystine  + ADP + Pi', 'CHEBI:17376 + CHEBI:15422 = CHEBI:17376 + CHEBI:16761 + CHEBI:18367'), ('D-cystine + ATP + H2O = D-cystine + ADP + phosphate + H(+)', 'CHEBI:145813 + CHEBI:30616 + CHEBI:15377 = CHEBI:145813 + CHEBI:456216 + CHEBI:43474 + CHEBI:15378'), ('L-cystine + ATP + H2O = L-cystine + ADP + phosphate + H(+)', 'CHEBI:35491 + CHEBI:30616 + CHEBI:15377 = CHEBI:35491 + CHEBI:456216 + CHEBI:43474 + CHEBI:15378')]	4.78e-86	52.569
P37774	3.A.1.3.10	P37774	[('7,8-diaminononanoic acid  + ATP = 7,8-diaminononanoic acid  + ADP + Pi', 'CHEBI:2247 + CHEBI:15422 = CHEBI:2247 + CHEBI:16761 + CHEBI:18367'), ('cystine  + ATP = cystine  + ADP + Pi', 'CHEBI:17376 + CHEBI:15422 = CHEBI:17376 + CHEBI:16761 + CHEBI:18367'), ('D-cystine + ATP + H2O = D-cystine + ADP + phosphate + H(+)', 'CHEBI:145813 + CHEBI:30616 + CHEBI:15377 = CHEBI:145813 + CHEBI:456216 + CHEBI:43474 + CHEBI:15378'), ('L-cystine + ATP + H2O = L-cystine + ADP + phosphate + H(+)', 'CHEBI:35491 + CHEBI:30616 + CHEBI:15377 = CHEBI:35491 + CHEBI:456216 + CHEBI:43474 + CHEBI:15378')]	0.0	100.0
P37774	3.A.1.3.10	P45769	[('7,8-diaminononanoic acid  + ATP = 7,8-diaminononanoic acid  + ADP + Pi', 'CHEBI:2247 + CHEBI:15422 = CHEBI:2247 + CHEBI:16761 + CHEBI:18367'), ('cystine  + ATP = cystine  + ADP + Pi', 'CHEBI:17376 + CHEBI:15422 = CHEBI:17376 + CHEBI:16761 + CHEBI:18367'), ('D-cystine + ATP + H2O = D-cystine + ADP + phosphate + H(+)', 'CHEBI:145813 + CHEBI:30616 + CHEBI:15377 = CHEBI:145813 + CHEBI:456216 + CHEBI:43474 + CHEBI:15378'), ('L-cystine + ATP + H2O = L-cystine + ADP + phosphate + H(+)', 'CHEBI:35491 + CHEBI:30616 + CHEBI:15377 = CHEBI:35491 + CHEBI:456216 + CHEBI:43474 + CHEBI:15378')]	1.84e-80	52.5
P37774	3.A.1.3.10	P10346	[('7,8-diaminononanoic acid  + ATP = 7,8-diaminononanoic acid  + ADP + Pi', 'CHEBI:2247 + CHEBI:15422 = CHEBI:2247 + CHEBI:16761 + CHEBI:18367'), ('cystine  + ATP = cystine  + ADP + Pi', 'CHEBI:17376 + CHEBI:15422 = CHEBI:17376 + CHEBI:16761 + CHEBI:18367'), ('D-cystine + ATP + H2O = D-cystine + ADP + phosphate + H(+)', 'CHEBI:145813 + CHEBI:30616 + CHEBI:15377 = CHEBI:145813 + CHEBI:456216 + CHEBI:43474 + CHEBI:15378'), ('L-cystine + ATP + H2O = L-cystine + ADP + phosphate + H(+)', 'CHEBI:35491 + CHEBI:30616 + CHEBI:15377 = CHEBI:35491 + CHEBI:456216 + CHEBI:43474 + CHEBI:15378')]	2.37e-86	57.025
O30506	3.A.1.3.11	P07109	[('ornithine  + ATP = ornithine  + ADP + Pi', 'CHEBI:18257 + CHEBI:15422 = CHEBI:18257 + CHEBI:16761 + CHEBI:18367'), ('arginine  + ATP = arginine  + ADP + Pi', 'CHEBI:29016 + CHEBI:15422 = CHEBI:29016 + CHEBI:16761 + CHEBI:18367')]	4.2100000000000005e-123	69.96
O30506	3.A.1.3.11	P37774	[('ornithine  + ATP = ornithine  + ADP + Pi', 'CHEBI:18257 + CHEBI:15422 = CHEBI:18257 + CHEBI:16761 + CHEBI:18367'), ('arginine  + ATP = arginine  + ADP + Pi', 'CHEBI:29016 + CHEBI:15422 = CHEBI:29016 + CHEBI:16761 + CHEBI:18367')]	2.09e-78	51.807
O30506	3.A.1.3.11	P10346	[('ornithine  + ATP = ornithine  + ADP + Pi', 'CHEBI:18257 + CHEBI:15422 = CHEBI:18257 + CHEBI:16761 + CHEBI:18367'), ('arginine  + ATP = arginine  + ADP + Pi', 'CHEBI:29016 + CHEBI:15422 = CHEBI:29016 + CHEBI:16761 + CHEBI:18367')]	5.85e-75	51.417
P73721	3.A.1.3.12	P07109	[('lysine  + ATP = lysine  + ADP + Pi', 'CHEBI:25094 + CHEBI:15422 = CHEBI:25094 + CHEBI:16761 + CHEBI:18367'), ('arginine  + ATP = arginine  + ADP + Pi', 'CHEBI:29016 + CHEBI:15422 = CHEBI:29016 + CHEBI:16761 + CHEBI:18367'), ('glutamine  + ATP = glutamine  + ADP + Pi', 'CHEBI:28300 + CHEBI:15422 = CHEBI:28300 + CHEBI:16761 + CHEBI:18367'), ('histidine  + ATP = histidine  + ADP + Pi', 'CHEBI:27570 + CHEBI:15422 = CHEBI:27570 + CHEBI:16761 + CHEBI:18367')]	9.84e-90	57.025
P73721	3.A.1.3.12	P37774	[('lysine  + ATP = lysine  + ADP + Pi', 'CHEBI:25094 + CHEBI:15422 = CHEBI:25094 + CHEBI:16761 + CHEBI:18367'), ('arginine  + ATP = arginine  + ADP + Pi', 'CHEBI:29016 + CHEBI:15422 = CHEBI:29016 + CHEBI:16761 + CHEBI:18367'), ('glutamine  + ATP = glutamine  + ADP + Pi', 'CHEBI:28300 + CHEBI:15422 = CHEBI:28300 + CHEBI:16761 + CHEBI:18367'), ('histidine  + ATP = histidine  + ADP + Pi', 'CHEBI:27570 + CHEBI:15422 = CHEBI:27570 + CHEBI:16761 + CHEBI:18367')]	4.04e-80	52.263
P73721	3.A.1.3.12	P45769	[('lysine  + ATP = lysine  + ADP + Pi', 'CHEBI:25094 + CHEBI:15422 = CHEBI:25094 + CHEBI:16761 + CHEBI:18367'), ('arginine  + ATP = arginine  + ADP + Pi', 'CHEBI:29016 + CHEBI:15422 = CHEBI:29016 + CHEBI:16761 + CHEBI:18367'), ('glutamine  + ATP = glutamine  + ADP + Pi', 'CHEBI:28300 + CHEBI:15422 = CHEBI:28300 + CHEBI:16761 + CHEBI:18367'), ('histidine  + ATP = histidine  + ADP + Pi', 'CHEBI:27570 + CHEBI:15422 = CHEBI:27570 + CHEBI:16761 + CHEBI:18367')]	7.5e-90	51.807
P73721	3.A.1.3.12	P0AAG3	[('lysine  + ATP = lysine  + ADP + Pi', 'CHEBI:25094 + CHEBI:15422 = CHEBI:25094 + CHEBI:16761 + CHEBI:18367'), ('arginine  + ATP = arginine  + ADP + Pi', 'CHEBI:29016 + CHEBI:15422 = CHEBI:29016 + CHEBI:16761 + CHEBI:18367'), ('glutamine  + ATP = glutamine  + ADP + Pi', 'CHEBI:28300 + CHEBI:15422 = CHEBI:28300 + CHEBI:16761 + CHEBI:18367'), ('histidine  + ATP = histidine  + ADP + Pi', 'CHEBI:27570 + CHEBI:15422 = CHEBI:27570 + CHEBI:16761 + CHEBI:18367')]	4.19e-87	52.066
P73721	3.A.1.3.12	P10346	[('lysine  + ATP = lysine  + ADP + Pi', 'CHEBI:25094 + CHEBI:15422 = CHEBI:25094 + CHEBI:16761 + CHEBI:18367'), ('arginine  + ATP = arginine  + ADP + Pi', 'CHEBI:29016 + CHEBI:15422 = CHEBI:29016 + CHEBI:16761 + CHEBI:18367'), ('glutamine  + ATP = glutamine  + ADP + Pi', 'CHEBI:28300 + CHEBI:15422 = CHEBI:28300 + CHEBI:16761 + CHEBI:18367'), ('histidine  + ATP = histidine  + ADP + Pi', 'CHEBI:27570 + CHEBI:15422 = CHEBI:27570 + CHEBI:16761 + CHEBI:18367')]	3.54e-83	51.24
O34900	3.A.1.3.13	P37774	[('L-djenkolic acid  + ATP = L-djenkolic acid  + ADP + Pi', 'CHEBI:6211 + CHEBI:15422 = CHEBI:6211 + CHEBI:16761 + CHEBI:18367'), ('S-methylcysteine  + ATP = S-methylcysteine  + ADP + Pi', 'CHEBI:45658 + CHEBI:15422 = CHEBI:45658 + CHEBI:16761 + CHEBI:18367'), ('cystathionine  + ATP = cystathionine  + ADP + Pi', 'CHEBI:17755 + CHEBI:15422 = CHEBI:17755 + CHEBI:16761 + CHEBI:18367')]	1.78e-84	52.675
P39456	3.A.1.3.14	P07109	[('cystine  + ATP = cystine  + ADP + Pi', 'CHEBI:17376 + CHEBI:15422 = CHEBI:17376 + CHEBI:16761 + CHEBI:18367')]	2.03e-82	51.417
P39456	3.A.1.3.14	P37774	[('cystine  + ATP = cystine  + ADP + Pi', 'CHEBI:17376 + CHEBI:15422 = CHEBI:17376 + CHEBI:16761 + CHEBI:18367')]	8.099999999999999e-89	54.694
P39456	3.A.1.3.14	P10346	[('cystine  + ATP = cystine  + ADP + Pi', 'CHEBI:17376 + CHEBI:15422 = CHEBI:17376 + CHEBI:16761 + CHEBI:18367')]	1.53e-88	54.321
P42200	3.A.1.3.14	P0AFT2	[('cystine  + ATP = cystine  + ADP + Pi', 'CHEBI:17376 + CHEBI:15422 = CHEBI:17376 + CHEBI:16761 + CHEBI:18367')]	3.3900000000000005e-70	52.195
P54537	3.A.1.3.15	P07109	[('arginine  + ATP = arginine  + ADP + Pi', 'CHEBI:29016 + CHEBI:15422 = CHEBI:29016 + CHEBI:16761 + CHEBI:18367')]	1.39e-87	52.191
P54537	3.A.1.3.15	P37774	[('arginine  + ATP = arginine  + ADP + Pi', 'CHEBI:29016 + CHEBI:15422 = CHEBI:29016 + CHEBI:16761 + CHEBI:18367')]	1.6499999999999999e-93	55.918
P54537	3.A.1.3.15	P45769	[('arginine  + ATP = arginine  + ADP + Pi', 'CHEBI:29016 + CHEBI:15422 = CHEBI:29016 + CHEBI:16761 + CHEBI:18367')]	4.45e-92	53.75
P54537	3.A.1.3.15	P0AAG3	[('arginine  + ATP = arginine  + ADP + Pi', 'CHEBI:29016 + CHEBI:15422 = CHEBI:29016 + CHEBI:16761 + CHEBI:18367')]	8.48e-93	56.667
P54537	3.A.1.3.15	P10346	[('arginine  + ATP = arginine  + ADP + Pi', 'CHEBI:29016 + CHEBI:15422 = CHEBI:29016 + CHEBI:16761 + CHEBI:18367')]	2.2000000000000002e-96	55.23
A3ZI83	3.A.1.3.16	P45769	[('glutamate(2-)  + ATP = glutamate(2-)  + ADP + Pi', 'CHEBI:29987 + CHEBI:15422 = CHEBI:29987 + CHEBI:16761 + CHEBI:18367'), ('aspartate(2-)  + ATP = aspartate(2-)  + ADP + Pi', 'CHEBI:29995 + CHEBI:15422 = CHEBI:29995 + CHEBI:16761 + CHEBI:18367')]	6.430000000000001e-103	59.751
A3ZI83	3.A.1.3.16	P0AAG3	[('glutamate(2-)  + ATP = glutamate(2-)  + ADP + Pi', 'CHEBI:29987 + CHEBI:15422 = CHEBI:29987 + CHEBI:16761 + CHEBI:18367'), ('aspartate(2-)  + ATP = aspartate(2-)  + ADP + Pi', 'CHEBI:29995 + CHEBI:15422 = CHEBI:29995 + CHEBI:16761 + CHEBI:18367')]	1.69e-92	55.602
A3ZI83	3.A.1.3.16	P10346	[('glutamate(2-)  + ATP = glutamate(2-)  + ADP + Pi', 'CHEBI:29987 + CHEBI:15422 = CHEBI:29987 + CHEBI:16761 + CHEBI:18367'), ('aspartate(2-)  + ATP = aspartate(2-)  + ADP + Pi', 'CHEBI:29995 + CHEBI:15422 = CHEBI:29995 + CHEBI:16761 + CHEBI:18367')]	3.21e-83	50.633
Q8YPM8	3.A.1.3.18	P45767	[('alpha-amino acid  + ATP = alpha-amino acid  + ADP + Pi', 'CHEBI:33704 + CHEBI:15422 = CHEBI:33704 + CHEBI:16761 + CHEBI:18367')]	1.34e-41	62.222
Q88NY2	3.A.1.3.19	P37902	[('glutamate(2-)  + ATP = glutamate(2-)  + ADP + Pi', 'CHEBI:29987 + CHEBI:15422 = CHEBI:29987 + CHEBI:16761 + CHEBI:18367'), ('aspartate(2-)  + ATP = aspartate(2-)  + ADP + Pi', 'CHEBI:29995 + CHEBI:15422 = CHEBI:29995 + CHEBI:16761 + CHEBI:18367'), ('asparagine  + ATP = asparagine  + ADP + Pi', 'CHEBI:22653 + CHEBI:15422 = CHEBI:22653 + CHEBI:16761 + CHEBI:18367'), ('glutamine  + ATP = glutamine  + ADP + Pi', 'CHEBI:28300 + CHEBI:15422 = CHEBI:28300 + CHEBI:16761 + CHEBI:18367')]	1.7699999999999999e-112	59.559
Q88NY3	3.A.1.3.19	P0AER3	[('glutamate(2-)  + ATP = glutamate(2-)  + ADP + Pi', 'CHEBI:29987 + CHEBI:15422 = CHEBI:29987 + CHEBI:16761 + CHEBI:18367'), ('aspartate(2-)  + ATP = aspartate(2-)  + ADP + Pi', 'CHEBI:29995 + CHEBI:15422 = CHEBI:29995 + CHEBI:16761 + CHEBI:18367'), ('asparagine  + ATP = asparagine  + ADP + Pi', 'CHEBI:22653 + CHEBI:15422 = CHEBI:22653 + CHEBI:16761 + CHEBI:18367'), ('glutamine  + ATP = glutamine  + ADP + Pi', 'CHEBI:28300 + CHEBI:15422 = CHEBI:28300 + CHEBI:16761 + CHEBI:18367')]	6.18e-91	54.032
Q88NY4	3.A.1.3.19	P0AER5	[('glutamate(2-)  + ATP = glutamate(2-)  + ADP + Pi', 'CHEBI:29987 + CHEBI:15422 = CHEBI:29987 + CHEBI:16761 + CHEBI:18367'), ('aspartate(2-)  + ATP = aspartate(2-)  + ADP + Pi', 'CHEBI:29995 + CHEBI:15422 = CHEBI:29995 + CHEBI:16761 + CHEBI:18367'), ('asparagine  + ATP = asparagine  + ADP + Pi', 'CHEBI:22653 + CHEBI:15422 = CHEBI:22653 + CHEBI:16761 + CHEBI:18367'), ('glutamine  + ATP = glutamine  + ADP + Pi', 'CHEBI:28300 + CHEBI:15422 = CHEBI:28300 + CHEBI:16761 + CHEBI:18367')]	1.8000000000000003e-73	55.455
Q88NY5	3.A.1.3.19	P07109	[('glutamate(2-)  + ATP = glutamate(2-)  + ADP + Pi', 'CHEBI:29987 + CHEBI:15422 = CHEBI:29987 + CHEBI:16761 + CHEBI:18367'), ('aspartate(2-)  + ATP = aspartate(2-)  + ADP + Pi', 'CHEBI:29995 + CHEBI:15422 = CHEBI:29995 + CHEBI:16761 + CHEBI:18367'), ('asparagine  + ATP = asparagine  + ADP + Pi', 'CHEBI:22653 + CHEBI:15422 = CHEBI:22653 + CHEBI:16761 + CHEBI:18367'), ('glutamine  + ATP = glutamine  + ADP + Pi', 'CHEBI:28300 + CHEBI:15422 = CHEBI:28300 + CHEBI:16761 + CHEBI:18367')]	1.8700000000000002e-72	50.0
Q88NY5	3.A.1.3.19	P37774	[('glutamate(2-)  + ATP = glutamate(2-)  + ADP + Pi', 'CHEBI:29987 + CHEBI:15422 = CHEBI:29987 + CHEBI:16761 + CHEBI:18367'), ('aspartate(2-)  + ATP = aspartate(2-)  + ADP + Pi', 'CHEBI:29995 + CHEBI:15422 = CHEBI:29995 + CHEBI:16761 + CHEBI:18367'), ('asparagine  + ATP = asparagine  + ADP + Pi', 'CHEBI:22653 + CHEBI:15422 = CHEBI:22653 + CHEBI:16761 + CHEBI:18367'), ('glutamine  + ATP = glutamine  + ADP + Pi', 'CHEBI:28300 + CHEBI:15422 = CHEBI:28300 + CHEBI:16761 + CHEBI:18367')]	9.15e-68	50.202
Q88NY5	3.A.1.3.19	P45769	[('glutamate(2-)  + ATP = glutamate(2-)  + ADP + Pi', 'CHEBI:29987 + CHEBI:15422 = CHEBI:29987 + CHEBI:16761 + CHEBI:18367'), ('aspartate(2-)  + ATP = aspartate(2-)  + ADP + Pi', 'CHEBI:29995 + CHEBI:15422 = CHEBI:29995 + CHEBI:16761 + CHEBI:18367'), ('asparagine  + ATP = asparagine  + ADP + Pi', 'CHEBI:22653 + CHEBI:15422 = CHEBI:22653 + CHEBI:16761 + CHEBI:18367'), ('glutamine  + ATP = glutamine  + ADP + Pi', 'CHEBI:28300 + CHEBI:15422 = CHEBI:28300 + CHEBI:16761 + CHEBI:18367')]	3.04e-96	57.202
Q88NY5	3.A.1.3.19	P0AAG3	[('glutamate(2-)  + ATP = glutamate(2-)  + ADP + Pi', 'CHEBI:29987 + CHEBI:15422 = CHEBI:29987 + CHEBI:16761 + CHEBI:18367'), ('aspartate(2-)  + ATP = aspartate(2-)  + ADP + Pi', 'CHEBI:29995 + CHEBI:15422 = CHEBI:29995 + CHEBI:16761 + CHEBI:18367'), ('asparagine  + ATP = asparagine  + ADP + Pi', 'CHEBI:22653 + CHEBI:15422 = CHEBI:22653 + CHEBI:16761 + CHEBI:18367'), ('glutamine  + ATP = glutamine  + ADP + Pi', 'CHEBI:28300 + CHEBI:15422 = CHEBI:28300 + CHEBI:16761 + CHEBI:18367')]	7.05e-125	75.309
Q88NY5	3.A.1.3.19	P10346	[('glutamate(2-)  + ATP = glutamate(2-)  + ADP + Pi', 'CHEBI:29987 + CHEBI:15422 = CHEBI:29987 + CHEBI:16761 + CHEBI:18367'), ('aspartate(2-)  + ATP = aspartate(2-)  + ADP + Pi', 'CHEBI:29995 + CHEBI:15422 = CHEBI:29995 + CHEBI:16761 + CHEBI:18367'), ('asparagine  + ATP = asparagine  + ADP + Pi', 'CHEBI:22653 + CHEBI:15422 = CHEBI:22653 + CHEBI:16761 + CHEBI:18367'), ('glutamine  + ATP = glutamine  + ADP + Pi', 'CHEBI:28300 + CHEBI:15422 = CHEBI:28300 + CHEBI:16761 + CHEBI:18367')]	2.68e-80	53.527
P0AEQ3	3.A.1.3.2	P0AEQ3	[('glutamine  + ATP = glutamine  + ADP + Pi', 'CHEBI:28300 + CHEBI:15422 = CHEBI:28300 + CHEBI:16761 + CHEBI:18367')]	0.0	100.0
P0AEQ6	3.A.1.3.2	P0AEQ6	[('glutamine  + ATP = glutamine  + ADP + Pi', 'CHEBI:28300 + CHEBI:15422 = CHEBI:28300 + CHEBI:16761 + CHEBI:18367')]	3.81e-155	100.0
P10346	3.A.1.3.2	P07109	[('glutamine  + ATP = glutamine  + ADP + Pi', 'CHEBI:28300 + CHEBI:15422 = CHEBI:28300 + CHEBI:16761 + CHEBI:18367')]	7.94e-82	53.469
P10346	3.A.1.3.2	P37774	[('glutamine  + ATP = glutamine  + ADP + Pi', 'CHEBI:28300 + CHEBI:15422 = CHEBI:28300 + CHEBI:16761 + CHEBI:18367')]	2.46e-86	57.025
P10346	3.A.1.3.2	P45769	[('glutamine  + ATP = glutamine  + ADP + Pi', 'CHEBI:28300 + CHEBI:15422 = CHEBI:28300 + CHEBI:16761 + CHEBI:18367')]	2.73e-90	54.393
P10346	3.A.1.3.2	P0AAG3	[('glutamine  + ATP = glutamine  + ADP + Pi', 'CHEBI:28300 + CHEBI:15422 = CHEBI:28300 + CHEBI:16761 + CHEBI:18367')]	4.13e-88	53.138
P10346	3.A.1.3.2	P10346	[('glutamine  + ATP = glutamine  + ADP + Pi', 'CHEBI:28300 + CHEBI:15422 = CHEBI:28300 + CHEBI:16761 + CHEBI:18367')]	7.82e-178	100.0
Q9A1H1	3.A.1.3.20	P07109	[('lysine  + ATP = lysine  + ADP + Pi', 'CHEBI:25094 + CHEBI:15422 = CHEBI:25094 + CHEBI:16761 + CHEBI:18367')]	1.77e-74	51.362
Q9A1H1	3.A.1.3.20	P37774	[('lysine  + ATP = lysine  + ADP + Pi', 'CHEBI:25094 + CHEBI:15422 = CHEBI:25094 + CHEBI:16761 + CHEBI:18367')]	1.1900000000000001e-73	51.807
Q9A1H1	3.A.1.3.20	P45769	[('lysine  + ATP = lysine  + ADP + Pi', 'CHEBI:25094 + CHEBI:15422 = CHEBI:25094 + CHEBI:16761 + CHEBI:18367')]	5.84e-74	50.0
Q9A1H1	3.A.1.3.20	P0AAG3	[('lysine  + ATP = lysine  + ADP + Pi', 'CHEBI:25094 + CHEBI:15422 = CHEBI:25094 + CHEBI:16761 + CHEBI:18367')]	3.74e-75	51.037
Q9A1H1	3.A.1.3.20	P10346	[('lysine  + ATP = lysine  + ADP + Pi', 'CHEBI:25094 + CHEBI:15422 = CHEBI:25094 + CHEBI:16761 + CHEBI:18367')]	1.4e-73	52.101
Q9I488	3.A.1.3.21	P07109	[('trans-4-hydroxy-L-proline  + ATP = trans-4-hydroxy-L-proline  + ADP + Pi', 'CHEBI:18095 + CHEBI:15422 = CHEBI:18095 + CHEBI:16761 + CHEBI:18367')]	1.65e-80	51.793
Q9I488	3.A.1.3.21	P37774	[('trans-4-hydroxy-L-proline  + ATP = trans-4-hydroxy-L-proline  + ADP + Pi', 'CHEBI:18095 + CHEBI:15422 = CHEBI:18095 + CHEBI:16761 + CHEBI:18367')]	1.4600000000000002e-73	50.204
Q9I488	3.A.1.3.21	P45769	[('trans-4-hydroxy-L-proline  + ATP = trans-4-hydroxy-L-proline  + ADP + Pi', 'CHEBI:18095 + CHEBI:15422 = CHEBI:18095 + CHEBI:16761 + CHEBI:18367')]	6.29e-78	50.0
Q9I488	3.A.1.3.21	P0AAG3	[('trans-4-hydroxy-L-proline  + ATP = trans-4-hydroxy-L-proline  + ADP + Pi', 'CHEBI:18095 + CHEBI:15422 = CHEBI:18095 + CHEBI:16761 + CHEBI:18367')]	3.0199999999999996e-82	51.667
Q9I488	3.A.1.3.21	P10346	[('trans-4-hydroxy-L-proline  + ATP = trans-4-hydroxy-L-proline  + ADP + Pi', 'CHEBI:18095 + CHEBI:15422 = CHEBI:18095 + CHEBI:16761 + CHEBI:18367')]	2.12e-79	52.72
Q9I402	3.A.1.3.22	P37902	[('N-acetyl-L-glutamic acid  + ATP = N-acetyl-L-glutamic acid  + ADP + Pi', 'CHEBI:17533 + CHEBI:15422 = CHEBI:17533 + CHEBI:16761 + CHEBI:18367'), ('glutamic acid  + ATP = glutamic acid  + ADP + Pi', 'CHEBI:18237 + CHEBI:15422 = CHEBI:18237 + CHEBI:16761 + CHEBI:18367'), ('glutamine  + ATP = glutamine  + ADP + Pi', 'CHEBI:28300 + CHEBI:15422 = CHEBI:28300 + CHEBI:16761 + CHEBI:18367')]	6.67e-120	58.644
Q9I403	3.A.1.3.22	P0AER3	[('N-acetyl-L-glutamic acid  + ATP = N-acetyl-L-glutamic acid  + ADP + Pi', 'CHEBI:17533 + CHEBI:15422 = CHEBI:17533 + CHEBI:16761 + CHEBI:18367'), ('glutamic acid  + ATP = glutamic acid  + ADP + Pi', 'CHEBI:18237 + CHEBI:15422 = CHEBI:18237 + CHEBI:16761 + CHEBI:18367'), ('glutamine  + ATP = glutamine  + ADP + Pi', 'CHEBI:28300 + CHEBI:15422 = CHEBI:28300 + CHEBI:16761 + CHEBI:18367')]	1.37e-98	53.629
Q9I404	3.A.1.3.22	P0AER5	[('N-acetyl-L-glutamic acid  + ATP = N-acetyl-L-glutamic acid  + ADP + Pi', 'CHEBI:17533 + CHEBI:15422 = CHEBI:17533 + CHEBI:16761 + CHEBI:18367'), ('glutamic acid  + ATP = glutamic acid  + ADP + Pi', 'CHEBI:18237 + CHEBI:15422 = CHEBI:18237 + CHEBI:16761 + CHEBI:18367'), ('glutamine  + ATP = glutamine  + ADP + Pi', 'CHEBI:28300 + CHEBI:15422 = CHEBI:28300 + CHEBI:16761 + CHEBI:18367')]	3.74e-71	52.752
Q9I405	3.A.1.3.22	P07109	[('N-acetyl-L-glutamic acid  + ATP = N-acetyl-L-glutamic acid  + ADP + Pi', 'CHEBI:17533 + CHEBI:15422 = CHEBI:17533 + CHEBI:16761 + CHEBI:18367'), ('glutamic acid  + ATP = glutamic acid  + ADP + Pi', 'CHEBI:18237 + CHEBI:15422 = CHEBI:18237 + CHEBI:16761 + CHEBI:18367'), ('glutamine  + ATP = glutamine  + ADP + Pi', 'CHEBI:28300 + CHEBI:15422 = CHEBI:28300 + CHEBI:16761 + CHEBI:18367')]	9.55e-78	50.0
Q9I405	3.A.1.3.22	P37774	[('N-acetyl-L-glutamic acid  + ATP = N-acetyl-L-glutamic acid  + ADP + Pi', 'CHEBI:17533 + CHEBI:15422 = CHEBI:17533 + CHEBI:16761 + CHEBI:18367'), ('glutamic acid  + ATP = glutamic acid  + ADP + Pi', 'CHEBI:18237 + CHEBI:15422 = CHEBI:18237 + CHEBI:16761 + CHEBI:18367'), ('glutamine  + ATP = glutamine  + ADP + Pi', 'CHEBI:28300 + CHEBI:15422 = CHEBI:28300 + CHEBI:16761 + CHEBI:18367')]	3.17e-75	50.607
Q9I405	3.A.1.3.22	P45769	[('N-acetyl-L-glutamic acid  + ATP = N-acetyl-L-glutamic acid  + ADP + Pi', 'CHEBI:17533 + CHEBI:15422 = CHEBI:17533 + CHEBI:16761 + CHEBI:18367'), ('glutamic acid  + ATP = glutamic acid  + ADP + Pi', 'CHEBI:18237 + CHEBI:15422 = CHEBI:18237 + CHEBI:16761 + CHEBI:18367'), ('glutamine  + ATP = glutamine  + ADP + Pi', 'CHEBI:28300 + CHEBI:15422 = CHEBI:28300 + CHEBI:16761 + CHEBI:18367')]	4.5199999999999995e-104	59.504
Q9I405	3.A.1.3.22	P0AAG3	[('N-acetyl-L-glutamic acid  + ATP = N-acetyl-L-glutamic acid  + ADP + Pi', 'CHEBI:17533 + CHEBI:15422 = CHEBI:17533 + CHEBI:16761 + CHEBI:18367'), ('glutamic acid  + ATP = glutamic acid  + ADP + Pi', 'CHEBI:18237 + CHEBI:15422 = CHEBI:18237 + CHEBI:16761 + CHEBI:18367'), ('glutamine  + ATP = glutamine  + ADP + Pi', 'CHEBI:28300 + CHEBI:15422 = CHEBI:28300 + CHEBI:16761 + CHEBI:18367')]	3.63e-137	77.686
Q9I405	3.A.1.3.22	P10346	[('N-acetyl-L-glutamic acid  + ATP = N-acetyl-L-glutamic acid  + ADP + Pi', 'CHEBI:17533 + CHEBI:15422 = CHEBI:17533 + CHEBI:16761 + CHEBI:18367'), ('glutamic acid  + ATP = glutamic acid  + ADP + Pi', 'CHEBI:18237 + CHEBI:15422 = CHEBI:18237 + CHEBI:16761 + CHEBI:18367'), ('glutamine  + ATP = glutamine  + ADP + Pi', 'CHEBI:28300 + CHEBI:15422 = CHEBI:28300 + CHEBI:16761 + CHEBI:18367')]	1.93e-91	55.602
Q9HU32	3.A.1.3.23	P07109	[('lysine  + ATP = lysine  + ADP + Pi', 'CHEBI:25094 + CHEBI:15422 = CHEBI:25094 + CHEBI:16761 + CHEBI:18367'), ('alanine  + ATP = alanine  + ADP + Pi', 'CHEBI:16449 + CHEBI:15422 = CHEBI:16449 + CHEBI:16761 + CHEBI:18367'), ('arginine  + ATP = arginine  + ADP + Pi', 'CHEBI:29016 + CHEBI:15422 = CHEBI:29016 + CHEBI:16761 + CHEBI:18367'), ('histidine  + ATP = histidine  + ADP + Pi', 'CHEBI:27570 + CHEBI:15422 = CHEBI:27570 + CHEBI:16761 + CHEBI:18367'), ('valine  + ATP = valine  + ADP + Pi', 'CHEBI:27266 + CHEBI:15422 = CHEBI:27266 + CHEBI:16761 + CHEBI:18367')]	1.5300000000000002e-109	61.538
Q9HU32	3.A.1.3.23	P37774	[('lysine  + ATP = lysine  + ADP + Pi', 'CHEBI:25094 + CHEBI:15422 = CHEBI:25094 + CHEBI:16761 + CHEBI:18367'), ('alanine  + ATP = alanine  + ADP + Pi', 'CHEBI:16449 + CHEBI:15422 = CHEBI:16449 + CHEBI:16761 + CHEBI:18367'), ('arginine  + ATP = arginine  + ADP + Pi', 'CHEBI:29016 + CHEBI:15422 = CHEBI:29016 + CHEBI:16761 + CHEBI:18367'), ('histidine  + ATP = histidine  + ADP + Pi', 'CHEBI:27570 + CHEBI:15422 = CHEBI:27570 + CHEBI:16761 + CHEBI:18367'), ('valine  + ATP = valine  + ADP + Pi', 'CHEBI:27266 + CHEBI:15422 = CHEBI:27266 + CHEBI:16761 + CHEBI:18367')]	1.11e-88	53.441
Q9F3K7	3.A.1.3.24	P07109	[('alpha-amino acid  + ATP = alpha-amino acid  + ADP + Pi', 'CHEBI:33704 + CHEBI:15422 = CHEBI:33704 + CHEBI:16761 + CHEBI:18367')]	1.79e-90	54.959
Q9F3K7	3.A.1.3.24	P37774	[('alpha-amino acid  + ATP = alpha-amino acid  + ADP + Pi', 'CHEBI:33704 + CHEBI:15422 = CHEBI:33704 + CHEBI:16761 + CHEBI:18367')]	6.82e-87	52.569
Q9F3K7	3.A.1.3.24	P45769	[('alpha-amino acid  + ATP = alpha-amino acid  + ADP + Pi', 'CHEBI:33704 + CHEBI:15422 = CHEBI:33704 + CHEBI:16761 + CHEBI:18367')]	4.49e-91	52.362
Q9F3K7	3.A.1.3.24	P0AAG3	[('alpha-amino acid  + ATP = alpha-amino acid  + ADP + Pi', 'CHEBI:33704 + CHEBI:15422 = CHEBI:33704 + CHEBI:16761 + CHEBI:18367')]	5.6900000000000006e-86	52.191
Q9F3K7	3.A.1.3.24	P10346	[('alpha-amino acid  + ATP = alpha-amino acid  + ADP + Pi', 'CHEBI:33704 + CHEBI:15422 = CHEBI:33704 + CHEBI:16761 + CHEBI:18367')]	2.0699999999999998e-94	55.422
Q9CES4	3.A.1.3.25	P07109	[('glutamate(2-)  + ATP = glutamate(2-)  + ADP + Pi', 'CHEBI:29987 + CHEBI:15422 = CHEBI:29987 + CHEBI:16761 + CHEBI:18367'), ('asparagine  + ATP = asparagine  + ADP + Pi', 'CHEBI:22653 + CHEBI:15422 = CHEBI:22653 + CHEBI:16761 + CHEBI:18367'), ('glutamine  + ATP = glutamine  + ADP + Pi', 'CHEBI:28300 + CHEBI:15422 = CHEBI:28300 + CHEBI:16761 + CHEBI:18367')]	3.8399999999999996e-91	52.61
Q9CES4	3.A.1.3.25	P37774	[('glutamate(2-)  + ATP = glutamate(2-)  + ADP + Pi', 'CHEBI:29987 + CHEBI:15422 = CHEBI:29987 + CHEBI:16761 + CHEBI:18367'), ('asparagine  + ATP = asparagine  + ADP + Pi', 'CHEBI:22653 + CHEBI:15422 = CHEBI:22653 + CHEBI:16761 + CHEBI:18367'), ('glutamine  + ATP = glutamine  + ADP + Pi', 'CHEBI:28300 + CHEBI:15422 = CHEBI:28300 + CHEBI:16761 + CHEBI:18367')]	2.16e-84	53.441
Q9CES4	3.A.1.3.25	P45769	[('glutamate(2-)  + ATP = glutamate(2-)  + ADP + Pi', 'CHEBI:29987 + CHEBI:15422 = CHEBI:29987 + CHEBI:16761 + CHEBI:18367'), ('asparagine  + ATP = asparagine  + ADP + Pi', 'CHEBI:22653 + CHEBI:15422 = CHEBI:22653 + CHEBI:16761 + CHEBI:18367'), ('glutamine  + ATP = glutamine  + ADP + Pi', 'CHEBI:28300 + CHEBI:15422 = CHEBI:28300 + CHEBI:16761 + CHEBI:18367')]	6.2799999999999995e-90	52.263
Q9CES4	3.A.1.3.25	P0AAG3	[('glutamate(2-)  + ATP = glutamate(2-)  + ADP + Pi', 'CHEBI:29987 + CHEBI:15422 = CHEBI:29987 + CHEBI:16761 + CHEBI:18367'), ('asparagine  + ATP = asparagine  + ADP + Pi', 'CHEBI:22653 + CHEBI:15422 = CHEBI:22653 + CHEBI:16761 + CHEBI:18367'), ('glutamine  + ATP = glutamine  + ADP + Pi', 'CHEBI:28300 + CHEBI:15422 = CHEBI:28300 + CHEBI:16761 + CHEBI:18367')]	2.57e-92	55.0
Q9CES4	3.A.1.3.25	P10346	[('glutamate(2-)  + ATP = glutamate(2-)  + ADP + Pi', 'CHEBI:29987 + CHEBI:15422 = CHEBI:29987 + CHEBI:16761 + CHEBI:18367'), ('asparagine  + ATP = asparagine  + ADP + Pi', 'CHEBI:22653 + CHEBI:15422 = CHEBI:22653 + CHEBI:16761 + CHEBI:18367'), ('glutamine  + ATP = glutamine  + ADP + Pi', 'CHEBI:28300 + CHEBI:15422 = CHEBI:28300 + CHEBI:16761 + CHEBI:18367')]	7.38e-92	55.042
P45766	3.A.1.3.26	P45766	[('L-threonine  + ATP = L-threonine  + ADP + Pi', 'CHEBI:16857 + CHEBI:15422 = CHEBI:16857 + CHEBI:16761 + CHEBI:18367'), ('asparagine  + ATP = asparagine  + ADP + Pi', 'CHEBI:22653 + CHEBI:15422 = CHEBI:22653 + CHEBI:16761 + CHEBI:18367'), ('glutamine  + ATP = glutamine  + ADP + Pi', 'CHEBI:28300 + CHEBI:15422 = CHEBI:28300 + CHEBI:16761 + CHEBI:18367'), ('serine  + ATP = serine  + ADP + Pi', 'CHEBI:17822 + CHEBI:15422 = CHEBI:17822 + CHEBI:16761 + CHEBI:18367'), ('histidine  + ATP = histidine  + ADP + Pi', 'CHEBI:27570 + CHEBI:15422 = CHEBI:27570 + CHEBI:16761 + CHEBI:18367'), ('tyrosine  + ATP = tyrosine  + ADP + Pi', 'CHEBI:18186 + CHEBI:15422 = CHEBI:18186 + CHEBI:16761 + CHEBI:18367')]	0.0	100.0
P45767	3.A.1.3.26	P45767	[('L-threonine  + ATP = L-threonine  + ADP + Pi', 'CHEBI:16857 + CHEBI:15422 = CHEBI:16857 + CHEBI:16761 + CHEBI:18367'), ('asparagine  + ATP = asparagine  + ADP + Pi', 'CHEBI:22653 + CHEBI:15422 = CHEBI:22653 + CHEBI:16761 + CHEBI:18367'), ('glutamine  + ATP = glutamine  + ADP + Pi', 'CHEBI:28300 + CHEBI:15422 = CHEBI:28300 + CHEBI:16761 + CHEBI:18367'), ('serine  + ATP = serine  + ADP + Pi', 'CHEBI:17822 + CHEBI:15422 = CHEBI:17822 + CHEBI:16761 + CHEBI:18367'), ('histidine  + ATP = histidine  + ADP + Pi', 'CHEBI:27570 + CHEBI:15422 = CHEBI:27570 + CHEBI:16761 + CHEBI:18367'), ('tyrosine  + ATP = tyrosine  + ADP + Pi', 'CHEBI:18186 + CHEBI:15422 = CHEBI:18186 + CHEBI:16761 + CHEBI:18367')]	0.0	100.0
P45768	3.A.1.3.26	P45768	[('L-threonine  + ATP = L-threonine  + ADP + Pi', 'CHEBI:16857 + CHEBI:15422 = CHEBI:16857 + CHEBI:16761 + CHEBI:18367'), ('asparagine  + ATP = asparagine  + ADP + Pi', 'CHEBI:22653 + CHEBI:15422 = CHEBI:22653 + CHEBI:16761 + CHEBI:18367'), ('glutamine  + ATP = glutamine  + ADP + Pi', 'CHEBI:28300 + CHEBI:15422 = CHEBI:28300 + CHEBI:16761 + CHEBI:18367'), ('serine  + ATP = serine  + ADP + Pi', 'CHEBI:17822 + CHEBI:15422 = CHEBI:17822 + CHEBI:16761 + CHEBI:18367'), ('histidine  + ATP = histidine  + ADP + Pi', 'CHEBI:27570 + CHEBI:15422 = CHEBI:27570 + CHEBI:16761 + CHEBI:18367'), ('tyrosine  + ATP = tyrosine  + ADP + Pi', 'CHEBI:18186 + CHEBI:15422 = CHEBI:18186 + CHEBI:16761 + CHEBI:18367')]	0.0	100.0
P45769	3.A.1.3.26	P37774	[('L-threonine  + ATP = L-threonine  + ADP + Pi', 'CHEBI:16857 + CHEBI:15422 = CHEBI:16857 + CHEBI:16761 + CHEBI:18367'), ('asparagine  + ATP = asparagine  + ADP + Pi', 'CHEBI:22653 + CHEBI:15422 = CHEBI:22653 + CHEBI:16761 + CHEBI:18367'), ('glutamine  + ATP = glutamine  + ADP + Pi', 'CHEBI:28300 + CHEBI:15422 = CHEBI:28300 + CHEBI:16761 + CHEBI:18367'), ('serine  + ATP = serine  + ADP + Pi', 'CHEBI:17822 + CHEBI:15422 = CHEBI:17822 + CHEBI:16761 + CHEBI:18367'), ('histidine  + ATP = histidine  + ADP + Pi', 'CHEBI:27570 + CHEBI:15422 = CHEBI:27570 + CHEBI:16761 + CHEBI:18367'), ('tyrosine  + ATP = tyrosine  + ADP + Pi', 'CHEBI:18186 + CHEBI:15422 = CHEBI:18186 + CHEBI:16761 + CHEBI:18367')]	1.8200000000000002e-80	52.5
P45769	3.A.1.3.26	P45769	[('L-threonine  + ATP = L-threonine  + ADP + Pi', 'CHEBI:16857 + CHEBI:15422 = CHEBI:16857 + CHEBI:16761 + CHEBI:18367'), ('asparagine  + ATP = asparagine  + ADP + Pi', 'CHEBI:22653 + CHEBI:15422 = CHEBI:22653 + CHEBI:16761 + CHEBI:18367'), ('glutamine  + ATP = glutamine  + ADP + Pi', 'CHEBI:28300 + CHEBI:15422 = CHEBI:28300 + CHEBI:16761 + CHEBI:18367'), ('serine  + ATP = serine  + ADP + Pi', 'CHEBI:17822 + CHEBI:15422 = CHEBI:17822 + CHEBI:16761 + CHEBI:18367'), ('histidine  + ATP = histidine  + ADP + Pi', 'CHEBI:27570 + CHEBI:15422 = CHEBI:27570 + CHEBI:16761 + CHEBI:18367'), ('tyrosine  + ATP = tyrosine  + ADP + Pi', 'CHEBI:18186 + CHEBI:15422 = CHEBI:18186 + CHEBI:16761 + CHEBI:18367')]	0.0	100.0
P45769	3.A.1.3.26	P0AAG3	[('L-threonine  + ATP = L-threonine  + ADP + Pi', 'CHEBI:16857 + CHEBI:15422 = CHEBI:16857 + CHEBI:16761 + CHEBI:18367'), ('asparagine  + ATP = asparagine  + ADP + Pi', 'CHEBI:22653 + CHEBI:15422 = CHEBI:22653 + CHEBI:16761 + CHEBI:18367'), ('glutamine  + ATP = glutamine  + ADP + Pi', 'CHEBI:28300 + CHEBI:15422 = CHEBI:28300 + CHEBI:16761 + CHEBI:18367'), ('serine  + ATP = serine  + ADP + Pi', 'CHEBI:17822 + CHEBI:15422 = CHEBI:17822 + CHEBI:16761 + CHEBI:18367'), ('histidine  + ATP = histidine  + ADP + Pi', 'CHEBI:27570 + CHEBI:15422 = CHEBI:27570 + CHEBI:16761 + CHEBI:18367'), ('tyrosine  + ATP = tyrosine  + ADP + Pi', 'CHEBI:18186 + CHEBI:15422 = CHEBI:18186 + CHEBI:16761 + CHEBI:18367')]	5.37e-108	60.166
P45769	3.A.1.3.26	P10346	[('L-threonine  + ATP = L-threonine  + ADP + Pi', 'CHEBI:16857 + CHEBI:15422 = CHEBI:16857 + CHEBI:16761 + CHEBI:18367'), ('asparagine  + ATP = asparagine  + ADP + Pi', 'CHEBI:22653 + CHEBI:15422 = CHEBI:22653 + CHEBI:16761 + CHEBI:18367'), ('glutamine  + ATP = glutamine  + ADP + Pi', 'CHEBI:28300 + CHEBI:15422 = CHEBI:28300 + CHEBI:16761 + CHEBI:18367'), ('serine  + ATP = serine  + ADP + Pi', 'CHEBI:17822 + CHEBI:15422 = CHEBI:17822 + CHEBI:16761 + CHEBI:18367'), ('histidine  + ATP = histidine  + ADP + Pi', 'CHEBI:27570 + CHEBI:15422 = CHEBI:27570 + CHEBI:16761 + CHEBI:18367'), ('tyrosine  + ATP = tyrosine  + ADP + Pi', 'CHEBI:18186 + CHEBI:15422 = CHEBI:18186 + CHEBI:16761 + CHEBI:18367')]	2.6e-90	54.393
B8F898	3.A.1.3.28	P37774	[('alpha-amino acid  + ATP = alpha-amino acid  + ADP + Pi', 'CHEBI:33704 + CHEBI:15422 = CHEBI:33704 + CHEBI:16761 + CHEBI:18367')]	1.74e-88	57.377
B8F898	3.A.1.3.28	P10346	[('alpha-amino acid  + ATP = alpha-amino acid  + ADP + Pi', 'CHEBI:33704 + CHEBI:15422 = CHEBI:33704 + CHEBI:16761 + CHEBI:18367')]	5.29e-80	51.012
P0AEU0	3.A.1.3.29	P09551	[('lysine  + ATP = lysine  + ADP + Pi', 'CHEBI:25094 + CHEBI:15422 = CHEBI:25094 + CHEBI:16761 + CHEBI:18367'), ('arginine  + ATP = arginine  + ADP + Pi', 'CHEBI:29016 + CHEBI:15422 = CHEBI:29016 + CHEBI:16761 + CHEBI:18367'), ('histidine  + ATP = histidine  + ADP + Pi', 'CHEBI:27570 + CHEBI:15422 = CHEBI:27570 + CHEBI:16761 + CHEBI:18367'), ('L-lysine + ATP + H2O = L-lysine + ADP + phosphate + H(+)', 'CHEBI:32551 + CHEBI:30616 + CHEBI:15377 = CHEBI:32551 + CHEBI:456216 + CHEBI:43474 + CHEBI:15378'), ('a polar amino acid + ATP + H2O = a polar amino acid + ADP + phosphate + H(+)', 'CHEBI:62031 + CHEBI:30616 + CHEBI:15377 = CHEBI:62031 + CHEBI:456216 + CHEBI:43474 + CHEBI:15378'), ('L-ornithine + ATP + H2O = L-ornithine + ADP + phosphate + H(+)', 'CHEBI:46911 + CHEBI:30616 + CHEBI:15377 = CHEBI:46911 + CHEBI:456216 + CHEBI:43474 + CHEBI:15378'), ('L-histidine + ATP + H2O = L-histidine + ADP + phosphate + H(+)', 'CHEBI:57595 + CHEBI:30616 + CHEBI:15377 = CHEBI:57595 + CHEBI:456216 + CHEBI:43474 + CHEBI:15378'), ('L-arginine + ATP + H2O = L-arginine + ADP + phosphate + H(+)', 'CHEBI:32682 + CHEBI:30616 + CHEBI:15377 = CHEBI:32682 + CHEBI:456216 + CHEBI:43474 + CHEBI:15378')]	4.7200000000000003e-125	69.492
P0AEU0	3.A.1.3.29	P0AEU0	[('lysine  + ATP = lysine  + ADP + Pi', 'CHEBI:25094 + CHEBI:15422 = CHEBI:25094 + CHEBI:16761 + CHEBI:18367'), ('arginine  + ATP = arginine  + ADP + Pi', 'CHEBI:29016 + CHEBI:15422 = CHEBI:29016 + CHEBI:16761 + CHEBI:18367'), ('histidine  + ATP = histidine  + ADP + Pi', 'CHEBI:27570 + CHEBI:15422 = CHEBI:27570 + CHEBI:16761 + CHEBI:18367'), ('L-lysine + ATP + H2O = L-lysine + ADP + phosphate + H(+)', 'CHEBI:32551 + CHEBI:30616 + CHEBI:15377 = CHEBI:32551 + CHEBI:456216 + CHEBI:43474 + CHEBI:15378'), ('a polar amino acid + ATP + H2O = a polar amino acid + ADP + phosphate + H(+)', 'CHEBI:62031 + CHEBI:30616 + CHEBI:15377 = CHEBI:62031 + CHEBI:456216 + CHEBI:43474 + CHEBI:15378'), ('L-ornithine + ATP + H2O = L-ornithine + ADP + phosphate + H(+)', 'CHEBI:46911 + CHEBI:30616 + CHEBI:15377 = CHEBI:46911 + CHEBI:456216 + CHEBI:43474 + CHEBI:15378'), ('L-histidine + ATP + H2O = L-histidine + ADP + phosphate + H(+)', 'CHEBI:57595 + CHEBI:30616 + CHEBI:15377 = CHEBI:57595 + CHEBI:456216 + CHEBI:43474 + CHEBI:15378'), ('L-arginine + ATP + H2O = L-arginine + ADP + phosphate + H(+)', 'CHEBI:32682 + CHEBI:30616 + CHEBI:15377 = CHEBI:32682 + CHEBI:456216 + CHEBI:43474 + CHEBI:15378')]	0.0	100.0
P07109	3.A.1.3.29	P07109	[('lysine  + ATP = lysine  + ADP + Pi', 'CHEBI:25094 + CHEBI:15422 = CHEBI:25094 + CHEBI:16761 + CHEBI:18367'), ('arginine  + ATP = arginine  + ADP + Pi', 'CHEBI:29016 + CHEBI:15422 = CHEBI:29016 + CHEBI:16761 + CHEBI:18367'), ('histidine  + ATP = histidine  + ADP + Pi', 'CHEBI:27570 + CHEBI:15422 = CHEBI:27570 + CHEBI:16761 + CHEBI:18367'), ('L-lysine + ATP + H2O = L-lysine + ADP + phosphate + H(+)', 'CHEBI:32551 + CHEBI:30616 + CHEBI:15377 = CHEBI:32551 + CHEBI:456216 + CHEBI:43474 + CHEBI:15378'), ('a polar amino acid + ATP + H2O = a polar amino acid + ADP + phosphate + H(+)', 'CHEBI:62031 + CHEBI:30616 + CHEBI:15377 = CHEBI:62031 + CHEBI:456216 + CHEBI:43474 + CHEBI:15378'), ('L-ornithine + ATP + H2O = L-ornithine + ADP + phosphate + H(+)', 'CHEBI:46911 + CHEBI:30616 + CHEBI:15377 = CHEBI:46911 + CHEBI:456216 + CHEBI:43474 + CHEBI:15378'), ('L-histidine + ATP + H2O = L-histidine + ADP + phosphate + H(+)', 'CHEBI:57595 + CHEBI:30616 + CHEBI:15377 = CHEBI:57595 + CHEBI:456216 + CHEBI:43474 + CHEBI:15378'), ('L-arginine + ATP + H2O = L-arginine + ADP + phosphate + H(+)', 'CHEBI:32682 + CHEBI:30616 + CHEBI:15377 = CHEBI:32682 + CHEBI:456216 + CHEBI:43474 + CHEBI:15378')]	0.0	100.0
P07109	3.A.1.3.29	P37774	[('lysine  + ATP = lysine  + ADP + Pi', 'CHEBI:25094 + CHEBI:15422 = CHEBI:25094 + CHEBI:16761 + CHEBI:18367'), ('arginine  + ATP = arginine  + ADP + Pi', 'CHEBI:29016 + CHEBI:15422 = CHEBI:29016 + CHEBI:16761 + CHEBI:18367'), ('histidine  + ATP = histidine  + ADP + Pi', 'CHEBI:27570 + CHEBI:15422 = CHEBI:27570 + CHEBI:16761 + CHEBI:18367'), ('L-lysine + ATP + H2O = L-lysine + ADP + phosphate + H(+)', 'CHEBI:32551 + CHEBI:30616 + CHEBI:15377 = CHEBI:32551 + CHEBI:456216 + CHEBI:43474 + CHEBI:15378'), ('a polar amino acid + ATP + H2O = a polar amino acid + ADP + phosphate + H(+)', 'CHEBI:62031 + CHEBI:30616 + CHEBI:15377 = CHEBI:62031 + CHEBI:456216 + CHEBI:43474 + CHEBI:15378'), ('L-ornithine + ATP + H2O = L-ornithine + ADP + phosphate + H(+)', 'CHEBI:46911 + CHEBI:30616 + CHEBI:15377 = CHEBI:46911 + CHEBI:456216 + CHEBI:43474 + CHEBI:15378'), ('L-histidine + ATP + H2O = L-histidine + ADP + phosphate + H(+)', 'CHEBI:57595 + CHEBI:30616 + CHEBI:15377 = CHEBI:57595 + CHEBI:456216 + CHEBI:43474 + CHEBI:15378'), ('L-arginine + ATP + H2O = L-arginine + ADP + phosphate + H(+)', 'CHEBI:32682 + CHEBI:30616 + CHEBI:15377 = CHEBI:32682 + CHEBI:456216 + CHEBI:43474 + CHEBI:15378')]	3.22e-78	52.8
P07109	3.A.1.3.29	P10346	[('lysine  + ATP = lysine  + ADP + Pi', 'CHEBI:25094 + CHEBI:15422 = CHEBI:25094 + CHEBI:16761 + CHEBI:18367'), ('arginine  + ATP = arginine  + ADP + Pi', 'CHEBI:29016 + CHEBI:15422 = CHEBI:29016 + CHEBI:16761 + CHEBI:18367'), ('histidine  + ATP = histidine  + ADP + Pi', 'CHEBI:27570 + CHEBI:15422 = CHEBI:27570 + CHEBI:16761 + CHEBI:18367'), ('L-lysine + ATP + H2O = L-lysine + ADP + phosphate + H(+)', 'CHEBI:32551 + CHEBI:30616 + CHEBI:15377 = CHEBI:32551 + CHEBI:456216 + CHEBI:43474 + CHEBI:15378'), ('a polar amino acid + ATP + H2O = a polar amino acid + ADP + phosphate + H(+)', 'CHEBI:62031 + CHEBI:30616 + CHEBI:15377 = CHEBI:62031 + CHEBI:456216 + CHEBI:43474 + CHEBI:15378'), ('L-ornithine + ATP + H2O = L-ornithine + ADP + phosphate + H(+)', 'CHEBI:46911 + CHEBI:30616 + CHEBI:15377 = CHEBI:46911 + CHEBI:456216 + CHEBI:43474 + CHEBI:15378'), ('L-histidine + ATP + H2O = L-histidine + ADP + phosphate + H(+)', 'CHEBI:57595 + CHEBI:30616 + CHEBI:15377 = CHEBI:57595 + CHEBI:456216 + CHEBI:43474 + CHEBI:15378'), ('L-arginine + ATP + H2O = L-arginine + ADP + phosphate + H(+)', 'CHEBI:32682 + CHEBI:30616 + CHEBI:15377 = CHEBI:32682 + CHEBI:456216 + CHEBI:43474 + CHEBI:15378')]	1.89e-74	53.469
P0AEU3	3.A.1.3.29	P0AEU3	[('lysine  + ATP = lysine  + ADP + Pi', 'CHEBI:25094 + CHEBI:15422 = CHEBI:25094 + CHEBI:16761 + CHEBI:18367'), ('arginine  + ATP = arginine  + ADP + Pi', 'CHEBI:29016 + CHEBI:15422 = CHEBI:29016 + CHEBI:16761 + CHEBI:18367'), ('histidine  + ATP = histidine  + ADP + Pi', 'CHEBI:27570 + CHEBI:15422 = CHEBI:27570 + CHEBI:16761 + CHEBI:18367'), ('L-lysine + ATP + H2O = L-lysine + ADP + phosphate + H(+)', 'CHEBI:32551 + CHEBI:30616 + CHEBI:15377 = CHEBI:32551 + CHEBI:456216 + CHEBI:43474 + CHEBI:15378'), ('a polar amino acid + ATP + H2O = a polar amino acid + ADP + phosphate + H(+)', 'CHEBI:62031 + CHEBI:30616 + CHEBI:15377 = CHEBI:62031 + CHEBI:456216 + CHEBI:43474 + CHEBI:15378'), ('L-ornithine + ATP + H2O = L-ornithine + ADP + phosphate + H(+)', 'CHEBI:46911 + CHEBI:30616 + CHEBI:15377 = CHEBI:46911 + CHEBI:456216 + CHEBI:43474 + CHEBI:15378'), ('L-histidine + ATP + H2O = L-histidine + ADP + phosphate + H(+)', 'CHEBI:57595 + CHEBI:30616 + CHEBI:15377 = CHEBI:57595 + CHEBI:456216 + CHEBI:43474 + CHEBI:15378'), ('L-arginine + ATP + H2O = L-arginine + ADP + phosphate + H(+)', 'CHEBI:32682 + CHEBI:30616 + CHEBI:15377 = CHEBI:32682 + CHEBI:456216 + CHEBI:43474 + CHEBI:15378')]	7.919999999999999e-176	100.0
P52094	3.A.1.3.29	P52094	[('lysine  + ATP = lysine  + ADP + Pi', 'CHEBI:25094 + CHEBI:15422 = CHEBI:25094 + CHEBI:16761 + CHEBI:18367'), ('arginine  + ATP = arginine  + ADP + Pi', 'CHEBI:29016 + CHEBI:15422 = CHEBI:29016 + CHEBI:16761 + CHEBI:18367'), ('histidine  + ATP = histidine  + ADP + Pi', 'CHEBI:27570 + CHEBI:15422 = CHEBI:27570 + CHEBI:16761 + CHEBI:18367'), ('L-lysine + ATP + H2O = L-lysine + ADP + phosphate + H(+)', 'CHEBI:32551 + CHEBI:30616 + CHEBI:15377 = CHEBI:32551 + CHEBI:456216 + CHEBI:43474 + CHEBI:15378'), ('a polar amino acid + ATP + H2O = a polar amino acid + ADP + phosphate + H(+)', 'CHEBI:62031 + CHEBI:30616 + CHEBI:15377 = CHEBI:62031 + CHEBI:456216 + CHEBI:43474 + CHEBI:15378'), ('L-ornithine + ATP + H2O = L-ornithine + ADP + phosphate + H(+)', 'CHEBI:46911 + CHEBI:30616 + CHEBI:15377 = CHEBI:46911 + CHEBI:456216 + CHEBI:43474 + CHEBI:15378'), ('L-histidine + ATP + H2O = L-histidine + ADP + phosphate + H(+)', 'CHEBI:57595 + CHEBI:30616 + CHEBI:15377 = CHEBI:57595 + CHEBI:456216 + CHEBI:43474 + CHEBI:15378'), ('L-arginine + ATP + H2O = L-arginine + ADP + phosphate + H(+)', 'CHEBI:32682 + CHEBI:30616 + CHEBI:15377 = CHEBI:32682 + CHEBI:456216 + CHEBI:43474 + CHEBI:15378')]	3.57e-164	100.0
P0AAF6	3.A.1.3.3	P0AAF6	[('a polar amino acid + ATP + H2O = a polar amino acid + ADP + phosphate + H(+)', 'CHEBI:62031 + CHEBI:30616 + CHEBI:15377 = CHEBI:62031 + CHEBI:456216 + CHEBI:43474 + CHEBI:15378'), ('L-arginine + ATP + H2O = L-arginine + ADP + phosphate + H(+)', 'CHEBI:32682 + CHEBI:30616 + CHEBI:15377 = CHEBI:32682 + CHEBI:456216 + CHEBI:43474 + CHEBI:15378'), ('arginine  + ATP = arginine  + ADP + Pi', 'CHEBI:29016 + CHEBI:15422 = CHEBI:29016 + CHEBI:16761 + CHEBI:18367')]	0.0	100.0
P0AE30	3.A.1.3.3	P0AE30	[('a polar amino acid + ATP + H2O = a polar amino acid + ADP + phosphate + H(+)', 'CHEBI:62031 + CHEBI:30616 + CHEBI:15377 = CHEBI:62031 + CHEBI:456216 + CHEBI:43474 + CHEBI:15378'), ('L-arginine + ATP + H2O = L-arginine + ADP + phosphate + H(+)', 'CHEBI:32682 + CHEBI:30616 + CHEBI:15377 = CHEBI:32682 + CHEBI:456216 + CHEBI:43474 + CHEBI:15378'), ('arginine  + ATP = arginine  + ADP + Pi', 'CHEBI:29016 + CHEBI:15422 = CHEBI:29016 + CHEBI:16761 + CHEBI:18367')]	5.5500000000000004e-161	100.0
P0AE34	3.A.1.3.3	P0AE34	[('a polar amino acid + ATP + H2O = a polar amino acid + ADP + phosphate + H(+)', 'CHEBI:62031 + CHEBI:30616 + CHEBI:15377 = CHEBI:62031 + CHEBI:456216 + CHEBI:43474 + CHEBI:15378'), ('L-arginine + ATP + H2O = L-arginine + ADP + phosphate + H(+)', 'CHEBI:32682 + CHEBI:30616 + CHEBI:15377 = CHEBI:32682 + CHEBI:456216 + CHEBI:43474 + CHEBI:15378'), ('arginine  + ATP = arginine  + ADP + Pi', 'CHEBI:29016 + CHEBI:15422 = CHEBI:29016 + CHEBI:16761 + CHEBI:18367')]	2.1600000000000003e-173	100.0
P30859	3.A.1.3.3	P30860	[('a polar amino acid + ATP + H2O = a polar amino acid + ADP + phosphate + H(+)', 'CHEBI:62031 + CHEBI:30616 + CHEBI:15377 = CHEBI:62031 + CHEBI:456216 + CHEBI:43474 + CHEBI:15378'), ('L-arginine + ATP + H2O = L-arginine + ADP + phosphate + H(+)', 'CHEBI:32682 + CHEBI:30616 + CHEBI:15377 = CHEBI:32682 + CHEBI:456216 + CHEBI:43474 + CHEBI:15378'), ('arginine  + ATP = arginine  + ADP + Pi', 'CHEBI:29016 + CHEBI:15422 = CHEBI:29016 + CHEBI:16761 + CHEBI:18367')]	7.41e-121	64.73
P30859	3.A.1.3.3	P30859	[('a polar amino acid + ATP + H2O = a polar amino acid + ADP + phosphate + H(+)', 'CHEBI:62031 + CHEBI:30616 + CHEBI:15377 = CHEBI:62031 + CHEBI:456216 + CHEBI:43474 + CHEBI:15378'), ('L-arginine + ATP + H2O = L-arginine + ADP + phosphate + H(+)', 'CHEBI:32682 + CHEBI:30616 + CHEBI:15377 = CHEBI:32682 + CHEBI:456216 + CHEBI:43474 + CHEBI:15378'), ('arginine  + ATP = arginine  + ADP + Pi', 'CHEBI:29016 + CHEBI:15422 = CHEBI:29016 + CHEBI:16761 + CHEBI:18367')]	0.0	100.0
P30860	3.A.1.3.3	P30860	[('a polar amino acid + ATP + H2O = a polar amino acid + ADP + phosphate + H(+)', 'CHEBI:62031 + CHEBI:30616 + CHEBI:15377 = CHEBI:62031 + CHEBI:456216 + CHEBI:43474 + CHEBI:15378'), ('L-arginine + ATP + H2O = L-arginine + ADP + phosphate + H(+)', 'CHEBI:32682 + CHEBI:30616 + CHEBI:15377 = CHEBI:32682 + CHEBI:456216 + CHEBI:43474 + CHEBI:15378'), ('arginine  + ATP = arginine  + ADP + Pi', 'CHEBI:29016 + CHEBI:15422 = CHEBI:29016 + CHEBI:16761 + CHEBI:18367')]	0.0	100.0
P30860	3.A.1.3.3	P30859	[('a polar amino acid + ATP + H2O = a polar amino acid + ADP + phosphate + H(+)', 'CHEBI:62031 + CHEBI:30616 + CHEBI:15377 = CHEBI:62031 + CHEBI:456216 + CHEBI:43474 + CHEBI:15378'), ('L-arginine + ATP + H2O = L-arginine + ADP + phosphate + H(+)', 'CHEBI:32682 + CHEBI:30616 + CHEBI:15377 = CHEBI:32682 + CHEBI:456216 + CHEBI:43474 + CHEBI:15378'), ('arginine  + ATP = arginine  + ADP + Pi', 'CHEBI:29016 + CHEBI:15422 = CHEBI:29016 + CHEBI:16761 + CHEBI:18367')]	7.41e-121	64.73
OLS25602	3.A.1.3.30	P10346	[('solute  + ATP = solute  + ADP + Pi', 'solute + CHEBI:15422 = solute + CHEBI:16761 + CHEBI:18367'), ('substrate  + ATP = substrate  + ADP + Pi', 'substrate + CHEBI:15422 = substrate + CHEBI:16761 + CHEBI:18367')]	3.16e-79	51.452
P0AAG3	3.A.1.3.4	P45769	[('a polar amino acid + ATP + H2O = a polar amino acid + ADP + phosphate + H(+)', 'CHEBI:62031 + CHEBI:30616 + CHEBI:15377 = CHEBI:62031 + CHEBI:456216 + CHEBI:43474 + CHEBI:15378'), ('L-aspartate + ATP + H2O = L-aspartate + ADP + phosphate + H(+)', 'CHEBI:29991 + CHEBI:30616 + CHEBI:15377 = CHEBI:29991 + CHEBI:456216 + CHEBI:43474 + CHEBI:15378'), ('L-glutamate + ATP + H2O = L-glutamate + ADP + phosphate + H(+)', 'CHEBI:29985 + CHEBI:30616 + CHEBI:15377 = CHEBI:29985 + CHEBI:456216 + CHEBI:43474 + CHEBI:15378'), ('glutamate(2-)  + ATP = glutamate(2-)  + ADP + Pi', 'CHEBI:29987 + CHEBI:15422 = CHEBI:29987 + CHEBI:16761 + CHEBI:18367')]	2.0200000000000002e-103	60.166
P0AAG3	3.A.1.3.4	P0AAG3	[('a polar amino acid + ATP + H2O = a polar amino acid + ADP + phosphate + H(+)', 'CHEBI:62031 + CHEBI:30616 + CHEBI:15377 = CHEBI:62031 + CHEBI:456216 + CHEBI:43474 + CHEBI:15378'), ('L-aspartate + ATP + H2O = L-aspartate + ADP + phosphate + H(+)', 'CHEBI:29991 + CHEBI:30616 + CHEBI:15377 = CHEBI:29991 + CHEBI:456216 + CHEBI:43474 + CHEBI:15378'), ('L-glutamate + ATP + H2O = L-glutamate + ADP + phosphate + H(+)', 'CHEBI:29985 + CHEBI:30616 + CHEBI:15377 = CHEBI:29985 + CHEBI:456216 + CHEBI:43474 + CHEBI:15378'), ('glutamate(2-)  + ATP = glutamate(2-)  + ADP + Pi', 'CHEBI:29987 + CHEBI:15422 = CHEBI:29987 + CHEBI:16761 + CHEBI:18367')]	0.0	100.0
P0AAG3	3.A.1.3.4	P10346	[('a polar amino acid + ATP + H2O = a polar amino acid + ADP + phosphate + H(+)', 'CHEBI:62031 + CHEBI:30616 + CHEBI:15377 = CHEBI:62031 + CHEBI:456216 + CHEBI:43474 + CHEBI:15378'), ('L-aspartate + ATP + H2O = L-aspartate + ADP + phosphate + H(+)', 'CHEBI:29991 + CHEBI:30616 + CHEBI:15377 = CHEBI:29991 + CHEBI:456216 + CHEBI:43474 + CHEBI:15378'), ('L-glutamate + ATP + H2O = L-glutamate + ADP + phosphate + H(+)', 'CHEBI:29985 + CHEBI:30616 + CHEBI:15377 = CHEBI:29985 + CHEBI:456216 + CHEBI:43474 + CHEBI:15378'), ('glutamate(2-)  + ATP = glutamate(2-)  + ADP + Pi', 'CHEBI:29987 + CHEBI:15422 = CHEBI:29987 + CHEBI:16761 + CHEBI:18367')]	2.85e-82	53.138
P0AER3	3.A.1.3.4	P0AER3	[('a polar amino acid + ATP + H2O = a polar amino acid + ADP + phosphate + H(+)', 'CHEBI:62031 + CHEBI:30616 + CHEBI:15377 = CHEBI:62031 + CHEBI:456216 + CHEBI:43474 + CHEBI:15378'), ('L-aspartate + ATP + H2O = L-aspartate + ADP + phosphate + H(+)', 'CHEBI:29991 + CHEBI:30616 + CHEBI:15377 = CHEBI:29991 + CHEBI:456216 + CHEBI:43474 + CHEBI:15378'), ('L-glutamate + ATP + H2O = L-glutamate + ADP + phosphate + H(+)', 'CHEBI:29985 + CHEBI:30616 + CHEBI:15377 = CHEBI:29985 + CHEBI:456216 + CHEBI:43474 + CHEBI:15378'), ('glutamate(2-)  + ATP = glutamate(2-)  + ADP + Pi', 'CHEBI:29987 + CHEBI:15422 = CHEBI:29987 + CHEBI:16761 + CHEBI:18367')]	0.0	100.0
P0AER5	3.A.1.3.4	P0AER5	[('a polar amino acid + ATP + H2O = a polar amino acid + ADP + phosphate + H(+)', 'CHEBI:62031 + CHEBI:30616 + CHEBI:15377 = CHEBI:62031 + CHEBI:456216 + CHEBI:43474 + CHEBI:15378'), ('L-aspartate + ATP + H2O = L-aspartate + ADP + phosphate + H(+)', 'CHEBI:29991 + CHEBI:30616 + CHEBI:15377 = CHEBI:29991 + CHEBI:456216 + CHEBI:43474 + CHEBI:15378'), ('L-glutamate + ATP + H2O = L-glutamate + ADP + phosphate + H(+)', 'CHEBI:29985 + CHEBI:30616 + CHEBI:15377 = CHEBI:29985 + CHEBI:456216 + CHEBI:43474 + CHEBI:15378'), ('glutamate(2-)  + ATP = glutamate(2-)  + ADP + Pi', 'CHEBI:29987 + CHEBI:15422 = CHEBI:29987 + CHEBI:16761 + CHEBI:18367')]	6.06e-161	100.0
P37902	3.A.1.3.4	P37902	[('a polar amino acid + ATP + H2O = a polar amino acid + ADP + phosphate + H(+)', 'CHEBI:62031 + CHEBI:30616 + CHEBI:15377 = CHEBI:62031 + CHEBI:456216 + CHEBI:43474 + CHEBI:15378'), ('L-aspartate + ATP + H2O = L-aspartate + ADP + phosphate + H(+)', 'CHEBI:29991 + CHEBI:30616 + CHEBI:15377 = CHEBI:29991 + CHEBI:456216 + CHEBI:43474 + CHEBI:15378'), ('L-glutamate + ATP + H2O = L-glutamate + ADP + phosphate + H(+)', 'CHEBI:29985 + CHEBI:30616 + CHEBI:15377 = CHEBI:29985 + CHEBI:456216 + CHEBI:43474 + CHEBI:15378'), ('glutamate(2-)  + ATP = glutamate(2-)  + ADP + Pi', 'CHEBI:29987 + CHEBI:15422 = CHEBI:29987 + CHEBI:16761 + CHEBI:18367')]	0.0	100.0
P0A2V2	3.A.1.3.5	P07109	[('D-octopine  + ATP = D-octopine  + ADP + Pi', 'CHEBI:15805 + CHEBI:15422 = CHEBI:15805 + CHEBI:16761 + CHEBI:18367')]	5.64e-96	56.148
P0A2V2	3.A.1.3.5	P37774	[('D-octopine  + ATP = D-octopine  + ADP + Pi', 'CHEBI:15805 + CHEBI:15422 = CHEBI:15805 + CHEBI:16761 + CHEBI:18367')]	1.22e-87	52.209
P35116	3.A.1.3.6	P07109	[('D-nopaline  + ATP = D-nopaline  + ADP + Pi', 'CHEBI:17249 + CHEBI:15422 = CHEBI:17249 + CHEBI:16761 + CHEBI:18367')]	6.24e-110	61.538
P35116	3.A.1.3.6	P37774	[('D-nopaline  + ATP = D-nopaline  + ADP + Pi', 'CHEBI:17249 + CHEBI:15422 = CHEBI:17249 + CHEBI:16761 + CHEBI:18367')]	2.67e-87	53.498
P35116	3.A.1.3.6	P10346	[('D-nopaline  + ATP = D-nopaline  + ADP + Pi', 'CHEBI:17249 + CHEBI:15422 = CHEBI:17249 + CHEBI:16761 + CHEBI:18367')]	1.08e-77	51.822
Q52663	3.A.1.3.7	P45766	[('glutamate(2-)  + ATP = glutamate(2-)  + ADP + Pi', 'CHEBI:29987 + CHEBI:15422 = CHEBI:29987 + CHEBI:16761 + CHEBI:18367'), ('aspartate(2-)  + ATP = aspartate(2-)  + ADP + Pi', 'CHEBI:29995 + CHEBI:15422 = CHEBI:29995 + CHEBI:16761 + CHEBI:18367'), ('asparagine  + ATP = asparagine  + ADP + Pi', 'CHEBI:22653 + CHEBI:15422 = CHEBI:22653 + CHEBI:16761 + CHEBI:18367'), ('glutamine  + ATP = glutamine  + ADP + Pi', 'CHEBI:28300 + CHEBI:15422 = CHEBI:28300 + CHEBI:16761 + CHEBI:18367')]	2.08e-111	51.746
Q52666	3.A.1.3.7	P07109	[('glutamate(2-)  + ATP = glutamate(2-)  + ADP + Pi', 'CHEBI:29987 + CHEBI:15422 = CHEBI:29987 + CHEBI:16761 + CHEBI:18367'), ('aspartate(2-)  + ATP = aspartate(2-)  + ADP + Pi', 'CHEBI:29995 + CHEBI:15422 = CHEBI:29995 + CHEBI:16761 + CHEBI:18367'), ('asparagine  + ATP = asparagine  + ADP + Pi', 'CHEBI:22653 + CHEBI:15422 = CHEBI:22653 + CHEBI:16761 + CHEBI:18367'), ('glutamine  + ATP = glutamine  + ADP + Pi', 'CHEBI:28300 + CHEBI:15422 = CHEBI:28300 + CHEBI:16761 + CHEBI:18367')]	4.78e-82	52.59
Q52666	3.A.1.3.7	P37774	[('glutamate(2-)  + ATP = glutamate(2-)  + ADP + Pi', 'CHEBI:29987 + CHEBI:15422 = CHEBI:29987 + CHEBI:16761 + CHEBI:18367'), ('aspartate(2-)  + ATP = aspartate(2-)  + ADP + Pi', 'CHEBI:29995 + CHEBI:15422 = CHEBI:29995 + CHEBI:16761 + CHEBI:18367'), ('asparagine  + ATP = asparagine  + ADP + Pi', 'CHEBI:22653 + CHEBI:15422 = CHEBI:22653 + CHEBI:16761 + CHEBI:18367'), ('glutamine  + ATP = glutamine  + ADP + Pi', 'CHEBI:28300 + CHEBI:15422 = CHEBI:28300 + CHEBI:16761 + CHEBI:18367')]	2.97e-78	50.202
Q52666	3.A.1.3.7	P45769	[('glutamate(2-)  + ATP = glutamate(2-)  + ADP + Pi', 'CHEBI:29987 + CHEBI:15422 = CHEBI:29987 + CHEBI:16761 + CHEBI:18367'), ('aspartate(2-)  + ATP = aspartate(2-)  + ADP + Pi', 'CHEBI:29995 + CHEBI:15422 = CHEBI:29995 + CHEBI:16761 + CHEBI:18367'), ('asparagine  + ATP = asparagine  + ADP + Pi', 'CHEBI:22653 + CHEBI:15422 = CHEBI:22653 + CHEBI:16761 + CHEBI:18367'), ('glutamine  + ATP = glutamine  + ADP + Pi', 'CHEBI:28300 + CHEBI:15422 = CHEBI:28300 + CHEBI:16761 + CHEBI:18367')]	1.1e-139	74.895
Q52666	3.A.1.3.7	P0AAG3	[('glutamate(2-)  + ATP = glutamate(2-)  + ADP + Pi', 'CHEBI:29987 + CHEBI:15422 = CHEBI:29987 + CHEBI:16761 + CHEBI:18367'), ('aspartate(2-)  + ATP = aspartate(2-)  + ADP + Pi', 'CHEBI:29995 + CHEBI:15422 = CHEBI:29995 + CHEBI:16761 + CHEBI:18367'), ('asparagine  + ATP = asparagine  + ADP + Pi', 'CHEBI:22653 + CHEBI:15422 = CHEBI:22653 + CHEBI:16761 + CHEBI:18367'), ('glutamine  + ATP = glutamine  + ADP + Pi', 'CHEBI:28300 + CHEBI:15422 = CHEBI:28300 + CHEBI:16761 + CHEBI:18367')]	7.160000000000001e-103	59.833
Q52666	3.A.1.3.7	P10346	[('glutamate(2-)  + ATP = glutamate(2-)  + ADP + Pi', 'CHEBI:29987 + CHEBI:15422 = CHEBI:29987 + CHEBI:16761 + CHEBI:18367'), ('aspartate(2-)  + ATP = aspartate(2-)  + ADP + Pi', 'CHEBI:29995 + CHEBI:15422 = CHEBI:29995 + CHEBI:16761 + CHEBI:18367'), ('asparagine  + ATP = asparagine  + ADP + Pi', 'CHEBI:22653 + CHEBI:15422 = CHEBI:22653 + CHEBI:16761 + CHEBI:18367'), ('glutamine  + ATP = glutamine  + ADP + Pi', 'CHEBI:28300 + CHEBI:15422 = CHEBI:28300 + CHEBI:16761 + CHEBI:18367')]	7.1199999999999995e-90	54.622
Q52812	3.A.1.3.8	P45766	[('alpha-amino acid  + ATP = alpha-amino acid  + ADP + Pi', 'CHEBI:33704 + CHEBI:15422 = CHEBI:33704 + CHEBI:16761 + CHEBI:18367')]	1.28e-147	59.531
Q52813	3.A.1.3.8	P45767	[('alpha-amino acid  + ATP = alpha-amino acid  + ADP + Pi', 'CHEBI:33704 + CHEBI:15422 = CHEBI:33704 + CHEBI:16761 + CHEBI:18367')]	1.31e-115	51.979
Q52815	3.A.1.3.8	P45769	[('alpha-amino acid  + ATP = alpha-amino acid  + ADP + Pi', 'CHEBI:33704 + CHEBI:15422 = CHEBI:33704 + CHEBI:16761 + CHEBI:18367')]	1.28e-141	74.583
Q52815	3.A.1.3.8	P0AAG3	[('alpha-amino acid  + ATP = alpha-amino acid  + ADP + Pi', 'CHEBI:33704 + CHEBI:15422 = CHEBI:33704 + CHEBI:16761 + CHEBI:18367')]	5.7900000000000005e-105	60.417
Q52815	3.A.1.3.8	P10346	[('alpha-amino acid  + ATP = alpha-amino acid  + ADP + Pi', 'CHEBI:33704 + CHEBI:15422 = CHEBI:33704 + CHEBI:16761 + CHEBI:18367')]	6.039999999999999e-89	53.333
P48243	3.A.1.3.9	P37774	[('glutamate(2-)  + ATP = glutamate(2-)  + ADP + Pi', 'CHEBI:29987 + CHEBI:15422 = CHEBI:29987 + CHEBI:16761 + CHEBI:18367'), ('a polar amino acid + ATP + H2O = a polar amino acid + ADP + phosphate + H(+)', 'CHEBI:62031 + CHEBI:30616 + CHEBI:15377 = CHEBI:62031 + CHEBI:456216 + CHEBI:43474 + CHEBI:15378'), ('L-glutamate + ATP + H2O = L-glutamate + ADP + phosphate + H(+)', 'CHEBI:29985 + CHEBI:30616 + CHEBI:15377 = CHEBI:29985 + CHEBI:456216 + CHEBI:43474 + CHEBI:15378')]	1.2500000000000001e-77	50.833
P48243	3.A.1.3.9	P45769	[('glutamate(2-)  + ATP = glutamate(2-)  + ADP + Pi', 'CHEBI:29987 + CHEBI:15422 = CHEBI:29987 + CHEBI:16761 + CHEBI:18367'), ('a polar amino acid + ATP + H2O = a polar amino acid + ADP + phosphate + H(+)', 'CHEBI:62031 + CHEBI:30616 + CHEBI:15377 = CHEBI:62031 + CHEBI:456216 + CHEBI:43474 + CHEBI:15378'), ('L-glutamate + ATP + H2O = L-glutamate + ADP + phosphate + H(+)', 'CHEBI:29985 + CHEBI:30616 + CHEBI:15377 = CHEBI:29985 + CHEBI:456216 + CHEBI:43474 + CHEBI:15378')]	3.18e-106	60.833
P48243	3.A.1.3.9	P0AAG3	[('glutamate(2-)  + ATP = glutamate(2-)  + ADP + Pi', 'CHEBI:29987 + CHEBI:15422 = CHEBI:29987 + CHEBI:16761 + CHEBI:18367'), ('a polar amino acid + ATP + H2O = a polar amino acid + ADP + phosphate + H(+)', 'CHEBI:62031 + CHEBI:30616 + CHEBI:15377 = CHEBI:62031 + CHEBI:456216 + CHEBI:43474 + CHEBI:15378'), ('L-glutamate + ATP + H2O = L-glutamate + ADP + phosphate + H(+)', 'CHEBI:29985 + CHEBI:30616 + CHEBI:15377 = CHEBI:29985 + CHEBI:456216 + CHEBI:43474 + CHEBI:15378')]	9.030000000000001e-110	63.75
P48243	3.A.1.3.9	P10346	[('glutamate(2-)  + ATP = glutamate(2-)  + ADP + Pi', 'CHEBI:29987 + CHEBI:15422 = CHEBI:29987 + CHEBI:16761 + CHEBI:18367'), ('a polar amino acid + ATP + H2O = a polar amino acid + ADP + phosphate + H(+)', 'CHEBI:62031 + CHEBI:30616 + CHEBI:15377 = CHEBI:62031 + CHEBI:456216 + CHEBI:43474 + CHEBI:15378'), ('L-glutamate + ATP + H2O = L-glutamate + ADP + phosphate + H(+)', 'CHEBI:29985 + CHEBI:30616 + CHEBI:15377 = CHEBI:29985 + CHEBI:456216 + CHEBI:43474 + CHEBI:15378')]	3.6299999999999997e-90	55.649
P04816	3.A.1.4.1	P04816	[('L-isoleucine  + ATP = L-isoleucine  + ADP + Pi', 'CHEBI:17191 + CHEBI:15422 = CHEBI:17191 + CHEBI:16761 + CHEBI:18367'), ('leucine  + ATP = leucine  + ADP + Pi', 'CHEBI:25017 + CHEBI:15422 = CHEBI:25017 + CHEBI:16761 + CHEBI:18367'), ('valine  + ATP = valine  + ADP + Pi', 'CHEBI:27266 + CHEBI:15422 = CHEBI:27266 + CHEBI:16761 + CHEBI:18367'), ('phenylalanine  + ATP = phenylalanine  + ADP + Pi', 'CHEBI:28044 + CHEBI:15422 = CHEBI:28044 + CHEBI:16761 + CHEBI:18367'), ('tyrosine  + ATP = tyrosine  + ADP + Pi', 'CHEBI:18186 + CHEBI:15422 = CHEBI:18186 + CHEBI:16761 + CHEBI:18367')]	0.0	100.0
P04816	3.A.1.4.1	P0AD96	[('L-isoleucine  + ATP = L-isoleucine  + ADP + Pi', 'CHEBI:17191 + CHEBI:15422 = CHEBI:17191 + CHEBI:16761 + CHEBI:18367'), ('leucine  + ATP = leucine  + ADP + Pi', 'CHEBI:25017 + CHEBI:15422 = CHEBI:25017 + CHEBI:16761 + CHEBI:18367'), ('valine  + ATP = valine  + ADP + Pi', 'CHEBI:27266 + CHEBI:15422 = CHEBI:27266 + CHEBI:16761 + CHEBI:18367'), ('phenylalanine  + ATP = phenylalanine  + ADP + Pi', 'CHEBI:28044 + CHEBI:15422 = CHEBI:28044 + CHEBI:16761 + CHEBI:18367'), ('tyrosine  + ATP = tyrosine  + ADP + Pi', 'CHEBI:18186 + CHEBI:15422 = CHEBI:18186 + CHEBI:16761 + CHEBI:18367')]	0.0	76.965
P0A9S7	3.A.1.4.1	P0A9S7	[('L-isoleucine  + ATP = L-isoleucine  + ADP + Pi', 'CHEBI:17191 + CHEBI:15422 = CHEBI:17191 + CHEBI:16761 + CHEBI:18367'), ('leucine  + ATP = leucine  + ADP + Pi', 'CHEBI:25017 + CHEBI:15422 = CHEBI:25017 + CHEBI:16761 + CHEBI:18367'), ('valine  + ATP = valine  + ADP + Pi', 'CHEBI:27266 + CHEBI:15422 = CHEBI:27266 + CHEBI:16761 + CHEBI:18367'), ('phenylalanine  + ATP = phenylalanine  + ADP + Pi', 'CHEBI:28044 + CHEBI:15422 = CHEBI:28044 + CHEBI:16761 + CHEBI:18367'), ('tyrosine  + ATP = tyrosine  + ADP + Pi', 'CHEBI:18186 + CHEBI:15422 = CHEBI:18186 + CHEBI:16761 + CHEBI:18367')]	0.0	100.0
P0AD96	3.A.1.4.1	P04816	[('L-isoleucine  + ATP = L-isoleucine  + ADP + Pi', 'CHEBI:17191 + CHEBI:15422 = CHEBI:17191 + CHEBI:16761 + CHEBI:18367'), ('leucine  + ATP = leucine  + ADP + Pi', 'CHEBI:25017 + CHEBI:15422 = CHEBI:25017 + CHEBI:16761 + CHEBI:18367'), ('valine  + ATP = valine  + ADP + Pi', 'CHEBI:27266 + CHEBI:15422 = CHEBI:27266 + CHEBI:16761 + CHEBI:18367'), ('phenylalanine  + ATP = phenylalanine  + ADP + Pi', 'CHEBI:28044 + CHEBI:15422 = CHEBI:28044 + CHEBI:16761 + CHEBI:18367'), ('tyrosine  + ATP = tyrosine  + ADP + Pi', 'CHEBI:18186 + CHEBI:15422 = CHEBI:18186 + CHEBI:16761 + CHEBI:18367')]	0.0	76.965
P0AD96	3.A.1.4.1	P0AD96	[('L-isoleucine  + ATP = L-isoleucine  + ADP + Pi', 'CHEBI:17191 + CHEBI:15422 = CHEBI:17191 + CHEBI:16761 + CHEBI:18367'), ('leucine  + ATP = leucine  + ADP + Pi', 'CHEBI:25017 + CHEBI:15422 = CHEBI:25017 + CHEBI:16761 + CHEBI:18367'), ('valine  + ATP = valine  + ADP + Pi', 'CHEBI:27266 + CHEBI:15422 = CHEBI:27266 + CHEBI:16761 + CHEBI:18367'), ('phenylalanine  + ATP = phenylalanine  + ADP + Pi', 'CHEBI:28044 + CHEBI:15422 = CHEBI:28044 + CHEBI:16761 + CHEBI:18367'), ('tyrosine  + ATP = tyrosine  + ADP + Pi', 'CHEBI:18186 + CHEBI:15422 = CHEBI:18186 + CHEBI:16761 + CHEBI:18367')]	0.0	100.0
P0AEX7	3.A.1.4.1	P0AEX7	[('L-isoleucine  + ATP = L-isoleucine  + ADP + Pi', 'CHEBI:17191 + CHEBI:15422 = CHEBI:17191 + CHEBI:16761 + CHEBI:18367'), ('leucine  + ATP = leucine  + ADP + Pi', 'CHEBI:25017 + CHEBI:15422 = CHEBI:25017 + CHEBI:16761 + CHEBI:18367'), ('valine  + ATP = valine  + ADP + Pi', 'CHEBI:27266 + CHEBI:15422 = CHEBI:27266 + CHEBI:16761 + CHEBI:18367'), ('phenylalanine  + ATP = phenylalanine  + ADP + Pi', 'CHEBI:28044 + CHEBI:15422 = CHEBI:28044 + CHEBI:16761 + CHEBI:18367'), ('tyrosine  + ATP = tyrosine  + ADP + Pi', 'CHEBI:18186 + CHEBI:15422 = CHEBI:18186 + CHEBI:16761 + CHEBI:18367')]	0.0	100.0
P22729	3.A.1.4.1	P22729	[('L-isoleucine  + ATP = L-isoleucine  + ADP + Pi', 'CHEBI:17191 + CHEBI:15422 = CHEBI:17191 + CHEBI:16761 + CHEBI:18367'), ('leucine  + ATP = leucine  + ADP + Pi', 'CHEBI:25017 + CHEBI:15422 = CHEBI:25017 + CHEBI:16761 + CHEBI:18367'), ('valine  + ATP = valine  + ADP + Pi', 'CHEBI:27266 + CHEBI:15422 = CHEBI:27266 + CHEBI:16761 + CHEBI:18367'), ('phenylalanine  + ATP = phenylalanine  + ADP + Pi', 'CHEBI:28044 + CHEBI:15422 = CHEBI:28044 + CHEBI:16761 + CHEBI:18367'), ('tyrosine  + ATP = tyrosine  + ADP + Pi', 'CHEBI:18186 + CHEBI:15422 = CHEBI:18186 + CHEBI:16761 + CHEBI:18367')]	0.0	100.0
P22731	3.A.1.4.1	P22731	[('L-isoleucine  + ATP = L-isoleucine  + ADP + Pi', 'CHEBI:17191 + CHEBI:15422 = CHEBI:17191 + CHEBI:16761 + CHEBI:18367'), ('leucine  + ATP = leucine  + ADP + Pi', 'CHEBI:25017 + CHEBI:15422 = CHEBI:25017 + CHEBI:16761 + CHEBI:18367'), ('valine  + ATP = valine  + ADP + Pi', 'CHEBI:27266 + CHEBI:15422 = CHEBI:27266 + CHEBI:16761 + CHEBI:18367'), ('phenylalanine  + ATP = phenylalanine  + ADP + Pi', 'CHEBI:28044 + CHEBI:15422 = CHEBI:28044 + CHEBI:16761 + CHEBI:18367'), ('tyrosine  + ATP = tyrosine  + ADP + Pi', 'CHEBI:18186 + CHEBI:15422 = CHEBI:18186 + CHEBI:16761 + CHEBI:18367')]	2.47e-177	100.0
Q8DQH7	3.A.1.4.10	P22731	[('L-threonine  + ATP = L-threonine  + ADP + Pi', 'CHEBI:16857 + CHEBI:15422 = CHEBI:16857 + CHEBI:16761 + CHEBI:18367'), ('L-isoleucine  + ATP = L-isoleucine  + ADP + Pi', 'CHEBI:17191 + CHEBI:15422 = CHEBI:17191 + CHEBI:16761 + CHEBI:18367'), ('alanine  + ATP = alanine  + ADP + Pi', 'CHEBI:16449 + CHEBI:15422 = CHEBI:16449 + CHEBI:16761 + CHEBI:18367'), ('serine  + ATP = serine  + ADP + Pi', 'CHEBI:17822 + CHEBI:15422 = CHEBI:17822 + CHEBI:16761 + CHEBI:18367'), ('leucine  + ATP = leucine  + ADP + Pi', 'CHEBI:25017 + CHEBI:15422 = CHEBI:25017 + CHEBI:16761 + CHEBI:18367'), ('valine  + ATP = valine  + ADP + Pi', 'CHEBI:27266 + CHEBI:15422 = CHEBI:27266 + CHEBI:16761 + CHEBI:18367')]	5.38e-92	56.838
Q6N8W2	3.A.1.4.11	P22731	[('solute  + ATP = solute  + ADP + Pi', 'solute + CHEBI:15422 = solute + CHEBI:16761 + CHEBI:18367'), ('substrate  + ATP = substrate  + ADP + Pi', 'substrate + CHEBI:15422 = substrate + CHEBI:16761 + CHEBI:18367')]	1.57e-75	52.766
Q8YU20	3.A.1.4.12	P22731	[('2-oxopentanoate  + ATP = 2-oxopentanoate  + ADP + Pi', 'CHEBI:28644 + CHEBI:15422 = CHEBI:28644 + CHEBI:16761 + CHEBI:18367'), ('pyruvate  + ATP = pyruvate  + ADP + Pi', 'CHEBI:15361 + CHEBI:15422 = CHEBI:15361 + CHEBI:16761 + CHEBI:18367'), ('2-oxobutanoate  + ATP = 2-oxobutanoate  + ADP + Pi', 'CHEBI:16763 + CHEBI:15422 = CHEBI:16763 + CHEBI:16761 + CHEBI:18367'), ('3-methyl-2-oxovalerate  + ATP = 3-methyl-2-oxovalerate  + ADP + Pi', 'CHEBI:28654 + CHEBI:15422 = CHEBI:28654 + CHEBI:16761 + CHEBI:18367')]	8.78e-78	51.073
P21630	3.A.1.4.8	P22731	[('L-threonine  + ATP = L-threonine  + ADP + Pi', 'CHEBI:16857 + CHEBI:15422 = CHEBI:16857 + CHEBI:16761 + CHEBI:18367'), ('L-isoleucine  + ATP = L-isoleucine  + ADP + Pi', 'CHEBI:17191 + CHEBI:15422 = CHEBI:17191 + CHEBI:16761 + CHEBI:18367'), ('alanine  + ATP = alanine  + ADP + Pi', 'CHEBI:16449 + CHEBI:15422 = CHEBI:16449 + CHEBI:16761 + CHEBI:18367'), ('serine  + ATP = serine  + ADP + Pi', 'CHEBI:17822 + CHEBI:15422 = CHEBI:17822 + CHEBI:16761 + CHEBI:18367'), ('leucine  + ATP = leucine  + ADP + Pi', 'CHEBI:25017 + CHEBI:15422 = CHEBI:25017 + CHEBI:16761 + CHEBI:18367'), ('valine  + ATP = valine  + ADP + Pi', 'CHEBI:27266 + CHEBI:15422 = CHEBI:27266 + CHEBI:16761 + CHEBI:18367')]	5.52e-115	72.103
P21629	3.A.1.4.8	P0A9S7	[('L-threonine  + ATP = L-threonine  + ADP + Pi', 'CHEBI:16857 + CHEBI:15422 = CHEBI:16857 + CHEBI:16761 + CHEBI:18367'), ('L-isoleucine  + ATP = L-isoleucine  + ADP + Pi', 'CHEBI:17191 + CHEBI:15422 = CHEBI:17191 + CHEBI:16761 + CHEBI:18367'), ('alanine  + ATP = alanine  + ADP + Pi', 'CHEBI:16449 + CHEBI:15422 = CHEBI:16449 + CHEBI:16761 + CHEBI:18367'), ('serine  + ATP = serine  + ADP + Pi', 'CHEBI:17822 + CHEBI:15422 = CHEBI:17822 + CHEBI:16761 + CHEBI:18367'), ('leucine  + ATP = leucine  + ADP + Pi', 'CHEBI:25017 + CHEBI:15422 = CHEBI:25017 + CHEBI:16761 + CHEBI:18367'), ('valine  + ATP = valine  + ADP + Pi', 'CHEBI:27266 + CHEBI:15422 = CHEBI:27266 + CHEBI:16761 + CHEBI:18367')]	4.33e-136	70.588
P21628	3.A.1.4.8	P22729	[('L-threonine  + ATP = L-threonine  + ADP + Pi', 'CHEBI:16857 + CHEBI:15422 = CHEBI:16857 + CHEBI:16761 + CHEBI:18367'), ('L-isoleucine  + ATP = L-isoleucine  + ADP + Pi', 'CHEBI:17191 + CHEBI:15422 = CHEBI:17191 + CHEBI:16761 + CHEBI:18367'), ('alanine  + ATP = alanine  + ADP + Pi', 'CHEBI:16449 + CHEBI:15422 = CHEBI:16449 + CHEBI:16761 + CHEBI:18367'), ('serine  + ATP = serine  + ADP + Pi', 'CHEBI:17822 + CHEBI:15422 = CHEBI:17822 + CHEBI:16761 + CHEBI:18367'), ('leucine  + ATP = leucine  + ADP + Pi', 'CHEBI:25017 + CHEBI:15422 = CHEBI:25017 + CHEBI:16761 + CHEBI:18367'), ('valine  + ATP = valine  + ADP + Pi', 'CHEBI:27266 + CHEBI:15422 = CHEBI:27266 + CHEBI:16761 + CHEBI:18367')]	2.74e-150	61.631
P21627	3.A.1.4.8	P0AEX7	[('L-threonine  + ATP = L-threonine  + ADP + Pi', 'CHEBI:16857 + CHEBI:15422 = CHEBI:16857 + CHEBI:16761 + CHEBI:18367'), ('L-isoleucine  + ATP = L-isoleucine  + ADP + Pi', 'CHEBI:17191 + CHEBI:15422 = CHEBI:17191 + CHEBI:16761 + CHEBI:18367'), ('alanine  + ATP = alanine  + ADP + Pi', 'CHEBI:16449 + CHEBI:15422 = CHEBI:16449 + CHEBI:16761 + CHEBI:18367'), ('serine  + ATP = serine  + ADP + Pi', 'CHEBI:17822 + CHEBI:15422 = CHEBI:17822 + CHEBI:16761 + CHEBI:18367'), ('leucine  + ATP = leucine  + ADP + Pi', 'CHEBI:25017 + CHEBI:15422 = CHEBI:25017 + CHEBI:16761 + CHEBI:18367'), ('valine  + ATP = valine  + ADP + Pi', 'CHEBI:27266 + CHEBI:15422 = CHEBI:27266 + CHEBI:16761 + CHEBI:18367')]	1.86e-131	66.667
P21175	3.A.1.4.8	P04816	[('L-threonine  + ATP = L-threonine  + ADP + Pi', 'CHEBI:16857 + CHEBI:15422 = CHEBI:16857 + CHEBI:16761 + CHEBI:18367'), ('L-isoleucine  + ATP = L-isoleucine  + ADP + Pi', 'CHEBI:17191 + CHEBI:15422 = CHEBI:17191 + CHEBI:16761 + CHEBI:18367'), ('alanine  + ATP = alanine  + ADP + Pi', 'CHEBI:16449 + CHEBI:15422 = CHEBI:16449 + CHEBI:16761 + CHEBI:18367'), ('serine  + ATP = serine  + ADP + Pi', 'CHEBI:17822 + CHEBI:15422 = CHEBI:17822 + CHEBI:16761 + CHEBI:18367'), ('leucine  + ATP = leucine  + ADP + Pi', 'CHEBI:25017 + CHEBI:15422 = CHEBI:25017 + CHEBI:16761 + CHEBI:18367'), ('valine  + ATP = valine  + ADP + Pi', 'CHEBI:27266 + CHEBI:15422 = CHEBI:27266 + CHEBI:16761 + CHEBI:18367')]	6.179999999999999e-152	54.62
P21175	3.A.1.4.8	P0AD96	[('L-threonine  + ATP = L-threonine  + ADP + Pi', 'CHEBI:16857 + CHEBI:15422 = CHEBI:16857 + CHEBI:16761 + CHEBI:18367'), ('L-isoleucine  + ATP = L-isoleucine  + ADP + Pi', 'CHEBI:17191 + CHEBI:15422 = CHEBI:17191 + CHEBI:16761 + CHEBI:18367'), ('alanine  + ATP = alanine  + ADP + Pi', 'CHEBI:16449 + CHEBI:15422 = CHEBI:16449 + CHEBI:16761 + CHEBI:18367'), ('serine  + ATP = serine  + ADP + Pi', 'CHEBI:17822 + CHEBI:15422 = CHEBI:17822 + CHEBI:16761 + CHEBI:18367'), ('leucine  + ATP = leucine  + ADP + Pi', 'CHEBI:25017 + CHEBI:15422 = CHEBI:25017 + CHEBI:16761 + CHEBI:18367'), ('valine  + ATP = valine  + ADP + Pi', 'CHEBI:27266 + CHEBI:15422 = CHEBI:27266 + CHEBI:16761 + CHEBI:18367')]	1.92e-148	54.545
P04285	3.A.1.5.1	P75796	[('a [peptide] + ATP + H2O = a [peptide] + ADP + phosphate + H(+)', 'CHEBI:33710 + CHEBI:30616 + CHEBI:15377 = CHEBI:33710 + CHEBI:456216 + CHEBI:43474 + CHEBI:15378'), ('L-alanyl-gamma-D-glutamyl-meso-diaminoheptanedioate + ATP + H2O = L-alanyl-gamma-D-glutamyl-meso-diaminoheptanedioate + ADP + phosphate + H(+)', 'CHEBI:61401 + CHEBI:30616 + CHEBI:15377 = CHEBI:61401 + CHEBI:456216 + CHEBI:43474 + CHEBI:15378'), ('oligopeptide  + ATP = oligopeptide  + ADP + Pi', 'CHEBI:7755 + CHEBI:15422 = CHEBI:7755 + CHEBI:16761 + CHEBI:18367')]	5.14e-84	51.311
P04285	3.A.1.5.1	P76027	[('a [peptide] + ATP + H2O = a [peptide] + ADP + phosphate + H(+)', 'CHEBI:33710 + CHEBI:30616 + CHEBI:15377 = CHEBI:33710 + CHEBI:456216 + CHEBI:43474 + CHEBI:15378'), ('L-alanyl-gamma-D-glutamyl-meso-diaminoheptanedioate + ATP + H2O = L-alanyl-gamma-D-glutamyl-meso-diaminoheptanedioate + ADP + phosphate + H(+)', 'CHEBI:61401 + CHEBI:30616 + CHEBI:15377 = CHEBI:61401 + CHEBI:456216 + CHEBI:43474 + CHEBI:15378'), ('oligopeptide  + ATP = oligopeptide  + ADP + Pi', 'CHEBI:7755 + CHEBI:15422 = CHEBI:7755 + CHEBI:16761 + CHEBI:18367')]	0.0	92.285
P06202	3.A.1.5.1	P23843	[('a [peptide] + ATP + H2O = a [peptide] + ADP + phosphate + H(+)', 'CHEBI:33710 + CHEBI:30616 + CHEBI:15377 = CHEBI:33710 + CHEBI:456216 + CHEBI:43474 + CHEBI:15378'), ('L-alanyl-gamma-D-glutamyl-meso-diaminoheptanedioate + ATP + H2O = L-alanyl-gamma-D-glutamyl-meso-diaminoheptanedioate + ADP + phosphate + H(+)', 'CHEBI:61401 + CHEBI:30616 + CHEBI:15377 = CHEBI:61401 + CHEBI:456216 + CHEBI:43474 + CHEBI:15378'), ('oligopeptide  + ATP = oligopeptide  + ADP + Pi', 'CHEBI:7755 + CHEBI:15422 = CHEBI:7755 + CHEBI:16761 + CHEBI:18367')]	0.0	84.53
P08005	3.A.1.5.1	P0AFH2	[('a [peptide] + ATP + H2O = a [peptide] + ADP + phosphate + H(+)', 'CHEBI:33710 + CHEBI:30616 + CHEBI:15377 = CHEBI:33710 + CHEBI:456216 + CHEBI:43474 + CHEBI:15378'), ('L-alanyl-gamma-D-glutamyl-meso-diaminoheptanedioate + ATP + H2O = L-alanyl-gamma-D-glutamyl-meso-diaminoheptanedioate + ADP + phosphate + H(+)', 'CHEBI:61401 + CHEBI:30616 + CHEBI:15377 = CHEBI:61401 + CHEBI:456216 + CHEBI:43474 + CHEBI:15378'), ('oligopeptide  + ATP = oligopeptide  + ADP + Pi', 'CHEBI:7755 + CHEBI:15422 = CHEBI:7755 + CHEBI:16761 + CHEBI:18367')]	0.0	96.078
P08006	3.A.1.5.1	P0AFH6	[('a [peptide] + ATP + H2O = a [peptide] + ADP + phosphate + H(+)', 'CHEBI:33710 + CHEBI:30616 + CHEBI:15377 = CHEBI:33710 + CHEBI:456216 + CHEBI:43474 + CHEBI:15378'), ('L-alanyl-gamma-D-glutamyl-meso-diaminoheptanedioate + ATP + H2O = L-alanyl-gamma-D-glutamyl-meso-diaminoheptanedioate + ADP + phosphate + H(+)', 'CHEBI:61401 + CHEBI:30616 + CHEBI:15377 = CHEBI:61401 + CHEBI:456216 + CHEBI:43474 + CHEBI:15378'), ('oligopeptide  + ATP = oligopeptide  + ADP + Pi', 'CHEBI:7755 + CHEBI:15422 = CHEBI:7755 + CHEBI:16761 + CHEBI:18367')]	0.0	96.026
P08007	3.A.1.5.1	P77737	[('a [peptide] + ATP + H2O = a [peptide] + ADP + phosphate + H(+)', 'CHEBI:33710 + CHEBI:30616 + CHEBI:15377 = CHEBI:33710 + CHEBI:456216 + CHEBI:43474 + CHEBI:15378'), ('L-alanyl-gamma-D-glutamyl-meso-diaminoheptanedioate + ATP + H2O = L-alanyl-gamma-D-glutamyl-meso-diaminoheptanedioate + ADP + phosphate + H(+)', 'CHEBI:61401 + CHEBI:30616 + CHEBI:15377 = CHEBI:61401 + CHEBI:456216 + CHEBI:43474 + CHEBI:15378'), ('oligopeptide  + ATP = oligopeptide  + ADP + Pi', 'CHEBI:7755 + CHEBI:15422 = CHEBI:7755 + CHEBI:16761 + CHEBI:18367')]	0.0	95.21
P77348	3.A.1.5.1	P77348	[('a [peptide] + ATP + H2O = a [peptide] + ADP + phosphate + H(+)', 'CHEBI:33710 + CHEBI:30616 + CHEBI:15377 = CHEBI:33710 + CHEBI:456216 + CHEBI:43474 + CHEBI:15378'), ('L-alanyl-gamma-D-glutamyl-meso-diaminoheptanedioate + ATP + H2O = L-alanyl-gamma-D-glutamyl-meso-diaminoheptanedioate + ADP + phosphate + H(+)', 'CHEBI:61401 + CHEBI:30616 + CHEBI:15377 = CHEBI:61401 + CHEBI:456216 + CHEBI:43474 + CHEBI:15378'), ('oligopeptide  + ATP = oligopeptide  + ADP + Pi', 'CHEBI:7755 + CHEBI:15422 = CHEBI:7755 + CHEBI:16761 + CHEBI:18367')]	0.0	100.0
P75796	3.A.1.5.11	P0AAG0	[('glutathione + ATP + H2O = glutathione + ADP + phosphate + H(+)', 'CHEBI:57925 + CHEBI:30616 + CHEBI:15377 = CHEBI:57925 + CHEBI:456216 + CHEBI:43474 + CHEBI:15378'), ('glutathione  + ATP = glutathione  + ADP + Pi', 'CHEBI:16856 + CHEBI:15422 = CHEBI:16856 + CHEBI:16761 + CHEBI:18367')]	8.9e-83	50.373
P75796	3.A.1.5.11	P75796	[('glutathione + ATP + H2O = glutathione + ADP + phosphate + H(+)', 'CHEBI:57925 + CHEBI:30616 + CHEBI:15377 = CHEBI:57925 + CHEBI:456216 + CHEBI:43474 + CHEBI:15378'), ('glutathione  + ATP = glutathione  + ADP + Pi', 'CHEBI:16856 + CHEBI:15422 = CHEBI:16856 + CHEBI:16761 + CHEBI:18367')]	0.0	100.0
P75796	3.A.1.5.11	P76027	[('glutathione + ATP + H2O = glutathione + ADP + phosphate + H(+)', 'CHEBI:57925 + CHEBI:30616 + CHEBI:15377 = CHEBI:57925 + CHEBI:456216 + CHEBI:43474 + CHEBI:15378'), ('glutathione  + ATP = glutathione  + ADP + Pi', 'CHEBI:16856 + CHEBI:15422 = CHEBI:16856 + CHEBI:16761 + CHEBI:18367')]	9.17e-85	51.673
P75797	3.A.1.5.11	P75797	[('glutathione + ATP + H2O = glutathione + ADP + phosphate + H(+)', 'CHEBI:57925 + CHEBI:30616 + CHEBI:15377 = CHEBI:57925 + CHEBI:456216 + CHEBI:43474 + CHEBI:15378'), ('glutathione  + ATP = glutathione  + ADP + Pi', 'CHEBI:16856 + CHEBI:15422 = CHEBI:16856 + CHEBI:16761 + CHEBI:18367')]	0.0	100.0
P75798	3.A.1.5.11	P75798	[('glutathione + ATP + H2O = glutathione + ADP + phosphate + H(+)', 'CHEBI:57925 + CHEBI:30616 + CHEBI:15377 = CHEBI:57925 + CHEBI:456216 + CHEBI:43474 + CHEBI:15378'), ('glutathione  + ATP = glutathione  + ADP + Pi', 'CHEBI:16856 + CHEBI:15422 = CHEBI:16856 + CHEBI:16761 + CHEBI:18367')]	0.0	100.0
P75799	3.A.1.5.11	P75799	[('glutathione + ATP + H2O = glutathione + ADP + phosphate + H(+)', 'CHEBI:57925 + CHEBI:30616 + CHEBI:15377 = CHEBI:57925 + CHEBI:456216 + CHEBI:43474 + CHEBI:15378'), ('glutathione  + ATP = glutathione  + ADP + Pi', 'CHEBI:16856 + CHEBI:15422 = CHEBI:16856 + CHEBI:16761 + CHEBI:18367')]	0.0	100.0
Q9X0F3	3.A.1.5.12	P75796	[('rhamnose  + ATP = rhamnose  + ADP + Pi', 'CHEBI:26546 + CHEBI:15422 = CHEBI:26546 + CHEBI:16761 + CHEBI:18367')]	3.84e-84	52.471
Q9X271	3.A.1.5.15	P76027	[('mannoside  + ATP = mannoside  + ADP + Pi', 'CHEBI:25169 + CHEBI:15422 = CHEBI:25169 + CHEBI:16761 + CHEBI:18367'), ('mannose  + ATP = mannose  + ADP + Pi', 'CHEBI:14575 + CHEBI:15422 = CHEBI:14575 + CHEBI:16761 + CHEBI:18367')]	2.83e-113	51.757
Q9X272	3.A.1.5.15	P77737	[('mannoside  + ATP = mannoside  + ADP + Pi', 'CHEBI:25169 + CHEBI:15422 = CHEBI:25169 + CHEBI:16761 + CHEBI:18367'), ('mannose  + ATP = mannose  + ADP + Pi', 'CHEBI:14575 + CHEBI:15422 = CHEBI:14575 + CHEBI:16761 + CHEBI:18367')]	4.05e-108	52.459
Q2FZR4	3.A.1.5.19	P77737	[('oligopeptide  + ATP = oligopeptide  + ADP + Pi', 'CHEBI:7755 + CHEBI:15422 = CHEBI:7755 + CHEBI:16761 + CHEBI:18367')]	7.24e-93	51.136
Q2FZR5	3.A.1.5.19	P76027	[('oligopeptide  + ATP = oligopeptide  + ADP + Pi', 'CHEBI:7755 + CHEBI:15422 = CHEBI:7755 + CHEBI:16761 + CHEBI:18367')]	2.49e-108	51.899
P26905	3.A.1.5.2	P75796	[('dipeptide  + ATP = dipeptide  + ADP + Pi', 'CHEBI:4634 + CHEBI:15422 = CHEBI:4634 + CHEBI:16761 + CHEBI:18367'), ('5-aminolevulinic acid  + ATP = 5-aminolevulinic acid  + ADP + Pi', 'CHEBI:17549 + CHEBI:15422 = CHEBI:17549 + CHEBI:16761 + CHEBI:18367'), ('ferroheme b  + ATP = ferroheme b  + ADP + Pi', 'CHEBI:17627 + CHEBI:15422 = CHEBI:17627 + CHEBI:16761 + CHEBI:18367'), ('a dipeptide + ATP + H2O = a dipeptide + ADP + phosphate + H(+)', 'CHEBI:90799 + CHEBI:30616 + CHEBI:15377 = CHEBI:90799 + CHEBI:456216 + CHEBI:43474 + CHEBI:15378')]	5.07e-89	52.453
P26905	3.A.1.5.2	P76027	[('dipeptide  + ATP = dipeptide  + ADP + Pi', 'CHEBI:4634 + CHEBI:15422 = CHEBI:4634 + CHEBI:16761 + CHEBI:18367'), ('5-aminolevulinic acid  + ATP = 5-aminolevulinic acid  + ADP + Pi', 'CHEBI:17549 + CHEBI:15422 = CHEBI:17549 + CHEBI:16761 + CHEBI:18367'), ('ferroheme b  + ATP = ferroheme b  + ADP + Pi', 'CHEBI:17627 + CHEBI:15422 = CHEBI:17627 + CHEBI:16761 + CHEBI:18367'), ('a dipeptide + ATP + H2O = a dipeptide + ADP + phosphate + H(+)', 'CHEBI:90799 + CHEBI:30616 + CHEBI:15377 = CHEBI:90799 + CHEBI:456216 + CHEBI:43474 + CHEBI:15378')]	3.67e-110	51.14
P42065	3.A.1.5.20	P37313	[('oligopeptide  + ATP = oligopeptide  + ADP + Pi', 'CHEBI:7755 + CHEBI:15422 = CHEBI:7755 + CHEBI:16761 + CHEBI:18367')]	6.77e-111	50.769
P42065	3.A.1.5.20	P77737	[('oligopeptide  + ATP = oligopeptide  + ADP + Pi', 'CHEBI:7755 + CHEBI:15422 = CHEBI:7755 + CHEBI:16761 + CHEBI:18367')]	2.6600000000000002e-117	53.086
P42065	3.A.1.5.20	P75796	[('oligopeptide  + ATP = oligopeptide  + ADP + Pi', 'CHEBI:7755 + CHEBI:15422 = CHEBI:7755 + CHEBI:16761 + CHEBI:18367')]	1.43e-96	52.083
P0AFU1	3.A.1.5.21	P0AFU0	[('microcin c  + ATP = microcin c  + ADP + Pi', 'CHEBI:82754 + CHEBI:15422 = CHEBI:82754 + CHEBI:16761 + CHEBI:18367')]	0.0	100.0
P33913	3.A.1.5.21	P33913	[('microcin c  + ATP = microcin c  + ADP + Pi', 'CHEBI:82754 + CHEBI:15422 = CHEBI:82754 + CHEBI:16761 + CHEBI:18367')]	0.0	100.0
P33915	3.A.1.5.21	P33915	[('microcin c  + ATP = microcin c  + ADP + Pi', 'CHEBI:82754 + CHEBI:15422 = CHEBI:82754 + CHEBI:16761 + CHEBI:18367')]	0.0	100.0
P33916	3.A.1.5.21	P33916	[('microcin c  + ATP = microcin c  + ADP + Pi', 'CHEBI:82754 + CHEBI:15422 = CHEBI:82754 + CHEBI:16761 + CHEBI:18367')]	0.0	100.0
Q5V9R8	3.A.1.5.22	P77737	[('peptide  + ATP = peptide  + ADP + Pi', 'CHEBI:16670 + CHEBI:15422 = CHEBI:16670 + CHEBI:16761 + CHEBI:18367')]	0.0	74.085
Q5V9R9	3.A.1.5.22	P75796	[('peptide  + ATP = peptide  + ADP + Pi', 'CHEBI:16670 + CHEBI:15422 = CHEBI:16670 + CHEBI:16761 + CHEBI:18367')]	2.07e-83	50.189
Q5V9R9	3.A.1.5.22	P76027	[('peptide  + ATP = peptide  + ADP + Pi', 'CHEBI:16670 + CHEBI:15422 = CHEBI:16670 + CHEBI:16761 + CHEBI:18367')]	0.0	78.302
Q5V9S0	3.A.1.5.22	P0AFH6	[('peptide  + ATP = peptide  + ADP + Pi', 'CHEBI:16670 + CHEBI:15422 = CHEBI:16670 + CHEBI:16761 + CHEBI:18367')]	1.14e-156	68.874
Q5V9S1	3.A.1.5.22	P0AFH2	[('peptide  + ATP = peptide  + ADP + Pi', 'CHEBI:16670 + CHEBI:15422 = CHEBI:16670 + CHEBI:16761 + CHEBI:18367')]	6.01e-154	67.647
Q5V9S2	3.A.1.5.22	P23843	[('peptide  + ATP = peptide  + ADP + Pi', 'CHEBI:16670 + CHEBI:15422 = CHEBI:16670 + CHEBI:16761 + CHEBI:18367')]	0.0	52.416
Q7CQ74	3.A.1.5.24	P0AFU0	[('peptide  + ATP = peptide  + ADP + Pi', 'CHEBI:16670 + CHEBI:15422 = CHEBI:16670 + CHEBI:16761 + CHEBI:18367')]	0.0	96.154
Q8ZNJ8	3.A.1.5.24	P33916	[('peptide  + ATP = peptide  + ADP + Pi', 'CHEBI:16670 + CHEBI:15422 = CHEBI:16670 + CHEBI:16761 + CHEBI:18367')]	0.0	86.578
Q8ZNJ9	3.A.1.5.24	P33915	[('peptide  + ATP = peptide  + ADP + Pi', 'CHEBI:16670 + CHEBI:15422 = CHEBI:16670 + CHEBI:16761 + CHEBI:18367')]	0.0	91.496
Q8ZNK0	3.A.1.5.24	P33913	[('peptide  + ATP = peptide  + ADP + Pi', 'CHEBI:16670 + CHEBI:15422 = CHEBI:16670 + CHEBI:16761 + CHEBI:18367')]	0.0	86.356
Q9CIK9	3.A.1.5.25	P76027	[('peptide  + ATP = peptide  + ADP + Pi', 'CHEBI:16670 + CHEBI:15422 = CHEBI:16670 + CHEBI:16761 + CHEBI:18367'), ('oligopeptide  + ATP = oligopeptide  + ADP + Pi', 'CHEBI:7755 + CHEBI:15422 = CHEBI:7755 + CHEBI:16761 + CHEBI:18367')]	1.49e-108	50.158
A5U1X9	3.A.1.5.26	P77737	[('glutathione  + ATP = glutathione  + ADP + Pi', 'CHEBI:16856 + CHEBI:15422 = CHEBI:16856 + CHEBI:16761 + CHEBI:18367'), ('bradykinin  + ATP = bradykinin  + ADP + Pi', 'CHEBI:3165 + CHEBI:15422 = CHEBI:3165 + CHEBI:16761 + CHEBI:18367')]	2.12e-74	51.477
P63395	3.A.1.5.26	P77737	[('glutathione  + ATP = glutathione  + ADP + Pi', 'CHEBI:16856 + CHEBI:15422 = CHEBI:16856 + CHEBI:16761 + CHEBI:18367'), ('bradykinin  + ATP = bradykinin  + ADP + Pi', 'CHEBI:3165 + CHEBI:15422 = CHEBI:3165 + CHEBI:16761 + CHEBI:18367')]	2.12e-74	51.477
P33950	3.A.1.5.27	P23847	[('glutathione  + ATP = glutathione  + ADP + Pi', 'CHEBI:16856 + CHEBI:15422 = CHEBI:16856 + CHEBI:16761 + CHEBI:18367'), ('a dipeptide + ATP + H2O = a dipeptide + ADP + phosphate + H(+)', 'CHEBI:90799 + CHEBI:30616 + CHEBI:15377 = CHEBI:90799 + CHEBI:456216 + CHEBI:43474 + CHEBI:15378')]	0.0	54.44
P45096	3.A.1.5.27	P0AEF8	[('glutathione  + ATP = glutathione  + ADP + Pi', 'CHEBI:16856 + CHEBI:15422 = CHEBI:16856 + CHEBI:16761 + CHEBI:18367'), ('a dipeptide + ATP + H2O = a dipeptide + ADP + phosphate + H(+)', 'CHEBI:90799 + CHEBI:30616 + CHEBI:15377 = CHEBI:90799 + CHEBI:456216 + CHEBI:43474 + CHEBI:15378')]	1.16e-142	60.237
P51000	3.A.1.5.27	P0AEG1	[('glutathione  + ATP = glutathione  + ADP + Pi', 'CHEBI:16856 + CHEBI:15422 = CHEBI:16856 + CHEBI:16761 + CHEBI:18367'), ('a dipeptide + ATP + H2O = a dipeptide + ADP + phosphate + H(+)', 'CHEBI:90799 + CHEBI:30616 + CHEBI:15377 = CHEBI:90799 + CHEBI:456216 + CHEBI:43474 + CHEBI:15378')]	6.26e-137	64.336
P45095	3.A.1.5.27	P0AAG0	[('glutathione  + ATP = glutathione  + ADP + Pi', 'CHEBI:16856 + CHEBI:15422 = CHEBI:16856 + CHEBI:16761 + CHEBI:18367'), ('a dipeptide + ATP + H2O = a dipeptide + ADP + phosphate + H(+)', 'CHEBI:90799 + CHEBI:30616 + CHEBI:15377 = CHEBI:90799 + CHEBI:456216 + CHEBI:43474 + CHEBI:15378')]	0.0	74.462
P45094	3.A.1.5.27	P37313	[('glutathione  + ATP = glutathione  + ADP + Pi', 'CHEBI:16856 + CHEBI:15422 = CHEBI:16856 + CHEBI:16761 + CHEBI:18367'), ('a dipeptide + ATP + H2O = a dipeptide + ADP + phosphate + H(+)', 'CHEBI:90799 + CHEBI:30616 + CHEBI:15377 = CHEBI:90799 + CHEBI:456216 + CHEBI:43474 + CHEBI:15378')]	0.0	76.687
Q9WXR3	3.A.1.5.29	P75796	[('xylan  + ATP = xylan  + ADP + Pi', 'CHEBI:37166 + CHEBI:15422 = CHEBI:37166 + CHEBI:16761 + CHEBI:18367')]	8.6e-92	53.208
P0AFA9	3.A.1.5.3	P0AFA9	[('nickel(2+)  + ATP = nickel(2+)  + ADP + Pi', 'CHEBI:49786 + CHEBI:15422 = CHEBI:49786 + CHEBI:16761 + CHEBI:18367'), ('Ni(2+) + ATP + H2O = Ni(2+) + ADP + phosphate + H(+)', 'CHEBI:49786 + CHEBI:30616 + CHEBI:15377 = CHEBI:49786 + CHEBI:456216 + CHEBI:43474 + CHEBI:15378')]	0.0	100.0
P33590	3.A.1.5.3	P33590	[('nickel(2+)  + ATP = nickel(2+)  + ADP + Pi', 'CHEBI:49786 + CHEBI:15422 = CHEBI:49786 + CHEBI:16761 + CHEBI:18367'), ('Ni(2+) + ATP + H2O = Ni(2+) + ADP + phosphate + H(+)', 'CHEBI:49786 + CHEBI:30616 + CHEBI:15377 = CHEBI:49786 + CHEBI:456216 + CHEBI:43474 + CHEBI:15378')]	0.0	100.0
P33591	3.A.1.5.3	P33591	[('nickel(2+)  + ATP = nickel(2+)  + ADP + Pi', 'CHEBI:49786 + CHEBI:15422 = CHEBI:49786 + CHEBI:16761 + CHEBI:18367'), ('Ni(2+) + ATP + H2O = Ni(2+) + ADP + phosphate + H(+)', 'CHEBI:49786 + CHEBI:30616 + CHEBI:15377 = CHEBI:49786 + CHEBI:456216 + CHEBI:43474 + CHEBI:15378')]	0.0	100.0
P33593	3.A.1.5.3	P33593	[('nickel(2+)  + ATP = nickel(2+)  + ADP + Pi', 'CHEBI:49786 + CHEBI:15422 = CHEBI:49786 + CHEBI:16761 + CHEBI:18367'), ('Ni(2+) + ATP + H2O = Ni(2+) + ADP + phosphate + H(+)', 'CHEBI:49786 + CHEBI:30616 + CHEBI:15377 = CHEBI:49786 + CHEBI:456216 + CHEBI:43474 + CHEBI:15378')]	0.0	100.0
P33594	3.A.1.5.3	P33594	[('nickel(2+)  + ATP = nickel(2+)  + ADP + Pi', 'CHEBI:49786 + CHEBI:15422 = CHEBI:49786 + CHEBI:16761 + CHEBI:18367'), ('Ni(2+) + ATP + H2O = Ni(2+) + ADP + phosphate + H(+)', 'CHEBI:49786 + CHEBI:30616 + CHEBI:15377 = CHEBI:49786 + CHEBI:456216 + CHEBI:43474 + CHEBI:15378')]	0.0	100.0
O86574	3.A.1.5.34	P76027	[('oligopeptide  + ATP = oligopeptide  + ADP + Pi', 'CHEBI:7755 + CHEBI:15422 = CHEBI:7755 + CHEBI:16761 + CHEBI:18367')]	6.710000000000001e-110	52.349
O86575	3.A.1.5.34	P77737	[('oligopeptide  + ATP = oligopeptide  + ADP + Pi', 'CHEBI:7755 + CHEBI:15422 = CHEBI:7755 + CHEBI:16761 + CHEBI:18367')]	1.92e-107	53.503
O86575	3.A.1.5.34	P75796	[('oligopeptide  + ATP = oligopeptide  + ADP + Pi', 'CHEBI:7755 + CHEBI:15422 = CHEBI:7755 + CHEBI:16761 + CHEBI:18367')]	9.56e-97	51.389
Q9F350	3.A.1.5.35	P33916	[('peptide  + ATP = peptide  + ADP + Pi', 'CHEBI:16670 + CHEBI:15422 = CHEBI:16670 + CHEBI:16761 + CHEBI:18367')]	1.7400000000000002e-80	50.0
Q9F350	3.A.1.5.35	P76027	[('peptide  + ATP = peptide  + ADP + Pi', 'CHEBI:16670 + CHEBI:15422 = CHEBI:16670 + CHEBI:16761 + CHEBI:18367')]	4.1e-116	52.443
Q9F349	3.A.1.5.35	P37313	[('peptide  + ATP = peptide  + ADP + Pi', 'CHEBI:16670 + CHEBI:15422 = CHEBI:16670 + CHEBI:16761 + CHEBI:18367')]	3.2e-112	53.035
Q9F349	3.A.1.5.35	P77737	[('peptide  + ATP = peptide  + ADP + Pi', 'CHEBI:16670 + CHEBI:15422 = CHEBI:16670 + CHEBI:16761 + CHEBI:18367')]	3.63e-111	53.074
Q9F349	3.A.1.5.35	P75796	[('peptide  + ATP = peptide  + ADP + Pi', 'CHEBI:16670 + CHEBI:15422 = CHEBI:16670 + CHEBI:16761 + CHEBI:18367')]	2.24e-90	51.579
Q93IU0	3.A.1.5.36	P75796	[('peptide  + ATP = peptide  + ADP + Pi', 'CHEBI:16670 + CHEBI:15422 = CHEBI:16670 + CHEBI:16761 + CHEBI:18367')]	1.8999999999999998e-82	51.331
Q93IU0	3.A.1.5.36	P76027	[('peptide  + ATP = peptide  + ADP + Pi', 'CHEBI:16670 + CHEBI:15422 = CHEBI:16670 + CHEBI:16761 + CHEBI:18367')]	7.9e-108	51.562
Q8CJS2	3.A.1.5.36	P77737	[('peptide  + ATP = peptide  + ADP + Pi', 'CHEBI:16670 + CHEBI:15422 = CHEBI:16670 + CHEBI:16761 + CHEBI:18367')]	3.3600000000000004e-110	54.952
Q8CJS2	3.A.1.5.36	P75796	[('peptide  + ATP = peptide  + ADP + Pi', 'CHEBI:16670 + CHEBI:15422 = CHEBI:16670 + CHEBI:16761 + CHEBI:18367')]	1.61e-94	52.65
B1W1L9	3.A.1.5.37	P76027	[('oligopeptide  + ATP = oligopeptide  + ADP + Pi', 'CHEBI:7755 + CHEBI:15422 = CHEBI:7755 + CHEBI:16761 + CHEBI:18367')]	7.9e-114	51.713
B1W1L8	3.A.1.5.37	P37313	[('oligopeptide  + ATP = oligopeptide  + ADP + Pi', 'CHEBI:7755 + CHEBI:15422 = CHEBI:7755 + CHEBI:16761 + CHEBI:18367')]	2.96e-114	53.722
B1W1L8	3.A.1.5.37	P77737	[('oligopeptide  + ATP = oligopeptide  + ADP + Pi', 'CHEBI:7755 + CHEBI:15422 = CHEBI:7755 + CHEBI:16761 + CHEBI:18367')]	7.740000000000001e-117	54.045
B1W1L8	3.A.1.5.37	P75796	[('oligopeptide  + ATP = oligopeptide  + ADP + Pi', 'CHEBI:7755 + CHEBI:15422 = CHEBI:7755 + CHEBI:16761 + CHEBI:18367')]	1.52e-97	53.333
P76128	3.A.1.5.38	P76128	[('L-alanyl-L-alanine  + ATP = L-alanyl-L-alanine  + ADP + Pi', 'CHEBI:72816 + CHEBI:15422 = CHEBI:72816 + CHEBI:16761 + CHEBI:18367')]	0.0	100.0
P77308	3.A.1.5.38	P77308	[('L-alanyl-L-alanine  + ATP = L-alanyl-L-alanine  + ADP + Pi', 'CHEBI:72816 + CHEBI:15422 = CHEBI:72816 + CHEBI:16761 + CHEBI:18367')]	0.0	100.0
P77463	3.A.1.5.38	P77463	[('L-alanyl-L-alanine  + ATP = L-alanyl-L-alanine  + ADP + Pi', 'CHEBI:72816 + CHEBI:15422 = CHEBI:72816 + CHEBI:16761 + CHEBI:18367')]	0.0	100.0
P77268	3.A.1.5.38	P77268	[('L-alanyl-L-alanine  + ATP = L-alanyl-L-alanine  + ADP + Pi', 'CHEBI:72816 + CHEBI:15422 = CHEBI:72816 + CHEBI:16761 + CHEBI:18367')]	0.0	100.0
P77622	3.A.1.5.38	P77622	[('L-alanyl-L-alanine  + ATP = L-alanyl-L-alanine  + ADP + Pi', 'CHEBI:72816 + CHEBI:15422 = CHEBI:72816 + CHEBI:16761 + CHEBI:18367')]	0.0	100.0
W0WN20	3.A.1.5.39	P0AEF8	[('tripeptide  + ATP = tripeptide  + ADP + Pi', 'CHEBI:47923 + CHEBI:15422 = CHEBI:47923 + CHEBI:16761 + CHEBI:18367'), ('dipeptide  + ATP = dipeptide  + ADP + Pi', 'CHEBI:4634 + CHEBI:15422 = CHEBI:4634 + CHEBI:16761 + CHEBI:18367')]	1.6e-160	65.487
W0WJ90	3.A.1.5.39	P0AAG0	[('tripeptide  + ATP = tripeptide  + ADP + Pi', 'CHEBI:47923 + CHEBI:15422 = CHEBI:47923 + CHEBI:16761 + CHEBI:18367'), ('dipeptide  + ATP = dipeptide  + ADP + Pi', 'CHEBI:4634 + CHEBI:15422 = CHEBI:4634 + CHEBI:16761 + CHEBI:18367')]	7.28e-139	60.625
W0WJ90	3.A.1.5.39	P75796	[('tripeptide  + ATP = tripeptide  + ADP + Pi', 'CHEBI:47923 + CHEBI:15422 = CHEBI:47923 + CHEBI:16761 + CHEBI:18367'), ('dipeptide  + ATP = dipeptide  + ADP + Pi', 'CHEBI:4634 + CHEBI:15422 = CHEBI:4634 + CHEBI:16761 + CHEBI:18367')]	7.03e-77	51.515
W0WLZ8	3.A.1.5.39	P37313	[('tripeptide  + ATP = tripeptide  + ADP + Pi', 'CHEBI:47923 + CHEBI:15422 = CHEBI:47923 + CHEBI:16761 + CHEBI:18367'), ('dipeptide  + ATP = dipeptide  + ADP + Pi', 'CHEBI:4634 + CHEBI:15422 = CHEBI:4634 + CHEBI:16761 + CHEBI:18367')]	6.06e-135	58.675
W0WLZ1	3.A.1.5.39	P23847	[('tripeptide  + ATP = tripeptide  + ADP + Pi', 'CHEBI:47923 + CHEBI:15422 = CHEBI:47923 + CHEBI:16761 + CHEBI:18367'), ('dipeptide  + ATP = dipeptide  + ADP + Pi', 'CHEBI:4634 + CHEBI:15422 = CHEBI:4634 + CHEBI:16761 + CHEBI:18367')]	0.0	52.571
W0WJ85	3.A.1.5.39	P23847	[('tripeptide  + ATP = tripeptide  + ADP + Pi', 'CHEBI:47923 + CHEBI:15422 = CHEBI:47923 + CHEBI:16761 + CHEBI:18367'), ('dipeptide  + ATP = dipeptide  + ADP + Pi', 'CHEBI:4634 + CHEBI:15422 = CHEBI:4634 + CHEBI:16761 + CHEBI:18367')]	0.0	51.679
W0WL02	3.A.1.5.39	P23847	[('tripeptide  + ATP = tripeptide  + ADP + Pi', 'CHEBI:47923 + CHEBI:15422 = CHEBI:47923 + CHEBI:16761 + CHEBI:18367'), ('dipeptide  + ATP = dipeptide  + ADP + Pi', 'CHEBI:4634 + CHEBI:15422 = CHEBI:4634 + CHEBI:16761 + CHEBI:18367')]	0.0	50.197
W0WMS8	3.A.1.5.39	P0AEG1	[('tripeptide  + ATP = tripeptide  + ADP + Pi', 'CHEBI:47923 + CHEBI:15422 = CHEBI:47923 + CHEBI:16761 + CHEBI:18367'), ('dipeptide  + ATP = dipeptide  + ADP + Pi', 'CHEBI:4634 + CHEBI:15422 = CHEBI:4634 + CHEBI:16761 + CHEBI:18367')]	6.299999999999999e-128	64.085
Q7VJ34	3.A.1.5.40	P33591	[('nickel(2+)  + ATP = nickel(2+)  + ADP + Pi', 'CHEBI:49786 + CHEBI:15422 = CHEBI:49786 + CHEBI:16761 + CHEBI:18367')]	1.0100000000000001e-105	53.676
P23843	3.A.1.5.41	P23843	[('oligopeptide  + ATP = oligopeptide  + ADP + Pi', 'CHEBI:7755 + CHEBI:15422 = CHEBI:7755 + CHEBI:16761 + CHEBI:18367'), ('a [peptide] + ATP + H2O = a [peptide] + ADP + phosphate + H(+)', 'CHEBI:33710 + CHEBI:30616 + CHEBI:15377 = CHEBI:33710 + CHEBI:456216 + CHEBI:43474 + CHEBI:15378'), ('L-alanyl-gamma-D-glutamyl-meso-diaminoheptanedioate + ATP + H2O = L-alanyl-gamma-D-glutamyl-meso-diaminoheptanedioate + ADP + phosphate + H(+)', 'CHEBI:61401 + CHEBI:30616 + CHEBI:15377 = CHEBI:61401 + CHEBI:456216 + CHEBI:43474 + CHEBI:15378')]	0.0	100.0
P0AFH2	3.A.1.5.41	P0AFH2	[('oligopeptide  + ATP = oligopeptide  + ADP + Pi', 'CHEBI:7755 + CHEBI:15422 = CHEBI:7755 + CHEBI:16761 + CHEBI:18367'), ('a [peptide] + ATP + H2O = a [peptide] + ADP + phosphate + H(+)', 'CHEBI:33710 + CHEBI:30616 + CHEBI:15377 = CHEBI:33710 + CHEBI:456216 + CHEBI:43474 + CHEBI:15378'), ('L-alanyl-gamma-D-glutamyl-meso-diaminoheptanedioate + ATP + H2O = L-alanyl-gamma-D-glutamyl-meso-diaminoheptanedioate + ADP + phosphate + H(+)', 'CHEBI:61401 + CHEBI:30616 + CHEBI:15377 = CHEBI:61401 + CHEBI:456216 + CHEBI:43474 + CHEBI:15378')]	0.0	100.0
P0AFH6	3.A.1.5.41	P0AFH6	[('oligopeptide  + ATP = oligopeptide  + ADP + Pi', 'CHEBI:7755 + CHEBI:15422 = CHEBI:7755 + CHEBI:16761 + CHEBI:18367'), ('a [peptide] + ATP + H2O = a [peptide] + ADP + phosphate + H(+)', 'CHEBI:33710 + CHEBI:30616 + CHEBI:15377 = CHEBI:33710 + CHEBI:456216 + CHEBI:43474 + CHEBI:15378'), ('L-alanyl-gamma-D-glutamyl-meso-diaminoheptanedioate + ATP + H2O = L-alanyl-gamma-D-glutamyl-meso-diaminoheptanedioate + ADP + phosphate + H(+)', 'CHEBI:61401 + CHEBI:30616 + CHEBI:15377 = CHEBI:61401 + CHEBI:456216 + CHEBI:43474 + CHEBI:15378')]	0.0	100.0
P76027	3.A.1.5.41	P75796	[('oligopeptide  + ATP = oligopeptide  + ADP + Pi', 'CHEBI:7755 + CHEBI:15422 = CHEBI:7755 + CHEBI:16761 + CHEBI:18367'), ('a [peptide] + ATP + H2O = a [peptide] + ADP + phosphate + H(+)', 'CHEBI:33710 + CHEBI:30616 + CHEBI:15377 = CHEBI:33710 + CHEBI:456216 + CHEBI:43474 + CHEBI:15378'), ('L-alanyl-gamma-D-glutamyl-meso-diaminoheptanedioate + ATP + H2O = L-alanyl-gamma-D-glutamyl-meso-diaminoheptanedioate + ADP + phosphate + H(+)', 'CHEBI:61401 + CHEBI:30616 + CHEBI:15377 = CHEBI:61401 + CHEBI:456216 + CHEBI:43474 + CHEBI:15378')]	1.6999999999999999e-84	51.673
P76027	3.A.1.5.41	P76027	[('oligopeptide  + ATP = oligopeptide  + ADP + Pi', 'CHEBI:7755 + CHEBI:15422 = CHEBI:7755 + CHEBI:16761 + CHEBI:18367'), ('a [peptide] + ATP + H2O = a [peptide] + ADP + phosphate + H(+)', 'CHEBI:33710 + CHEBI:30616 + CHEBI:15377 = CHEBI:33710 + CHEBI:456216 + CHEBI:43474 + CHEBI:15378'), ('L-alanyl-gamma-D-glutamyl-meso-diaminoheptanedioate + ATP + H2O = L-alanyl-gamma-D-glutamyl-meso-diaminoheptanedioate + ADP + phosphate + H(+)', 'CHEBI:61401 + CHEBI:30616 + CHEBI:15377 = CHEBI:61401 + CHEBI:456216 + CHEBI:43474 + CHEBI:15378')]	0.0	100.0
P77737	3.A.1.5.41	P77737	[('oligopeptide  + ATP = oligopeptide  + ADP + Pi', 'CHEBI:7755 + CHEBI:15422 = CHEBI:7755 + CHEBI:16761 + CHEBI:18367'), ('a [peptide] + ATP + H2O = a [peptide] + ADP + phosphate + H(+)', 'CHEBI:33710 + CHEBI:30616 + CHEBI:15377 = CHEBI:33710 + CHEBI:456216 + CHEBI:43474 + CHEBI:15378'), ('L-alanyl-gamma-D-glutamyl-meso-diaminoheptanedioate + ATP + H2O = L-alanyl-gamma-D-glutamyl-meso-diaminoheptanedioate + ADP + phosphate + H(+)', 'CHEBI:61401 + CHEBI:30616 + CHEBI:15377 = CHEBI:61401 + CHEBI:456216 + CHEBI:43474 + CHEBI:15378')]	0.0	100.0
Q46863	3.A.1.5.41	Q46863	[('oligopeptide  + ATP = oligopeptide  + ADP + Pi', 'CHEBI:7755 + CHEBI:15422 = CHEBI:7755 + CHEBI:16761 + CHEBI:18367'), ('a [peptide] + ATP + H2O = a [peptide] + ADP + phosphate + H(+)', 'CHEBI:33710 + CHEBI:30616 + CHEBI:15377 = CHEBI:33710 + CHEBI:456216 + CHEBI:43474 + CHEBI:15378'), ('L-alanyl-gamma-D-glutamyl-meso-diaminoheptanedioate + ATP + H2O = L-alanyl-gamma-D-glutamyl-meso-diaminoheptanedioate + ADP + phosphate + H(+)', 'CHEBI:61401 + CHEBI:30616 + CHEBI:15377 = CHEBI:61401 + CHEBI:456216 + CHEBI:43474 + CHEBI:15378')]	0.0	100.0
Q47622	3.A.1.5.42	Q47622	[('peptide  + ATP = peptide  + ADP + Pi', 'CHEBI:16670 + CHEBI:15422 = CHEBI:16670 + CHEBI:16761 + CHEBI:18367')]	0.0	100.0
P0AGH3	3.A.1.5.42	P0AGH3	[('peptide  + ATP = peptide  + ADP + Pi', 'CHEBI:16670 + CHEBI:15422 = CHEBI:16670 + CHEBI:16761 + CHEBI:18367')]	0.0	100.0
P0AGH5	3.A.1.5.42	P0AGH5	[('peptide  + ATP = peptide  + ADP + Pi', 'CHEBI:16670 + CHEBI:15422 = CHEBI:16670 + CHEBI:16761 + CHEBI:18367')]	0.0	100.0
P0AAH4	3.A.1.5.42	P0AAH4	[('peptide  + ATP = peptide  + ADP + Pi', 'CHEBI:16670 + CHEBI:15422 = CHEBI:16670 + CHEBI:16761 + CHEBI:18367')]	0.0	100.0
P0AAH8	3.A.1.5.42	P0AAH8	[('peptide  + ATP = peptide  + ADP + Pi', 'CHEBI:16670 + CHEBI:15422 = CHEBI:16670 + CHEBI:16761 + CHEBI:18367')]	0.0	100.0
O86187	3.A.1.5.44	Q47622	[('peptide  + ATP = peptide  + ADP + Pi', 'CHEBI:16670 + CHEBI:15422 = CHEBI:16670 + CHEBI:16761 + CHEBI:18367')]	0.0	73.563
O86189	3.A.1.5.44	P0AGH5	[('peptide  + ATP = peptide  + ADP + Pi', 'CHEBI:16670 + CHEBI:15422 = CHEBI:16670 + CHEBI:16761 + CHEBI:18367')]	1.06e-135	69.932
O86190	3.A.1.5.44	P0AAH4	[('peptide  + ATP = peptide  + ADP + Pi', 'CHEBI:16670 + CHEBI:15422 = CHEBI:16670 + CHEBI:16761 + CHEBI:18367')]	0.0	80.243
O86191	3.A.1.5.44	P0AAH8	[('peptide  + ATP = peptide  + ADP + Pi', 'CHEBI:16670 + CHEBI:15422 = CHEBI:16670 + CHEBI:16761 + CHEBI:18367')]	1.2500000000000001e-160	79.554
O86188	3.A.1.5.44	P0AGH3	[('peptide  + ATP = peptide  + ADP + Pi', 'CHEBI:16670 + CHEBI:15422 = CHEBI:16670 + CHEBI:16761 + CHEBI:18367')]	3.57e-137	66.044
OLS22416	3.A.1.5.46	P77737	[('peptide  + ATP = peptide  + ADP + Pi', 'CHEBI:16670 + CHEBI:15422 = CHEBI:16670 + CHEBI:16761 + CHEBI:18367')]	2.09e-13	50.0
OLS22416	3.A.1.5.46	P75796	[('peptide  + ATP = peptide  + ADP + Pi', 'CHEBI:16670 + CHEBI:15422 = CHEBI:16670 + CHEBI:16761 + CHEBI:18367')]	2.35e-14	57.143
OLS22416	3.A.1.5.46	P75796	[('peptide  + ATP = peptide  + ADP + Pi', 'CHEBI:16670 + CHEBI:15422 = CHEBI:16670 + CHEBI:16761 + CHEBI:18367')]	4.48e-11	66.667
RVM24494	3.A.1.5.49	P0AFU0	[('peptide  + ATP = peptide  + ADP + Pi', 'CHEBI:16670 + CHEBI:15422 = CHEBI:16670 + CHEBI:16761 + CHEBI:18367')]	5.1000000000000004e-155	58.63
CCM69332	3.A.1.5.49	P33915	[('peptide  + ATP = peptide  + ADP + Pi', 'CHEBI:16670 + CHEBI:15422 = CHEBI:16670 + CHEBI:16761 + CHEBI:18367')]	3.37e-130	55.556
CCM69331	3.A.1.5.49	P0AAG0	[('peptide  + ATP = peptide  + ADP + Pi', 'CHEBI:16670 + CHEBI:15422 = CHEBI:16670 + CHEBI:16761 + CHEBI:18367')]	2.28e-81	52.14
CCM69331	3.A.1.5.49	P33916	[('peptide  + ATP = peptide  + ADP + Pi', 'CHEBI:16670 + CHEBI:15422 = CHEBI:16670 + CHEBI:16761 + CHEBI:18367')]	0.0	58.444
P0A2J3	3.A.1.5.5	P0AGH3	[('cationic peptidyl group  + ATP = cationic peptidyl group  + ADP + Pi', 'CHEBI:134400 + CHEBI:15422 = CHEBI:134400 + CHEBI:16761 + CHEBI:18367')]	0.0	92.333
P0A2J5	3.A.1.5.5	P0AGH5	[('cationic peptidyl group  + ATP = cationic peptidyl group  + ADP + Pi', 'CHEBI:134400 + CHEBI:15422 = CHEBI:134400 + CHEBI:16761 + CHEBI:18367')]	0.0	94.595
P36634	3.A.1.5.5	Q47622	[('cationic peptidyl group  + ATP = cationic peptidyl group  + ADP + Pi', 'CHEBI:134400 + CHEBI:15422 = CHEBI:134400 + CHEBI:16761 + CHEBI:18367')]	0.0	90.164
P36636	3.A.1.5.5	P0AAH4	[('cationic peptidyl group  + ATP = cationic peptidyl group  + ADP + Pi', 'CHEBI:134400 + CHEBI:15422 = CHEBI:134400 + CHEBI:16761 + CHEBI:18367')]	0.0	96.667
P36638	3.A.1.5.5	P0AAH8	[('cationic peptidyl group  + ATP = cationic peptidyl group  + ADP + Pi', 'CHEBI:134400 + CHEBI:15422 = CHEBI:134400 + CHEBI:16761 + CHEBI:18367')]	0.0	97.761
P16700	3.A.1.6.1	P16700	[('sulfate  + ATP = sulfate  + ADP + Pi', 'CHEBI:16189 + CHEBI:15422 = CHEBI:16189 + CHEBI:16761 + CHEBI:18367'), ('thiosulfate(2-)  + ATP = thiosulfate(2-)  + ADP + Pi', 'CHEBI:16094 + CHEBI:15422 = CHEBI:16094 + CHEBI:16761 + CHEBI:18367'), ('sulfate + ATP + H2O = sulfate + ADP + phosphate + H(+)', 'CHEBI:16189 + CHEBI:30616 + CHEBI:15377 = CHEBI:16189 + CHEBI:456216 + CHEBI:43474 + CHEBI:15378'), ('thiosulfate + ATP + H2O = thiosulfate + ADP + phosphate + H(+)', 'CHEBI:33542 + CHEBI:30616 + CHEBI:15377 = CHEBI:33542 + CHEBI:456216 + CHEBI:43474 + CHEBI:15378')]	0.0	100.0
P0AG78	3.A.1.6.1	P0AG78	[('sulfate  + ATP = sulfate  + ADP + Pi', 'CHEBI:16189 + CHEBI:15422 = CHEBI:16189 + CHEBI:16761 + CHEBI:18367'), ('thiosulfate(2-)  + ATP = thiosulfate(2-)  + ADP + Pi', 'CHEBI:16094 + CHEBI:15422 = CHEBI:16094 + CHEBI:16761 + CHEBI:18367'), ('sulfate + ATP + H2O = sulfate + ADP + phosphate + H(+)', 'CHEBI:16189 + CHEBI:30616 + CHEBI:15377 = CHEBI:16189 + CHEBI:456216 + CHEBI:43474 + CHEBI:15378'), ('thiosulfate + ATP + H2O = thiosulfate + ADP + phosphate + H(+)', 'CHEBI:33542 + CHEBI:30616 + CHEBI:15377 = CHEBI:33542 + CHEBI:456216 + CHEBI:43474 + CHEBI:15378')]	0.0	100.0
P0AEB0	3.A.1.6.1	P0AEB0	[('sulfate  + ATP = sulfate  + ADP + Pi', 'CHEBI:16189 + CHEBI:15422 = CHEBI:16189 + CHEBI:16761 + CHEBI:18367'), ('thiosulfate(2-)  + ATP = thiosulfate(2-)  + ADP + Pi', 'CHEBI:16094 + CHEBI:15422 = CHEBI:16094 + CHEBI:16761 + CHEBI:18367'), ('sulfate + ATP + H2O = sulfate + ADP + phosphate + H(+)', 'CHEBI:16189 + CHEBI:30616 + CHEBI:15377 = CHEBI:16189 + CHEBI:456216 + CHEBI:43474 + CHEBI:15378'), ('thiosulfate + ATP + H2O = thiosulfate + ADP + phosphate + H(+)', 'CHEBI:33542 + CHEBI:30616 + CHEBI:15377 = CHEBI:33542 + CHEBI:456216 + CHEBI:43474 + CHEBI:15378')]	0.0	100.0
P16676	3.A.1.6.1	P16676	[('sulfate  + ATP = sulfate  + ADP + Pi', 'CHEBI:16189 + CHEBI:15422 = CHEBI:16189 + CHEBI:16761 + CHEBI:18367'), ('thiosulfate(2-)  + ATP = thiosulfate(2-)  + ADP + Pi', 'CHEBI:16094 + CHEBI:15422 = CHEBI:16094 + CHEBI:16761 + CHEBI:18367'), ('sulfate + ATP + H2O = sulfate + ADP + phosphate + H(+)', 'CHEBI:16189 + CHEBI:30616 + CHEBI:15377 = CHEBI:16189 + CHEBI:456216 + CHEBI:43474 + CHEBI:15378'), ('thiosulfate + ATP + H2O = thiosulfate + ADP + phosphate + H(+)', 'CHEBI:33542 + CHEBI:30616 + CHEBI:15377 = CHEBI:33542 + CHEBI:456216 + CHEBI:43474 + CHEBI:15378')]	0.0	100.0
P16701	3.A.1.6.1	P16701	[('sulfate  + ATP = sulfate  + ADP + Pi', 'CHEBI:16189 + CHEBI:15422 = CHEBI:16189 + CHEBI:16761 + CHEBI:18367'), ('thiosulfate(2-)  + ATP = thiosulfate(2-)  + ADP + Pi', 'CHEBI:16094 + CHEBI:15422 = CHEBI:16094 + CHEBI:16761 + CHEBI:18367'), ('sulfate + ATP + H2O = sulfate + ADP + phosphate + H(+)', 'CHEBI:16189 + CHEBI:30616 + CHEBI:15377 = CHEBI:16189 + CHEBI:456216 + CHEBI:43474 + CHEBI:15378'), ('thiosulfate + ATP + H2O = thiosulfate + ADP + phosphate + H(+)', 'CHEBI:33542 + CHEBI:30616 + CHEBI:15377 = CHEBI:33542 + CHEBI:456216 + CHEBI:43474 + CHEBI:15378')]	0.0	100.0
P0A4W2	3.A.1.6.3	P16676	[('sulfate  + ATP = sulfate  + ADP + Pi', 'CHEBI:16189 + CHEBI:15422 = CHEBI:16189 + CHEBI:16761 + CHEBI:18367')]	4.9e-91	53.03
Q6QJE2	3.A.1.6.7	P0AEB0	[('sulfate  + ATP = sulfate  + ADP + Pi', 'CHEBI:16189 + CHEBI:15422 = CHEBI:16189 + CHEBI:16761 + CHEBI:18367')]	1.22e-79	51.073
Q6QJE1	3.A.1.6.7	P16676	[('sulfate  + ATP = sulfate  + ADP + Pi', 'CHEBI:16189 + CHEBI:15422 = CHEBI:16189 + CHEBI:16761 + CHEBI:18367')]	8.83e-78	51.2
P07654	3.A.1.7.1	P07654	[('phosphate(3-)  + ATP = phosphate(3-)  + ADP + Pi', 'CHEBI:18367 + CHEBI:15422 = CHEBI:18367 + CHEBI:16761 + CHEBI:18367'), ('phosphate + ATP + H2O = ADP + 2 phosphate + H(+)', 'CHEBI:43474 + CHEBI:30616 + CHEBI:15377 = CHEBI:456216 + 2 CHEBI:43474 + CHEBI:15378')]	0.0	100.0
P0AAH0	3.A.1.7.1	P0AAH0	[('phosphate(3-)  + ATP = phosphate(3-)  + ADP + Pi', 'CHEBI:18367 + CHEBI:15422 = CHEBI:18367 + CHEBI:16761 + CHEBI:18367'), ('phosphate + ATP + H2O = ADP + 2 phosphate + H(+)', 'CHEBI:43474 + CHEBI:30616 + CHEBI:15377 = CHEBI:456216 + 2 CHEBI:43474 + CHEBI:15378')]	0.0	100.0
P0AG82	3.A.1.7.1	P0AG82	[('phosphate(3-)  + ATP = phosphate(3-)  + ADP + Pi', 'CHEBI:18367 + CHEBI:15422 = CHEBI:18367 + CHEBI:16761 + CHEBI:18367'), ('phosphate + ATP + H2O = ADP + 2 phosphate + H(+)', 'CHEBI:43474 + CHEBI:30616 + CHEBI:15377 = CHEBI:456216 + 2 CHEBI:43474 + CHEBI:15378')]	0.0	100.0
P0AGH8	3.A.1.7.1	P0AGH8	[('phosphate(3-)  + ATP = phosphate(3-)  + ADP + Pi', 'CHEBI:18367 + CHEBI:15422 = CHEBI:18367 + CHEBI:16761 + CHEBI:18367'), ('phosphate + ATP + H2O = ADP + 2 phosphate + H(+)', 'CHEBI:43474 + CHEBI:30616 + CHEBI:15377 = CHEBI:456216 + 2 CHEBI:43474 + CHEBI:15378')]	0.0	100.0
P0C560	3.A.1.7.2	P0AAH0	[('phosphate + ATP + H2O = ADP + 2 phosphate + H(+)', 'CHEBI:43474 + CHEBI:30616 + CHEBI:15377 = CHEBI:456216 + 2 CHEBI:43474 + CHEBI:15378'), ('phosphate(3-)  + ATP = phosphate(3-)  + ADP + Pi', 'CHEBI:18367 + CHEBI:15422 = CHEBI:18367 + CHEBI:16761 + CHEBI:18367')]	3.56e-94	55.294
C3KCB5	3.A.1.7.3	P0AAH0	[('phosphate(3-)  + ATP = phosphate(3-)  + ADP + Pi', 'CHEBI:18367 + CHEBI:15422 = CHEBI:18367 + CHEBI:16761 + CHEBI:18367')]	3.1799999999999996e-92	50.575
O51236	3.A.1.7.5	P0AAH0	[('phosphate(3-)  + ATP = phosphate(3-)  + ADP + Pi', 'CHEBI:18367 + CHEBI:15422 = CHEBI:18367 + CHEBI:16761 + CHEBI:18367'), ('phosphate + ATP + H2O = ADP + 2 phosphate + H(+)', 'CHEBI:43474 + CHEBI:30616 + CHEBI:15377 = CHEBI:456216 + 2 CHEBI:43474 + CHEBI:15378')]	5.82e-104	57.49
AAZ57801	3.A.1.7.6	P0AAH0	[('triphosphate(5-)  + ATP = triphosphate(5-)  + ADP + Pi', 'CHEBI:18036 + CHEBI:15422 = CHEBI:18036 + CHEBI:16761 + CHEBI:18367')]	5.81e-99	52.692
P09833	3.A.1.8.1	P09833	[('molybdate + ATP + H2O = molybdate + ADP + phosphate + H(+)', 'CHEBI:36264 + CHEBI:30616 + CHEBI:15377 = CHEBI:36264 + CHEBI:456216 + CHEBI:43474 + CHEBI:15378'), ('molybdate  + ATP = molybdate  + ADP + Pi', 'CHEBI:36264 + CHEBI:15422 = CHEBI:36264 + CHEBI:16761 + CHEBI:18367')]	0.0	100.0
P0AF01	3.A.1.8.1	P0AF01	[('molybdate + ATP + H2O = molybdate + ADP + phosphate + H(+)', 'CHEBI:36264 + CHEBI:30616 + CHEBI:15377 = CHEBI:36264 + CHEBI:456216 + CHEBI:43474 + CHEBI:15378'), ('molybdate  + ATP = molybdate  + ADP + Pi', 'CHEBI:36264 + CHEBI:15422 = CHEBI:36264 + CHEBI:16761 + CHEBI:18367')]	1.9600000000000003e-161	100.0
P37329	3.A.1.8.1	P37329	[('molybdate + ATP + H2O = molybdate + ADP + phosphate + H(+)', 'CHEBI:36264 + CHEBI:30616 + CHEBI:15377 = CHEBI:36264 + CHEBI:456216 + CHEBI:43474 + CHEBI:15378'), ('molybdate  + ATP = molybdate  + ADP + Pi', 'CHEBI:36264 + CHEBI:15422 = CHEBI:36264 + CHEBI:16761 + CHEBI:18367')]	0.0	100.0
P16677	3.A.1.9.1	P16677	[('phosphonate + ATP + H2O = phosphonate + ADP + phosphate + H(+)', 'CHEBI:16215 + CHEBI:30616 + CHEBI:15377 = CHEBI:16215 + CHEBI:456216 + CHEBI:43474 + CHEBI:15378'), ('iron(3+)  + ATP = iron(3+)  + ADP + Pi', 'CHEBI:29034 + CHEBI:15422 = CHEBI:29034 + CHEBI:16761 + CHEBI:18367')]	0.0	100.0
P16682	3.A.1.9.1	P16682	[('phosphonate + ATP + H2O = phosphonate + ADP + phosphate + H(+)', 'CHEBI:16215 + CHEBI:30616 + CHEBI:15377 = CHEBI:16215 + CHEBI:456216 + CHEBI:43474 + CHEBI:15378'), ('iron(3+)  + ATP = iron(3+)  + ADP + Pi', 'CHEBI:29034 + CHEBI:15422 = CHEBI:29034 + CHEBI:16761 + CHEBI:18367')]	0.0	100.0
P16683	3.A.1.9.1	P0DP70	[('phosphonate + ATP + H2O = phosphonate + ADP + phosphate + H(+)', 'CHEBI:16215 + CHEBI:30616 + CHEBI:15377 = CHEBI:16215 + CHEBI:456216 + CHEBI:43474 + CHEBI:15378'), ('iron(3+)  + ATP = iron(3+)  + ADP + Pi', 'CHEBI:29034 + CHEBI:15422 = CHEBI:29034 + CHEBI:16761 + CHEBI:18367')]	2.53e-83	99.18
P16683	3.A.1.9.1	P0DP69	[('phosphonate + ATP + H2O = phosphonate + ADP + phosphate + H(+)', 'CHEBI:16215 + CHEBI:30616 + CHEBI:15377 = CHEBI:16215 + CHEBI:456216 + CHEBI:43474 + CHEBI:15378'), ('iron(3+)  + ATP = iron(3+)  + ADP + Pi', 'CHEBI:29034 + CHEBI:15422 = CHEBI:29034 + CHEBI:16761 + CHEBI:18367')]	5.05e-98	98.592
AKM80287.1	3.A.11.1.5	P36647	[('no_reaction_identified', 'no_reaction_identified')]	7.65e-07	52.5
A1EMW4	3.A.11.2.3	P0AAR8	[('no_reaction_identified', 'no_reaction_identified')]	4.84e-18	50.588
P46889	3.A.12.1.2	P46889	[('no_reaction_identified', 'no_reaction_identified')]	0.0	100.0
P15645	3.A.15.1.1	P45759	[('no_reaction_identified', 'no_reaction_identified')]	0.0	58.091
P15746	3.A.15.1.1	P41442	[('no_reaction_identified', 'no_reaction_identified')]	1.11e-68	70.29
P04739	3.A.15.2.1	P36647	[('no_reaction_identified', 'no_reaction_identified')]	1.14e-07	53.704
P22610	3.A.15.2.1	P25960	[('no_reaction_identified', 'no_reaction_identified')]	5.8900000000000004e-21	51.748
Q9AGM7	3.A.15.3.1	P45759	[('no_reaction_identified', 'no_reaction_identified')]	1.96e-174	52.479
Q9XD71	3.A.15.3.1	P41442	[('no_reaction_identified', 'no_reaction_identified')]	5.87e-46	51.095
Q48L33	3.A.16.1.5	P0AFQ7	[('protein (ER) = protein (cytosol)', 'CHEBI:14911 (ER) = CHEBI:14911 (cytosol)')]	4.1200000000000004e-79	51.562
P10591	3.A.16.1.6	P0A6Y8	[('protein (ER) = protein (cytosol)', 'CHEBI:14911 (ER) = CHEBI:14911 (cytosol)')]	0.0	50.817
P25294	3.A.16.1.6	P08622	[('protein (ER) = protein (cytosol)', 'CHEBI:14911 (ER) = CHEBI:14911 (cytosol)')]	1.4e-17	56.716
P08956	3.A.17.1.1	P08956	[('no_reaction_identified', 'no_reaction_identified')]	0.0	100.0
P0A6E6	3.A.2.1.1	P0A6E6	[('n hydron  + ATP = n hydron  + ADP + Pi', 'n CHEBI:15378 + CHEBI:15422 = n CHEBI:15378 + CHEBI:16761 + CHEBI:18367'), ('ATP + H2O + 4 H(+) = ADP + phosphate + 5 H(+)', 'CHEBI:30616 + CHEBI:15377 + 4 CHEBI:15378 = CHEBI:456216 + CHEBI:43474 + 5 CHEBI:15378')]	1.59e-99	100.0
P0AB98	3.A.2.1.1	P0AB98	[('n hydron  + ATP = n hydron  + ADP + Pi', 'n CHEBI:15378 + CHEBI:15422 = n CHEBI:15378 + CHEBI:16761 + CHEBI:18367'), ('ATP + H2O + 4 H(+) = ADP + phosphate + 5 H(+)', 'CHEBI:30616 + CHEBI:15377 + 4 CHEBI:15378 = CHEBI:456216 + CHEBI:43474 + 5 CHEBI:15378')]	0.0	100.0
P0ABA0	3.A.2.1.1	P0ABA0	[('n hydron  + ATP = n hydron  + ADP + Pi', 'n CHEBI:15378 + CHEBI:15422 = n CHEBI:15378 + CHEBI:16761 + CHEBI:18367'), ('ATP + H2O + 4 H(+) = ADP + phosphate + 5 H(+)', 'CHEBI:30616 + CHEBI:15377 + 4 CHEBI:15378 = CHEBI:456216 + CHEBI:43474 + 5 CHEBI:15378')]	4.06e-107	100.0
P0ABA4	3.A.2.1.1	P0ABA4	[('n hydron  + ATP = n hydron  + ADP + Pi', 'n CHEBI:15378 + CHEBI:15422 = n CHEBI:15378 + CHEBI:16761 + CHEBI:18367'), ('ATP + H2O + 4 H(+) = ADP + phosphate + 5 H(+)', 'CHEBI:30616 + CHEBI:15377 + 4 CHEBI:15378 = CHEBI:456216 + CHEBI:43474 + 5 CHEBI:15378')]	3.3499999999999996e-128	100.0
P0ABA6	3.A.2.1.1	P0ABA6	[('n hydron  + ATP = n hydron  + ADP + Pi', 'n CHEBI:15378 + CHEBI:15422 = n CHEBI:15378 + CHEBI:16761 + CHEBI:18367'), ('ATP + H2O + 4 H(+) = ADP + phosphate + 5 H(+)', 'CHEBI:30616 + CHEBI:15377 + 4 CHEBI:15378 = CHEBI:456216 + CHEBI:43474 + 5 CHEBI:15378')]	0.0	100.0
P0ABB0	3.A.2.1.1	P0ABB0	[('n hydron  + ATP = n hydron  + ADP + Pi', 'n CHEBI:15378 + CHEBI:15422 = n CHEBI:15378 + CHEBI:16761 + CHEBI:18367'), ('ATP + H2O + 4 H(+) = ADP + phosphate + 5 H(+)', 'CHEBI:30616 + CHEBI:15377 + 4 CHEBI:15378 = CHEBI:456216 + CHEBI:43474 + 5 CHEBI:15378')]	0.0	100.0
P0ABB4	3.A.2.1.1	P0ABB4	[('n hydron  + ATP = n hydron  + ADP + Pi', 'n CHEBI:15378 + CHEBI:15422 = n CHEBI:15378 + CHEBI:16761 + CHEBI:18367'), ('ATP + H2O + 4 H(+) = ADP + phosphate + 5 H(+)', 'CHEBI:30616 + CHEBI:15377 + 4 CHEBI:15378 = CHEBI:456216 + CHEBI:43474 + 5 CHEBI:15378')]	0.0	100.0
P68699	3.A.2.1.1	P68699	[('n hydron  + ATP = n hydron  + ADP + Pi', 'n CHEBI:15378 + CHEBI:15422 = n CHEBI:15378 + CHEBI:16761 + CHEBI:18367'), ('ATP + H2O + 4 H(+) = ADP + phosphate + 5 H(+)', 'CHEBI:30616 + CHEBI:15377 + 4 CHEBI:15378 = CHEBI:456216 + CHEBI:43474 + 5 CHEBI:15378')]	3.86e-49	100.0
BAK19948	3.A.2.1.10	P0ABB4	[('n H+  + ATP = n H+  + ADP + Pi', 'n CHEBI:15378 + CHEBI:15422 = n CHEBI:15378 + CHEBI:16761 + CHEBI:18367'), ('n Na+  + ATP = n Na+  + ADP + Pi', 'n CHEBI:29101 + CHEBI:15422 = n CHEBI:29101 + CHEBI:16761 + CHEBI:18367')]	0.0	68.723
BAK19946	3.A.2.1.10	P0ABB0	[('n H+  + ATP = n H+  + ADP + Pi', 'n CHEBI:15378 + CHEBI:15422 = n CHEBI:15378 + CHEBI:16761 + CHEBI:18367'), ('n Na+  + ATP = n Na+  + ADP + Pi', 'n CHEBI:29101 + CHEBI:15422 = n CHEBI:29101 + CHEBI:16761 + CHEBI:18367')]	0.0	55.357
A0ZW40	3.A.2.1.11	P0ABB0	[('n H+  + ATP = n H+  + ADP + Pi', 'n CHEBI:15378 + CHEBI:15422 = n CHEBI:15378 + CHEBI:16761 + CHEBI:18367'), ('n Na+  + ATP = n Na+  + ADP + Pi', 'n CHEBI:29101 + CHEBI:15422 = n CHEBI:29101 + CHEBI:16761 + CHEBI:18367'), ('ATP + H2O + 4 H(+) = ADP + phosphate + 5 H(+)', 'CHEBI:30616 + CHEBI:15377 + 4 CHEBI:15378 = CHEBI:456216 + CHEBI:43474 + 5 CHEBI:15378')]	2.35e-178	56.798
A0ZW41	3.A.2.1.11	P0ABB4	[('n H+  + ATP = n H+  + ADP + Pi', 'n CHEBI:15378 + CHEBI:15422 = n CHEBI:15378 + CHEBI:16761 + CHEBI:18367'), ('n Na+  + ATP = n Na+  + ADP + Pi', 'n CHEBI:29101 + CHEBI:15422 = n CHEBI:29101 + CHEBI:16761 + CHEBI:18367'), ('ATP + H2O + 4 H(+) = ADP + phosphate + 5 H(+)', 'CHEBI:30616 + CHEBI:15377 + 4 CHEBI:15378 = CHEBI:456216 + CHEBI:43474 + 5 CHEBI:15378')]	0.0	68.884
Q9GPE9	3.A.2.1.13	P0ABB4	[('n hydron  + ATP = n hydron  + ADP + Pi', 'n CHEBI:15378 + CHEBI:15422 = n CHEBI:15378 + CHEBI:16761 + CHEBI:18367'), ('ATP + H2O + 4 H(+) = ADP + phosphate + 5 H(+)', 'CHEBI:30616 + CHEBI:15377 + 4 CHEBI:15378 = CHEBI:456216 + CHEBI:43474 + 5 CHEBI:15378')]	0.0	61.373
P09219	3.A.2.1.14	P0ABB0	[('ATP + H2O + 4 H(+) = ADP + phosphate + 5 H(+)', 'CHEBI:30616 + CHEBI:15377 + 4 CHEBI:15378 = CHEBI:456216 + CHEBI:43474 + 5 CHEBI:15378'), ('n hydron  + ATP = n hydron  + ADP + Pi', 'n CHEBI:15378 + CHEBI:15422 = n CHEBI:15378 + CHEBI:16761 + CHEBI:18367')]	0.0	53.529
P07677	3.A.2.1.14	P0ABB4	[('ATP + H2O + 4 H(+) = ADP + phosphate + 5 H(+)', 'CHEBI:30616 + CHEBI:15377 + 4 CHEBI:15378 = CHEBI:456216 + CHEBI:43474 + 5 CHEBI:15378'), ('n hydron  + ATP = n hydron  + ADP + Pi', 'n CHEBI:15378 + CHEBI:15422 = n CHEBI:15378 + CHEBI:16761 + CHEBI:18367')]	0.0	67.164
P25705	3.A.2.1.15	P0ABB0	[('n hydron  + ATP = n hydron  + ADP + Pi', 'n CHEBI:15378 + CHEBI:15422 = n CHEBI:15378 + CHEBI:16761 + CHEBI:18367'), ('ATP + H2O + 4 H(+) = ADP + phosphate + 5 H(+)', 'CHEBI:30616 + CHEBI:15377 + 4 CHEBI:15378 = CHEBI:456216 + CHEBI:43474 + 5 CHEBI:15378')]	0.0	56.53
P06576	3.A.2.1.15	P0ABB4	[('n hydron  + ATP = n hydron  + ADP + Pi', 'n CHEBI:15378 + CHEBI:15422 = n CHEBI:15378 + CHEBI:16761 + CHEBI:18367'), ('ATP + H2O + 4 H(+) = ADP + phosphate + 5 H(+)', 'CHEBI:30616 + CHEBI:15377 + 4 CHEBI:15378 = CHEBI:456216 + CHEBI:43474 + 5 CHEBI:15378')]	0.0	71.674
Q8I0V2	3.A.2.1.16	P0ABB4	[('n hydron  + ATP = n hydron  + ADP + Pi', 'n CHEBI:15378 + CHEBI:15422 = n CHEBI:15378 + CHEBI:16761 + CHEBI:18367'), ('ATP + H2O + 4 H(+) = ADP + phosphate + 5 H(+)', 'CHEBI:30616 + CHEBI:15377 + 4 CHEBI:15378 = CHEBI:456216 + CHEBI:43474 + 5 CHEBI:15378')]	0.0	67.804
P29706	3.A.2.1.2	P0ABB0	[('n sodium(1+)  + ATP = n sodium(1+)  + ADP + Pi', 'n CHEBI:29101 + CHEBI:15422 = n CHEBI:29101 + CHEBI:16761 + CHEBI:18367'), ('4 Na(+) + ATP + H2O = 4 Na(+) + ADP + phosphate + H(+)', '4 CHEBI:29101 + CHEBI:30616 + CHEBI:15377 = 4 CHEBI:29101 + CHEBI:456216 + CHEBI:43474 + CHEBI:15378')]	0.0	54.528
P29707	3.A.2.1.2	P0ABB4	[('n sodium(1+)  + ATP = n sodium(1+)  + ADP + Pi', 'n CHEBI:29101 + CHEBI:15422 = n CHEBI:29101 + CHEBI:16761 + CHEBI:18367'), ('4 Na(+) + ATP + H2O = 4 Na(+) + ADP + phosphate + H(+)', '4 CHEBI:29101 + CHEBI:30616 + CHEBI:15377 = 4 CHEBI:29101 + CHEBI:456216 + CHEBI:43474 + CHEBI:15378')]	0.0	70.37
P00830	3.A.2.1.3	P0ABB4	[('ATP + H2O + 4 H(+) = ADP + phosphate + 5 H(+)', 'CHEBI:30616 + CHEBI:15377 + 4 CHEBI:15378 = CHEBI:456216 + CHEBI:43474 + 5 CHEBI:15378'), ('n hydron  + ATP = n hydron  + ADP + Pi', 'n CHEBI:15378 + CHEBI:15422 = n CHEBI:15378 + CHEBI:16761 + CHEBI:18367')]	0.0	68.341
P07251	3.A.2.1.3	P0ABB0	[('ATP + H2O + 4 H(+) = ADP + phosphate + 5 H(+)', 'CHEBI:30616 + CHEBI:15377 + 4 CHEBI:15378 = CHEBI:456216 + CHEBI:43474 + 5 CHEBI:15378'), ('n hydron  + ATP = n hydron  + ADP + Pi', 'n CHEBI:15378 + CHEBI:15422 = n CHEBI:15378 + CHEBI:16761 + CHEBI:18367')]	0.0	53.411
Q24HY8	3.A.2.1.4	P0ABB0	[('n hydron  + ATP = n hydron  + ADP + Pi', 'n CHEBI:15378 + CHEBI:15422 = n CHEBI:15378 + CHEBI:16761 + CHEBI:18367'), ('ATP + H2O + 4 H(+) = ADP + phosphate + 5 H(+)', 'CHEBI:30616 + CHEBI:15377 + 4 CHEBI:15378 = CHEBI:456216 + CHEBI:43474 + 5 CHEBI:15378')]	0.0	54.669
I7LZV1	3.A.2.1.4	P0ABB4	[('n hydron  + ATP = n hydron  + ADP + Pi', 'n CHEBI:15378 + CHEBI:15422 = n CHEBI:15378 + CHEBI:16761 + CHEBI:18367'), ('ATP + H2O + 4 H(+) = ADP + phosphate + 5 H(+)', 'CHEBI:30616 + CHEBI:15377 + 4 CHEBI:15378 = CHEBI:456216 + CHEBI:43474 + 5 CHEBI:15378')]	0.0	65.302
P50000	3.A.2.1.5	P0ABB0	[('n sodium(1+)  + ATP = n sodium(1+)  + ADP + Pi', 'n CHEBI:29101 + CHEBI:15422 = n CHEBI:29101 + CHEBI:16761 + CHEBI:18367'), ('4 Na(+) + ATP + H2O = 4 Na(+) + ADP + phosphate + H(+)', '4 CHEBI:29101 + CHEBI:30616 + CHEBI:15377 = 4 CHEBI:29101 + CHEBI:456216 + CHEBI:43474 + CHEBI:15378')]	0.0	57.115
P50002	3.A.2.1.5	P0ABB4	[('n sodium(1+)  + ATP = n sodium(1+)  + ADP + Pi', 'n CHEBI:29101 + CHEBI:15422 = n CHEBI:29101 + CHEBI:16761 + CHEBI:18367'), ('4 Na(+) + ATP + H2O = 4 Na(+) + ADP + phosphate + H(+)', '4 CHEBI:29101 + CHEBI:30616 + CHEBI:15377 = 4 CHEBI:29101 + CHEBI:456216 + CHEBI:43474 + CHEBI:15378')]	0.0	68.41
F8L1Z3	3.A.2.1.6	P0ABB0	[('n sodium(1+)  + ATP = n sodium(1+)  + ADP + Pi', 'n CHEBI:29101 + CHEBI:15422 = n CHEBI:29101 + CHEBI:16761 + CHEBI:18367'), ('n hydron  + ATP = n hydron  + ADP + Pi', 'n CHEBI:15378 + CHEBI:15422 = n CHEBI:15378 + CHEBI:16761 + CHEBI:18367'), ('ATP + H2O + 4 H(+) = ADP + phosphate + 5 H(+)', 'CHEBI:30616 + CHEBI:15377 + 4 CHEBI:15378 = CHEBI:456216 + CHEBI:43474 + 5 CHEBI:15378')]	0.0	51.181
F8L1Z1	3.A.2.1.6	P0ABB4	[('n sodium(1+)  + ATP = n sodium(1+)  + ADP + Pi', 'n CHEBI:29101 + CHEBI:15422 = n CHEBI:29101 + CHEBI:16761 + CHEBI:18367'), ('n hydron  + ATP = n hydron  + ADP + Pi', 'n CHEBI:15378 + CHEBI:15422 = n CHEBI:15378 + CHEBI:16761 + CHEBI:18367'), ('ATP + H2O + 4 H(+) = ADP + phosphate + 5 H(+)', 'CHEBI:30616 + CHEBI:15377 + 4 CHEBI:15378 = CHEBI:456216 + CHEBI:43474 + 5 CHEBI:15378')]	0.0	66.164
A1B8N8	3.A.2.1.7	P0ABB0	[('ATP + H2O + 4 H(+) = ADP + phosphate + 5 H(+)', 'CHEBI:30616 + CHEBI:15377 + 4 CHEBI:15378 = CHEBI:456216 + CHEBI:43474 + 5 CHEBI:15378'), ('n hydron  + ATP = n hydron  + ADP + Pi', 'n CHEBI:15378 + CHEBI:15422 = n CHEBI:15378 + CHEBI:16761 + CHEBI:18367')]	0.0	55.916
A1B8P0	3.A.2.1.7	P0ABB4	[('ATP + H2O + 4 H(+) = ADP + phosphate + 5 H(+)', 'CHEBI:30616 + CHEBI:15377 + 4 CHEBI:15378 = CHEBI:456216 + CHEBI:43474 + 5 CHEBI:15378'), ('n hydron  + ATP = n hydron  + ADP + Pi', 'n CHEBI:15378 + CHEBI:15422 = n CHEBI:15378 + CHEBI:16761 + CHEBI:18367')]	0.0	70.021
BAK19931	3.A.2.1.9	P0ABB4	[('n H+  + ATP = n H+  + ADP + Pi', 'n CHEBI:15378 + CHEBI:15422 = n CHEBI:15378 + CHEBI:16761 + CHEBI:18367'), ('n Na+  + ATP = n Na+  + ADP + Pi', 'n CHEBI:29101 + CHEBI:15422 = n CHEBI:29101 + CHEBI:16761 + CHEBI:18367')]	2.21e-155	51.304
Q74G19	3.A.23.5.1	P0ABH9	[('protein polypeptide chain (cytoplasm of the donor) = protein polypeptide chain (cytoplasm of the recipient)', 'CHEBI:8526 (cytoplasm of the donor) = CHEBI:8526 (cytoplasm of the recipient)'), ('deoxyribonucleic acid (cytoplasm of the donor) = deoxyribonucleic acid (cytoplasm of the recipient)', 'CHEBI:4291 (cytoplasm of the donor) = CHEBI:4291 (cytoplasm of the recipient)')]	1.34e-69	50.201
B3ERW3	3.A.23.6.1	P0A9K3	[('Protein and_or DNA (cytoplasm of the donor) = Protein and_or DNA (cytoplasm of the recipient)', 'Protein and_or DNA (cytoplasm of the donor) = Protein and_or DNA (cytoplasm of the recipient)')]	1.92e-77	55.882
O67077	3.A.29.1.4	P0AAI3	[('no_reaction_identified', 'no_reaction_identified')]	4.03e-179	52.091
P0AAI3	3.A.29.1.5	P0AAI3	[('no_reaction_identified', 'no_reaction_identified')]	0.0	100.0
B7J0N5	3.A.29.1.8	P0AAI3	[('no_reaction_identified', 'no_reaction_identified')]	0.0	50.169
P36640	3.A.3.4.1	P0ABB8	[('Mg(2+) + ATP + H2O = Mg(2+) + ADP + phosphate + H(+)', 'CHEBI:18420 + CHEBI:30616 + CHEBI:15377 = CHEBI:18420 + CHEBI:456216 + CHEBI:43474 + CHEBI:15378'), ('magnesium(2+) (outer leaflet of the membrane) + ATP = magnesium(2+) (inner leaflet) + ADP + Pi', 'CHEBI:18420 (outer leaflet of the membrane) + CHEBI:15422 = CHEBI:18420 (inner leaflet) + CHEBI:16761 + CHEBI:18367'), ('nickel(2+) (outer leaflet of the membrane) + ATP = nickel(2+) (inner leaflet) + ADP + Pi', 'CHEBI:49786 (outer leaflet of the membrane) + CHEBI:15422 = CHEBI:49786 (inner leaflet) + CHEBI:16761 + CHEBI:18367')]	0.0	90.179
I4G6G7	3.A.3.4.5	P0ABB8	[('Mg(2+) + ATP + H2O = Mg(2+) + ADP + phosphate + H(+)', 'CHEBI:18420 + CHEBI:30616 + CHEBI:15377 = CHEBI:18420 + CHEBI:456216 + CHEBI:43474 + CHEBI:15378'), ('magnesium(2+) (outer leaflet of the membrane) + ATP = magnesium(2+) (inner leaflet) + ADP + Pi', 'CHEBI:18420 (outer leaflet of the membrane) + CHEBI:15422 = CHEBI:18420 (inner leaflet) + CHEBI:16761 + CHEBI:18367')]	0.0	55.606
Q59385	3.A.3.5.5	Q59385	[('Cu(+) + ATP + H2O = Cu(+) + ADP + phosphate + H(+)', 'CHEBI:49552 + CHEBI:30616 + CHEBI:15377 = CHEBI:49552 + CHEBI:456216 + CHEBI:43474 + CHEBI:15378'), ('copper(1+) (outer leaflet of the membrane) + ATP = copper(1+) (inner leaflet) + ADP + Pi', 'CHEBI:49552 (outer leaflet of the membrane) + CHEBI:15422 = CHEBI:49552 (inner leaflet) + CHEBI:16761 + CHEBI:18367'), ('silver(1+) (outer leaflet of the membrane) + ATP = silver(1+) (inner leaflet) + ADP + Pi', 'CHEBI:49468 (outer leaflet of the membrane) + CHEBI:15422 = CHEBI:49468 (inner leaflet) + CHEBI:16761 + CHEBI:18367')]	0.0	100.0
P37617	3.A.3.6.2	P37617	[('Zn(2+) + ATP + H2O = Zn(2+) + ADP + phosphate + H(+)', 'CHEBI:29105 + CHEBI:30616 + CHEBI:15377 = CHEBI:29105 + CHEBI:456216 + CHEBI:43474 + CHEBI:15378'), ('Cd(2+) + ATP + H2O = Cd(2+) + ADP + phosphate + H(+)', 'CHEBI:48775 + CHEBI:30616 + CHEBI:15377 = CHEBI:48775 + CHEBI:456216 + CHEBI:43474 + CHEBI:15378'), ('Pb(2+) + ATP + H2O = Pb(2+) + ADP + phosphate + H(+)', 'CHEBI:49807 + CHEBI:30616 + CHEBI:15377 = CHEBI:49807 + CHEBI:456216 + CHEBI:43474 + CHEBI:15378'), ('cadmium(2+) (outer leaflet of the membrane) + ATP = cadmium(2+) (inner leaflet) + ADP + Pi', 'CHEBI:48775 (outer leaflet of the membrane) + CHEBI:15422 = CHEBI:48775 (inner leaflet) + CHEBI:16761 + CHEBI:18367'), ('lead(2+) (outer leaflet of the membrane) + ATP = lead(2+) (inner leaflet) + ADP + Pi', 'CHEBI:49807 (outer leaflet of the membrane) + CHEBI:15422 = CHEBI:49807 (inner leaflet) + CHEBI:16761 + CHEBI:18367'), ('cobalt(2+) (outer leaflet of the membrane) + ATP = cobalt(2+) (inner leaflet) + ADP + Pi', 'CHEBI:48828 (outer leaflet of the membrane) + CHEBI:15422 = CHEBI:48828 (inner leaflet) + CHEBI:16761 + CHEBI:18367'), ('copper(2+) (outer leaflet of the membrane) + ATP = copper(2+) (inner leaflet) + ADP + Pi', 'CHEBI:29036 (outer leaflet of the membrane) + CHEBI:15422 = CHEBI:29036 (inner leaflet) + CHEBI:16761 + CHEBI:18367'), ('mercury(2+) (outer leaflet of the membrane) + ATP = mercury(2+) (inner leaflet) + ADP + Pi', 'CHEBI:16793 (outer leaflet of the membrane) + CHEBI:15422 = CHEBI:16793 (inner leaflet) + CHEBI:16761 + CHEBI:18367'), ('nickel(2+) (outer leaflet of the membrane) + ATP = nickel(2+) (inner leaflet) + ADP + Pi', 'CHEBI:49786 (outer leaflet of the membrane) + CHEBI:15422 = CHEBI:49786 (inner leaflet) + CHEBI:16761 + CHEBI:18367'), ('zinc(2+) (outer leaflet of the membrane) + ATP = zinc(2+) (inner leaflet) + ADP + Pi', 'CHEBI:29105 (outer leaflet of the membrane) + CHEBI:15422 = CHEBI:29105 (inner leaflet) + CHEBI:16761 + CHEBI:18367')]	0.0	100.0
M5EWU5	3.A.3.6.26	P37617	[('cadmium(2+) (outer leaflet of the membrane) + ATP = cadmium(2+) (inner leaflet) + ADP + Pi', 'CHEBI:48775 (outer leaflet of the membrane) + CHEBI:15422 = CHEBI:48775 (inner leaflet) + CHEBI:16761 + CHEBI:18367'), ('zinc(2+) (outer leaflet of the membrane) + ATP = zinc(2+) (inner leaflet) + ADP + Pi', 'CHEBI:29105 (outer leaflet of the membrane) + CHEBI:15422 = CHEBI:29105 (inner leaflet) + CHEBI:16761 + CHEBI:18367')]	0.0	53.231
P03959	3.A.3.7.1	P03959	[('potassium(1+) (outer leaflet of the membrane) + ATP = potassium(1+) (inner leaflet) + ADP + Pi', 'CHEBI:29103 (outer leaflet of the membrane) + CHEBI:15422 = CHEBI:29103 (inner leaflet) + CHEBI:16761 + CHEBI:18367'), ('K(+) + ATP + H2O = K(+) + ADP + phosphate + H(+)', 'CHEBI:29103 + CHEBI:30616 + CHEBI:15377 = CHEBI:29103 + CHEBI:456216 + CHEBI:43474 + CHEBI:15378')]	0.0	100.0
P03960	3.A.3.7.1	P03960	[('potassium(1+) (outer leaflet of the membrane) + ATP = potassium(1+) (inner leaflet) + ADP + Pi', 'CHEBI:29103 (outer leaflet of the membrane) + CHEBI:15422 = CHEBI:29103 (inner leaflet) + CHEBI:16761 + CHEBI:18367'), ('K(+) + ATP + H2O = K(+) + ADP + phosphate + H(+)', 'CHEBI:29103 + CHEBI:30616 + CHEBI:15377 = CHEBI:29103 + CHEBI:456216 + CHEBI:43474 + CHEBI:15378')]	0.0	100.0
P03961	3.A.3.7.1	P03961	[('potassium(1+) (outer leaflet of the membrane) + ATP = potassium(1+) (inner leaflet) + ADP + Pi', 'CHEBI:29103 (outer leaflet of the membrane) + CHEBI:15422 = CHEBI:29103 (inner leaflet) + CHEBI:16761 + CHEBI:18367'), ('K(+) + ATP + H2O = K(+) + ADP + phosphate + H(+)', 'CHEBI:29103 + CHEBI:30616 + CHEBI:15377 = CHEBI:29103 + CHEBI:456216 + CHEBI:43474 + CHEBI:15378')]	1.03e-137	100.0
P36937	3.A.3.7.1	P36937	[('potassium(1+) (outer leaflet of the membrane) + ATP = potassium(1+) (inner leaflet) + ADP + Pi', 'CHEBI:29103 (outer leaflet of the membrane) + CHEBI:15422 = CHEBI:29103 (inner leaflet) + CHEBI:16761 + CHEBI:18367'), ('K(+) + ATP + H2O = K(+) + ADP + phosphate + H(+)', 'CHEBI:29103 + CHEBI:30616 + CHEBI:15377 = CHEBI:29103 + CHEBI:456216 + CHEBI:43474 + CHEBI:15378')]	5.28e-13	100.0
Q1M605	3.A.3.7.2	P03959	[('potassium atom (outer leaflet of the membrane) + ATP = potassium atom (inner leaflet) + ADP + Pi', 'CHEBI:26216 (outer leaflet of the membrane) + CHEBI:15422 = CHEBI:26216 (inner leaflet) + CHEBI:16761 + CHEBI:18367'), ('K(+) + ATP + H2O = K(+) + ADP + phosphate + H(+)', 'CHEBI:29103 + CHEBI:30616 + CHEBI:15377 = CHEBI:29103 + CHEBI:456216 + CHEBI:43474 + CHEBI:15378')]	0.0	54.464
Q1M606	3.A.3.7.2	P03960	[('potassium atom (outer leaflet of the membrane) + ATP = potassium atom (inner leaflet) + ADP + Pi', 'CHEBI:26216 (outer leaflet of the membrane) + CHEBI:15422 = CHEBI:26216 (inner leaflet) + CHEBI:16761 + CHEBI:18367'), ('K(+) + ATP + H2O = K(+) + ADP + phosphate + H(+)', 'CHEBI:29103 + CHEBI:30616 + CHEBI:15377 = CHEBI:29103 + CHEBI:456216 + CHEBI:43474 + CHEBI:15378')]	0.0	64.327
B2HPR6	3.A.3.7.3	P03960	[('potassium(1+) (outer leaflet of the membrane) + ATP = potassium(1+) (inner leaflet) + ADP + Pi', 'CHEBI:29103 (outer leaflet of the membrane) + CHEBI:15422 = CHEBI:29103 (inner leaflet) + CHEBI:16761 + CHEBI:18367'), ('K(+) + ATP + H2O = K(+) + ADP + phosphate + H(+)', 'CHEBI:29103 + CHEBI:30616 + CHEBI:15377 = CHEBI:29103 + CHEBI:456216 + CHEBI:43474 + CHEBI:15378')]	0.0	60.756
P0AB93	3.A.4.1.1	P0AB93	[('arsenite + ATP + H2O = arsenite + ADP + phosphate + H(+)', 'CHEBI:29242 + CHEBI:30616 + CHEBI:15377 = CHEBI:29242 + CHEBI:456216 + CHEBI:43474 + CHEBI:15378')]	0.0	100.0
P0AAQ6	3.A.5.1.1	P0AAQ6	[('ATP + protein polypeptide chain (cytoplasm) =(pmf) ADP + Pi + protein polypeptide chain (periplasm or cytoplasmic membrane)', 'CHEBI:15422 + CHEBI:8526 (cytoplasm) =(pmf) CHEBI:16761 + CHEBI:18367 + CHEBI:8526 (periplasm or cytoplasmic membrane)'), ('GTP + H2O = GDP + phosphate + H(+)', 'CHEBI:37565 + CHEBI:15377 = CHEBI:58189 + CHEBI:43474 + CHEBI:15378')]	1.37e-82	100.0
P0AG96	3.A.5.1.1	P0AG96	[('ATP + protein polypeptide chain (cytoplasm) =(pmf) ADP + Pi + protein polypeptide chain (periplasm or cytoplasmic membrane)', 'CHEBI:15422 + CHEBI:8526 (cytoplasm) =(pmf) CHEBI:16761 + CHEBI:18367 + CHEBI:8526 (periplasm or cytoplasmic membrane)'), ('GTP + H2O = GDP + phosphate + H(+)', 'CHEBI:37565 + CHEBI:15377 = CHEBI:58189 + CHEBI:43474 + CHEBI:15378')]	1.0600000000000001e-85	100.0
P0AG99	3.A.5.1.1	P0AG99	[('ATP + protein polypeptide chain (cytoplasm) =(pmf) ADP + Pi + protein polypeptide chain (periplasm or cytoplasmic membrane)', 'CHEBI:15422 + CHEBI:8526 (cytoplasm) =(pmf) CHEBI:16761 + CHEBI:18367 + CHEBI:8526 (periplasm or cytoplasmic membrane)'), ('GTP + H2O = GDP + phosphate + H(+)', 'CHEBI:37565 + CHEBI:15377 = CHEBI:58189 + CHEBI:43474 + CHEBI:15378')]	7.88e-76	100.0
P0AGA2	3.A.5.1.1	P0AGA2	[('ATP + protein polypeptide chain (cytoplasm) =(pmf) ADP + Pi + protein polypeptide chain (periplasm or cytoplasmic membrane)', 'CHEBI:15422 + CHEBI:8526 (cytoplasm) =(pmf) CHEBI:16761 + CHEBI:18367 + CHEBI:8526 (periplasm or cytoplasmic membrane)'), ('GTP + H2O = GDP + phosphate + H(+)', 'CHEBI:37565 + CHEBI:15377 = CHEBI:58189 + CHEBI:43474 + CHEBI:15378')]	0.0	100.0
P0AGD7	3.A.5.1.1	P0AGD7	[('ATP + protein polypeptide chain (cytoplasm) =(pmf) ADP + Pi + protein polypeptide chain (periplasm or cytoplasmic membrane)', 'CHEBI:15422 + CHEBI:8526 (cytoplasm) =(pmf) CHEBI:16761 + CHEBI:18367 + CHEBI:8526 (periplasm or cytoplasmic membrane)'), ('GTP + H2O = GDP + phosphate + H(+)', 'CHEBI:37565 + CHEBI:15377 = CHEBI:58189 + CHEBI:43474 + CHEBI:15378')]	0.0	100.0
P10121	3.A.5.1.1	P10121	[('ATP + protein polypeptide chain (cytoplasm) =(pmf) ADP + Pi + protein polypeptide chain (periplasm or cytoplasmic membrane)', 'CHEBI:15422 + CHEBI:8526 (cytoplasm) =(pmf) CHEBI:16761 + CHEBI:18367 + CHEBI:8526 (periplasm or cytoplasmic membrane)'), ('GTP + H2O = GDP + phosphate + H(+)', 'CHEBI:37565 + CHEBI:15377 = CHEBI:58189 + CHEBI:43474 + CHEBI:15378')]	0.0	100.0
P10408	3.A.5.1.1	P37052	[('ATP + protein polypeptide chain (cytoplasm) =(pmf) ADP + Pi + protein polypeptide chain (periplasm or cytoplasmic membrane)', 'CHEBI:15422 + CHEBI:8526 (cytoplasm) =(pmf) CHEBI:16761 + CHEBI:18367 + CHEBI:8526 (periplasm or cytoplasmic membrane)'), ('GTP + H2O = GDP + phosphate + H(+)', 'CHEBI:37565 + CHEBI:15377 = CHEBI:58189 + CHEBI:43474 + CHEBI:15378')]	1.27e-06	72.727
P10408	3.A.5.1.1	P10408	[('ATP + protein polypeptide chain (cytoplasm) =(pmf) ADP + Pi + protein polypeptide chain (periplasm or cytoplasmic membrane)', 'CHEBI:15422 + CHEBI:8526 (cytoplasm) =(pmf) CHEBI:16761 + CHEBI:18367 + CHEBI:8526 (periplasm or cytoplasmic membrane)'), ('GTP + H2O = GDP + phosphate + H(+)', 'CHEBI:37565 + CHEBI:15377 = CHEBI:58189 + CHEBI:43474 + CHEBI:15378')]	0.0	100.0
P10408	3.A.5.1.1	P0AD05	[('ATP + protein polypeptide chain (cytoplasm) =(pmf) ADP + Pi + protein polypeptide chain (periplasm or cytoplasmic membrane)', 'CHEBI:15422 + CHEBI:8526 (cytoplasm) =(pmf) CHEBI:16761 + CHEBI:18367 + CHEBI:8526 (periplasm or cytoplasmic membrane)'), ('GTP + H2O = GDP + phosphate + H(+)', 'CHEBI:37565 + CHEBI:15377 = CHEBI:58189 + CHEBI:43474 + CHEBI:15378')]	2.33e-07	81.818
P0ADZ7	3.A.5.1.1	P0ADZ7	[('ATP + protein polypeptide chain (cytoplasm) =(pmf) ADP + Pi + protein polypeptide chain (periplasm or cytoplasmic membrane)', 'CHEBI:15422 + CHEBI:8526 (cytoplasm) =(pmf) CHEBI:16761 + CHEBI:18367 + CHEBI:8526 (periplasm or cytoplasmic membrane)'), ('GTP + H2O = GDP + phosphate + H(+)', 'CHEBI:37565 + CHEBI:15377 = CHEBI:58189 + CHEBI:43474 + CHEBI:15378')]	2.3800000000000002e-77	100.0
P0ADY1	3.A.5.1.1	P0ADY1	[('ATP + protein polypeptide chain (cytoplasm) =(pmf) ADP + Pi + protein polypeptide chain (periplasm or cytoplasmic membrane)', 'CHEBI:15422 + CHEBI:8526 (cytoplasm) =(pmf) CHEBI:16761 + CHEBI:18367 + CHEBI:8526 (periplasm or cytoplasmic membrane)'), ('GTP + H2O = GDP + phosphate + H(+)', 'CHEBI:37565 + CHEBI:15377 = CHEBI:58189 + CHEBI:43474 + CHEBI:15378')]	0.0	100.0
P76576	3.A.5.1.1	P76576	[('ATP + protein polypeptide chain (cytoplasm) =(pmf) ADP + Pi + protein polypeptide chain (periplasm or cytoplasmic membrane)', 'CHEBI:15422 + CHEBI:8526 (cytoplasm) =(pmf) CHEBI:16761 + CHEBI:18367 + CHEBI:8526 (periplasm or cytoplasmic membrane)'), ('GTP + H2O = GDP + phosphate + H(+)', 'CHEBI:37565 + CHEBI:15377 = CHEBI:58189 + CHEBI:43474 + CHEBI:15378')]	4.8999999999999995e-149	100.0
Q6MR29	3.A.5.1.3	P10408	[('ATP + protein polypeptide chain (cytoplasm) =(pmf) ADP + Pi + protein polypeptide chain (periplasm or cytoplasmic membrane)', 'CHEBI:15422 + CHEBI:8526 (cytoplasm) =(pmf) CHEBI:16761 + CHEBI:18367 + CHEBI:8526 (periplasm or cytoplasmic membrane)')]	0.0	53.918
P28366	3.A.5.2.1	P10408	[('ATP + protein polypeptide chain (cytoplasm) =(pmf) ADP + Pi + protein polypeptide chain (periplasm or cytoplasmic membrane)', 'CHEBI:15422 + CHEBI:8526 (cytoplasm) =(pmf) CHEBI:16761 + CHEBI:18367 + CHEBI:8526 (periplasm or cytoplasmic membrane)')]	0.0	50.055
P66844	3.A.5.2.2	P0AGD7	[('ATP + protein polypeptide chain (cytoplasm) =(pmf) ADP + Pi + protein polypeptide chain (periplasm or cytoplasmic membrane)', 'CHEBI:15422 + CHEBI:8526 (cytoplasm) =(pmf) CHEBI:16761 + CHEBI:18367 + CHEBI:8526 (periplasm or cytoplasmic membrane)')]	7.139999999999999e-136	50.679
Q5N2Q7	3.A.5.4.1	P10408	[('ATP + protein polypeptide chain (cytoplasm) =(pmf) ADP + Pi + protein polypeptide chain (periplasm or cytoplasmic membrane)', 'CHEBI:15422 + CHEBI:8526 (cytoplasm) =(pmf) CHEBI:16761 + CHEBI:18367 + CHEBI:8526 (periplasm or cytoplasmic membrane)')]	0.0	56.489
Q9SYI0	3.A.5.4.2	P10408	[('ATP + protein polypeptide chain (cytoplasm) =(pmf) ADP + Pi + protein polypeptide chain (periplasm or cytoplasmic membrane)', 'CHEBI:15422 + CHEBI:8526 (cytoplasm) =(pmf) CHEBI:16761 + CHEBI:18367 + CHEBI:8526 (periplasm or cytoplasmic membrane)')]	1.83e-173	55.405
P0A1L1	3.A.6.2.1	P22586	[('protein (bacterial cytoplasm) + ATP + H+  =(pmf/smf) protein (out or in the host cell cytoplasm) + ADP + Pi + H+', 'CHEBI:36080 (bacterial cytoplasm) + CHEBI:15422 + CHEBI:15378 =(pmf/smf) CHEBI:36080 (out or in the host cell cytoplasm) + CHEBI:16761 + CHEBI:18367 + CHEBI:15378'), ('protein (bacterial cytoplasm) + ATP + Na+  =(pmf/smf) protein (out or in the host cell cytoplasm) + ADP + Pi + Na+', 'CHEBI:36080 (bacterial cytoplasm) + CHEBI:15422 + CHEBI:29101 =(pmf/smf) CHEBI:36080 (out or in the host cell cytoplasm) + CHEBI:16761 + CHEBI:18367 + CHEBI:29101'), ('ATP + H2O + 4 H(+) = ADP + phosphate + 5 H(+)', 'CHEBI:30616 + CHEBI:15377 + 4 CHEBI:15378 = CHEBI:456216 + CHEBI:43474 + 5 CHEBI:15378')]	5.33e-51	68.0
P0A1L5	3.A.6.2.1	P0AC07	[('protein (bacterial cytoplasm) + ATP + H+  =(pmf/smf) protein (out or in the host cell cytoplasm) + ADP + Pi + H+', 'CHEBI:36080 (bacterial cytoplasm) + CHEBI:15422 + CHEBI:15378 =(pmf/smf) CHEBI:36080 (out or in the host cell cytoplasm) + CHEBI:16761 + CHEBI:18367 + CHEBI:15378'), ('protein (bacterial cytoplasm) + ATP + Na+  =(pmf/smf) protein (out or in the host cell cytoplasm) + ADP + Pi + Na+', 'CHEBI:36080 (bacterial cytoplasm) + CHEBI:15422 + CHEBI:29101 =(pmf/smf) CHEBI:36080 (out or in the host cell cytoplasm) + CHEBI:16761 + CHEBI:18367 + CHEBI:29101'), ('ATP + H2O + 4 H(+) = ADP + phosphate + 5 H(+)', 'CHEBI:30616 + CHEBI:15377 + 4 CHEBI:15378 = CHEBI:456216 + CHEBI:43474 + 5 CHEBI:15378')]	1.4700000000000001e-56	95.506
P15928	3.A.6.2.1	P25798	[('protein (bacterial cytoplasm) + ATP + H+  =(pmf/smf) protein (out or in the host cell cytoplasm) + ADP + Pi + H+', 'CHEBI:36080 (bacterial cytoplasm) + CHEBI:15422 + CHEBI:15378 =(pmf/smf) CHEBI:36080 (out or in the host cell cytoplasm) + CHEBI:16761 + CHEBI:18367 + CHEBI:15378'), ('protein (bacterial cytoplasm) + ATP + Na+  =(pmf/smf) protein (out or in the host cell cytoplasm) + ADP + Pi + Na+', 'CHEBI:36080 (bacterial cytoplasm) + CHEBI:15422 + CHEBI:29101 =(pmf/smf) CHEBI:36080 (out or in the host cell cytoplasm) + CHEBI:16761 + CHEBI:18367 + CHEBI:29101'), ('ATP + H2O + 4 H(+) = ADP + phosphate + 5 H(+)', 'CHEBI:30616 + CHEBI:15377 + 4 CHEBI:15378 = CHEBI:456216 + CHEBI:43474 + 5 CHEBI:15378')]	0.0	86.306
P15934	3.A.6.2.1	P31068	[('protein (bacterial cytoplasm) + ATP + H+  =(pmf/smf) protein (out or in the host cell cytoplasm) + ADP + Pi + H+', 'CHEBI:36080 (bacterial cytoplasm) + CHEBI:15422 + CHEBI:15378 =(pmf/smf) CHEBI:36080 (out or in the host cell cytoplasm) + CHEBI:16761 + CHEBI:18367 + CHEBI:15378'), ('protein (bacterial cytoplasm) + ATP + Na+  =(pmf/smf) protein (out or in the host cell cytoplasm) + ADP + Pi + Na+', 'CHEBI:36080 (bacterial cytoplasm) + CHEBI:15422 + CHEBI:29101 =(pmf/smf) CHEBI:36080 (out or in the host cell cytoplasm) + CHEBI:16761 + CHEBI:18367 + CHEBI:29101'), ('ATP + H2O + 4 H(+) = ADP + phosphate + 5 H(+)', 'CHEBI:30616 + CHEBI:15377 + 4 CHEBI:15378 = CHEBI:456216 + CHEBI:43474 + 5 CHEBI:15378')]	3.48e-122	82.128
P26419	3.A.6.2.1	P15070	[('protein (bacterial cytoplasm) + ATP + H+  =(pmf/smf) protein (out or in the host cell cytoplasm) + ADP + Pi + H+', 'CHEBI:36080 (bacterial cytoplasm) + CHEBI:15422 + CHEBI:15378 =(pmf/smf) CHEBI:36080 (out or in the host cell cytoplasm) + CHEBI:16761 + CHEBI:18367 + CHEBI:15378'), ('protein (bacterial cytoplasm) + ATP + Na+  =(pmf/smf) protein (out or in the host cell cytoplasm) + ADP + Pi + Na+', 'CHEBI:36080 (bacterial cytoplasm) + CHEBI:15422 + CHEBI:29101 =(pmf/smf) CHEBI:36080 (out or in the host cell cytoplasm) + CHEBI:16761 + CHEBI:18367 + CHEBI:29101'), ('ATP + H2O + 4 H(+) = ADP + phosphate + 5 H(+)', 'CHEBI:30616 + CHEBI:15377 + 4 CHEBI:15378 = CHEBI:456216 + CHEBI:43474 + 5 CHEBI:15378')]	9.469999999999999e-89	89.781
P26465	3.A.6.2.1	P52612	[('protein (bacterial cytoplasm) + ATP + H+  =(pmf/smf) protein (out or in the host cell cytoplasm) + ADP + Pi + H+', 'CHEBI:36080 (bacterial cytoplasm) + CHEBI:15422 + CHEBI:15378 =(pmf/smf) CHEBI:36080 (out or in the host cell cytoplasm) + CHEBI:16761 + CHEBI:18367 + CHEBI:15378'), ('protein (bacterial cytoplasm) + ATP + Na+  =(pmf/smf) protein (out or in the host cell cytoplasm) + ADP + Pi + Na+', 'CHEBI:36080 (bacterial cytoplasm) + CHEBI:15422 + CHEBI:29101 =(pmf/smf) CHEBI:36080 (out or in the host cell cytoplasm) + CHEBI:16761 + CHEBI:18367 + CHEBI:29101'), ('ATP + H2O + 4 H(+) = ADP + phosphate + 5 H(+)', 'CHEBI:30616 + CHEBI:15377 + 4 CHEBI:15378 = CHEBI:456216 + CHEBI:43474 + 5 CHEBI:15378')]	0.0	93.86
P40727	3.A.6.2.1	P76299	[('protein (bacterial cytoplasm) + ATP + H+  =(pmf/smf) protein (out or in the host cell cytoplasm) + ADP + Pi + H+', 'CHEBI:36080 (bacterial cytoplasm) + CHEBI:15422 + CHEBI:15378 =(pmf/smf) CHEBI:36080 (out or in the host cell cytoplasm) + CHEBI:16761 + CHEBI:18367 + CHEBI:15378'), ('protein (bacterial cytoplasm) + ATP + Na+  =(pmf/smf) protein (out or in the host cell cytoplasm) + ADP + Pi + Na+', 'CHEBI:36080 (bacterial cytoplasm) + CHEBI:15422 + CHEBI:29101 =(pmf/smf) CHEBI:36080 (out or in the host cell cytoplasm) + CHEBI:16761 + CHEBI:18367 + CHEBI:29101'), ('ATP + H2O + 4 H(+) = ADP + phosphate + 5 H(+)', 'CHEBI:30616 + CHEBI:15377 + 4 CHEBI:15378 = CHEBI:456216 + CHEBI:43474 + 5 CHEBI:15378')]	0.0	90.551
P40729	3.A.6.2.1	P76298	[('protein (bacterial cytoplasm) + ATP + H+  =(pmf/smf) protein (out or in the host cell cytoplasm) + ADP + Pi + H+', 'CHEBI:36080 (bacterial cytoplasm) + CHEBI:15422 + CHEBI:15378 =(pmf/smf) CHEBI:36080 (out or in the host cell cytoplasm) + CHEBI:16761 + CHEBI:18367 + CHEBI:15378'), ('protein (bacterial cytoplasm) + ATP + Na+  =(pmf/smf) protein (out or in the host cell cytoplasm) + ADP + Pi + Na+', 'CHEBI:36080 (bacterial cytoplasm) + CHEBI:15422 + CHEBI:29101 =(pmf/smf) CHEBI:36080 (out or in the host cell cytoplasm) + CHEBI:16761 + CHEBI:18367 + CHEBI:29101'), ('ATP + H2O + 4 H(+) = ADP + phosphate + 5 H(+)', 'CHEBI:30616 + CHEBI:15377 + 4 CHEBI:15378 = CHEBI:456216 + CHEBI:43474 + 5 CHEBI:15378')]	0.0	95.231
P54700	3.A.6.2.1	P0AC05	[('protein (bacterial cytoplasm) + ATP + H+  =(pmf/smf) protein (out or in the host cell cytoplasm) + ADP + Pi + H+', 'CHEBI:36080 (bacterial cytoplasm) + CHEBI:15422 + CHEBI:15378 =(pmf/smf) CHEBI:36080 (out or in the host cell cytoplasm) + CHEBI:16761 + CHEBI:18367 + CHEBI:15378'), ('protein (bacterial cytoplasm) + ATP + Na+  =(pmf/smf) protein (out or in the host cell cytoplasm) + ADP + Pi + Na+', 'CHEBI:36080 (bacterial cytoplasm) + CHEBI:15422 + CHEBI:29101 =(pmf/smf) CHEBI:36080 (out or in the host cell cytoplasm) + CHEBI:16761 + CHEBI:18367 + CHEBI:29101'), ('ATP + H2O + 4 H(+) = ADP + phosphate + 5 H(+)', 'CHEBI:30616 + CHEBI:15377 + 4 CHEBI:15378 = CHEBI:456216 + CHEBI:43474 + 5 CHEBI:15378')]	2.9100000000000002e-157	91.429
P54702	3.A.6.2.1	P33135	[('protein (bacterial cytoplasm) + ATP + H+  =(pmf/smf) protein (out or in the host cell cytoplasm) + ADP + Pi + H+', 'CHEBI:36080 (bacterial cytoplasm) + CHEBI:15422 + CHEBI:15378 =(pmf/smf) CHEBI:36080 (out or in the host cell cytoplasm) + CHEBI:16761 + CHEBI:18367 + CHEBI:15378'), ('protein (bacterial cytoplasm) + ATP + Na+  =(pmf/smf) protein (out or in the host cell cytoplasm) + ADP + Pi + Na+', 'CHEBI:36080 (bacterial cytoplasm) + CHEBI:15422 + CHEBI:29101 =(pmf/smf) CHEBI:36080 (out or in the host cell cytoplasm) + CHEBI:16761 + CHEBI:18367 + CHEBI:29101'), ('ATP + H2O + 4 H(+) = ADP + phosphate + 5 H(+)', 'CHEBI:30616 + CHEBI:15377 + 4 CHEBI:15378 = CHEBI:456216 + CHEBI:43474 + 5 CHEBI:15378')]	1.26e-153	88.846
Q02028	3.A.9.1.1	P0A6Y8	[('a 1,2-diacyl-sn-glycero-3-phosphate = a 1,2-diacyl-sn-glycero-3-phosphate', 'CHEBI:58608 = CHEBI:58608')]	0.0	52.932
8XQX_J	3.A.9.1.4	P0A6A8	[('no_reaction_identified', 'no_reaction_identified')]	1.79e-16	54.795
P0AFC3	3.D.1.1.1	P0AFC3	[('a quinone + NADH + 5 H(+) = a quinol + NAD(+) + 4 H(+)', 'CHEBI:132124 + CHEBI:57945 + 5 CHEBI:15378 = CHEBI:24646 + CHEBI:57540 + 4 CHEBI:15378')]	7.14e-105	100.0
P0AFC7	3.D.1.1.1	P0AFC7	[('a quinone + NADH + 5 H(+) = a quinol + NAD(+) + 4 H(+)', 'CHEBI:132124 + CHEBI:57945 + 5 CHEBI:15378 = CHEBI:24646 + CHEBI:57540 + 4 CHEBI:15378')]	1.6400000000000001e-167	100.0
P0AFD1	3.D.1.1.1	P0AFD1	[('a quinone + NADH + 5 H(+) = a quinol + NAD(+) + 4 H(+)', 'CHEBI:132124 + CHEBI:57945 + 5 CHEBI:15378 = CHEBI:24646 + CHEBI:57540 + 4 CHEBI:15378')]	1.47e-125	100.0
P0AFD4	3.D.1.1.1	P0AFD4	[('a quinone + NADH + 5 H(+) = a quinol + NAD(+) + 4 H(+)', 'CHEBI:132124 + CHEBI:57945 + 5 CHEBI:15378 = CHEBI:24646 + CHEBI:57540 + 4 CHEBI:15378')]	0.0	100.0
P0AFD6	3.D.1.1.1	P0AFD6	[('a quinone + NADH + 5 H(+) = a quinol + NAD(+) + 4 H(+)', 'CHEBI:132124 + CHEBI:57945 + 5 CHEBI:15378 = CHEBI:24646 + CHEBI:57540 + 4 CHEBI:15378')]	1.79e-134	100.0
P0AFE0	3.D.1.1.1	P0AFE0	[('a quinone + NADH + 5 H(+) = a quinol + NAD(+) + 4 H(+)', 'CHEBI:132124 + CHEBI:57945 + 5 CHEBI:15378 = CHEBI:24646 + CHEBI:57540 + 4 CHEBI:15378')]	1.7499999999999999e-131	100.0
P0AFE4	3.D.1.1.1	P0AFE4	[('a quinone + NADH + 5 H(+) = a quinol + NAD(+) + 4 H(+)', 'CHEBI:132124 + CHEBI:57945 + 5 CHEBI:15378 = CHEBI:24646 + CHEBI:57540 + 4 CHEBI:15378')]	5.360000000000001e-66	100.0
P0AFE8	3.D.1.1.1	P0AFE8	[('a quinone + NADH + 5 H(+) = a quinol + NAD(+) + 4 H(+)', 'CHEBI:132124 + CHEBI:57945 + 5 CHEBI:15378 = CHEBI:24646 + CHEBI:57540 + 4 CHEBI:15378')]	0.0	100.0
P0AFF0	3.D.1.1.1	P0AFF0	[('a quinone + NADH + 5 H(+) = a quinol + NAD(+) + 4 H(+)', 'CHEBI:132124 + CHEBI:57945 + 5 CHEBI:15378 = CHEBI:24646 + CHEBI:57540 + 4 CHEBI:15378')]	0.0	100.0
P31979	3.D.1.1.1	P31979	[('a quinone + NADH + 5 H(+) = a quinol + NAD(+) + 4 H(+)', 'CHEBI:132124 + CHEBI:57945 + 5 CHEBI:15378 = CHEBI:24646 + CHEBI:57540 + 4 CHEBI:15378')]	0.0	100.0
P33599	3.D.1.1.1	P33599	[('a quinone + NADH + 5 H(+) = a quinol + NAD(+) + 4 H(+)', 'CHEBI:132124 + CHEBI:57945 + 5 CHEBI:15378 = CHEBI:24646 + CHEBI:57540 + 4 CHEBI:15378')]	0.0	100.0
P33602	3.D.1.1.1	P33602	[('a quinone + NADH + 5 H(+) = a quinol + NAD(+) + 4 H(+)', 'CHEBI:132124 + CHEBI:57945 + 5 CHEBI:15378 = CHEBI:24646 + CHEBI:57540 + 4 CHEBI:15378')]	0.0	100.0
P33607	3.D.1.1.1	P33607	[('a quinone + NADH + 5 H(+) = a quinol + NAD(+) + 4 H(+)', 'CHEBI:132124 + CHEBI:57945 + 5 CHEBI:15378 = CHEBI:24646 + CHEBI:57540 + 4 CHEBI:15378')]	0.0	100.0
Q56218	3.D.1.3.1	P0AFC7	[('a quinone + NADH + 5 H(+) = a quinol + NAD(+) + 4 H(+)', 'CHEBI:132124 + CHEBI:57945 + 5 CHEBI:15378 = CHEBI:24646 + CHEBI:57540 + 4 CHEBI:15378')]	2.07e-62	55.128
Q8U0Z8	3.D.1.4.1	P16433	[('H2 + 2 oxidized [2Fe-2S]-[ferredoxin] = 2 reduced [2Fe-2S]-[ferredoxin] + 2 H(+)', 'CHEBI:18276 + 2 CHEBI:33737 = 2 CHEBI:33738 + 2 CHEBI:15378')]	1.38e-43	50.0
Q746T2	3.D.1.5.1	P0AFD4	[('a quinone + NADH + 5 H(+) = a quinol + NAD(+) + 4 H(+)', 'CHEBI:132124 + CHEBI:57945 + 5 CHEBI:15378 = CHEBI:24646 + CHEBI:57540 + 4 CHEBI:15378')]	2.6000000000000003e-105	50.637
Q746T4	3.D.1.5.1	P0AFD6	[('a quinone + NADH + 5 H(+) = a quinol + NAD(+) + 4 H(+)', 'CHEBI:132124 + CHEBI:57945 + 5 CHEBI:15378 = CHEBI:24646 + CHEBI:57540 + 4 CHEBI:15378')]	6.26e-63	55.429
Q74GA7	3.D.1.5.1	P0AFC7	[('a quinone + NADH + 5 H(+) = a quinol + NAD(+) + 4 H(+)', 'CHEBI:132124 + CHEBI:57945 + 5 CHEBI:15378 = CHEBI:24646 + CHEBI:57540 + 4 CHEBI:15378')]	3.09e-61	51.875
P11943	3.D.1.6.2	P0A6A8	[('a ubiquinone + NADH + 5 H(+) = a ubiquinol + NAD(+) + 4 H(+)', 'CHEBI:16389 + CHEBI:57945 + 5 CHEBI:15378 = CHEBI:17976 + CHEBI:57540 + 4 CHEBI:15378')]	4.1e-15	56.604
Q42577	3.D.1.6.3	P0AFC7	[('a ubiquinone + NADH + 5 H(+) = a ubiquinol + NAD(+) + 4 H(+)', 'CHEBI:16389 + CHEBI:57945 + 5 CHEBI:15378 = CHEBI:17976 + CHEBI:57540 + 4 CHEBI:15378')]	4.5999999999999995e-55	52.703
Q6UKY4	3.D.1.6.4	P0A6A8	[('a ubiquinone + NADH + 5 H(+) = a ubiquinol + NAD(+) + 4 H(+)', 'CHEBI:16389 + CHEBI:57945 + 5 CHEBI:15378 = CHEBI:17976 + CHEBI:57540 + 4 CHEBI:15378')]	1.56e-17	53.521
Q0P850	3.D.1.7.1	P0AFC7	[('a quinone + NADH + 5 H(+) = a quinol + NAD(+) + 4 H(+)', 'CHEBI:132124 + CHEBI:57945 + 5 CHEBI:15378 = CHEBI:24646 + CHEBI:57540 + 4 CHEBI:15378')]	5.47e-57	50.968
P56756	3.D.1.8.1	P0AFC7	[('a plastoquinone + NADH + (n+1) H(+) = a plastoquinol + NAD(+) + n H(+)', 'CHEBI:17757 + CHEBI:57945 + CHEBI:15378 = CHEBI:62192 + CHEBI:57540 + CHEBI:15378'), ('a plastoquinone + NADPH + (n+1) H(+) = a plastoquinol + NADP(+) + n H(+)', 'CHEBI:17757 + CHEBI:57783 + CHEBI:15378 = CHEBI:62192 + CHEBI:58349 + CHEBI:15378'), ('[protein]-peptidylproline (omega=180) = [protein]-peptidylproline (omega=0)', 'CHEBI:83834 = CHEBI:83833')]	2.4199999999999997e-52	50.98
P23481	3.D.1.9.1	P23481	[('no_reaction_identified', 'no_reaction_identified')]	9.5e-153	100.0
P23481	3.D.1.9.1	P0AAK1	[('no_reaction_identified', 'no_reaction_identified')]	3.9599999999999995e-61	51.075
P23482	3.D.1.9.1	P23482	[('no_reaction_identified', 'no_reaction_identified')]	0.0	100.0
P77858	3.D.1.9.1	P16430	[('no_reaction_identified', 'no_reaction_identified')]	1.31e-95	52.145
P77858	3.D.1.9.1	P77858	[('no_reaction_identified', 'no_reaction_identified')]	0.0	100.0
P77416	3.D.1.9.1	P77416	[('no_reaction_identified', 'no_reaction_identified')]	0.0	100.0
P0AEW1	3.D.1.9.1	P0AEW1	[('no_reaction_identified', 'no_reaction_identified')]	1.14e-155	100.0
P77437	3.D.1.9.1	P77437	[('no_reaction_identified', 'no_reaction_identified')]	0.0	100.0
P77329	3.D.1.9.1	P77329	[('no_reaction_identified', 'no_reaction_identified')]	0.0	100.0
P77329	3.D.1.9.1	P16431	[('no_reaction_identified', 'no_reaction_identified')]	0.0	70.423
P77423	3.D.1.9.1	P77423	[('no_reaction_identified', 'no_reaction_identified')]	2.15e-134	100.0
P77668	3.D.1.9.1	P16433	[('no_reaction_identified', 'no_reaction_identified')]	7.01e-107	62.151
P77668	3.D.1.9.1	P77668	[('no_reaction_identified', 'no_reaction_identified')]	0.0	100.0
P0AAK3	3.D.1.9.2	P23481	[('formate + A + H(+) = AH2 + CO2', 'CHEBI:15740 + CHEBI:13193 + CHEBI:15378 = CHEBI:17499 + CHEBI:16526')]	1.4999999999999999e-61	50.27
P0AAK3	3.D.1.9.2	P0AAK1	[('formate + A + H(+) = AH2 + CO2', 'CHEBI:15740 + CHEBI:13193 + CHEBI:15378 = CHEBI:17499 + CHEBI:16526')]	5.33e-151	100.0
P16429	3.D.1.9.2	P16429	[('formate + A + H(+) = AH2 + CO2', 'CHEBI:15740 + CHEBI:13193 + CHEBI:15378 = CHEBI:17499 + CHEBI:16526')]	0.0	100.0
P16430	3.D.1.9.2	P16430	[('formate + A + H(+) = AH2 + CO2', 'CHEBI:15740 + CHEBI:13193 + CHEBI:15378 = CHEBI:17499 + CHEBI:16526')]	0.0	100.0
P16430	3.D.1.9.2	P77858	[('formate + A + H(+) = AH2 + CO2', 'CHEBI:15740 + CHEBI:13193 + CHEBI:15378 = CHEBI:17499 + CHEBI:16526')]	4.0799999999999997e-106	52.145
P16431	3.D.1.9.2	P77329	[('formate + A + H(+) = AH2 + CO2', 'CHEBI:15740 + CHEBI:13193 + CHEBI:15378 = CHEBI:17499 + CHEBI:16526')]	0.0	70.423
P16431	3.D.1.9.2	P16431	[('formate + A + H(+) = AH2 + CO2', 'CHEBI:15740 + CHEBI:13193 + CHEBI:15378 = CHEBI:17499 + CHEBI:16526')]	0.0	100.0
P16432	3.D.1.9.2	P16432	[('formate + A + H(+) = AH2 + CO2', 'CHEBI:15740 + CHEBI:13193 + CHEBI:15378 = CHEBI:17499 + CHEBI:16526')]	2.76e-135	100.0
P16433	3.D.1.9.2	P16433	[('formate + A + H(+) = AH2 + CO2', 'CHEBI:15740 + CHEBI:13193 + CHEBI:15378 = CHEBI:17499 + CHEBI:16526')]	0.0	100.0
P16433	3.D.1.9.2	P77668	[('formate + A + H(+) = AH2 + CO2', 'CHEBI:15740 + CHEBI:13193 + CHEBI:15378 = CHEBI:17499 + CHEBI:16526')]	6.930000000000001e-107	62.151
P07658	3.D.1.9.2	P07658	[('formate + A + H(+) = AH2 + CO2', 'CHEBI:15740 + CHEBI:13193 + CHEBI:15378 = CHEBI:17499 + CHEBI:16526')]	0.0	100.0
X5H3P0	3.D.10.1.6	P0AC41	[('a quinone + succinate = fumarate + a quinol', 'CHEBI:132124 + CHEBI:30031 = CHEBI:29806 + CHEBI:24646')]	0.0	53.141
X5GWN5	3.D.10.1.6	P07014	[('a quinone + succinate = fumarate + a quinol', 'CHEBI:132124 + CHEBI:30031 = CHEBI:29806 + CHEBI:24646')]	6.06e-85	51.282
P31040	3.D.10.1.7	P0AC41	[('a ubiquinone + succinate = a ubiquinol + fumarate', 'CHEBI:16389 + CHEBI:30031 = CHEBI:17976 + CHEBI:29806'), ('(R)-malate + a quinone = enol-oxaloacetate + a quinol', 'CHEBI:15588 + CHEBI:132124 = CHEBI:17479 + CHEBI:24646'), ('(S)-malate + a quinone = enol-oxaloacetate + a quinol', 'CHEBI:15589 + CHEBI:132124 = CHEBI:17479 + CHEBI:24646'), ('a quinone + succinate = fumarate + a quinol', 'CHEBI:132124 + CHEBI:30031 = CHEBI:29806 + CHEBI:24646')]	0.0	55.495
P21912	3.D.10.1.7	P07014	[('a ubiquinone + succinate = a ubiquinol + fumarate', 'CHEBI:16389 + CHEBI:30031 = CHEBI:17976 + CHEBI:29806'), ('(R)-malate + a quinone = enol-oxaloacetate + a quinol', 'CHEBI:15588 + CHEBI:132124 = CHEBI:17479 + CHEBI:24646'), ('(S)-malate + a quinone = enol-oxaloacetate + a quinol', 'CHEBI:15589 + CHEBI:132124 = CHEBI:17479 + CHEBI:24646'), ('a quinone + succinate = fumarate + a quinol', 'CHEBI:132124 + CHEBI:30031 = CHEBI:29806 + CHEBI:24646')]	7.59e-88	55.556
P33937	3.D.11.1.1	P33937	[('2 Fe(II)-[cytochrome] + nitrate + 2 H(+) = 2 Fe(III)-[cytochrome] + nitrite + H2O', '2 CHEBI:29033 + CHEBI:17632 + 2 CHEBI:15378 = 2 CHEBI:29034 + CHEBI:16301 + CHEBI:15377')]	0.0	100.0
P0ABL3	3.D.11.1.1	P0ABL3	[('2 Fe(II)-[cytochrome] + nitrate + 2 H(+) = 2 Fe(III)-[cytochrome] + nitrite + H2O', '2 CHEBI:29033 + CHEBI:17632 + 2 CHEBI:15378 = 2 CHEBI:29034 + CHEBI:16301 + CHEBI:15377')]	2.33e-113	100.0
P0ABL5	3.D.11.1.1	P33226	[('2 Fe(II)-[cytochrome] + nitrate + 2 H(+) = 2 Fe(III)-[cytochrome] + nitrite + H2O', '2 CHEBI:29033 + CHEBI:17632 + 2 CHEBI:15378 = 2 CHEBI:29034 + CHEBI:16301 + CHEBI:15377')]	7.470000000000001e-57	50.0
P0ABL5	3.D.11.1.1	P0ABL5	[('2 Fe(II)-[cytochrome] + nitrate + 2 H(+) = 2 Fe(III)-[cytochrome] + nitrite + H2O', '2 CHEBI:29033 + CHEBI:17632 + 2 CHEBI:15378 = 2 CHEBI:29034 + CHEBI:16301 + CHEBI:15377')]	2.4800000000000002e-155	100.0
P0A9I5	3.D.11.1.1	P0A9I5	[('2 Fe(II)-[cytochrome] + nitrate + 2 H(+) = 2 Fe(III)-[cytochrome] + nitrite + H2O', '2 CHEBI:29033 + CHEBI:17632 + 2 CHEBI:15378 = 2 CHEBI:29034 + CHEBI:16301 + CHEBI:15377')]	3.53e-59	100.0
P0AAL0	3.D.11.1.1	P0AAL0	[('2 Fe(II)-[cytochrome] + nitrate + 2 H(+) = 2 Fe(III)-[cytochrome] + nitrite + H2O', '2 CHEBI:29033 + CHEBI:17632 + 2 CHEBI:15378 = 2 CHEBI:29034 + CHEBI:16301 + CHEBI:15377')]	1.34e-122	100.0
P0AAL3	3.D.11.1.1	P0AAL3	[('2 Fe(II)-[cytochrome] + nitrate + 2 H(+) = 2 Fe(III)-[cytochrome] + nitrite + H2O', '2 CHEBI:29033 + CHEBI:17632 + 2 CHEBI:15378 = 2 CHEBI:29034 + CHEBI:16301 + CHEBI:15377')]	1.64e-172	100.0
P33934	3.D.11.1.1	P33934	[('2 Fe(II)-[cytochrome] + nitrate + 2 H(+) = 2 Fe(III)-[cytochrome] + nitrite + H2O', '2 CHEBI:29033 + CHEBI:17632 + 2 CHEBI:15378 = 2 CHEBI:29034 + CHEBI:16301 + CHEBI:15377')]	0.0	100.0
Q9P9G2	3.D.13.1.1	P0AFC7	[('methanophenazine + reduced coenzyme F420-(gamma-L-Glu)(n) = dihydromethanophenazine + oxidized coenzyme F420-(gamma-L-Glu)(n) + H(+)', 'CHEBI:29118 + CHEBI:139511 = CHEBI:50375 + CHEBI:133980 + CHEBI:15378'), ('L-cysteine + L-glutamate + ATP = gamma-L-glutamyl-L-cysteine + ADP + phosphate + H(+)', 'CHEBI:35235 + CHEBI:29985 + CHEBI:30616 = CHEBI:58173 + CHEBI:456216 + CHEBI:43474 + CHEBI:15378')]	1.12e-47	52.555
WIM45900.1	3.D.13.1.1	P0AFC7	[('methanophenazine + reduced coenzyme F420-(gamma-L-Glu)(n) = dihydromethanophenazine + oxidized coenzyme F420-(gamma-L-Glu)(n) + H(+)', 'CHEBI:29118 + CHEBI:139511 = CHEBI:50375 + CHEBI:133980 + CHEBI:15378'), ('L-cysteine + L-glutamate + ATP = gamma-L-glutamyl-L-cysteine + ADP + phosphate + H(+)', 'CHEBI:35235 + CHEBI:29985 + CHEBI:30616 = CHEBI:58173 + CHEBI:456216 + CHEBI:43474 + CHEBI:15378')]	1.12e-47	52.555
P07001	3.D.2.1.1	P07001	[('NAD(+) + NADPH + H(+) = NADH + NADP(+) + H(+)', 'CHEBI:57540 + CHEBI:57783 + CHEBI:15378 = CHEBI:57945 + CHEBI:58349 + CHEBI:15378')]	0.0	100.0
P0AB67	3.D.2.1.1	P0AB67	[('NAD(+) + NADPH + H(+) = NADH + NADP(+) + H(+)', 'CHEBI:57540 + CHEBI:57783 + CHEBI:15378 = CHEBI:57945 + CHEBI:58349 + CHEBI:15378')]	0.0	100.0
P0C187	3.D.2.2.1	P07001	[('NAD(+) + NADPH + H(+) = NADH + NADP(+) + H(+)', 'CHEBI:57540 + CHEBI:57783 + CHEBI:15378 = CHEBI:57945 + CHEBI:58349 + CHEBI:15378')]	3.93e-28	59.341
P0C188	3.D.2.2.1	P0AB67	[('NAD(+) + NADPH + H(+) = NADH + NADP(+) + H(+)', 'CHEBI:57540 + CHEBI:57783 + CHEBI:15378 = CHEBI:57945 + CHEBI:58349 + CHEBI:15378')]	1.1800000000000001e-161	53.747
P11024	3.D.2.3.1	P07001	[('NAD(+) + NADPH + H(+) = NADH + NADP(+) + H(+)', 'CHEBI:57540 + CHEBI:57783 + CHEBI:15378 = CHEBI:57945 + CHEBI:58349 + CHEBI:15378')]	6.930000000000001e-166	50.281
P11024	3.D.2.3.1	P0AB67	[('NAD(+) + NADPH + H(+) = NADH + NADP(+) + H(+)', 'CHEBI:57540 + CHEBI:57783 + CHEBI:15378 = CHEBI:57945 + CHEBI:58349 + CHEBI:15378')]	1.19e-151	52.632
Q07600	3.D.2.4.1	P0AB67	[('NAD(+) + NADPH + H(+) = NADH + NADP(+) + H(+)', 'CHEBI:57540 + CHEBI:57783 + CHEBI:15378 = CHEBI:57945 + CHEBI:58349 + CHEBI:15378')]	4.22e-141	50.219
P0ABJ9	3.D.4.3.2	P26459	[('2 a ubiquinol + O2 + 4 H(+) = 2 a ubiquinone + 2 H2O + 4 H(+)', '2 CHEBI:17976 + CHEBI:15379 + 4 CHEBI:15378 = 2 CHEBI:16389 + 2 CHEBI:15377 + 4 CHEBI:15378')]	0.0	61.66
P0ABJ9	3.D.4.3.2	P0ABJ9	[('2 a ubiquinol + O2 + 4 H(+) = 2 a ubiquinone + 2 H2O + 4 H(+)', '2 CHEBI:17976 + CHEBI:15379 + 4 CHEBI:15378 = 2 CHEBI:16389 + 2 CHEBI:15377 + 4 CHEBI:15378')]	0.0	100.0
P0ABK2	3.D.4.3.2	P0ABK2	[('2 a ubiquinol + O2 + 4 H(+) = 2 a ubiquinone + 2 H2O + 4 H(+)', '2 CHEBI:17976 + CHEBI:15379 + 4 CHEBI:15378 = 2 CHEBI:16389 + 2 CHEBI:15377 + 4 CHEBI:15378')]	0.0	100.0
P0ABK2	3.D.4.3.2	P26458	[('2 a ubiquinol + O2 + 4 H(+) = 2 a ubiquinone + 2 H2O + 4 H(+)', '2 CHEBI:17976 + CHEBI:15379 + 4 CHEBI:15378 = 2 CHEBI:16389 + 2 CHEBI:15377 + 4 CHEBI:15378')]	1.41e-158	57.52
P56100	3.D.4.3.2	P56100	[('2 a ubiquinol + O2 + 4 H(+) = 2 a ubiquinone + 2 H2O + 4 H(+)', '2 CHEBI:17976 + CHEBI:15379 + 4 CHEBI:15378 = 2 CHEBI:16389 + 2 CHEBI:15377 + 4 CHEBI:15378')]	1.0300000000000001e-21	100.0
P24244	3.D.4.3.2	P24244	[('2 a ubiquinol + O2 + 4 H(+) = 2 a ubiquinone + 2 H2O + 4 H(+)', '2 CHEBI:17976 + CHEBI:15379 + 4 CHEBI:15378 = 2 CHEBI:16389 + 2 CHEBI:15377 + 4 CHEBI:15378')]	7.62e-15	100.0
A5A618	3.D.4.3.2	A5A618	[('2 a ubiquinol + O2 + 4 H(+) = 2 a ubiquinone + 2 H2O + 4 H(+)', '2 CHEBI:17976 + CHEBI:15379 + 4 CHEBI:15378 = 2 CHEBI:16389 + 2 CHEBI:15377 + 4 CHEBI:15378')]	5.58e-13	100.0
P26458	3.D.4.3.5	P0ABK2	[('2 a ubiquinol + O2 + n H(+) = 2 a ubiquinone + 2 H2O + n H(+)', '2 CHEBI:17976 + CHEBI:15379 + CHEBI:15378 = 2 CHEBI:16389 + 2 CHEBI:15377 + CHEBI:15378')]	1.41e-158	57.52
P26458	3.D.4.3.5	P26458	[('2 a ubiquinol + O2 + n H(+) = 2 a ubiquinone + 2 H2O + n H(+)', '2 CHEBI:17976 + CHEBI:15379 + CHEBI:15378 = 2 CHEBI:16389 + 2 CHEBI:15377 + CHEBI:15378')]	0.0	100.0
P0ABJ1	3.D.4.5.1	P0ABJ1	[('2 a ubiquinol + O2 + n H(+) = 2 a ubiquinone + 2 H2O + n H(+)', '2 CHEBI:17976 + CHEBI:15379 + CHEBI:15378 = 2 CHEBI:16389 + 2 CHEBI:15377 + CHEBI:15378')]	0.0	100.0
P0ABI8	3.D.4.5.1	P0ABI8	[('2 a ubiquinol + O2 + n H(+) = 2 a ubiquinone + 2 H2O + n H(+)', '2 CHEBI:17976 + CHEBI:15379 + CHEBI:15378 = 2 CHEBI:16389 + 2 CHEBI:15377 + CHEBI:15378')]	0.0	100.0
P0ABJ3	3.D.4.5.1	P0ABJ3	[('2 a ubiquinol + O2 + n H(+) = 2 a ubiquinone + 2 H2O + n H(+)', '2 CHEBI:17976 + CHEBI:15379 + CHEBI:15378 = 2 CHEBI:16389 + 2 CHEBI:15377 + CHEBI:15378')]	1.39e-149	100.0
P0ABJ6	3.D.4.5.1	P0ABJ6	[('2 a ubiquinol + O2 + n H(+) = 2 a ubiquinone + 2 H2O + n H(+)', '2 CHEBI:17976 + CHEBI:15379 + CHEBI:15378 = 2 CHEBI:16389 + 2 CHEBI:15377 + CHEBI:15378')]	1.2999999999999998e-74	100.0
WP_063334853.1	3.D.4.5.2	P0ABI8	[('no_reaction_identified', 'no_reaction_identified')]	0.0	51.643
Q07396	3.D.6.1.1	P0A766	[('no_reaction_identified', 'no_reaction_identified')]	2.09e-76	61.14
C4N8U4	3.D.6.1.2	P0A766	[('no_reaction_identified', 'no_reaction_identified')]	5.450000000000001e-72	56.614
P0A766	3.D.6.1.4	P0A766	[('no_reaction_identified', 'no_reaction_identified')]	1.12e-135	100.0
P76182	3.D.6.1.4	P76182	[('no_reaction_identified', 'no_reaction_identified')]	0.0	100.0
P77179	3.D.6.1.4	P77179	[('no_reaction_identified', 'no_reaction_identified')]	2.31e-168	100.0
P77285	3.D.6.1.4	P77285	[('no_reaction_identified', 'no_reaction_identified')]	3.5e-153	100.0
P77223	3.D.6.1.4	P77223	[('no_reaction_identified', 'no_reaction_identified')]	1.17e-141	100.0
P77611	3.D.6.1.4	P77611	[('no_reaction_identified', 'no_reaction_identified')]	0.0	100.0
7ZC6_A	3.D.6.1.5	P0A766	[('no_reaction_identified', 'no_reaction_identified')]	1.85e-74	58.602
T2K7C6	3.D.7.2.3	P69739	[('no_reaction_identified', 'no_reaction_identified')]	0.0	92.204
T2K6Q3	3.D.7.2.3	P0AAM1	[('no_reaction_identified', 'no_reaction_identified')]	4.92e-83	54.425
T2K766	3.D.7.2.3	P19930	[('no_reaction_identified', 'no_reaction_identified')]	4.85e-113	86.979
T2K646	3.D.7.2.3	P19931	[('no_reaction_identified', 'no_reaction_identified')]	6.26e-67	73.6
T2K7N8	3.D.7.2.3	P0ACD8	[('no_reaction_identified', 'no_reaction_identified')]	0.0	66.333
P0AAJ8	3.D.7.2.5	P0AAJ8	[('H2 + A = AH2', 'CHEBI:18276 + CHEBI:13193 = CHEBI:17499')]	0.0	100.0
P37180	3.D.7.2.5	P37180	[('H2 + A = AH2', 'CHEBI:18276 + CHEBI:13193 = CHEBI:17499')]	0.0	100.0
P0ACE0	3.D.7.2.5	P0ACE0	[('H2 + A = AH2', 'CHEBI:18276 + CHEBI:13193 = CHEBI:17499')]	0.0	100.0
P37182	3.D.7.2.5	P37182	[('H2 + A = AH2', 'CHEBI:18276 + CHEBI:13193 = CHEBI:17499')]	2.97e-115	100.0
P69741	3.D.7.2.5	P69741	[('H2 + A = AH2', 'CHEBI:18276 + CHEBI:13193 = CHEBI:17499')]	0.0	100.0
P0A703	3.D.7.2.5	P0A703	[('H2 + A = AH2', 'CHEBI:18276 + CHEBI:13193 = CHEBI:17499')]	3.5500000000000006e-79	100.0
P0AAM7	3.D.7.2.5	P0AAM7	[('H2 + A = AH2', 'CHEBI:18276 + CHEBI:13193 = CHEBI:17499')]	5.680000000000001e-56	100.0
P0AAM7	3.D.7.2.5	P0AAM3	[('H2 + A = AH2', 'CHEBI:18276 + CHEBI:13193 = CHEBI:17499')]	2.67e-23	56.79
Q9P9G2	3.D.9.1.1	P0AFC7	[('no_reaction_identified', 'no_reaction_identified')]	1.12e-47	52.555
WIM45900.1	3.D.9.1.1	P0AFC7	[('no_reaction_identified', 'no_reaction_identified')]	1.12e-47	52.555
P69783	4.A.1.1.1	P69783	[('N(pros)-phospho-L-histidyl-[protein] + D-glucose = D-glucose 6-phosphate + L-histidyl-[protein]', 'CHEBI:64837 + CHEBI:4167 = CHEBI:61548 + CHEBI:29979')]	6.09e-116	100.0
P69786	4.A.1.1.1	P69786	[('N(pros)-phospho-L-histidyl-[protein] + D-glucose = D-glucose 6-phosphate + L-histidyl-[protein]', 'CHEBI:64837 + CHEBI:4167 = CHEBI:61548 + CHEBI:29979')]	0.0	100.0
C1P5Z7	4.A.1.1.1	C1P5Z7	[('N(pros)-phospho-L-histidyl-[protein] + D-glucose = D-glucose 6-phosphate + L-histidyl-[protein]', 'CHEBI:64837 + CHEBI:4167 = CHEBI:61548 + CHEBI:29979')]	6.07e-28	100.0
Q9AGA7	4.A.1.1.10	P69789	[('no_reaction_identified', 'no_reaction_identified')]	2.87e-71	66.049
Q9AGA7	4.A.1.1.10	P31452	[('no_reaction_identified', 'no_reaction_identified')]	0.0	87.772
Q9HXN4	4.A.1.1.15	P09323	[('L-histidyl-[protein] + phosphoenolpyruvate = N(pros)-phospho-L-histidyl-[protein] + pyruvate', 'CHEBI:29979 + CHEBI:58702 = CHEBI:64837 + CHEBI:15361')]	2.99e-156	51.434
C7NB69	4.A.1.1.16	P69789	[('no_reaction_identified', 'no_reaction_identified')]	8.99e-46	52.941
C7NB69	4.A.1.1.16	P31452	[('no_reaction_identified', 'no_reaction_identified')]	8.519999999999999e-147	57.453
ART98514	4.A.1.1.19	P31452	[('no_reaction_identified', 'no_reaction_identified')]	2.95e-126	51.206
P09323	4.A.1.1.2	P09323	[('N-acetyl-D-glucosamine + N(pros)-phospho-L-histidyl-[protein] = N-acetyl-D-glucosamine 6-phosphate + L-histidyl-[protein]', 'CHEBI:506227 + CHEBI:64837 = CHEBI:57513 + CHEBI:29979')]	0.0	100.0
P19642	4.A.1.1.3	P19642	"[(""D-maltose + N(pros)-phospho-L-histidyl-[protein] = alpha-maltose 6'-phosphate + L-histidyl-[protein]"", 'CHEBI:17306 + CHEBI:64837 = CHEBI:57478 + CHEBI:29979')]"	0.0	100.0
O06900	4.A.1.1.4	P31452	[('no_reaction_identified', 'no_reaction_identified')]	4.05e-177	67.391
Q8GBT6	4.A.1.1.5	P69789	[('no_reaction_identified', 'no_reaction_identified')]	4.01e-07	54.762
O34521	4.A.1.1.7	P09323	[('N-acetyl-D-glucosamine + N(pros)-phospho-L-histidyl-[protein] = N-acetyl-D-glucosamine 6-phosphate + L-histidyl-[protein]', 'CHEBI:506227 + CHEBI:64837 = CHEBI:57513 + CHEBI:29979')]	2.32e-140	50.431
P54715	4.A.1.1.8	P31452	"[(""D-maltose + N(pros)-phospho-L-histidyl-[protein] = alpha-maltose 6'-phosphate + L-histidyl-[protein]"", 'CHEBI:17306 + CHEBI:64837 = CHEBI:57478 + CHEBI:29979')]"	8.6e-174	66.304
Q720G7	4.A.1.2.13	P36672	[('no_reaction_identified', 'no_reaction_identified')]	3.92e-166	52.575
P08722	4.A.1.2.2	P08722	[('no_reaction_identified', 'no_reaction_identified')]	0.0	100.0
P24241	4.A.1.2.3	P24241	[('no_reaction_identified', 'no_reaction_identified')]	0.0	100.0
P36672	4.A.1.2.4	P36672	[('alpha,alpha-trehalose + N(pros)-phospho-L-histidyl-[protein] = alpha,alpha-trehalose 6-phosphate + L-histidyl-[protein]', 'CHEBI:16551 + CHEBI:64837 = CHEBI:58429 + CHEBI:29979')]	0.0	100.0
P77272	4.A.1.2.7	P77272	[('N-acetyl-beta-D-muramate + N(pros)-phospho-L-histidyl-[protein] = N-acetyl-beta-D-muramate 6-phosphate + L-histidyl-[protein]', 'CHEBI:64848 + CHEBI:64837 = CHEBI:58721 + CHEBI:29979')]	0.0	100.0
P20966	4.A.2.1.1	P69816	[('D-fructose + N(pros)-phospho-L-histidyl-[protein] = D-fructose 1-phosphate + L-histidyl-[protein]', 'CHEBI:37721 + CHEBI:64837 = CHEBI:58674 + CHEBI:29979')]	4.5400000000000003e-26	53.409
P20966	4.A.2.1.1	P20966	[('D-fructose + N(pros)-phospho-L-histidyl-[protein] = D-fructose 1-phosphate + L-histidyl-[protein]', 'CHEBI:37721 + CHEBI:64837 = CHEBI:58674 + CHEBI:29979')]	0.0	100.0
P69811	4.A.2.1.1	P69811	[('D-fructose + N(pros)-phospho-L-histidyl-[protein] = D-fructose 1-phosphate + L-histidyl-[protein]', 'CHEBI:37721 + CHEBI:64837 = CHEBI:58674 + CHEBI:29979')]	0.0	100.0
P32670	4.A.2.1.10	P32670	[('L-histidyl-[protein] + phosphoenolpyruvate = N(pros)-phospho-L-histidyl-[protein] + pyruvate', 'CHEBI:29979 + CHEBI:58702 = CHEBI:64837 + CHEBI:15361'), ('D-fructose + N(pros)-phospho-L-histidyl-[protein] = D-fructose 1-phosphate + L-histidyl-[protein]', 'CHEBI:37721 + CHEBI:64837 = CHEBI:58674 + CHEBI:29979')]	0.0	100.0
P32672	4.A.2.1.10	P32672	[('L-histidyl-[protein] + phosphoenolpyruvate = N(pros)-phospho-L-histidyl-[protein] + pyruvate', 'CHEBI:29979 + CHEBI:58702 = CHEBI:64837 + CHEBI:15361'), ('D-fructose + N(pros)-phospho-L-histidyl-[protein] = D-fructose 1-phosphate + L-histidyl-[protein]', 'CHEBI:37721 + CHEBI:64837 = CHEBI:58674 + CHEBI:29979')]	0.0	100.0
P32676	4.A.2.1.10	P32676	[('L-histidyl-[protein] + phosphoenolpyruvate = N(pros)-phospho-L-histidyl-[protein] + pyruvate', 'CHEBI:29979 + CHEBI:58702 = CHEBI:64837 + CHEBI:15361'), ('D-fructose + N(pros)-phospho-L-histidyl-[protein] = D-fructose 1-phosphate + L-histidyl-[protein]', 'CHEBI:37721 + CHEBI:64837 = CHEBI:58674 + CHEBI:29979')]	1.49e-80	100.0
P69816	4.A.2.1.10	P69816	[('L-histidyl-[protein] + phosphoenolpyruvate = N(pros)-phospho-L-histidyl-[protein] + pyruvate', 'CHEBI:29979 + CHEBI:58702 = CHEBI:64837 + CHEBI:15361'), ('D-fructose + N(pros)-phospho-L-histidyl-[protein] = D-fructose 1-phosphate + L-histidyl-[protein]', 'CHEBI:37721 + CHEBI:64837 = CHEBI:58674 + CHEBI:29979')]	3.9000000000000004e-73	100.0
P69816	4.A.2.1.10	P32154	[('L-histidyl-[protein] + phosphoenolpyruvate = N(pros)-phospho-L-histidyl-[protein] + pyruvate', 'CHEBI:29979 + CHEBI:58702 = CHEBI:64837 + CHEBI:15361'), ('D-fructose + N(pros)-phospho-L-histidyl-[protein] = D-fructose 1-phosphate + L-histidyl-[protein]', 'CHEBI:37721 + CHEBI:64837 = CHEBI:58674 + CHEBI:29979')]	6.38e-25	50.0
P69816	4.A.2.1.10	P20966	[('L-histidyl-[protein] + phosphoenolpyruvate = N(pros)-phospho-L-histidyl-[protein] + pyruvate', 'CHEBI:29979 + CHEBI:58702 = CHEBI:64837 + CHEBI:15361'), ('D-fructose + N(pros)-phospho-L-histidyl-[protein] = D-fructose 1-phosphate + L-histidyl-[protein]', 'CHEBI:37721 + CHEBI:64837 = CHEBI:58674 + CHEBI:29979')]	2.12e-25	53.409
P69808	4.A.2.1.11	P69808	[('D-fructose + N(pros)-phospho-L-histidyl-[protein] = D-fructose 1-phosphate + L-histidyl-[protein]', 'CHEBI:37721 + CHEBI:64837 = CHEBI:58674 + CHEBI:29979'), ('L-histidyl-[protein] + phosphoenolpyruvate = N(pros)-phospho-L-histidyl-[protein] + pyruvate', 'CHEBI:29979 + CHEBI:58702 = CHEBI:64837 + CHEBI:15361')]	2.6e-75	100.0
P77439	4.A.2.1.11	P77439	[('D-fructose + N(pros)-phospho-L-histidyl-[protein] = D-fructose 1-phosphate + L-histidyl-[protein]', 'CHEBI:37721 + CHEBI:64837 = CHEBI:58674 + CHEBI:29979'), ('L-histidyl-[protein] + phosphoenolpyruvate = N(pros)-phospho-L-histidyl-[protein] + pyruvate', 'CHEBI:29979 + CHEBI:58702 = CHEBI:64837 + CHEBI:15361')]	0.0	100.0
P77579	4.A.2.1.11	P77579	[('D-fructose + N(pros)-phospho-L-histidyl-[protein] = D-fructose 1-phosphate + L-histidyl-[protein]', 'CHEBI:37721 + CHEBI:64837 = CHEBI:58674 + CHEBI:29979'), ('L-histidyl-[protein] + phosphoenolpyruvate = N(pros)-phospho-L-histidyl-[protein] + pyruvate', 'CHEBI:29979 + CHEBI:58702 = CHEBI:64837 + CHEBI:15361')]	0.0	100.0
Q9KKQ7	4.A.2.1.12	P00550	[('D-mannitol + N(pros)-phospho-L-histidyl-[protein] = D-mannitol 1-phosphate + L-histidyl-[protein]', 'CHEBI:16899 + CHEBI:64837 = CHEBI:61381 + CHEBI:29979')]	0.0	67.702
Q9HY57	4.A.2.1.17	P69816	[('D-fructose + N(pros)-phospho-L-histidyl-[protein] = D-fructose 1-phosphate + L-histidyl-[protein]', 'CHEBI:37721 + CHEBI:64837 = CHEBI:58674 + CHEBI:29979'), ('L-histidyl-[protein] + phosphoenolpyruvate = N(pros)-phospho-L-histidyl-[protein] + pyruvate', 'CHEBI:29979 + CHEBI:58702 = CHEBI:64837 + CHEBI:15361')]	6.46e-17	51.579
Q9HY57	4.A.2.1.17	P20966	[('D-fructose + N(pros)-phospho-L-histidyl-[protein] = D-fructose 1-phosphate + L-histidyl-[protein]', 'CHEBI:37721 + CHEBI:64837 = CHEBI:58674 + CHEBI:29979'), ('L-histidyl-[protein] + phosphoenolpyruvate = N(pros)-phospho-L-histidyl-[protein] + pyruvate', 'CHEBI:29979 + CHEBI:58702 = CHEBI:64837 + CHEBI:15361')]	0.0	55.614
Q9RZP7	4.A.2.1.18	P69816	[('no_reaction_identified', 'no_reaction_identified')]	6.85e-22	50.526
Q9RZP7	4.A.2.1.18	P32154	[('no_reaction_identified', 'no_reaction_identified')]	3.62e-17	53.333
Q9RZP7	4.A.2.1.18	P20966	[('no_reaction_identified', 'no_reaction_identified')]	3.28e-146	54.526
Q9RZP7	4.A.2.1.18	P20966	[('no_reaction_identified', 'no_reaction_identified')]	1.4200000000000002e-21	58.427
M7QAG8	4.A.2.1.19	P69811	[('no_reaction_identified', 'no_reaction_identified')]	3.3599999999999998e-40	51.064
P00550	4.A.2.1.2	P69826	[('D-mannitol + N(pros)-phospho-L-histidyl-[protein] = D-mannitol 1-phosphate + L-histidyl-[protein]', 'CHEBI:16899 + CHEBI:64837 = CHEBI:61381 + CHEBI:29979')]	6.48e-158	52.665
P00550	4.A.2.1.2	P00550	[('D-mannitol + N(pros)-phospho-L-histidyl-[protein] = D-mannitol 1-phosphate + L-histidyl-[protein]', 'CHEBI:16899 + CHEBI:64837 = CHEBI:61381 + CHEBI:29979')]	0.0	100.0
F8Y3B5	4.A.2.1.21	P69816	[('no_reaction_identified', 'no_reaction_identified')]	6.800000000000001e-27	52.688
Q3JZE2	4.A.2.1.22	P69816	[('no_reaction_identified', 'no_reaction_identified')]	2.53e-31	51.042
P69826	4.A.2.1.24	P69826	[('D-mannitol + N(pros)-phospho-L-histidyl-[protein] = D-mannitol 1-phosphate + L-histidyl-[protein]', 'CHEBI:16899 + CHEBI:64837 = CHEBI:61381 + CHEBI:29979')]	0.0	100.0
P69826	4.A.2.1.24	P00550	[('D-mannitol + N(pros)-phospho-L-histidyl-[protein] = D-mannitol 1-phosphate + L-histidyl-[protein]', 'CHEBI:16899 + CHEBI:64837 = CHEBI:61381 + CHEBI:29979')]	7.349999999999999e-165	52.665
P69824	4.A.2.1.24	P69824	[('D-mannitol + N(pros)-phospho-L-histidyl-[protein] = D-mannitol 1-phosphate + L-histidyl-[protein]', 'CHEBI:16899 + CHEBI:64837 = CHEBI:61381 + CHEBI:29979')]	6.51e-107	100.0
P32154	4.A.2.1.25	P69816	[('D-fructose + N(pros)-phospho-L-histidyl-[protein] = D-fructose 1-phosphate + L-histidyl-[protein]', 'CHEBI:37721 + CHEBI:64837 = CHEBI:58674 + CHEBI:29979')]	1.4e-25	50.0
P32154	4.A.2.1.25	P32154	[('D-fructose + N(pros)-phospho-L-histidyl-[protein] = D-fructose 1-phosphate + L-histidyl-[protein]', 'CHEBI:37721 + CHEBI:64837 = CHEBI:58674 + CHEBI:29979')]	0.0	100.0
P32155	4.A.2.1.25	P32155	[('D-fructose + N(pros)-phospho-L-histidyl-[protein] = D-fructose 1-phosphate + L-histidyl-[protein]', 'CHEBI:37721 + CHEBI:64837 = CHEBI:58674 + CHEBI:29979')]	1.3799999999999999e-108	100.0
Q5V5X1	4.A.2.1.26	P32676	[('L-histidyl-[protein] + phosphoenolpyruvate = N(pros)-phospho-L-histidyl-[protein] + pyruvate', 'CHEBI:29979 + CHEBI:58702 = CHEBI:64837 + CHEBI:15361')]	6.55e-11	50.0
ACN13980.1	4.A.2.1.27	P00550	[('no_reaction_identified', 'no_reaction_identified')]	0.0	52.756
P54745	4.A.2.1.3	P54745	[('(2R)-2-O-(alpha-D-mannosyl)-glycerate + N(pros)-phospho-L-histidyl-[protein] = (2R)-2-O-(6-phospho-alpha-D-mannosyl)-glycerate + L-histidyl-[protein]', 'CHEBI:57541 + CHEBI:64837 = CHEBI:60331 + CHEBI:29979')]	0.0	100.0
P42956	4.A.2.1.5	P69826	[('D-mannitol + N(pros)-phospho-L-histidyl-[protein] = D-mannitol 1-phosphate + L-histidyl-[protein]', 'CHEBI:16899 + CHEBI:64837 = CHEBI:61381 + CHEBI:29979')]	3.12e-167	51.386
P42956	4.A.2.1.5	P00550	[('D-mannitol + N(pros)-phospho-L-histidyl-[protein] = D-mannitol 1-phosphate + L-histidyl-[protein]', 'CHEBI:16899 + CHEBI:64837 = CHEBI:61381 + CHEBI:29979')]	0.0	62.821
Q8DWE7	4.A.2.1.8	P69816	[('no_reaction_identified', 'no_reaction_identified')]	3.11e-27	51.064
Q8FC73	4.A.2.1.9	P69816	[('no_reaction_identified', 'no_reaction_identified')]	1.38e-28	50.495
Q8FC73	4.A.2.1.9	P54745	[('no_reaction_identified', 'no_reaction_identified')]	9.6e-15	50.704
P17334	4.A.3.2.1	P17334	"[(""N,N'-diacetylchitobiose + N(pros)-phospho-L-histidyl-[protein] = diacetylchitobiose-6'-phosphate + L-histidyl-[protein]"", 'CHEBI:28681 + CHEBI:64837 = CHEBI:64883 + CHEBI:29979')]"	0.0	100.0
P69791	4.A.3.2.1	P69791	"[(""N,N'-diacetylchitobiose + N(pros)-phospho-L-histidyl-[protein] = diacetylchitobiose-6'-phosphate + L-histidyl-[protein]"", 'CHEBI:28681 + CHEBI:64837 = CHEBI:64883 + CHEBI:29979')]"	2.6700000000000002e-80	100.0
P69795	4.A.3.2.1	P69795	"[(""N,N'-diacetylchitobiose + N(pros)-phospho-L-histidyl-[protein] = diacetylchitobiose-6'-phosphate + L-histidyl-[protein]"", 'CHEBI:28681 + CHEBI:64837 = CHEBI:64883 + CHEBI:29979')]"	1.33e-73	100.0
Q8L3C2	4.A.3.2.5	P17334	[('no_reaction_identified', 'no_reaction_identified')]	0.0	80.795
Q8L3C3	4.A.3.2.5	P69795	[('no_reaction_identified', 'no_reaction_identified')]	8.79e-53	83.871
Q8L3C4	4.A.3.2.5	P69783	[('no_reaction_identified', 'no_reaction_identified')]	1.5e-112	96.45
Q9KSH3	4.A.3.2.6	P69791	[('no_reaction_identified', 'no_reaction_identified')]	3.3e-32	52.525
C4X746	4.A.3.2.7	P69791	[('no_reaction_identified', 'no_reaction_identified')]	6.510000000000001e-63	81.739
C4X744	4.A.3.2.7	P69795	[('no_reaction_identified', 'no_reaction_identified')]	1.0299999999999999e-69	96.226
C4X745	4.A.3.2.7	P17334	[('no_reaction_identified', 'no_reaction_identified')]	0.0	87.611
P05706	4.A.4.1.1	P05706	[('D-sorbitol + N(pros)-phospho-L-histidyl-[protein] = D-sorbitol 6-phosphate + L-histidyl-[protein]', 'CHEBI:17924 + CHEBI:64837 = CHEBI:60084 + CHEBI:29979')]	3.4399999999999995e-89	100.0
P56579	4.A.4.1.1	P56579	[('D-sorbitol + N(pros)-phospho-L-histidyl-[protein] = D-sorbitol 6-phosphate + L-histidyl-[protein]', 'CHEBI:17924 + CHEBI:64837 = CHEBI:60084 + CHEBI:29979')]	3.61e-138	100.0
P56580	4.A.4.1.1	P56580	[('D-sorbitol + N(pros)-phospho-L-histidyl-[protein] = D-sorbitol 6-phosphate + L-histidyl-[protein]', 'CHEBI:17924 + CHEBI:64837 = CHEBI:60084 + CHEBI:29979')]	0.0	100.0
O32332	4.A.4.1.2	P56579	[('D-sorbitol + N(pros)-phospho-L-histidyl-[protein] = D-sorbitol 6-phosphate + L-histidyl-[protein]', 'CHEBI:17924 + CHEBI:64837 = CHEBI:60084 + CHEBI:29979')]	2.0000000000000003e-64	51.111
O32333	4.A.4.1.2	P56580	[('D-sorbitol + N(pros)-phospho-L-histidyl-[protein] = D-sorbitol 6-phosphate + L-histidyl-[protein]', 'CHEBI:17924 + CHEBI:64837 = CHEBI:60084 + CHEBI:29979')]	2.6600000000000002e-117	53.593
P37188	4.A.5.1.1	P37188	[('galactitol + N(pros)-phospho-L-histidyl-[protein] = galactitol 1-phosphate + L-histidyl-[protein]', 'CHEBI:16813 + CHEBI:64837 = CHEBI:60083 + CHEBI:29979')]	3.57e-66	100.0
P69828	4.A.5.1.1	P69828	[('galactitol + N(pros)-phospho-L-histidyl-[protein] = galactitol 1-phosphate + L-histidyl-[protein]', 'CHEBI:16813 + CHEBI:64837 = CHEBI:60083 + CHEBI:29979')]	4.42e-111	100.0
P69831	4.A.5.1.1	P69831	[('galactitol + N(pros)-phospho-L-histidyl-[protein] = galactitol 1-phosphate + L-histidyl-[protein]', 'CHEBI:16813 + CHEBI:64837 = CHEBI:60083 + CHEBI:29979')]	0.0	100.0
P39363	4.A.5.1.3	P39363	[('no_reaction_identified', 'no_reaction_identified')]	5.64e-105	100.0
P39365	4.A.5.1.3	P39365	[('no_reaction_identified', 'no_reaction_identified')]	0.0	100.0
P58035	4.A.5.1.3	P58035	[('no_reaction_identified', 'no_reaction_identified')]	8.930000000000001e-64	100.0
P69797	4.A.6.1.1	P69797	[('D-mannose + N(pros)-phospho-L-histidyl-[protein] = D-mannose 6-phosphate + L-histidyl-[protein]', 'CHEBI:4208 + CHEBI:64837 = CHEBI:58735 + CHEBI:29979')]	0.0	100.0
P69801	4.A.6.1.1	P69801	[('D-mannose + N(pros)-phospho-L-histidyl-[protein] = D-mannose 6-phosphate + L-histidyl-[protein]', 'CHEBI:4208 + CHEBI:64837 = CHEBI:58735 + CHEBI:29979')]	0.0	100.0
P69805	4.A.6.1.1	P69805	[('D-mannose + N(pros)-phospho-L-histidyl-[protein] = D-mannose 6-phosphate + L-histidyl-[protein]', 'CHEBI:4208 + CHEBI:64837 = CHEBI:58735 + CHEBI:29979')]	0.0	100.0
Q04GK0	4.A.6.1.10	P69801	[('D-mannose + N(pros)-phospho-L-histidyl-[protein] = D-mannose 6-phosphate + L-histidyl-[protein]', 'CHEBI:4208 + CHEBI:64837 = CHEBI:58735 + CHEBI:29979')]	2.2699999999999997e-67	50.41
Q8DR76	4.A.6.1.14	P42904	[('no_reaction_identified', 'no_reaction_identified')]	5.93e-45	50.0
Q7BC71	4.A.6.1.15	P69801	[('D-mannose + N(pros)-phospho-L-histidyl-[protein] = D-mannose 6-phosphate + L-histidyl-[protein]', 'CHEBI:4208 + CHEBI:64837 = CHEBI:58735 + CHEBI:29979')]	2.19e-72	50.617
Q8Y8V8	4.A.6.1.16	P69797	[('no_reaction_identified', 'no_reaction_identified')]	1.57e-42	53.846
Q8Y8V9	4.A.6.1.16	P69797	[('no_reaction_identified', 'no_reaction_identified')]	4.19e-75	72.327
Q8Y8W0	4.A.6.1.16	P69801	[('no_reaction_identified', 'no_reaction_identified')]	2.18e-119	76.639
Q8Y8W1	4.A.6.1.16	P69805	[('no_reaction_identified', 'no_reaction_identified')]	2.81e-151	73.741
P26381	4.A.6.1.2	P69801	[('D-fructose + N(pros)-phospho-L-histidyl-[protein] = D-fructose 1-phosphate + L-histidyl-[protein]', 'CHEBI:37721 + CHEBI:64837 = CHEBI:58674 + CHEBI:29979')]	9e-76	61.157
P26382	4.A.6.1.2	P69805	[('D-fructose + N(pros)-phospho-L-histidyl-[protein] = D-fructose 1-phosphate + L-histidyl-[protein]', 'CHEBI:37721 + CHEBI:64837 = CHEBI:58674 + CHEBI:29979')]	2.1699999999999997e-115	61.029
Q9RGG4	4.A.6.1.26	P69797	[('keto-L-sorbose + N(pros)-phospho-L-histidyl-[protein] = L-sorbose 1-phosphate + L-histidyl-[protein]', 'CHEBI:13172 + CHEBI:64837 = CHEBI:137409 + CHEBI:29979')]	5.6799999999999994e-61	55.556
Q9RGG3	4.A.6.1.26	P69801	[('keto-L-sorbose + N(pros)-phospho-L-histidyl-[protein] = L-sorbose 1-phosphate + L-histidyl-[protein]', 'CHEBI:13172 + CHEBI:64837 = CHEBI:137409 + CHEBI:29979')]	6.28e-113	61.633
Q9RGG2	4.A.6.1.26	P69805	[('keto-L-sorbose + N(pros)-phospho-L-histidyl-[protein] = L-sorbose 1-phosphate + L-histidyl-[protein]', 'CHEBI:13172 + CHEBI:64837 = CHEBI:137409 + CHEBI:29979')]	2.02e-102	56.25
Q8Y8V8	4.A.6.1.29	P69797	[('no_reaction_identified', 'no_reaction_identified')]	1.57e-42	53.846
Q8Y8W0	4.A.6.1.29	P69801	[('no_reaction_identified', 'no_reaction_identified')]	2.18e-119	76.639
Q8Y8W1	4.A.6.1.29	P69805	[('no_reaction_identified', 'no_reaction_identified')]	2.81e-151	73.741
P37081	4.A.6.1.3	P69797	[('keto-L-sorbose + N(pros)-phospho-L-histidyl-[protein] = L-sorbose 1-phosphate + L-histidyl-[protein]', 'CHEBI:13172 + CHEBI:64837 = CHEBI:137409 + CHEBI:29979')]	2.3699999999999997e-54	51.572
P37082	4.A.6.1.3	P69801	[('keto-L-sorbose + N(pros)-phospho-L-histidyl-[protein] = L-sorbose 1-phosphate + L-histidyl-[protein]', 'CHEBI:13172 + CHEBI:64837 = CHEBI:137409 + CHEBI:29979')]	4.07e-116	63.563
P37083	4.A.6.1.3	P69805	[('keto-L-sorbose + N(pros)-phospho-L-histidyl-[protein] = L-sorbose 1-phosphate + L-histidyl-[protein]', 'CHEBI:13172 + CHEBI:64837 = CHEBI:137409 + CHEBI:29979')]	1.43e-115	62.132
Q9KIQ3	4.A.6.1.4	P42905	[('no_reaction_identified', 'no_reaction_identified')]	2.52e-82	96.947
Q9KIQ4	4.A.6.1.4	P42904	[('no_reaction_identified', 'no_reaction_identified')]	2.6599999999999998e-114	100.0
P42909	4.A.6.1.5	P42909	[('no_reaction_identified', 'no_reaction_identified')]	2.69e-114	100.0
P42911	4.A.6.1.5	P42911	[('no_reaction_identified', 'no_reaction_identified')]	0.0	100.0
Q9KIP7	4.A.6.1.5	P42910	[('no_reaction_identified', 'no_reaction_identified')]	0.0	99.625
P39301	4.A.7.1.1	P39301	[('N(pros)-phospho-L-histidyl-[protein] + L-ascorbate = L-ascorbate 6-phosphate + L-histidyl-[protein]', 'CHEBI:64837 + CHEBI:38290 = CHEBI:61698 + CHEBI:29979')]	0.0	100.0
P69820	4.A.7.1.1	P69820	[('N(pros)-phospho-L-histidyl-[protein] + L-ascorbate = L-ascorbate 6-phosphate + L-histidyl-[protein]', 'CHEBI:64837 + CHEBI:38290 = CHEBI:61698 + CHEBI:29979')]	3.08e-113	100.0
P69822	4.A.7.1.1	P69822	[('N(pros)-phospho-L-histidyl-[protein] + L-ascorbate = L-ascorbate 6-phosphate + L-histidyl-[protein]', 'CHEBI:64837 + CHEBI:38290 = CHEBI:61698 + CHEBI:29979')]	1.93e-72	100.0
PNQ00486	4.A.7.1.6	P39301	[('no_reaction_identified', 'no_reaction_identified')]	0.0	63.377
PNQ00486	4.A.7.1.6	P69822	[('no_reaction_identified', 'no_reaction_identified')]	1.4300000000000001e-31	55.914
P24518	4.B.1.1.1	P27278	[('beta-nicotinamide D-riboside + ATP = beta-nicotinamide D-ribonucleotide + ADP + H(+)', 'CHEBI:15927 + CHEBI:30616 = CHEBI:14649 + CHEBI:456216 + CHEBI:15378'), ('beta-nicotinamide D-ribonucleotide + ATP + H(+) = diphosphate + NAD(+)', 'CHEBI:14649 + CHEBI:30616 + CHEBI:15378 = CHEBI:33019 + CHEBI:57540')]	0.0	95.11
P24520	4.B.1.1.1	P0AFK2	[('beta-nicotinamide D-riboside + ATP = beta-nicotinamide D-ribonucleotide + ADP + H(+)', 'CHEBI:15927 + CHEBI:30616 = CHEBI:14649 + CHEBI:456216 + CHEBI:15378'), ('beta-nicotinamide D-ribonucleotide + ATP + H(+) = diphosphate + NAD(+)', 'CHEBI:14649 + CHEBI:30616 + CHEBI:15378 = CHEBI:33019 + CHEBI:57540')]	8.65e-150	88.703
P44308	4.B.1.1.2	P27278	[('beta-nicotinamide D-riboside + ATP = beta-nicotinamide D-ribonucleotide + ADP + H(+)', 'CHEBI:15927 + CHEBI:30616 = CHEBI:14649 + CHEBI:456216 + CHEBI:15378'), ('beta-nicotinamide D-ribonucleotide + ATP + H(+) = diphosphate + NAD(+)', 'CHEBI:14649 + CHEBI:30616 + CHEBI:15378 = CHEBI:33019 + CHEBI:57540')]	1.42e-140	54.728
P31119	4.C.1.1.16	P31119	[('a long-chain fatty acid + holo-[ACP] + ATP = a long-chain fatty acyl-[ACP] + AMP + diphosphate', 'CHEBI:57560 + CHEBI:64479 + CHEBI:30616 = CHEBI:133243 + CHEBI:456215 + CHEBI:33019'), ('a 2-acyl-sn-glycero-3-phosphoethanolamine + a fatty acyl-[ACP] = a 1,2-diacyl-sn-glycero-3-phosphoethanolamine + holo-[ACP]', 'CHEBI:65213 + CHEBI:138651 = CHEBI:64612 + CHEBI:64479')]	0.0	100.0
P69451	4.C.1.1.4	P69451	[('dodecanoate + ATP + CoA = dodecanoyl-CoA + AMP + diphosphate', 'CHEBI:18262 + CHEBI:30616 + CHEBI:57287 = CHEBI:57375 + CHEBI:456215 + CHEBI:33019'), ('decanoate + ATP + CoA = decanoyl-CoA + AMP + diphosphate', 'CHEBI:27689 + CHEBI:30616 + CHEBI:57287 = CHEBI:61430 + CHEBI:456215 + CHEBI:33019'), ('hexadecanoate + ATP + CoA = hexadecanoyl-CoA + AMP + diphosphate', 'CHEBI:7896 + CHEBI:30616 + CHEBI:57287 = CHEBI:57379 + CHEBI:456215 + CHEBI:33019'), ('a long-chain fatty acid + ATP + CoA = a long-chain fatty acyl-CoA + AMP + diphosphate', 'CHEBI:57560 + CHEBI:30616 + CHEBI:57287 = CHEBI:83139 + CHEBI:456215 + CHEBI:33019'), ('tetradecanoate + ATP + CoA = tetradecanoyl-CoA + AMP + diphosphate', 'CHEBI:30807 + CHEBI:30616 + CHEBI:57287 = CHEBI:57385 + CHEBI:456215 + CHEBI:33019'), ('(9Z)-octadecenoate + ATP + CoA = (9Z)-octadecenoyl-CoA + AMP + diphosphate', 'CHEBI:30823 + CHEBI:30616 + CHEBI:57287 = CHEBI:57387 + CHEBI:456215 + CHEBI:33019'), ('octanoate + ATP + CoA = octanoyl-CoA + AMP + diphosphate', 'CHEBI:25646 + CHEBI:30616 + CHEBI:57287 = CHEBI:57386 + CHEBI:456215 + CHEBI:33019')]	0.0	100.0
P31552	4.C.1.1.6	P31552	[('4-(trimethylamino)butanoate + ATP + CoA = 4-(trimethylamino)butanoyl-CoA + AMP + diphosphate', 'CHEBI:16244 + CHEBI:30616 + CHEBI:57287 = CHEBI:61513 + CHEBI:456215 + CHEBI:33019'), ('crotonobetaine + ATP + CoA = crotonobetainyl-CoA + AMP + diphosphate', 'CHEBI:17237 + CHEBI:30616 + CHEBI:57287 = CHEBI:60933 + CHEBI:456215 + CHEBI:33019'), ('(R)-carnitine + ATP + CoA = (R)-carnitinyl-CoA + AMP + diphosphate', 'CHEBI:16347 + CHEBI:30616 + CHEBI:57287 = CHEBI:60932 + CHEBI:456215 + CHEBI:33019')]	0.0	100.0
WP_202784107.1	4.C.3.2.5	P77538	[('no_reaction_identified', 'no_reaction_identified')]	0.0	98.592
Q47536	4.D.1.1.11	Q47536	[('no_reaction_identified', 'no_reaction_identified')]	0.0	100.0
P77757	4.D.1.1.13	P77757	[('UDP-4-deoxy-4-formamido-beta-L-arabinose + di-trans,octa-cis-undecaprenyl phosphate = 4-deoxy-4-formamido-alpha-L-arabinopyranosyl di-trans,octa-cis-undecaprenyl phosphate + UDP', 'CHEBI:58709 + CHEBI:60392 = CHEBI:58909 + CHEBI:58223')]	0.0	100.0
P75905	4.D.1.1.3	P75905	[('no_reaction_identified', 'no_reaction_identified')]	0.0	100.0
P75770	4.D.2.4.3	P75770	[('no_reaction_identified', 'no_reaction_identified')]	0.0	100.0
P62517	4.D.3.1.1	P62517	[('no_reaction_identified', 'no_reaction_identified')]	0.0	100.0
P37653	4.D.3.1.6	P37653	[('[(1->4)-beta-D-glucosyl](n) + UDP-alpha-D-glucose = [(1->4)-beta-D-glucosyl](n+1) + UDP + H(+)', 'CHEBI:18246 + CHEBI:58885 = CHEBI:18246 + CHEBI:58223 + CHEBI:15378')]	0.0	100.0
P37652	4.D.3.1.6	P37652	[('[(1->4)-beta-D-glucosyl](n) + UDP-alpha-D-glucose = [(1->4)-beta-D-glucosyl](n+1) + UDP + H(+)', 'CHEBI:18246 + CHEBI:58885 = CHEBI:18246 + CHEBI:58223 + CHEBI:15378')]	0.0	100.0
P37651	4.D.3.1.6	P37651	[('[(1->4)-beta-D-glucosyl](n) + UDP-alpha-D-glucose = [(1->4)-beta-D-glucosyl](n+1) + UDP + H(+)', 'CHEBI:18246 + CHEBI:58885 = CHEBI:18246 + CHEBI:58223 + CHEBI:15378')]	0.0	100.0
K0WKG7	4.F.1.1.8	P0ABF8	[('no_reaction_identified', 'no_reaction_identified')]	1.69e-62	60.227
D6I8Y6	4.F.1.3.3	P76090	[('no_reaction_identified', 'no_reaction_identified')]	1.83e-141	97.0
P36655	5.A.1.1.1	P36655	[('[protein]-dithiol + NAD(+) = [protein]-disulfide + NADH + H(+)', 'CHEBI:29950 + CHEBI:57540 = CHEBI:50058 + CHEBI:57945 + CHEBI:15378'), ('[protein]-dithiol + NADP(+) = [protein]-disulfide + NADPH + H(+)', 'CHEBI:29950 + CHEBI:58349 = CHEBI:50058 + CHEBI:57783 + CHEBI:15378')]	0.0	100.0
P0A6M2	5.A.2.1.1	P0A6M2	[('no_reaction_identified', 'no_reaction_identified')]	1.22e-128	100.0
P09152	5.A.3.1.1	P19319	[('nitrate + a quinol = a quinone + nitrite + H2O', 'CHEBI:17632 + CHEBI:24646 = CHEBI:132124 + CHEBI:16301 + CHEBI:15377')]	0.0	78.686
P09152	5.A.3.1.1	P09152	[('nitrate + a quinol = a quinone + nitrite + H2O', 'CHEBI:17632 + CHEBI:24646 = CHEBI:132124 + CHEBI:16301 + CHEBI:15377')]	0.0	100.0
P11349	5.A.3.1.1	P11349	[('nitrate + a quinol = a quinone + nitrite + H2O', 'CHEBI:17632 + CHEBI:24646 = CHEBI:132124 + CHEBI:16301 + CHEBI:15377')]	0.0	100.0
P11349	5.A.3.1.1	P19318	[('nitrate + a quinol = a quinone + nitrite + H2O', 'CHEBI:17632 + CHEBI:24646 = CHEBI:132124 + CHEBI:16301 + CHEBI:15377')]	0.0	79.051
P11350	5.A.3.1.1	P0AF32	[('nitrate + a quinol = a quinone + nitrite + H2O', 'CHEBI:17632 + CHEBI:24646 = CHEBI:132124 + CHEBI:16301 + CHEBI:15377')]	4.75e-120	71.556
P11350	5.A.3.1.1	P11350	[('nitrate + a quinol = a quinone + nitrite + H2O', 'CHEBI:17632 + CHEBI:24646 = CHEBI:132124 + CHEBI:16301 + CHEBI:15377')]	2.7600000000000005e-166	100.0
P0AF32	5.A.3.1.2	P0AF32	[('nitrate + a quinol = a quinone + nitrite + H2O', 'CHEBI:17632 + CHEBI:24646 = CHEBI:132124 + CHEBI:16301 + CHEBI:15377')]	2.98e-167	100.0
P0AF32	5.A.3.1.2	P11350	[('nitrate + a quinol = a quinone + nitrite + H2O', 'CHEBI:17632 + CHEBI:24646 = CHEBI:132124 + CHEBI:16301 + CHEBI:15377')]	4.73e-120	71.556
P19318	5.A.3.1.2	P11349	[('nitrate + a quinol = a quinone + nitrite + H2O', 'CHEBI:17632 + CHEBI:24646 = CHEBI:132124 + CHEBI:16301 + CHEBI:15377')]	0.0	79.051
P19318	5.A.3.1.2	P19318	[('nitrate + a quinol = a quinone + nitrite + H2O', 'CHEBI:17632 + CHEBI:24646 = CHEBI:132124 + CHEBI:16301 + CHEBI:15377')]	0.0	100.0
P19319	5.A.3.1.2	P19319	[('nitrate + a quinol = a quinone + nitrite + H2O', 'CHEBI:17632 + CHEBI:24646 = CHEBI:132124 + CHEBI:16301 + CHEBI:15377')]	0.0	100.0
P19319	5.A.3.1.2	P09152	[('nitrate + a quinol = a quinone + nitrite + H2O', 'CHEBI:17632 + CHEBI:24646 = CHEBI:132124 + CHEBI:16301 + CHEBI:15377')]	0.0	78.686
P0AAJ3	5.A.3.2.1	P0AAJ5	[('a quinone + formate + H(+) = a quinol + CO2', 'CHEBI:132124 + CHEBI:15740 + CHEBI:15378 = CHEBI:24646 + CHEBI:16526')]	3.5e-178	77.551
P0AAJ3	5.A.3.2.1	P0AAJ3	[('a quinone + formate + H(+) = a quinol + CO2', 'CHEBI:132124 + CHEBI:15740 + CHEBI:15378 = CHEBI:24646 + CHEBI:16526')]	0.0	100.0
P0AEK7	5.A.3.2.1	P0AEK7	[('a quinone + formate + H(+) = a quinol + CO2', 'CHEBI:132124 + CHEBI:15740 + CHEBI:15378 = CHEBI:24646 + CHEBI:16526')]	9.27e-162	100.0
P24183	5.A.3.2.1	P24183	[('a quinone + formate + H(+) = a quinol + CO2', 'CHEBI:132124 + CHEBI:15740 + CHEBI:15378 = CHEBI:24646 + CHEBI:16526')]	0.0	100.0
P24183	5.A.3.2.1	P32176	[('a quinone + formate + H(+) = a quinol + CO2', 'CHEBI:132124 + CHEBI:15740 + CHEBI:15378 = CHEBI:24646 + CHEBI:16526')]	0.0	77.044
P0AAJ1	5.A.3.3.1	P18776	[('no_reaction_identified', 'no_reaction_identified')]	1.27e-148	94.146
P0AAJ1	5.A.3.3.1	P0AAJ1	[('no_reaction_identified', 'no_reaction_identified')]	7.82e-157	100.0
P76173	5.A.3.3.1	P18777	[('no_reaction_identified', 'no_reaction_identified')]	5.19e-98	56.993
P76173	5.A.3.3.1	P76173	[('no_reaction_identified', 'no_reaction_identified')]	0.0	100.0
P77374	5.A.3.3.1	P77783	[('no_reaction_identified', 'no_reaction_identified')]	0.0	70.787
P77374	5.A.3.3.1	P77374	[('no_reaction_identified', 'no_reaction_identified')]	0.0	100.0
P77374	5.A.3.3.1	P18775	[('no_reaction_identified', 'no_reaction_identified')]	0.0	67.205
P77783	5.A.3.3.1	P77783	[('no_reaction_identified', 'no_reaction_identified')]	0.0	100.0
P77783	5.A.3.3.1	P77374	[('no_reaction_identified', 'no_reaction_identified')]	0.0	70.787
P77783	5.A.3.3.1	P18775	[('no_reaction_identified', 'no_reaction_identified')]	0.0	65.526
P18775	5.A.3.3.2	P77783	[('dimethyl sulfide + a menaquinone + H2O = dimethyl sulfoxide + a menaquinol', 'CHEBI:17437 + CHEBI:16374 + CHEBI:15377 = CHEBI:28262 + CHEBI:18151')]	0.0	65.526
P18775	5.A.3.3.2	P77374	[('dimethyl sulfide + a menaquinone + H2O = dimethyl sulfoxide + a menaquinol', 'CHEBI:17437 + CHEBI:16374 + CHEBI:15377 = CHEBI:28262 + CHEBI:18151')]	0.0	67.205
P18775	5.A.3.3.2	P18775	[('dimethyl sulfide + a menaquinone + H2O = dimethyl sulfoxide + a menaquinol', 'CHEBI:17437 + CHEBI:16374 + CHEBI:15377 = CHEBI:28262 + CHEBI:18151')]	0.0	100.0
P18776	5.A.3.3.2	P18776	[('dimethyl sulfide + a menaquinone + H2O = dimethyl sulfoxide + a menaquinol', 'CHEBI:17437 + CHEBI:16374 + CHEBI:15377 = CHEBI:28262 + CHEBI:18151')]	2.4500000000000003e-156	100.0
P18776	5.A.3.3.2	P0AAJ1	[('dimethyl sulfide + a menaquinone + H2O = dimethyl sulfoxide + a menaquinol', 'CHEBI:17437 + CHEBI:16374 + CHEBI:15377 = CHEBI:28262 + CHEBI:18151')]	1.27e-148	94.146
P18777	5.A.3.3.2	P18777	[('dimethyl sulfide + a menaquinone + H2O = dimethyl sulfoxide + a menaquinol', 'CHEBI:17437 + CHEBI:16374 + CHEBI:15377 = CHEBI:28262 + CHEBI:18151')]	0.0	100.0
P18777	5.A.3.3.2	P76173	[('dimethyl sulfide + a menaquinone + H2O = dimethyl sulfoxide + a menaquinol', 'CHEBI:17437 + CHEBI:16374 + CHEBI:15377 = CHEBI:28262 + CHEBI:18151')]	1.48e-99	56.993
P33225	5.A.3.4.1	P33225	[('trimethylamine + 2 Fe(III)-[cytochrome c] + H2O = trimethylamine N-oxide + 2 Fe(II)-[cytochrome c] + 3 H(+)', 'CHEBI:58389 + 2 CHEBI:29034 + CHEBI:15377 = CHEBI:15724 + 2 CHEBI:29033 + 3 CHEBI:15378')]	0.0	100.0
P33226	5.A.3.4.1	P33226	[('trimethylamine + 2 Fe(III)-[cytochrome c] + H2O = trimethylamine N-oxide + 2 Fe(II)-[cytochrome c] + 3 H(+)', 'CHEBI:58389 + 2 CHEBI:29034 + CHEBI:15377 = CHEBI:15724 + 2 CHEBI:29033 + 3 CHEBI:15378')]	0.0	100.0
P33226	5.A.3.4.1	P0ABL5	[('trimethylamine + 2 Fe(III)-[cytochrome c] + H2O = trimethylamine N-oxide + 2 Fe(II)-[cytochrome c] + 3 H(+)', 'CHEBI:58389 + 2 CHEBI:29034 + CHEBI:15377 = CHEBI:15724 + 2 CHEBI:29033 + 3 CHEBI:15378')]	3.83e-57	50.0
P36662	5.A.3.4.1	P36662	[('trimethylamine + 2 Fe(III)-[cytochrome c] + H2O = trimethylamine N-oxide + 2 Fe(II)-[cytochrome c] + 3 H(+)', 'CHEBI:58389 + 2 CHEBI:29034 + CHEBI:15377 = CHEBI:15724 + 2 CHEBI:29033 + 3 CHEBI:15378')]	6.9e-148	100.0
P52005	5.A.3.4.2	P52005	[('trimethylamine + 2 Fe(III)-[cytochrome c] + H2O = trimethylamine N-oxide + 2 Fe(II)-[cytochrome c] + 3 H(+)', 'CHEBI:58389 + 2 CHEBI:29034 + CHEBI:15377 = CHEBI:15724 + 2 CHEBI:29033 + 3 CHEBI:15378')]	0.0	100.0
P58362	5.A.3.4.2	P20099	[('trimethylamine + 2 Fe(III)-[cytochrome c] + H2O = trimethylamine N-oxide + 2 Fe(II)-[cytochrome c] + 3 H(+)', 'CHEBI:58389 + 2 CHEBI:29034 + CHEBI:15377 = CHEBI:15724 + 2 CHEBI:29033 + 3 CHEBI:15378')]	0.0	63.777
P58362	5.A.3.4.2	P46923	[('trimethylamine + 2 Fe(III)-[cytochrome c] + H2O = trimethylamine N-oxide + 2 Fe(II)-[cytochrome c] + 3 H(+)', 'CHEBI:58389 + 2 CHEBI:29034 + CHEBI:15377 = CHEBI:15724 + 2 CHEBI:29033 + 3 CHEBI:15378')]	0.0	98.764
P20099	5.A.3.4.3	P20099	[('[thioredoxin]-disulfide + L-methionine + H2O = L-methionine (S)-S-oxide + [thioredoxin]-dithiol', 'CHEBI:50058 + CHEBI:57844 + CHEBI:15377 = CHEBI:58772 + CHEBI:29950')]	0.0	100.0
P20099	5.A.3.4.3	P46923	[('[thioredoxin]-disulfide + L-methionine + H2O = L-methionine (S)-S-oxide + [thioredoxin]-dithiol', 'CHEBI:50058 + CHEBI:57844 + CHEBI:15377 = CHEBI:58772 + CHEBI:29950')]	0.0	63.648
P44798	5.A.3.4.4	P20099	[('trimethylamine + 2 Fe(III)-[cytochrome c] + H2O = trimethylamine N-oxide + 2 Fe(II)-[cytochrome c] + 3 H(+)', 'CHEBI:58389 + 2 CHEBI:29034 + CHEBI:15377 = CHEBI:15724 + 2 CHEBI:29033 + 3 CHEBI:15378')]	0.0	52.351
P44798	5.A.3.4.4	P46923	[('trimethylamine + 2 Fe(III)-[cytochrome c] + H2O = trimethylamine N-oxide + 2 Fe(II)-[cytochrome c] + 3 H(+)', 'CHEBI:58389 + 2 CHEBI:29034 + CHEBI:15377 = CHEBI:15724 + 2 CHEBI:29033 + 3 CHEBI:15378')]	0.0	55.257
P0A1I1	5.A.3.5.1	P77375	[('a quinone + hydrogen sulfide + sulfite + 2 H(+) = thiosulfate + a quinol', 'CHEBI:132124 + CHEBI:29919 + CHEBI:17359 + 2 CHEBI:15378 = CHEBI:33542 + CHEBI:24646')]	9e-68	54.696
P0A1I1	5.A.3.5.1	P0AAK7	[('a quinone + hydrogen sulfide + sulfite + 2 H(+) = thiosulfate + a quinol', 'CHEBI:132124 + CHEBI:29919 + CHEBI:17359 + 2 CHEBI:15378 = CHEBI:33542 + CHEBI:24646')]	1.01e-60	52.514
P37602	5.A.3.5.1	P77409	[('a quinone + hydrogen sulfide + sulfite + 2 H(+) = thiosulfate + a quinol', 'CHEBI:132124 + CHEBI:29919 + CHEBI:17359 + 2 CHEBI:15378 = CHEBI:33542 + CHEBI:24646')]	3.15e-77	56.198
P31076	5.A.3.5.2	P0AAK7	[('no_reaction_identified', 'no_reaction_identified')]	1.21e-69	54.497
P32709	5.A.3.5.3	P32709	[('6 Fe(III)-[cytochrome c] + NH4(+) + 2 H2O = 6 Fe(II)-[cytochrome c] + nitrite + 8 H(+)', '6 CHEBI:29034 + CHEBI:28938 + 2 CHEBI:15377 = 6 CHEBI:29033 + CHEBI:16301 + 8 CHEBI:15378')]	0.0	100.0
P0ABL1	5.A.3.5.3	P0ABL1	[('6 Fe(III)-[cytochrome c] + NH4(+) + 2 H2O = 6 Fe(II)-[cytochrome c] + nitrite + 8 H(+)', '6 CHEBI:29034 + CHEBI:28938 + 2 CHEBI:15377 = 6 CHEBI:29033 + CHEBI:16301 + 8 CHEBI:15378')]	1.62e-142	100.0
P0AAK7	5.A.3.5.3	P77375	[('6 Fe(III)-[cytochrome c] + NH4(+) + 2 H2O = 6 Fe(II)-[cytochrome c] + nitrite + 8 H(+)', '6 CHEBI:29034 + CHEBI:28938 + 2 CHEBI:15377 = 6 CHEBI:29033 + CHEBI:16301 + 8 CHEBI:15378')]	1.8300000000000001e-72	50.235
P0AAK7	5.A.3.5.3	P0AAK7	[('6 Fe(III)-[cytochrome c] + NH4(+) + 2 H2O = 6 Fe(II)-[cytochrome c] + nitrite + 8 H(+)', '6 CHEBI:29034 + CHEBI:28938 + 2 CHEBI:15377 = 6 CHEBI:29033 + CHEBI:16301 + 8 CHEBI:15378')]	1.29e-168	100.0
P0ABK9	5.A.3.5.3	P0ABK9	[('6 Fe(III)-[cytochrome c] + NH4(+) + 2 H2O = 6 Fe(II)-[cytochrome c] + nitrite + 8 H(+)', '6 CHEBI:29034 + CHEBI:28938 + 2 CHEBI:15377 = 6 CHEBI:29033 + CHEBI:16301 + 8 CHEBI:15378')]	0.0	100.0
D5CMP8	5.B.5.1.2	P0ABL5	[('no_reaction_identified', 'no_reaction_identified')]	3.3399999999999996e-82	56.915
Q8XB73	5.B.7.1.1	P76343	[('no_reaction_identified', 'no_reaction_identified')]	5.77e-149	99.052
P27303	8.A.1.1.1	P27303	[('no_reaction_identified', 'no_reaction_identified')]	0.0	100.0
B1LPP9	8.A.1.1.3	P32716	[('no_reaction_identified', 'no_reaction_identified')]	0.0	99.708
P37683	8.A.1.1.4	P37683	[('no_reaction_identified', 'no_reaction_identified')]	0.0	100.0
P37683	8.A.1.1.4	P0AFV0	[('no_reaction_identified', 'no_reaction_identified')]	0.0	77.249
P0AE06	8.A.1.6.1	P37636	[('no_reaction_identified', 'no_reaction_identified')]	1.5e-131	54.45
P0AE06	8.A.1.6.1	P24180	[('no_reaction_identified', 'no_reaction_identified')]	0.0	69.333
P0AE06	8.A.1.6.1	P0AE06	[('no_reaction_identified', 'no_reaction_identified')]	0.0	100.0
P76397	8.A.1.6.2	P76397	[('no_reaction_identified', 'no_reaction_identified')]	0.0	100.0
P37636	8.A.1.6.3	P37636	[('no_reaction_identified', 'no_reaction_identified')]	0.0	100.0
P37636	8.A.1.6.3	P0AE06	[('no_reaction_identified', 'no_reaction_identified')]	2.77e-141	54.45
P46482	8.A.1.7.1	P46482	[('no_reaction_identified', 'no_reaction_identified')]	0.0	100.0
P52614	8.A.153.1.1	P52614	[('no_reaction_identified', 'no_reaction_identified')]	0.0	100.0
WP_143479989.1	8.A.163.1.3	P0A6Z3	[('no_reaction_identified', 'no_reaction_identified')]	0.0	61.218
WP_054576892.1	8.A.176.1.4	P32125	[('no_reaction_identified', 'no_reaction_identified')]	2.19e-49	50.602
P60904	8.A.192.1.1	P08622	[('no_reaction_identified', 'no_reaction_identified')]	4.33e-17	51.562
P0AA95	8.A.2.1.3	P0AA95	[('no_reaction_identified', 'no_reaction_identified')]	3.38e-83	100.0
P0AA53	8.A.21.2.2	P0AA53	[('no_reaction_identified', 'no_reaction_identified')]	0.0	100.0
WP_196367168.1	8.A.212.1.4	P00811	[('no_reaction_identified', 'no_reaction_identified')]	0.0	71.504
P64596	8.A.213.1.1	P64596	[('no_reaction_identified', 'no_reaction_identified')]	1.71e-137	100.0
P0AFH8	8.A.213.1.2	P0AFH8	[('no_reaction_identified', 'no_reaction_identified')]	5.1799999999999995e-142	100.0
P38134	8.A.3.3.1	P76387	[('L-tyrosyl-[protein] + ATP = O-phospho-L-tyrosyl-[protein] + ADP + H(+)', 'CHEBI:46858 + CHEBI:30616 = CHEBI:82620 + CHEBI:456216 + CHEBI:15378')]	0.0	51.481
P38134	8.A.3.3.1	P38134	[('L-tyrosyl-[protein] + ATP = O-phospho-L-tyrosyl-[protein] + ADP + H(+)', 'CHEBI:46858 + CHEBI:30616 = CHEBI:82620 + CHEBI:456216 + CHEBI:15378')]	0.0	100.0
P76387	8.A.3.3.2	P76387	[('L-tyrosyl-[protein] + ATP = O-phospho-L-tyrosyl-[protein] + ADP + H(+)', 'CHEBI:46858 + CHEBI:30616 = CHEBI:82620 + CHEBI:456216 + CHEBI:15378')]	0.0	100.0
P76387	8.A.3.3.2	P38134	[('L-tyrosyl-[protein] + ATP = O-phospho-L-tyrosyl-[protein] + ADP + H(+)', 'CHEBI:46858 + CHEBI:30616 = CHEBI:82620 + CHEBI:456216 + CHEBI:15378')]	0.0	51.102
G4PZW1	8.A.48.1.1	P64471	[('no_reaction_identified', 'no_reaction_identified')]	1.58e-51	100.0
D7XN98	8.A.48.1.2	P46478	[('no_reaction_identified', 'no_reaction_identified')]	1.67e-42	100.0
E1PFW8	8.A.48.1.3	P46478	[('no_reaction_identified', 'no_reaction_identified')]	4.7299999999999994e-42	100.0
Q6DAH6	8.A.48.1.5	P46478	[('no_reaction_identified', 'no_reaction_identified')]	2.81e-28	70.312
P0A9T4	8.A.5.1.5	P0A9T4	[('no_reaction_identified', 'no_reaction_identified')]	0.0	100.0
P77735	8.A.5.1.6	P77735	[('D-ribulose 5-phosphate + AH2 = 1-deoxy-D-xylulose 5-phosphate + A + H2O', 'CHEBI:58121 + CHEBI:17499 = CHEBI:57792 + CHEBI:13193 + CHEBI:15377')]	0.0	100.0
P76187	8.A.5.1.7	P76187	[('no_reaction_identified', 'no_reaction_identified')]	0.0	100.0
P08839	8.A.7.1.1	P08839	[('L-histidyl-[protein] + phosphoenolpyruvate = N(pros)-phospho-L-histidyl-[protein] + pyruvate', 'CHEBI:29979 + CHEBI:58702 = CHEBI:64837 + CHEBI:15361')]	0.0	100.0
P0AAV0	8.A.79.1.1	P0AAV0	[('no_reaction_identified', 'no_reaction_identified')]	1.0400000000000001e-66	100.0
P0AA04	8.A.8.1.1	P0AA04	[('no_reaction_identified', 'no_reaction_identified')]	3.6700000000000003e-57	100.0
Q8A1G3	8.A.9.1.3	P28904	[('no_reaction_identified', 'no_reaction_identified')]	3.22e-30	50.794
P69776	8.A.99.1.1	P69776	[('no_reaction_identified', 'no_reaction_identified')]	2.16e-50	100.0
P69776	8.A.99.1.1	P65298	[('no_reaction_identified', 'no_reaction_identified')]	4.23e-19	50.746
P0AFY6	9.A.18.1.1	P0AFY6	[('no_reaction_identified', 'no_reaction_identified')]	0.0	100.0
Q08120	9.A.18.1.2	P0AFY6	[('no_reaction_identified', 'no_reaction_identified')]	0.0	63.882
Q9KI15	9.A.18.1.4	P0AFY6	[('no_reaction_identified', 'no_reaction_identified')]	0.0	63.21
Q986E2	9.A.18.1.5	P0AFY6	[('no_reaction_identified', 'no_reaction_identified')]	1.18e-156	53.676
P41796	9.A.28.1.1	P76552	[('ethanolamine = ethanolamine', 'CHEBI:57603 = CHEBI:57603')]	0.0	97.304
P52059	9.A.4.1.1	P64564	[('no_reaction_identified', 'no_reaction_identified')]	2.91e-61	52.809
P64564	9.A.4.1.2	P64564	[('no_reaction_identified', 'no_reaction_identified')]	3.61e-131	100.0
P44669	9.A.41.1.1	P0A6Z1	[('no_reaction_identified', 'no_reaction_identified')]	0.0	69.368
P39379	9.A.5.4.2	P39379	[('no_reaction_identified', 'no_reaction_identified')]	7.61e-163	100.0
P0AFL9	9.A.69.1.1	P0AFL9	[('no_reaction_identified', 'no_reaction_identified')]	0.0	100.0
P43671	9.A.69.1.1	P43671	[('no_reaction_identified', 'no_reaction_identified')]	0.0	100.0
G0F6K7	9.A.69.1.1	P0AB10	[('no_reaction_identified', 'no_reaction_identified')]	1.87e-136	100.0
P0AD03	9.A.69.1.2	P0AD03	[('no_reaction_identified', 'no_reaction_identified')]	0.0	100.0
P76272	9.A.69.1.2	P76272	[('no_reaction_identified', 'no_reaction_identified')]	0.0	100.0
WP_019614130.1	9.A.74.1.6	P07017	[('no_reaction_identified', 'no_reaction_identified')]	7.4e-15	59.677
WP_019614130.1	9.A.74.1.6	P07018	[('no_reaction_identified', 'no_reaction_identified')]	1.27e-14	59.677
P33650	9.A.8.1.1	P33650	[('no_reaction_identified', 'no_reaction_identified')]	0.0	100.0
P0AEL3	9.A.8.1.1	P0AEL3	[('no_reaction_identified', 'no_reaction_identified')]	9.4e-52	100.0
B5XTS8	9.A.8.1.10	P0AEL3	[('no_reaction_identified', 'no_reaction_identified')]	2.2099999999999998e-46	89.189
B5XTS7	9.A.8.1.10	P33650	[('no_reaction_identified', 'no_reaction_identified')]	0.0	87.969
B5XTS6	9.A.8.1.10	P64638	[('no_reaction_identified', 'no_reaction_identified')]	4.53e-36	70.886
W1MMS7	9.A.8.1.15	P33650	[('no_reaction_identified', 'no_reaction_identified')]	0.0	65.891
P23894	9.B.1.1.6	P23894	[('no_reaction_identified', 'no_reaction_identified')]	0.0	100.0
E8XKQ3	9.B.100.1.1	P0AFM6	[('no_reaction_identified', 'no_reaction_identified')]	4.44e-143	91.441
P31064	9.B.102.1.1	P31064	[('no_reaction_identified', 'no_reaction_identified')]	0.0	100.0
Q8FLY1	9.B.102.1.12	P33014	[('no_reaction_identified', 'no_reaction_identified')]	3.66e-26	60.0
P33015	9.B.102.1.2	P33015	[('thiosulfate = thiosulfate', 'CHEBI:33542 = CHEBI:33542')]	0.0	100.0
P09391	9.B.104.1.1	P09391	[('no_reaction_identified', 'no_reaction_identified')]	0.0	100.0
P0AFY2	9.B.114.1.1	P0AFY2	[('no_reaction_identified', 'no_reaction_identified')]	1.8900000000000002e-179	100.0
P45546	9.B.118.1.1	P45546	[('no_reaction_identified', 'no_reaction_identified')]	0.0	100.0
WP_019119520.1	9.B.118.1.3	P45546	[('no_reaction_identified', 'no_reaction_identified')]	3.97e-52	54.268
P68178	9.B.12.1.1	P0AE42	[('no_reaction_identified', 'no_reaction_identified')]	2.28e-08	52.273
Q9ZNQ7	9.B.12.1.6	P0AE42	[('no_reaction_identified', 'no_reaction_identified')]	8.22e-11	57.143
P0AE42	9.B.12.2.1	P0AE42	[('no_reaction_identified', 'no_reaction_identified')]	6.24e-31	100.0
I1CTU6	9.B.12.2.2	P0AE42	[('no_reaction_identified', 'no_reaction_identified')]	1.85e-11	53.333
Q46831	9.B.120.1.1	Q46831	[('no_reaction_identified', 'no_reaction_identified')]	1.7100000000000002e-166	100.0
P37645	9.B.121.1.1	P37645	[('no_reaction_identified', 'no_reaction_identified')]	0.0	100.0
G5LV43	9.B.121.1.3	P37645	[('no_reaction_identified', 'no_reaction_identified')]	0.0	92.433
RBQ35197.1	9.B.121.2.2	P46474	[('no_reaction_identified', 'no_reaction_identified')]	0.0	54.796
WP_100703251.1	9.B.121.2.3	P46474	[('no_reaction_identified', 'no_reaction_identified')]	0.0	54.945
P46474	9.B.121.2.4	P46474	[('no_reaction_identified', 'no_reaction_identified')]	0.0	100.0
P31433	9.B.121.3.1	P31433	[('no_reaction_identified', 'no_reaction_identified')]	0.0	100.0
P52645	9.B.121.4.1	P52645	[('no_reaction_identified', 'no_reaction_identified')]	0.0	100.0
P28249	9.B.121.5.1	P28249	[('no_reaction_identified', 'no_reaction_identified')]	0.0	100.0
Q8Z5G2	9.B.121.5.2	P28249	[('no_reaction_identified', 'no_reaction_identified')]	0.0	75.566
P39321	9.B.121.6.2	P39321	[('no_reaction_identified', 'no_reaction_identified')]	0.0	100.0
P75962	9.B.122.1.1	P75962	[('no_reaction_identified', 'no_reaction_identified')]	2.78e-111	100.0
P64592	9.B.124.1.1	P64590	[('no_reaction_identified', 'no_reaction_identified')]	6.090000000000001e-43	55.932
P64592	9.B.124.1.1	P64592	[('no_reaction_identified', 'no_reaction_identified')]	1.12e-83	100.0
P64591	9.B.124.1.2	P64590	[('no_reaction_identified', 'no_reaction_identified')]	1.0800000000000001e-85	100.0
P64591	9.B.124.1.2	P64592	[('no_reaction_identified', 'no_reaction_identified')]	5.94e-43	55.932
H0KI06	9.B.124.1.3	P64590	[('no_reaction_identified', 'no_reaction_identified')]	4.73e-38	51.695
H0KI06	9.B.124.1.3	P64592	[('no_reaction_identified', 'no_reaction_identified')]	1.87e-39	50.877
B7MI53	9.B.124.2.2	P0AF34	[('no_reaction_identified', 'no_reaction_identified')]	2.53e-104	100.0
P0AE14	9.B.125.1.1	P0AE14	[('no_reaction_identified', 'no_reaction_identified')]	0.0	100.0
P37642	9.B.126.1.1	P37642	[('no_reaction_identified', 'no_reaction_identified')]	0.0	100.0
P0A8K8	9.B.126.2.1	P0A8K8	[('no_reaction_identified', 'no_reaction_identified')]	0.0	100.0
P76538	9.B.127.1.1	P76538	[('no_reaction_identified', 'no_reaction_identified')]	3.57e-105	100.0
B6I4D1	9.B.128.1.1	P27835	[('no_reaction_identified', 'no_reaction_identified')]	0.0	99.778
P0ADB7	9.B.13.1.1	P0ADB4	[('no_reaction_identified', 'no_reaction_identified')]	9.63e-09	54.545
P0ADB7	9.B.13.1.1	P0ADB7	[('no_reaction_identified', 'no_reaction_identified')]	1.45e-28	100.0
H0J079	9.B.13.1.2	P0ADB4	[('no_reaction_identified', 'no_reaction_identified')]	2.18e-06	50.0
P0AF54	9.B.136.1.1	P0AF54	[('no_reaction_identified', 'no_reaction_identified')]	9.880000000000001e-73	100.0
P33927	9.B.14.1.3	P33927	[('no_reaction_identified', 'no_reaction_identified')]	0.0	100.0
Q9I3N2	9.B.14.1.7	P33927	[('no_reaction_identified', 'no_reaction_identified')]	0.0	58.114
P0ABM1	9.B.14.2.3	P0ABM1	[('no_reaction_identified', 'no_reaction_identified')]	5.05e-178	100.0
Q9I3N5	9.B.14.2.4	P0ABM1	[('no_reaction_identified', 'no_reaction_identified')]	2.68e-80	51.055
P64432	9.B.14.3.6	P64432	[('no_reaction_identified', 'no_reaction_identified')]	0.0	100.0
G8LJX5	9.B.142.2.2	P76473	[('no_reaction_identified', 'no_reaction_identified')]	0.0	63.339
p76473	9.B.142.2.9	P76473	[('no_reaction_identified', 'no_reaction_identified')]	0.0	100.0
P0A6W3	9.B.146.1.6	P0A6W3	[('UDP-N-acetyl-alpha-D-muramoyl-L-alanyl-gamma-D-glutamyl-meso-2,6-diaminopimeloyl-D-alanyl-D-alanine + di-trans,octa-cis-undecaprenyl phosphate = di-trans-octa-cis-undecaprenyl diphospho-N-acetyl-alpha-D-muramoyl-L-alanyl-D-glutamyl-meso-2,6-diaminopimeloyl-D-alanyl-D-alanine + UMP', 'CHEBI:61386 + CHEBI:60392 = CHEBI:61387 + CHEBI:57865')]	0.0	100.0
P0AC78	9.B.146.1.7	P0AC78	[('di-trans,octa-cis-undecaprenyl phosphate + UDP-N-acetyl-alpha-D-glucosamine = N-acetyl-alpha-D-glucosaminyl-di-trans,octa-cis-undecaprenyl diphosphate + UMP', 'CHEBI:60392 + CHEBI:57705 = CHEBI:62959 + CHEBI:57865')]	0.0	100.0
P0AEH1	9.B.149.2.3	P0AEH1	[('no_reaction_identified', 'no_reaction_identified')]	0.0	100.0
P0AAW6	9.B.15.1.1	P0AAW5	[('no_reaction_identified', 'no_reaction_identified')]	3.16e-95	100.0
C8UN36	9.B.156.1.1	P0AEH8	[('no_reaction_identified', 'no_reaction_identified')]	4.54e-108	99.346
G2S0R1	9.B.156.1.3	P0AEH8	[('no_reaction_identified', 'no_reaction_identified')]	6.58e-47	50.0
Q01465	9.B.157.1.1	P0A9X4	[('no_reaction_identified', 'no_reaction_identified')]	4.18e-133	57.864
Q9K8H5	9.B.157.1.2	P0A9X4	[('no_reaction_identified', 'no_reaction_identified')]	7.16e-133	57.784
P0A9X4	9.B.157.1.3	P0A9X4	[('no_reaction_identified', 'no_reaction_identified')]	0.0	100.0
P16926	9.B.157.1.3	P16926	[('no_reaction_identified', 'no_reaction_identified')]	0.0	100.0
P0ABH4	9.B.157.1.3	P0ABH4	[('no_reaction_identified', 'no_reaction_identified')]	1.51e-110	100.0
Q8F2L2	9.B.157.1.4	P0A9X4	[('no_reaction_identified', 'no_reaction_identified')]	9.01e-134	58.507
O33619	9.B.157.1.5	P0A9X4	[('no_reaction_identified', 'no_reaction_identified')]	1e-119	55.793
P67826	9.B.158.1.2	P67826	[('no_reaction_identified', 'no_reaction_identified')]	0.0	100.0
P08550	9.B.160.1.16	P08550	[('no_reaction_identified', 'no_reaction_identified')]	1.13e-113	100.0
Q6LNU9	9.B.160.1.8	P08550	[('no_reaction_identified', 'no_reaction_identified')]	8.29e-64	65.432
P25747	9.B.169.1.2	P25747	[('no_reaction_identified', 'no_reaction_identified')]	0.0	100.0
P23865	9.B.174.1.2	P23865	[('no_reaction_identified', 'no_reaction_identified')]	0.0	100.0
P27830	9.B.18.2.4	P27830	[('dTDP-alpha-D-glucose = dTDP-4-dehydro-6-deoxy-alpha-D-glucose + H2O', 'CHEBI:57477 = CHEBI:57649 + CHEBI:15377')]	0.0	100.0
P27830	9.B.18.2.4	P37759	[('dTDP-alpha-D-glucose = dTDP-4-dehydro-6-deoxy-alpha-D-glucose + H2O', 'CHEBI:57477 = CHEBI:57649 + CHEBI:15377')]	0.0	73.654
Q4WGH5	9.B.20.1.3	P0AFV2	[('no_reaction_identified', 'no_reaction_identified')]	2.84e-19	53.608
P0AFV2	9.B.20.1.4	P0AFV2	[('no_reaction_identified', 'no_reaction_identified')]	1.5e-156	100.0
P64545	9.B.209.1.1	P64545	[('no_reaction_identified', 'no_reaction_identified')]	2.37e-41	100.0
P27838	9.B.21.2.1	P27838	[('no_reaction_identified', 'no_reaction_identified')]	1.05e-75	100.0
SAK80392.1	9.B.214.2.2	P0AD47	[('no_reaction_identified', 'no_reaction_identified')]	2.25e-50	56.934
P42603	9.B.221.1.1	P42603	[('no_reaction_identified', 'no_reaction_identified')]	2.3e-134	100.0
C4TZN8	9.B.221.1.2	P42603	[('no_reaction_identified', 'no_reaction_identified')]	7.53e-83	64.571
P37630	9.B.245.1.2	P37630	[('no_reaction_identified', 'no_reaction_identified')]	0.0	100.0
P76219	9.B.27.1.1	P76219	[('no_reaction_identified', 'no_reaction_identified')]	1.66e-169	100.0
P76221	9.B.27.1.2	P76221	[('no_reaction_identified', 'no_reaction_identified')]	5.7299999999999995e-171	100.0
P0AA60	9.B.27.2.1	P0AA60	[('no_reaction_identified', 'no_reaction_identified')]	2.1400000000000002e-160	100.0
P0AA60	9.B.27.2.1	P0AA63	[('no_reaction_identified', 'no_reaction_identified')]	1.6e-93	61.927
P0AA63	9.B.27.2.2	P0AA60	[('no_reaction_identified', 'no_reaction_identified')]	7.7e-91	61.927
P0AA63	9.B.27.2.2	P0AA63	[('no_reaction_identified', 'no_reaction_identified')]	4.719999999999999e-159	100.0
P0ABP6	9.B.27.2.3	P0ABP6	[('no_reaction_identified', 'no_reaction_identified')]	7.39e-160	100.0
E4PCL6	9.B.27.2.7	P33366	[('no_reaction_identified', 'no_reaction_identified')]	5.2299999999999995e-138	99.479
E1P8P0	9.B.27.3.1	P0ADR0	[('no_reaction_identified', 'no_reaction_identified')]	1.66e-98	99.296
P37659	9.B.275.1.1	P37659	[('no_reaction_identified', 'no_reaction_identified')]	0.0	100.0
A3U437	9.B.29.2.12	P77499	[('no_reaction_identified', 'no_reaction_identified')]	6.9e-109	60.241
WP_097342623.1	9.B.306.4.2	P15877	[('no_reaction_identified', 'no_reaction_identified')]	0.0	99.497
P60782	9.B.31.1.1	P60782	[('a fatty acyl-[ACP] + sn-glycerol 3-phosphate = a 1-acyl-sn-glycero-3-phosphate + holo-[ACP]', 'CHEBI:138651 + CHEBI:57597 = CHEBI:57970 + CHEBI:64479'), ('sn-glycerol 3-phosphate + an acyl-CoA = a 1-acyl-sn-glycero-3-phosphate + CoA', 'CHEBI:57597 + CHEBI:58342 = CHEBI:57970 + CHEBI:57287')]	9.26e-149	100.0
P39338	9.B.318.1.1	P39338	[('no_reaction_identified', 'no_reaction_identified')]	0.0	100.0
P32108	9.B.32.1.1	P0ADK4	[('no_reaction_identified', 'no_reaction_identified')]	2.52e-57	75.221
P32108	9.B.32.1.1	P32108	[('no_reaction_identified', 'no_reaction_identified')]	9.06e-87	100.0
P0ADK5	9.B.32.1.2	P0ADK4	[('no_reaction_identified', 'no_reaction_identified')]	1.08e-75	100.0
P0ADK5	9.B.32.1.2	P32108	[('no_reaction_identified', 'no_reaction_identified')]	2.83e-57	75.221
B8K566	9.B.32.1.3	P0ADK4	[('no_reaction_identified', 'no_reaction_identified')]	1.32e-47	60.526
B8K566	9.B.32.1.3	P32108	[('no_reaction_identified', 'no_reaction_identified')]	4.07e-46	59.483
F4DGW5	9.B.32.1.4	P0ADK4	[('no_reaction_identified', 'no_reaction_identified')]	1.8e-49	67.961
F4DGW5	9.B.32.1.4	P32108	[('no_reaction_identified', 'no_reaction_identified')]	4.77e-47	64.486
P64572	9.B.331.1.1	P64572	[('no_reaction_identified', 'no_reaction_identified')]	0.0	100.0
Q46843	9.B.331.1.2	Q46843	[('no_reaction_identified', 'no_reaction_identified')]	1.64e-179	100.0
Q46844	9.B.331.1.3	Q46844	[('no_reaction_identified', 'no_reaction_identified')]	2.3400000000000003e-173	100.0
P50466	9.B.334.1.3	P50466	[('no_reaction_identified', 'no_reaction_identified')]	0.0	100.0
P0AAP1	9.B.34.1.2	P0AAP1	"[(""2 GTP = 3',3'-c-di-GMP + 2 diphosphate"", '2 CHEBI:37565 = CHEBI:58805 + 2 CHEBI:33019')]"	0.0	100.0
P76330	9.B.34.1.4	P76330	"[(""2 GTP = 3',3'-c-di-GMP + 2 diphosphate"", '2 CHEBI:37565 = CHEBI:58805 + 2 CHEBI:33019')]"	0.0	100.0
P0A710	9.B.357.1.1	P0A710	[('no_reaction_identified', 'no_reaction_identified')]	2.49e-128	100.0
P0AEE1	9.B.357.1.1	P0AEE1	[('no_reaction_identified', 'no_reaction_identified')]	1.67e-134	100.0
WP_072930762.1	9.B.357.1.4	P0A710	[('no_reaction_identified', 'no_reaction_identified')]	3.33e-96	76.536
WP_064577942.1	9.B.358.1.4	P0AF80	[('no_reaction_identified', 'no_reaction_identified')]	7.47e-92	99.242
P0AET5	9.B.36.1.1	P0AET5	[('no_reaction_identified', 'no_reaction_identified')]	3.15e-133	100.0
P0ADP2	9.B.371.1.8	P0ADP2	[('a medium-chain fatty acyl-CoA + H2O = a medium-chain fatty acid + CoA + H(+)', 'CHEBI:90546 + CHEBI:15377 = CHEBI:59558 + CHEBI:57287 + CHEBI:15378'), ('a long-chain fatty acyl-CoA + H2O = a long-chain fatty acid + CoA + H(+)', 'CHEBI:83139 + CHEBI:15377 = CHEBI:57560 + CHEBI:57287 + CHEBI:15378'), ('a fatty acyl-CoA + H2O = a fatty acid + CoA + H(+)', 'CHEBI:77636 + CHEBI:15377 = CHEBI:28868 + CHEBI:57287 + CHEBI:15378'), ('decanoyl-CoA + H2O = decanoate + CoA + H(+)', 'CHEBI:61430 + CHEBI:15377 = CHEBI:27689 + CHEBI:57287 + CHEBI:15378'), ('hexadecanoyl-CoA + H2O = hexadecanoate + CoA + H(+)', 'CHEBI:57379 + CHEBI:15377 = CHEBI:7896 + CHEBI:57287 + CHEBI:15378')]	4.04e-114	100.0
P0AAP7	9.B.381.1.1	P0AAP7	[('no_reaction_identified', 'no_reaction_identified')]	2.47e-72	100.0
VFS91205	9.B.381.1.5	P0AAP7	[('no_reaction_identified', 'no_reaction_identified')]	9.68e-18	67.391
OAT24401	9.B.381.1.6	P0AAP7	[('no_reaction_identified', 'no_reaction_identified')]	5.17e-16	52.632
P0AAQ0	9.B.382.1.1	P0AAQ0	[('no_reaction_identified', 'no_reaction_identified')]	4.54e-47	100.0
P00803	9.B.391.1.3	P00803	[('no_reaction_identified', 'no_reaction_identified')]	0.0	100.0
P0A8S5	9.B.4.1.1	P0A8S5	[('no_reaction_identified', 'no_reaction_identified')]	8.21e-80	100.0
P45756	9.B.42.1.3	P45756	[('no_reaction_identified', 'no_reaction_identified')]	0.0	100.0
P0ADJ8	9.B.44.1.1	P0ADJ8	[('no_reaction_identified', 'no_reaction_identified')]	1.3099999999999999e-104	100.0
P11286	9.B.44.1.1	P11286	[('no_reaction_identified', 'no_reaction_identified')]	3.08e-79	100.0
D0J5W3	9.B.44.1.2	P0ADJ8	[('no_reaction_identified', 'no_reaction_identified')]	8.76e-49	61.905
Q46867	9.B.444.1.1	Q46867	[('no_reaction_identified', 'no_reaction_identified')]	1.2899999999999999e-76	100.0
P39284	9.B.444.1.2	P39284	[('no_reaction_identified', 'no_reaction_identified')]	6.09e-73	100.0
P0a6x3	9.B.468.1.1	P0A6X3	[('no_reaction_identified', 'no_reaction_identified')]	9.41e-73	100.0
P09169	9.B.50.1.1	P09169	[('no_reaction_identified', 'no_reaction_identified')]	0.0	100.0
P34210	9.B.50.1.2	P09169	[('no_reaction_identified', 'no_reaction_identified')]	1.82e-169	70.032
P0ADM0	9.B.51.1.1	P0ADM0	[('no_reaction_identified', 'no_reaction_identified')]	4.17e-79	100.0
A3M0C4	9.B.51.1.5	P0ADM0	[('no_reaction_identified', 'no_reaction_identified')]	6.23e-07	60.0
P0AB12	9.B.55.1.1	P0AB12	[('no_reaction_identified', 'no_reaction_identified')]	3.66e-104	100.0
P76278	9.B.62.1.4	P76278	[('no_reaction_identified', 'no_reaction_identified')]	0.0	100.0
P45804	9.B.65.1.1	P45804	[('no_reaction_identified', 'no_reaction_identified')]	0.0	100.0
P37748	9.B.67.2.1	P37748	[('no_reaction_identified', 'no_reaction_identified')]	0.0	100.0
P27243	9.B.67.5.1	P27243	[('no_reaction_identified', 'no_reaction_identified')]	0.0	100.0
P52112	9.B.72.1.1	P0ACX0	[('no_reaction_identified', 'no_reaction_identified')]	1.68e-29	54.717
P0ACX0	9.B.72.1.2	P0ACX0	[('no_reaction_identified', 'no_reaction_identified')]	7.88e-75	100.0
P76555	9.B.75.2.1	P76555	[('acetate + ATP = acetyl phosphate + ADP', 'CHEBI:30089 + CHEBI:30616 = CHEBI:22191 + CHEBI:456216')]	2.12e-175	100.0
Q3C2E8	9.B.76.1.1	P0AGD7	[('GTP + H2O = GDP + phosphate + H(+)', 'CHEBI:37565 + CHEBI:15377 = CHEBI:58189 + CHEBI:43474 + CHEBI:15378')]	2.3e-149	51.259
P37669	9.B.97.1.1	P37669	[('no_reaction_identified', 'no_reaction_identified')]	0.0	100.0
P75920	9.B.97.7.1	P75920	[('no_reaction_identified', 'no_reaction_identified')]	0.0	100.0
