CHEBI	BIGG
chebi:13365	oh1
chebi:13419	oh1
chebi:16234	oh1
chebi:29356	oh1
chebi:44641	oh1
chebi:5594	oh1
chebi:10744	h
chebi:13357	h
chebi:15378	h
chebi:24636	h
chebi:29233	h
chebi:29234	h
chebi:5584	h
chebi:13395	nadh
chebi:13396	nadh
chebi:16908	nadh
chebi:21902	nadh
chebi:44216	nadh
chebi:57945	nadh
chebi:7423	nadh
chebi:14299	grdp
chebi:17211	grdp
chebi:24223	grdp
chebi:42877	grdp
chebi:5332	grdp
chebi:58057	grdp
chebi:140723	mercplaccys
chebi:140724	mercplaccys
chebi:133668	CE2176
chebi:172453	CE2176
chebi:82913	CE2176
chebi:11701	triodthy
chebi:11702	triodthy
chebi:13059	triodthy
chebi:18258	triodthy
chebi:19894	triodthy
chebi:45840	triodthy
chebi:533015	triodthy
chebi:60308	triodthy
chebi:9722	triodthy
chebi:63800	4hdebrisoquine
chebi:63799	4mtolbutamide
chebi:81630	CN0010
chebi:1670	3uib
chebi:74414	3uib
chebi:13923	btal
chebi:15743	btal
chebi:22938	btal
chebi:3233	btal
chebi:12912	abt__D
chebi:18333	abt__D
chebi:20916	abt__D
chebi:4105	abt__D
chebi:14132	dtbt
chebi:149473	dtbt
chebi:16691	dtbt
chebi:23649	dtbt
chebi:36990	dtbt
chebi:42279	dtbt
chebi:42280	dtbt
chebi:4457	dtbt
chebi:57861	dtbt
chebi:14322	glutar
chebi:17859	glutar
chebi:24327	glutar
chebi:24329	glutar
chebi:24330	glutar
chebi:30921	glutar
chebi:30922	glutar
chebi:35906	glutar
chebi:35907	glutar
chebi:43097	glutar
chebi:5434	glutar
chebi:69060	CE2153
chebi:14518	lpam
chebi:17460	lpam
chebi:25055	lpam
chebi:6491	lpam
chebi:83094	lpam
chebi:63840	5homeprazole
chebi:10599	tartr__M
chebi:12824	tartr__M
chebi:15673	tartr__M
chebi:25206	tartr__M
chebi:25207	tartr__M
chebi:30928	tartr__M
chebi:35400	tartr__M
chebi:45680	tartr__M
chebi:48930	tartr__M
chebi:48931	tartr__M
chebi:12129	5g2oxpt
chebi:1249	5g2oxpt
chebi:18253	5g2oxpt
chebi:19740	5g2oxpt
chebi:20572	5g2oxpt
chebi:2060	5g2oxpt
chebi:28116	5g2oxpt
chebi:58489	5g2oxpt
chebi:137880	uchol
chebi:81240	uchol
chebi:125804	dca
chebi:23570	dca
chebi:23572	dca
chebi:27689	dca
chebi:30813	dca
chebi:41906	dca
chebi:4347	dca
chebi:12998	mana
chebi:17767	mana
chebi:21052	mana
chebi:21053	mana
chebi:33076	mana
chebi:4206	mana
chebi:49545	mana
chebi:58654	mana
chebi:81629	CN0011
chebi:10560	gcarote
chebi:24189	gcarote
chebi:27740	gcarote
chebi:20583	5hoxindact
chebi:2070	5hoxindact
chebi:50157	5hoxindact
chebi:11493	acg5sa
chebi:12461	acg5sa
chebi:12577	acg5sa
chebi:16319	acg5sa
chebi:21551	acg5sa
chebi:29123	acg5sa
chebi:7152	acg5sa
chebi:139258	CE2957
chebi:80657	CE2957
chebi:11857	3mcat
chebi:18404	3mcat
chebi:20127	3mcat
chebi:43829	3mcat
chebi:887	3mcat
chebi:69188	m1ocdca
chebi:33270	avite2
chebi:35062	avite2
chebi:14658	no2
chebi:16301	no2
chebi:25567	no2
chebi:44396	no2
chebi:7585	no2
chebi:133915	CE2615
chebi:31225	antipyrene
chebi:2784	apofetn
chebi:68568	c6dc
chebi:77082	c6dc
chebi:71466	oleth
chebi:77362	oleth
chebi:67410	4hba
chebi:71464	hexdeceeth
chebi:71464	pmeth
chebi:68562	PIM2
chebi:14730	hdca
chebi:15756	hdca
chebi:168544	hdca
chebi:231736	hdca
chebi:233028	hdca
chebi:24540	hdca
chebi:24541	hdca
chebi:24542	hdca
chebi:24550	hdca
chebi:29889	hdca
chebi:35978	hdca
chebi:44952	hdca
chebi:7896	hdca
chebi:47828	cca_d3
chebi:58715	cca_d3
chebi:14706	oxur
chebi:16582	oxur
chebi:25736	oxur
chebi:25737	oxur
chebi:57824	oxur
chebi:7816	oxur
chebi:15119	Stmyn
chebi:17076	Stmyn
chebi:26784	Stmyn
chebi:45745	Stmyn
chebi:58007	Stmyn
chebi:9284	Stmyn
chebi:52668	14dh2napcoa
chebi:58897	14dh2napcoa
chebi:52668	14dhncoa
chebi:58897	14dhncoa
chebi:52668	dhncoa
chebi:58897	dhncoa
chebi:11261	1h2nap
chebi:15992	1h2nap
chebi:19049	1h2nap
chebi:19050	1h2nap
chebi:36108	1h2nap
chebi:634	1h2nap
chebi:11637	2ogm
chebi:1252	2ogm
chebi:16769	2ogm
chebi:19746	2ogm
chebi:19747	2ogm
chebi:30882	2ogm
chebi:11637	HC00591
chebi:1252	HC00591
chebi:16769	HC00591
chebi:19746	HC00591
chebi:19747	HC00591
chebi:30882	HC00591
chebi:11646	2oxosucc
chebi:1261	2oxosucc
chebi:16327	2oxosucc
chebi:19757	2oxosucc
chebi:57735	2oxosucc
chebi:12127	5fothf
chebi:15640	5fothf
chebi:18607	5fothf
chebi:2057	5fothf
chebi:57457	5fothf
chebi:63606	5fothf
chebi:65340	5fothf
chebi:12127	5fthf
chebi:15640	5fthf
chebi:18607	5fthf
chebi:2057	5fthf
chebi:57457	5fthf
chebi:63606	5fthf
chebi:65340	5fthf
chebi:13488	udpgalur
chebi:16085	udpgalur
chebi:22101	udpgalur
chebi:57635	udpgalur
chebi:9812	udpgalur
chebi:63220	8oxdgtp
chebi:63222	8oxdgtp
chebi:77896	8oxdgtp
chebi:62010	M02446
chebi:62006	M02449
chebi:11831	R_actn
chebi:13707	R_actn
chebi:15688	R_actn
chebi:22181	R_actn
chebi:2397	R_actn
chebi:11963	a4imz
chebi:16607	a4imz
chebi:1788	a4imz
chebi:2033	a4imz
chebi:20543	a4imz
chebi:28840	a4imz
chebi:10482	HC00342
chebi:12798	HC00342
chebi:16383	HC00342
chebi:23306	HC00342
chebi:23308	HC00342
chebi:32805	HC00342
chebi:10482	acon
chebi:12798	acon
chebi:16383	acon
chebi:23306	acon
chebi:23308	acon
chebi:32805	acon
chebi:10482	acon_C
chebi:12798	acon_C
chebi:16383	acon_C
chebi:23306	acon_C
chebi:23308	acon_C
chebi:32805	acon_C
chebi:13857	arsn
chebi:2846	arsn
chebi:29866	arsn
chebi:22701	bzmd
chebi:28179	bzmd
chebi:3021	bzmd
chebi:46351	bzmd
chebi:3962	cur
chebi:23575	dcacoa
chebi:28493	dcacoa
chebi:4348	dcacoa
chebi:61430	dcacoa
chebi:23575	deccoa
chebi:28493	deccoa
chebi:4348	deccoa
chebi:61430	deccoa
chebi:11893	dhcholn
chebi:16390	dhcholn
chebi:1688	dhcholn
chebi:20209	dhcholn
chebi:20210	dhcholn
chebi:4853	escul
chebi:14271	f
chebi:17051	f
chebi:29228	f
chebi:49593	f
chebi:5113	f
chebi:37619	gal__L
chebi:64871	gamm
chebi:64888	gamm
chebi:13109	glu5sa
chebi:17232	glu5sa
chebi:21302	glu5sa
chebi:58066	glu5sa
chebi:6225	glu5sa
chebi:13109	glusemald
chebi:17232	glusemald
chebi:21302	glusemald
chebi:58066	glusemald
chebi:6225	glusemald
chebi:11014	lgt__S
chebi:15694	lgt__S
chebi:18678	lgt__S
chebi:355	lgt__S
chebi:57474	lgt__S
chebi:11014	lgt_s
chebi:15694	lgt_s
chebi:18678	lgt_s
chebi:355	lgt_s
chebi:57474	lgt_s
chebi:143182	M02447
chebi:61953	M02447
chebi:143182	malth
chebi:61953	malth
chebi:143182	malthx
chebi:61953	malthx
chebi:41215	mercpeth
chebi:41218	mercpeth
chebi:6766	mercpeth
chebi:64685	methsel
chebi:72782	CE2122
chebi:72782	mind3ac
chebi:1645	3oocoa
chebi:20175	3oocoa
chebi:28264	3oocoa
chebi:62619	3oocoa
chebi:1645	HC01406
chebi:20175	HC01406
chebi:28264	HC01406
chebi:62619	HC01406
chebi:1645	o3xooctcoa
chebi:20175	o3xooctcoa
chebi:28264	o3xooctcoa
chebi:62619	o3xooctcoa
chebi:14681	occoa
chebi:15533	occoa
chebi:25651	occoa
chebi:41542	occoa
chebi:57386	occoa
chebi:7724	occoa
chebi:14681	octcoa
chebi:15533	octcoa
chebi:25651	octcoa
chebi:41542	octcoa
chebi:57386	octcoa
chebi:7724	octcoa
chebi:153066	HC01434
chebi:44712	HC01434
chebi:58931	HC01434
chebi:7815	HC01434
chebi:153066	osuc
chebi:44712	osuc
chebi:58931	osuc
chebi:7815	osuc
chebi:38255	phptna
chebi:44895	phptna
chebi:44898	phptna
chebi:14820	ppat
chebi:16215	ppat
chebi:26067	ppat
chebi:33462	ppat
chebi:39856	ppat
chebi:44976	ppat
chebi:8154	ppat
chebi:14820	ppt
chebi:16215	ppt
chebi:26067	ppt
chebi:33462	ppt
chebi:39856	ppt
chebi:44976	ppt
chebi:8154	ppt
chebi:14903	ppa
chebi:17272	ppa
chebi:26290	ppa
chebi:26304	ppa
chebi:30768	ppa
chebi:45227	ppa
chebi:8476	ppa
chebi:14903	prpnte
chebi:17272	prpnte
chebi:26290	prpnte
chebi:26304	prpnte
chebi:30768	prpnte
chebi:45227	prpnte
chebi:8476	prpnte
chebi:12718	pser
chebi:15811	pser
chebi:21966	pser
chebi:57524	pser
chebi:7692	pser
chebi:12718	pser__L
chebi:15811	pser__L
chebi:21966	pser__L
chebi:57524	pser__L
chebi:7692	pser__L
chebi:14964	psuri
chebi:17802	psuri
chebi:26364	psuri
chebi:8610	psuri
chebi:14982	pyrimid
chebi:16898	pyrimid
chebi:44847	pyrimid
chebi:8675	pyrimid
chebi:15280	q9
chebi:18160	q9
chebi:27185	q9
chebi:9855	q9
chebi:84424	q9h2
chebi:141669	stp
chebi:30465	teo2
chebi:30477	teo2
chebi:33522	teo2
chebi:15234	tcynt
chebi:18022	tcynt
chebi:24926	tcynt
chebi:26954	tcynt
chebi:26956	tcynt
chebi:29200	tcynt
chebi:45576	tcynt
chebi:9550	tcynt
chebi:15234	thioc
chebi:18022	thioc
chebi:24926	thioc
chebi:26954	thioc
chebi:26956	thioc
chebi:29200	thioc
chebi:45576	thioc
chebi:9550	thioc
chebi:15242	HC01501
chebi:16094	HC01501
chebi:29279	HC01501
chebi:33539	HC01501
chebi:33542	HC01501
chebi:45922	HC01501
chebi:5587	HC01501
chebi:9569	HC01501
chebi:15242	thios
chebi:16094	thios
chebi:29279	thios
chebi:33539	thios
chebi:33542	thios
chebi:45922	thios
chebi:5587	thios
chebi:9569	thios
chebi:15242	tsul
chebi:16094	tsul
chebi:29279	tsul
chebi:33539	tsul
chebi:33542	tsul
chebi:45922	tsul
chebi:5587	tsul
chebi:9569	tsul
chebi:52022	thyochol
chebi:58874	thyochol
chebi:15261	tma
chebi:18139	tma
chebi:27125	tma
chebi:27127	tma
chebi:58389	tma
chebi:9732	tma
chebi:15261	tmam
chebi:18139	tmam
chebi:27125	tmam
chebi:27127	tmam
chebi:58389	tmam
chebi:9732	tmam
chebi:19337	tnt
chebi:46051	tnt
chebi:46053	tnt
chebi:62466	ttclyco
chebi:89499	udca3s
chebi:144787	CE6230
chebi:144863	CE6230
chebi:146292	CE6230
chebi:12635	fgam
chebi:147286	fgam
chebi:18272	fgam
chebi:1982	fgam
chebi:20498	fgam
chebi:58426	fgam
chebi:11474	fpram
chebi:147287	fpram
chebi:18413	fpram
chebi:58478	fpram
chebi:971	fpram
chebi:13420	ppi
chebi:18361	ppi
chebi:29888	ppi
chebi:33017	ppi
chebi:33018	ppi
chebi:33019	ppi
chebi:42009	ppi
chebi:45067	ppi
chebi:45208	ppi
chebi:45212	ppi
chebi:8683	ppi
chebi:35940	C03958
chebi:8584	C03958
chebi:9585	C03958
chebi:13455	uacgala
chebi:13470	uacgala
chebi:16650	uacgala
chebi:22112	uacgala
chebi:46285	uacgala
chebi:57847	uacgala
chebi:67138	uacgala
chebi:67168	uacgala
chebi:9820	uacgala
chebi:13455	udpacgal
chebi:13470	udpacgal
chebi:16650	udpacgal
chebi:22112	udpacgal
chebi:46285	udpacgal
chebi:57847	udpacgal
chebi:67138	udpacgal
chebi:67168	udpacgal
chebi:9820	udpacgal
chebi:19806	2425dhvitd3
chebi:28818	2425dhvitd3
chebi:47128	2425dhvitd3
chebi:9072	2425dhvitd3
chebi:23898	ecto__L
chebi:27592	ecto__L
chebi:4756	ecto__L
chebi:49406	ecto__L
chebi:58515	ecto__L
chebi:63475	ecto__L
chebi:70712	M01141
chebi:84650	M01141
chebi:70712	td5coa
chebi:84650	td5coa
chebi:48701	M00978
chebi:63838	M00978
chebi:70819	ivcrn
chebi:73025	ivcrn
chebi:11596	2hglut
chebi:1160	2hglut
chebi:17084	2hglut
chebi:36149	2hglut
chebi:11596	2hog
chebi:1160	2hog
chebi:17084	2hog
chebi:36149	2hog
chebi:11596	2hydog
chebi:1160	2hydog
chebi:17084	2hydog
chebi:36149	2hydog
chebi:13103	HC00832
chebi:17617	HC00832
chebi:21295	HC00832
chebi:58208	HC00832
chebi:6219	HC00832
chebi:13103	fcl__L
chebi:17617	fcl__L
chebi:21295	fcl__L
chebi:58208	fcl__L
chebi:6219	fcl__L
chebi:13103	fuc
chebi:17617	fuc
chebi:21295	fuc
chebi:58208	fuc
chebi:6219	fuc
chebi:87698	M01191
chebi:88008	M01191
chebi:87698	hd7coa
chebi:88008	hd7coa
chebi:87698	hexde7coa
chebi:88008	hexde7coa
chebi:13457	uacmam
chebi:13474	uacmam
chebi:16287	uacmam
chebi:22116	uacmam
chebi:57715	uacmam
chebi:68623	uacmam
chebi:68678	uacmam
chebi:9824	uacmam
chebi:13457	udpacmana
chebi:13474	udpacmana
chebi:16287	udpacmana
chebi:22116	udpacmana
chebi:57715	udpacmana
chebi:68623	udpacmana
chebi:68678	udpacmana
chebi:9824	udpacmana
chebi:22360	oxyp
chebi:2603	oxyp
chebi:28315	oxyp
chebi:2479	agdpcbi
chebi:60487	agdpcbi
chebi:12527	rnam
chebi:15927	rnam
chebi:21786	rnam
chebi:47589	rnam
chebi:7337	rnam
chebi:13341	gmp
chebi:14381	gmp
chebi:17345	gmp
chebi:24449	gmp
chebi:24450	gmp
chebi:40119	gmp
chebi:42647	gmp
chebi:42831	gmp
chebi:42887	gmp
chebi:42979	gmp
chebi:47450	gmp
chebi:5228	gmp
chebi:58115	gmp
chebi:11612	2mahmp
chebi:1194	2mahmp
chebi:11953	2mahmp
chebi:16629	2mahmp
chebi:19684	2mahmp
chebi:20308	2mahmp
chebi:57841	2mahmp
chebi:77085	hexdicoa
chebi:77208	hexdicoa
chebi:1496	kdolipid4
chebi:20009	kdolipid4
chebi:27439	kdolipid4
chebi:60364	kdolipid4
chebi:13510	utp
chebi:15713	utp
chebi:27233	utp
chebi:37567	utp
chebi:46397	utp
chebi:46398	utp
chebi:57481	utp
chebi:9850	utp
chebi:12057	imp
chebi:12063	imp
chebi:13372	imp
chebi:13373	imp
chebi:14457	imp
chebi:17202	imp
chebi:19271	imp
chebi:43418	imp
chebi:43475	imp
chebi:43524	imp
chebi:43563	imp
chebi:43611	imp
chebi:47501	imp
chebi:58053	imp
chebi:5849	imp
chebi:133977	HC02200
chebi:42826	HC02200
chebi:8927	HC02200
chebi:11364	mi3456p
chebi:15844	mi3456p
chebi:19194	mi3456p
chebi:57539	mi3456p
chebi:813	mi3456p
chebi:62958	unaga
chebi:62959	unaga
chebi:87705	M01573
chebi:88072	M01573
chebi:76317	sbcoa
chebi:76352	sbcoa
chebi:76292	M00056
chebi:76314	M00056
chebi:76558	M03024
chebi:76904	M03024
chebi:76562	M03014
chebi:76909	M03014
chebi:74308	M01237
chebi:74398	M01237
chebi:76557	3octdece1coa
chebi:76900	3octdece1coa
chebi:76559	M00843
chebi:76905	M00843
chebi:76315	c12dccoa
chebi:76339	c12dccoa
chebi:13745	arbtn
chebi:18157	arbtn
chebi:2499	arbtn
chebi:58396	arbtn
chebi:77548	M00071
chebi:78177	M00071
chebi:74134	M02112
chebi:74149	M02112
chebi:77553	HC10856
chebi:78187	HC10856
chebi:77084	c14dccoa
chebi:77207	c14dccoa
chebi:77551	M00046
chebi:78179	M00046
chebi:87717	M03019
chebi:88086	M03019
chebi:87687	HC10857
chebi:87781	HC10857
chebi:12055	5mta
chebi:12064	5mta
chebi:12771	5mta
chebi:14605	5mta
chebi:17509	5mta
chebi:1966	5mta
chebi:1986	5mta
chebi:20491	5mta
chebi:20494	5mta
chebi:44181	5mta
chebi:176173	CE2304
chebi:176172	CE2306
chebi:87719	M00849
chebi:88090	M00849
chebi:87695	HC10858
chebi:88007	HC10858
chebi:176174	CE2303
chebi:155897	tmdm1
chebi:12727	gp4g
chebi:12730	gp4g
chebi:15883	gp4g
chebi:21999	gp4g
chebi:57553	gp4g
chebi:7876	gp4g
chebi:85470	HC10859
chebi:10786	amet
chebi:10833	amet
chebi:12742	amet
chebi:12757	amet
chebi:12760	amet
chebi:142094	amet
chebi:15414	amet
chebi:22036	amet
chebi:33442	amet
chebi:45607	amet
chebi:527887	amet
chebi:59789	amet
chebi:67040	amet
chebi:8946	amet
chebi:175800	CE2958
chebi:11362	mi1456p
chebi:16067	mi1456p
chebi:57627	mi1456p
chebi:811	mi1456p
chebi:52325	CE2246
chebi:71456	CE2246
chebi:76375	CE2246
chebi:76459	CE2246
chebi:52325	M00860
chebi:71456	M00860
chebi:76375	M00860
chebi:76459	M00860
chebi:11684	CE2754
chebi:57261	CE2754
chebi:11684	HC02187
chebi:57261	HC02187
chebi:12783	retinol
chebi:17336	retinol
chebi:22349	retinol
chebi:8816	retinol
chebi:78272	retinol_9_cis
chebi:13445	udp
chebi:17659	udp
chebi:27230	udp
chebi:46402	udp
chebi:58223	udp
chebi:9802	udp
chebi:12124	ppmi12346p
chebi:2119	ppmi12346p
chebi:30164	ppmi12346p
chebi:58628	ppmi12346p
chebi:10243	M01966
chebi:12319	M01966
chebi:18148	M01966
chebi:22387	M01966
chebi:42761	M01966
chebi:58392	M01966
chebi:10925	mlthf
chebi:15636	mlthf
chebi:18602	mlthf
chebi:1989	mlthf
chebi:10049	xtp
chebi:59885	xtp
chebi:61314	xtp
chebi:1074	2ins
chebi:12115	2ins
chebi:16669	2ins
chebi:19550	2ins
chebi:2047	2ins
chebi:20560	2ins
chebi:27972	2ins
chebi:12741	ahcys
chebi:12759	ahcys
chebi:12761	ahcys
chebi:16680	ahcys
chebi:22034	ahcys
chebi:45495	ahcys
chebi:57856	ahcys
chebi:67009	ahcys
chebi:8945	ahcys
chebi:25531	nicrns
chebi:27748	nicrns
chebi:58527	nicrns
chebi:61161	nicrns
chebi:7560	nicrns
chebi:133520	CE1554
chebi:21544	CE1554
chebi:40986	CE1554
chebi:40992	CE1554
chebi:1333	3amp
chebi:22241	3amp
chebi:28931	3amp
chebi:40872	3amp
chebi:60880	3amp
chebi:66915	udpgalfur
chebi:67118	udpgalfur
chebi:1361	3ump
chebi:27229	3ump
chebi:28895	3ump
chebi:46259	3ump
chebi:556513	3ump
chebi:60784	3ump
chebi:13254	cdp
chebi:17239	cdp
chebi:23519	cdp
chebi:3260	cdp
chebi:41451	cdp
chebi:58069	cdp
chebi:50606	db4p
chebi:11304	10fthf
chebi:15637	10fthf
chebi:19108	10fthf
chebi:19109	10fthf
chebi:57454	10fthf
chebi:698	10fthf
chebi:10698	CE5956
chebi:62639	CE5956
chebi:10698	ttc_ggdp
chebi:62639	ttc_ggdp
chebi:11979	coucoa
chebi:15499	coucoa
chebi:1813	coucoa
chebi:20349	coucoa
chebi:57355	coucoa
chebi:85008	coucoa
chebi:85531	coucoa
chebi:25201	mescoa
chebi:27969	mescoa
chebi:6774	mescoa
chebi:75635	mescoa
chebi:19195	mi34p
chebi:28858	mi34p
chebi:4277	mi34p
chebi:83241	mi34p
chebi:929	HC01652
chebi:13268	cdpchol
chebi:16436	cdpchol
chebi:20867	cdpchol
chebi:3268	cdpchol
chebi:41440	cdpchol
chebi:49086	cdpchol
chebi:58779	cdpchol
chebi:12059	aps
chebi:13741	aps
chebi:13743	aps
chebi:17709	aps
chebi:22247	aps
chebi:2486	aps
chebi:40562	aps
chebi:58243	aps
chebi:15296	uri
chebi:16704	uri
chebi:27227	uri
chebi:46386	uri
chebi:46391	uri
chebi:46460	uri
chebi:9893	uri
chebi:10269	r1p
chebi:12329	r1p
chebi:12330	r1p
chebi:16300	r1p
chebi:21081	r1p
chebi:22412	r1p
chebi:35425	r1p
chebi:4236	r1p
chebi:45429	r1p
chebi:45482	r1p
chebi:57720	r1p
chebi:13327	gdp
chebi:14379	gdp
chebi:17552	gdp
chebi:24448	gdp
chebi:42738	gdp
chebi:5212	gdp
chebi:58189	gdp
chebi:65180	gdp
chebi:14103	dnad
chebi:14104	dnad
chebi:14105	dnad
chebi:18304	dnad
chebi:23567	dnad
chebi:4340	dnad
chebi:58437	dnad
chebi:13274	cmp
chebi:17361	cmp
chebi:23520	cmp
chebi:3275	cmp
chebi:41312	cmp
chebi:41319	cmp
chebi:41666	cmp
chebi:41691	cmp
chebi:47362	cmp
chebi:48799	cmp
chebi:58120	cmp
chebi:60377	cmp
chebi:63803	CE2038
chebi:77293	CE2038
chebi:12061	dad_5
chebi:17319	dad_5
chebi:1960	dad_5
chebi:20493	dad_5
chebi:40099	dad_5
chebi:50577	3hodcoa
chebi:87561	3hodcoa
chebi:140726	adsel
chebi:2485	adsel
chebi:10906	ametam
chebi:12743	ametam
chebi:12762	ametam
chebi:15625	ametam
chebi:22035	ametam
chebi:57443	ametam
chebi:8947	ametam
chebi:10487	bdg2hc
chebi:62223	bdg2hc
chebi:62251	bdg2hc
chebi:14456	ins
chebi:17596	ins
chebi:24841	ins
chebi:44407	ins
chebi:5927	ins
chebi:10700	frdp
chebi:11488	frdp
chebi:11491	frdp
chebi:12854	frdp
chebi:12874	frdp
chebi:14231	frdp
chebi:17407	frdp
chebi:175763	frdp
chebi:19789	frdp
chebi:24016	frdp
chebi:42496	frdp
chebi:50277	frdp
chebi:89268	CE2183
chebi:166785	M01461
chebi:88774	M01461
chebi:1354	3padsel
chebi:140698	3padsel
chebi:19856	3padsel
chebi:28450	3padsel
chebi:12102	aicar
chebi:18406	aicar
chebi:18966	aicar
chebi:40739	aicar
chebi:573	aicar
chebi:58475	aicar
chebi:52328	CE2250
chebi:71451	CE2250
chebi:52329	CE2253
chebi:73977	CE2253
chebi:136975	CE2186
chebi:172124	CE1278
chebi:48834	M01082
chebi:14375	gsn
chebi:16750	gsn
chebi:24444	gsn
chebi:42840	gsn
chebi:42847	gsn
chebi:471737	gsn
chebi:5564	gsn
chebi:12767	5mdr1p
chebi:12769	5mdr1p
chebi:12770	5mdr1p
chebi:20614	5mdr1p
chebi:20616	5mdr1p
chebi:2102	5mdr1p
chebi:27859	5mdr1p
chebi:30309	5mdr1p
chebi:30310	5mdr1p
chebi:58533	5mdr1p
chebi:13374	itp
chebi:16039	itp
chebi:19272	itp
chebi:43508	itp
chebi:57614	itp
chebi:5851	itp
chebi:61402	itp
chebi:62840	1ddecg3p
chebi:72682	1ddecg3p
chebi:1566	HC01440
chebi:20095	HC01440
chebi:27453	HC01440
chebi:142453	HC01672
chebi:1951	HC01672
chebi:2405	HC01672
chebi:37666	HC01672
chebi:10888	3mop
chebi:11049	3mop
chebi:15614	3mop
chebi:1585	3mop
chebi:18567	3mop
chebi:18568	3mop
chebi:18755	3mop
chebi:20116	3mop
chebi:213	3mop
chebi:28654	3mop
chebi:35146	3mop
chebi:35932	3mop
chebi:401	3mop
chebi:10430	starch
chebi:22847	starch
chebi:28560	starch
chebi:13257	cdpea
chebi:13270	cdpea
chebi:16732	cdpea
chebi:20869	cdpea
chebi:3270	cdpea
chebi:57876	cdpea
chebi:13735	pap
chebi:17985	pap
chebi:22240	pap
chebi:2475	pap
chebi:58343	pap
chebi:74102	M01466
chebi:147307	cmp2amep
chebi:3276	cmp2amep
chebi:3281	cmpntm2amep
chebi:21092	CE3075
chebi:15100	sph1p
chebi:16893	sph1p
chebi:23767	sph1p
chebi:57939	sph1p
chebi:9222	sph1p
chebi:21951	c10crn
chebi:28717	c10crn
chebi:68830	c10crn
chebi:7681	c10crn
chebi:13342	gtp
chebi:15996	gtp
chebi:24451	gtp
chebi:37565	gtp
chebi:42934	gtp
chebi:5234	gtp
chebi:57600	gtp
chebi:177679	CE4754
chebi:14699	orot5p
chebi:15842	orot5p
chebi:25723	orot5p
chebi:57538	orot5p
chebi:7788	orot5p
chebi:12645	fn2m2masn
chebi:32984	fn2m2masn
chebi:58650	fn2m2masn
chebi:59438	fn2m2masn
chebi:7390	fn2m2masn
chebi:62371	HC01668
chebi:62415	HC01668
chebi:8490	HC01668
chebi:11352	mi134p
chebi:18228	mi134p
chebi:19190	mi134p
chebi:43378	mi134p
chebi:58414	mi134p
chebi:810	mi134p
chebi:24108	CE2847
chebi:66940	CE2847
chebi:37642	cholcoar
chebi:58677	cholcoar
chebi:24575	hxcoa
chebi:27540	hxcoa
chebi:43306	hxcoa
chebi:5703	hxcoa
chebi:62620	hxcoa
chebi:12656	dcamp
chebi:12657	dcamp
chebi:15919	dcamp
chebi:21857	dcamp
chebi:22262	dcamp
chebi:39869	dcamp
chebi:57567	dcamp
chebi:7405	dcamp
chebi:12893	mi13p
chebi:18225	mi13p
chebi:19191	mi13p
chebi:4275	mi13p
chebi:43416	mi13p
chebi:83242	mi13p
chebi:74128	nrvnccoa
chebi:74142	nrvnccoa
chebi:172777	CE7086
chebi:136650	estriolglc
chebi:766	estriolglc
chebi:24007	ahandrostanglc
chebi:37451	ahandrostanglc
chebi:4908	ahandrostanglc
chebi:11665	M00625
chebi:1311	M00625
chebi:17703	M00625
chebi:19816	M00625
chebi:76591	M00625
chebi:11665	xol27oh
chebi:1311	xol27oh
chebi:17703	xol27oh
chebi:19816	xol27oh
chebi:76591	xol27oh
chebi:71308	mococdp
chebi:71353	mococdp
chebi:133451	CE0955
chebi:20736	CE0955
chebi:2205	CE0955
chebi:28158	CE0955
chebi:48825	M00979
chebi:87476	M00979
chebi:11350	mi1345p
chebi:11360	mi1345p
chebi:16783	mi1345p
chebi:19188	mi1345p
chebi:57895	mi1345p
chebi:808	mi1345p
chebi:2480	adocbi
chebi:13286	ctp
chebi:17677	ctp
chebi:23522	ctp
chebi:3285	ctp
chebi:37563	ctp
chebi:41675	ctp
chebi:58231	ctp
chebi:11446	25dhpp
chebi:19368	25dhpp
chebi:29114	25dhpp
chebi:58614	25dhpp
chebi:59545	25dhpp
chebi:59546	25dhpp
chebi:927	25dhpp
chebi:11446	25drapp
chebi:19368	25drapp
chebi:29114	25drapp
chebi:58614	25drapp
chebi:59545	25drapp
chebi:59546	25drapp
chebi:927	25drapp
chebi:84095	dmhptcrn
chebi:84843	dmhptcrn
chebi:86054	dmhptcrn
chebi:10066	xtsn
chebi:15323	xtsn
chebi:18107	xtsn
chebi:27327	xtsn
chebi:22556	andrstrnglc
chebi:2715	andrstrnglc
chebi:28832	andrstrnglc
chebi:1654	3otdcoa
chebi:20183	3otdcoa
chebi:28726	3otdcoa
chebi:62543	3otdcoa
chebi:1148	2hb
chebi:50613	2hb
chebi:64552	2hb
chebi:675746	2hb
chebi:73709	2hb
chebi:11756	aacoa
chebi:13706	aacoa
chebi:15345	aacoa
chebi:22173	aacoa
chebi:2392	aacoa
chebi:41333	aacoa
chebi:57286	aacoa
chebi:87054	M00960
chebi:34310	xol24oh
chebi:51341	pristcoa
chebi:77250	pristcoa
chebi:12726	ap4a
chebi:12729	ap4a
chebi:17422	ap4a
chebi:21998	ap4a
chebi:58141	ap4a
chebi:7875	ap4a
chebi:23095	dcholcoa
chebi:28701	dcholcoa
chebi:3589	dcholcoa
chebi:62989	dcholcoa
chebi:23095	dgcholcoa
chebi:28701	dgcholcoa
chebi:3589	dgcholcoa
chebi:62989	dgcholcoa
chebi:15224	hpglu
chebi:17420	hpglu
chebi:26919	hpglu
chebi:58140	hpglu
chebi:9489	hpglu
chebi:1702	xol7ah3
chebi:20226	xol7ah3
chebi:28540	xol7ah3
chebi:11033	alac__S
chebi:11495	alac__S
chebi:16444	alac__S
chebi:18409	alac__S
chebi:18731	alac__S
chebi:19433	alac__S
chebi:374	alac__S
chebi:57774	alac__S
chebi:58476	alac__S
chebi:983	alac__S
chebi:74068	doco13ecoa
chebi:74106	doco13ecoa
chebi:52975	M00049
chebi:74281	M00049
chebi:11294	glcur1p
chebi:16787	glcur1p
chebi:19090	glcur1p
chebi:21014	glcur1p
chebi:28547	glcur1p
chebi:35145	glcur1p
chebi:4179	glcur1p
chebi:57897	glcur1p
chebi:681	glcur1p
chebi:74069	ei11ecoa
chebi:74126	ei11ecoa
chebi:52966	hexccoa
chebi:64868	hexccoa
chebi:37643	CE5166
chebi:77251	CE5166
chebi:37643	cholcoas
chebi:77251	cholcoas
chebi:63546	tetpent6coa
chebi:74084	tetpent6coa
chebi:15214	tststerone
chebi:17347	tststerone
chebi:26883	tststerone
chebi:45798	tststerone
chebi:9461	tststerone
chebi:7565	nfd
chebi:7565	nifedipine
chebi:1554	3hpcoa
chebi:20080	3hpcoa
chebi:27762	3hpcoa
chebi:58528	3hpcoa
chebi:71404	chtn
chebi:50583	CE2248
chebi:71408	CE2248
chebi:76374	CE2248
chebi:76454	CE2248
chebi:4250	HC01180
chebi:58694	HC01180
chebi:4250	tagdp__D
chebi:58694	tagdp__D
chebi:26329	HC02217
chebi:27647	HC02217
chebi:44869	HC02217
chebi:82629	HC02217
chebi:8519	HC02217
chebi:10931	thf
chebi:12075	thf
chebi:15220	thf
chebi:15635	thf
chebi:18606	thf
chebi:20506	thf
chebi:46069	thf
chebi:57453	thf
chebi:68437	thf
chebi:9482	thf
chebi:11353	mi14p
chebi:12827	mi14p
chebi:17816	mi14p
chebi:19193	mi14p
chebi:39760	mi14p
chebi:58282	mi14p
chebi:812	mi14p
chebi:1695	cholcoads
chebi:20217	cholcoads
chebi:27505	cholcoads
chebi:13900	bilglcur
chebi:16427	bilglcur
chebi:22874	bilglcur
chebi:3101	bilglcur
chebi:57767	bilglcur
chebi:13276	cmpacna
chebi:13279	cmpacna
chebi:16556	cmpacna
chebi:20875	cmpacna
chebi:3278	cmpacna
chebi:44441	cmpacna
chebi:57812	cmpacna
chebi:59434	cmpacna
chebi:14432	arachcoa
chebi:15527	arachcoa
chebi:23900	arachcoa
chebi:4763	arachcoa
chebi:57380	arachcoa
chebi:20943	6dg
chebi:25182	6dg
chebi:28053	6dg
chebi:60170	6dg
chebi:6733	6dg
chebi:63545	strdnccoa
chebi:71489	strdnccoa
chebi:11752	dd3coa
chebi:1680	dd3coa
chebi:19987	dd3coa
chebi:27989	dd3coa
chebi:58543	dd3coa
chebi:11363	mi145p
chebi:12892	mi145p
chebi:12894	mi145p
chebi:16595	mi145p
chebi:19192	mi145p
chebi:203600	mi145p
chebi:4276	mi145p
chebi:43249	mi145p
chebi:76416	2docopencoa
chebi:76542	2docopencoa
chebi:76416	CE4835
chebi:76542	CE4835
chebi:76555	M00841
chebi:76896	M00841
chebi:75105	M02612
chebi:75332	M02612
chebi:52324	CE2247
chebi:71455	CE2247
chebi:76373	CE2247
chebi:76453	CE2247
chebi:4141	dgal6p
chebi:47944	dgal6p
chebi:91004	dgal6p
chebi:77545	M00061
chebi:77630	M00061
chebi:77545	hpdececoa
chebi:77630	hpdececoa
chebi:74329	M00862
chebi:74608	M00862
chebi:26994	HC02180
chebi:28728	HC02180
chebi:90696	HC02180
chebi:9576	HC02180
chebi:26994	txb2
chebi:28728	txb2
chebi:90696	txb2
chebi:9576	txb2
chebi:52974	lgnccoa
chebi:65052	lgnccoa
chebi:52974	ttccoa
chebi:65052	ttccoa
chebi:63548	CE4837
chebi:74087	CE4837
chebi:63548	tettet6coa
chebi:74087	tettet6coa
chebi:63543	tetpent3coa
chebi:74083	tetpent3coa
chebi:20806	dlnlcgcoa
chebi:2300	dlnlcgcoa
chebi:27979	dlnlcgcoa
chebi:74264	dlnlcgcoa
chebi:143181	maltpt
chebi:61952	maltpt
chebi:10270	r5p
chebi:12331	r5p
chebi:140679	r5p
chebi:18189	r5p
chebi:22413	r5p
chebi:52742	r5p
chebi:78346	r5p
chebi:12317	gam6p
chebi:15873	gam6p
chebi:4164	gam6p
chebi:42901	gam6p
chebi:47987	gam6p
chebi:58725	gam6p
chebi:75989	gam6p
chebi:10574	lnlncgcoa
chebi:12405	lnlncgcoa
chebi:15508	lnlncgcoa
chebi:24198	lnlncgcoa
chebi:57363	lnlncgcoa
chebi:11359	mi13456p
chebi:11367	mi13456p
chebi:16322	mi13456p
chebi:19187	mi13456p
chebi:57733	mi13456p
chebi:807	mi13456p
chebi:13988	cholcoa
chebi:15519	cholcoa
chebi:3671	cholcoa
chebi:37644	cholcoa
chebi:57373	cholcoa
chebi:13899	bildglcur
chebi:18392	bildglcur
chebi:22871	bildglcur
chebi:22873	bildglcur
chebi:3100	bildglcur
chebi:58471	bildglcur
chebi:12261	xoltri27
chebi:18431	xoltri27
chebi:20798	xoltri27
chebi:2284	xoltri27
chebi:76592	xoltri27
chebi:12178	xoltetrol
chebi:1692	xoltetrol
chebi:17278	xoltetrol
chebi:20666	xoltetrol
chebi:48939	xoltetrol
chebi:26742	sphs1p
chebi:37550	sphs1p
chebi:60119	sphs1p
chebi:9225	sphs1p
chebi:11903	dhcholestancoa
chebi:15494	dhcholestancoa
chebi:1709	dhcholestancoa
chebi:20234	dhcholestancoa
chebi:74328	M00012
chebi:74606	M00012
chebi:1693	cholcoaone
chebi:20214	cholcoaone
chebi:27379	cholcoaone
chebi:58507	cholcoaone
chebi:90119	M00067
chebi:90277	M00067
chebi:84847	dmhptcoa
chebi:85504	dmhptcoa
chebi:34528	adpcoa
chebi:76327	adpcoa
chebi:87700	dhcholoylcoa
chebi:88064	dhcholoylcoa
chebi:77028	seahcys
chebi:90118	M03047
chebi:90266	M03047
chebi:13278	HC01162
chebi:13280	HC01162
chebi:18098	HC01162
chebi:20877	HC01162
chebi:3280	HC01162
chebi:58376	HC01162
chebi:13278	cmpglna
chebi:13280	cmpglna
chebi:18098	cmpglna
chebi:20877	cmpglna
chebi:3280	cmpglna
chebi:58376	cmpglna
chebi:143183	malthp
chebi:61954	malthp
chebi:82751	HC02027
chebi:82751	xolest204_hs
chebi:136634	estroneglc
chebi:23973	estroneglc
chebi:28919	estroneglc
chebi:42342	estroneglc
chebi:4872	estroneglc
chebi:136639	tststeroneglc
chebi:26885	tststeroneglc
chebi:28835	tststeroneglc
chebi:9465	tststeroneglc
chebi:21618	acnamp
chebi:27438	acnamp
chebi:7215	acnamp
chebi:31529	egme
chebi:59908	egme
chebi:13329	gdpddman
chebi:16955	gdpddman
chebi:21153	gdpddman
chebi:5214	gdpddman
chebi:57964	gdpddman
chebi:10734	HC01412
chebi:27079	HC01412
chebi:27721	HC01412
chebi:61405	HC01412
chebi:10734	td2coa
chebi:27079	td2coa
chebi:27721	td2coa
chebi:61405	td2coa
chebi:10734	tetdece1coa
chebi:27079	tetdece1coa
chebi:27721	tetdece1coa
chebi:61405	tetdece1coa
chebi:1701	thcholoylcoa
chebi:20225	thcholoylcoa
chebi:27403	thcholoylcoa
chebi:87702	thcholoylcoa
chebi:88065	thcholoylcoa
chebi:10941	C04717
chebi:15655	C04717
chebi:18619	C04717
chebi:18620	C04717
chebi:264	C04717
chebi:39536	C04717
chebi:57466	C04717
chebi:15128	sucr
chebi:172954	sucr
chebi:17992	sucr
chebi:26812	sucr
chebi:45795	sucr
chebi:9314	sucr
chebi:14485	itaccoa
chebi:15528	itaccoa
chebi:24934	itaccoa
chebi:57381	itaccoa
chebi:6075	itaccoa
chebi:23346	coke
chebi:27958	coke
chebi:3801	coke
chebi:41642	coke
chebi:60056	coke
chebi:13162	rml1p
chebi:17892	rml1p
chebi:21381	rml1p
chebi:58313	rml1p
chebi:6294	rml1p
chebi:13328	gdpmann
chebi:13333	gdpmann
chebi:13340	gdpmann
chebi:15820	gdpmann
chebi:21159	gdpmann
chebi:42729	gdpmann
chebi:5225	gdpmann
chebi:57527	gdpmann
chebi:10823	prostg1
chebi:145	prostg1
chebi:15548	prostg1
chebi:57401	prostg1
chebi:10869	micit
chebi:141790	micit
chebi:142525	micit
chebi:145554	micit
chebi:15607	micit
chebi:18550	micit
chebi:189	micit
chebi:43909	micit
chebi:57429	micit
chebi:14063	cytd
chebi:17562	cytd
chebi:23515	cytd
chebi:4053	cytd
chebi:41649	cytd
chebi:41686	cytd
chebi:41704	cytd
chebi:1949	HC02110
chebi:798	whtststerone
chebi:60656	2ommbl
chebi:11045	hmgcoa
chebi:11814	hmgcoa
chebi:15467	hmgcoa
chebi:18747	hmgcoa
chebi:392	hmgcoa
chebi:43074	hmgcoa
chebi:61659	hmgcoa
chebi:15103	spc_hs
chebi:17689	spc_hs
chebi:26744	spc_hs
chebi:52897	spc_hs
chebi:58906	spc_hs
chebi:9226	spc_hs
chebi:86160	M00063
chebi:86441	M00063
chebi:10697	2ddecdicoa
chebi:27030	2ddecdicoa
chebi:28387	2ddecdicoa
chebi:10697	C05279
chebi:27030	C05279
chebi:28387	C05279
chebi:60907	ethmalcoa
chebi:60909	ethmalcoa
chebi:13712	accoa
chebi:15351	accoa
chebi:22192	accoa
chebi:2408	accoa
chebi:40470	accoa
chebi:57288	accoa
chebi:11531	b2coa
chebi:13921	b2coa
chebi:14031	b2coa
chebi:14032	b2coa
chebi:15473	b2coa
chebi:23408	b2coa
chebi:36926	b2coa
chebi:3928	b2coa
chebi:41612	b2coa
chebi:57332	b2coa
chebi:58669	b2coa
chebi:61705	2omhmbl
chebi:14637	tdcoa
chebi:15218	tdcoa
chebi:15532	tdcoa
chebi:26898	tdcoa
chebi:52969	tdcoa
chebi:57385	tdcoa
chebi:9475	tdcoa
chebi:26854	tchola
chebi:28865	tchola
chebi:36257	tchola
chebi:3672	tchola
chebi:45901	tchola
chebi:9408	tchola
chebi:13926	btcoa
chebi:15517	btcoa
chebi:22953	btcoa
chebi:22973	btcoa
chebi:3235	btcoa
chebi:57371	btcoa
chebi:3110	btamp
chebi:62414	btamp
chebi:10511	dtdp4d6dm
chebi:14082	dtdp4d6dm
chebi:15744	dtdp4d6dm
chebi:23543	dtdp4d6dm
chebi:45868	dtdp4d6dm
chebi:57494	dtdp4d6dm
chebi:62830	dtdp4d6dm
chebi:55451	CE5656
chebi:58923	CE5656
chebi:111006	malt6p
chebi:14569	malt6p
chebi:15703	malt6p
chebi:25142	malt6p
chebi:57478	malt6p
chebi:6669	malt6p
chebi:6670	malt6p
chebi:91177	malt6p
chebi:13882	bzcoa
chebi:13883	bzcoa
chebi:15515	bzcoa
chebi:22735	bzcoa
chebi:57369	bzcoa
chebi:8952	bzcoa
chebi:26909	thfglu
chebi:27650	thfglu
chebi:9483	thfglu
chebi:15107	stcoa
chebi:15541	stcoa
chebi:26754	stcoa
chebi:57394	stcoa
chebi:9256	stcoa
chebi:132183	3hadicoa
chebi:70990	3hadicoa
chebi:71038	3hadicoa
chebi:132183	3hadpcoa
chebi:70990	3hadpcoa
chebi:71038	3hadpcoa
chebi:71302	moco
chebi:71306	moco
chebi:13490	udpxyl
chebi:16082	udpxyl
chebi:22105	udpxyl
chebi:46260	udpxyl
chebi:57632	udpxyl
chebi:59456	udpxyl
chebi:9813	udpxyl
chebi:14752	M02694
chebi:15536	M02694
chebi:25893	M02694
chebi:57389	M02694
chebi:7981	M02694
chebi:14752	pentcoa
chebi:15536	pentcoa
chebi:25893	pentcoa
chebi:57389	pentcoa
chebi:7981	pentcoa
chebi:10795	sql
chebi:10843	sql
chebi:15104	sql
chebi:15440	sql
chebi:26746	sql
chebi:9245	sql
chebi:10067	xmp
chebi:10938	xmp
chebi:15324	xmp
chebi:15652	xmp
chebi:27328	xmp
chebi:57464	xmp
chebi:63820	M02977
chebi:63824	M02977
chebi:11954	4ampm
chebi:11958	4ampm
chebi:1779	4ampm
chebi:18032	4ampm
chebi:20309	4ampm
chebi:58354	4ampm
chebi:12146	5mthf
chebi:136009	5mthf
chebi:15641	5mthf
chebi:18608	5mthf
chebi:2097	5mthf
chebi:45126	preq1
chebi:58703	preq1
chebi:165319	CE5726
chebi:77190	cdpdhdecg
chebi:77358	cdpdhdecg
chebi:65132	c226coa
chebi:74298	c226coa
chebi:62227	seasmet
chebi:9066	seasmet
chebi:46970	phsph1p
chebi:64795	phsph1p
chebi:10296	lcts
chebi:10380	lcts
chebi:14497	lcts
chebi:17716	lcts
chebi:22460	lcts
chebi:22760	lcts
chebi:25005	lcts
chebi:27755	lcts
chebi:613009	lcts
chebi:14188	ddcacoa
chebi:14501	ddcacoa
chebi:15521	ddcacoa
chebi:25014	ddcacoa
chebi:41874	ddcacoa
chebi:57375	ddcacoa
chebi:6392	ddcacoa
chebi:52327	CE2251
chebi:65115	CE2251
chebi:63856	dmnoncoa
chebi:77061	dmnoncoa
chebi:14326	glutcoa
chebi:15524	glutcoa
chebi:24332	glutcoa
chebi:5436	glutcoa
chebi:57378	glutcoa
chebi:12159	prpp
chebi:12160	prpp
chebi:17111	prpp
chebi:20625	prpp
chebi:2121	prpp
chebi:45139	prpp
chebi:58017	prpp
chebi:11853	3mb2coa
chebi:11858	3mb2coa
chebi:15486	3mb2coa
chebi:1599	3mb2coa
chebi:20128	3mb2coa
chebi:23802	3mb2coa
chebi:4615	3mb2coa
chebi:57344	3mb2coa
chebi:13021	sbt6p
chebi:15094	sbt6p
chebi:17044	sbt6p
chebi:21093	sbt6p
chebi:4247	sbt6p
chebi:45426	sbt6p
chebi:60084	sbt6p
chebi:9202	sbt6p
chebi:50111	CE1589
chebi:58810	CE1589
chebi:12233	6pgl
chebi:12958	6pgl
chebi:16938	6pgl
chebi:20989	6pgl
chebi:4160	6pgl
chebi:57955	6pgl
chebi:13853	arachdcoa
chebi:13854	arachdcoa
chebi:15514	arachdcoa
chebi:22611	arachdcoa
chebi:22613	arachdcoa
chebi:2800	arachdcoa
chebi:57368	arachdcoa
chebi:13853	eitetcoa
chebi:13854	eitetcoa
chebi:15514	eitetcoa
chebi:22611	eitetcoa
chebi:22613	eitetcoa
chebi:2800	eitetcoa
chebi:57368	eitetcoa
chebi:11928	tmtrdcoa
chebi:15495	tmtrdcoa
chebi:1757	tmtrdcoa
chebi:20281	tmtrdcoa
chebi:57351	tmtrdcoa
chebi:47799	1a2425thvitd3
chebi:10509	dtdp4d6dg
chebi:10510	dtdp4d6dg
chebi:14080	dtdp4d6dg
chebi:14081	dtdp4d6dg
chebi:16128	dtdp4d6dg
chebi:16620	dtdp4d6dg
chebi:23541	dtdp4d6dg
chebi:23542	dtdp4d6dg
chebi:57649	dtdp4d6dg
chebi:57837	dtdp4d6dg
chebi:62829	dtdp4d6dg
chebi:63541	clpndcoa
chebi:73870	clpndcoa
chebi:61519	allul6p
chebi:61559	allul6p
chebi:12125	fprica
chebi:18381	fprica
chebi:18967	fprica
chebi:574	fprica
chebi:58467	fprica
chebi:12623	gar
chebi:143788	gar
chebi:18349	gar
chebi:1983	gar
chebi:20499	gar
chebi:24367	gar
chebi:42688	gar
chebi:58457	gar
chebi:140999	malttr
chebi:25146	malttr
chebi:27931	malttr
chebi:43937	malttr
chebi:6672	malttr
chebi:13456	uacgam
chebi:13473	uacgam
chebi:13475	uacgam
chebi:13476	uacgam
chebi:16264	uacgam
chebi:22115	uacgam
chebi:46243	uacgam
chebi:57705	uacgam
chebi:9823	uacgam
chebi:11629	ibcoa
chebi:1214	ibcoa
chebi:12754	ibcoa
chebi:15479	ibcoa
chebi:19712	ibcoa
chebi:41634	ibcoa
chebi:57338	ibcoa
chebi:11856	ivcoa
chebi:14481	ivcoa
chebi:15487	ivcoa
chebi:1598	ivcoa
chebi:20126	ivcoa
chebi:57345	ivcoa
chebi:11793	dpcoa
chebi:14124	dpcoa
chebi:15468	dpcoa
chebi:23642	dpcoa
chebi:41614	dpcoa
chebi:4436	dpcoa
chebi:57328	dpcoa
chebi:13231	adprib
chebi:16960	adprib
chebi:20850	adprib
chebi:2351	adprib
chebi:32889	adprib
chebi:40752	adprib
chebi:57967	adprib
chebi:12161	pram
chebi:133922	pram
chebi:20626	pram
chebi:2123	pram
chebi:37737	pram
chebi:42834	pram
chebi:58681	pram
chebi:13739	adocbl
chebi:18408	adocbl
chebi:23340	adocbl
chebi:3797	adocbl
chebi:11679	paps
chebi:11680	paps
chebi:1353	paps
chebi:17980	paps
chebi:19857	paps
chebi:58339	paps
chebi:13371	idp
chebi:17808	idp
chebi:19270	idp
chebi:43252	idp
chebi:58280	idp
chebi:5848	idp
chebi:1545	3ivcoa
chebi:20073	3ivcoa
chebi:28291	3ivcoa
chebi:62555	3ivcoa
chebi:14780	phaccoa
chebi:15537	phaccoa
chebi:25980	phaccoa
chebi:57390	phaccoa
chebi:8086	phaccoa
chebi:50571	3ohodcoa
chebi:71407	3ohodcoa
chebi:63542	eicostetcoa
chebi:74265	eicostetcoa
chebi:11613	2maacoa
chebi:1195	2maacoa
chebi:15476	2maacoa
chebi:19687	2maacoa
chebi:57335	2maacoa
chebi:12996	mnl
chebi:130180	mnl
chebi:16899	mnl
chebi:21050	mnl
chebi:44192	mnl
chebi:6686	mnl
chebi:136641	estradiolglc
chebi:23964	estradiolglc
chebi:36489	estradiolglc
chebi:4865	estradiolglc
chebi:37283	M02107
chebi:78811	M02107
chebi:37283	hepcoa
chebi:78811	hepcoa
chebi:143180	M02451
chebi:61988	M02451
chebi:143180	maltttr
chebi:61988	maltttr
chebi:1147	hcit
chebi:11593	hcit
chebi:17852	hcit
chebi:24608	hcit
chebi:24609	hcit
chebi:36457	hcit
chebi:52222	hcit
chebi:58884	hcit
chebi:10723	dc2coa
chebi:61406	dc2coa
chebi:10728	hdd2coa
chebi:27047	hdd2coa
chebi:28935	hdd2coa
chebi:61526	hdd2coa
chebi:11028	25aics
chebi:18319	25aics
chebi:18965	25aics
chebi:572	25aics
chebi:58443	25aics
chebi:78110	25aics
chebi:10949	2mb2coa
chebi:11614	2mb2coa
chebi:11619	2mb2coa
chebi:1199	2mb2coa
chebi:1204	2mb2coa
chebi:15478	2mb2coa
chebi:19691	2mb2coa
chebi:19697	2mb2coa
chebi:57260	2mb2coa
chebi:57337	2mb2coa
chebi:11489	dd2coa
chebi:1287	dd2coa
chebi:15471	dd2coa
chebi:19790	dd2coa
chebi:57330	dd2coa
chebi:63540	tethex3coa
chebi:74086	tethex3coa
chebi:25581	noncoa
chebi:27770	noncoa
chebi:7617	noncoa
chebi:76291	noncoa
chebi:13722	prpncoa
chebi:15513	prpncoa
chebi:26301	prpncoa
chebi:57367	prpncoa
chebi:8488	prpncoa
chebi:12900	alaala
chebi:13749	alaala
chebi:16576	alaala
chebi:20894	alaala
chebi:4088	alaala
chebi:57822	alaala
chebi:18779	3hdcoa
chebi:28325	3hdcoa
chebi:418	3hdcoa
chebi:62616	3hdcoa
chebi:1633	3odcoa
chebi:20166	3odcoa
chebi:28528	3odcoa
chebi:62548	3odcoa
chebi:10871	3hmbcoa
chebi:15449	3hmbcoa
chebi:18552	3hmbcoa
chebi:18553	3hmbcoa
chebi:191	3hmbcoa
chebi:57312	3hmbcoa
chebi:1636	3oddcoa
chebi:20169	3oddcoa
chebi:27868	3oddcoa
chebi:62615	3oddcoa
chebi:1641	3ohcoa
chebi:20172	3ohcoa
chebi:27648	3ohcoa
chebi:62418	3ohcoa
chebi:1641	HC01408
chebi:20172	HC01408
chebi:27648	HC01408
chebi:62418	HC01408
chebi:13498	udpg
chebi:13505	udpg
chebi:18066	udpg
chebi:22103	udpg
chebi:27234	udpg
chebi:42885	udpg
chebi:46228	udpg
chebi:46229	udpg
chebi:52249	udpg
chebi:58367	udpg
chebi:58885	udpg
chebi:9845	udpg
chebi:9895	udpg
chebi:18751	3hddcoa
chebi:27668	3hddcoa
chebi:396	3hddcoa
chebi:62558	3hddcoa
chebi:11875	3ohdcoa
chebi:15491	3ohdcoa
chebi:1647	3ohdcoa
chebi:20176	3ohdcoa
chebi:57349	3ohdcoa
chebi:12004	4hbzcoa
chebi:12005	4hbzcoa
chebi:15500	4hbzcoa
chebi:1859	4hbzcoa
chebi:20399	4hbzcoa
chebi:40998	4hbzcoa
chebi:57356	4hbzcoa
chebi:10726	hx2coa
chebi:27076	hx2coa
chebi:28706	hx2coa
chebi:62077	hx2coa
chebi:72833	pailpalm_hs
chebi:73218	pailpalm_hs
chebi:18780	3hhcoa
chebi:28276	3hhcoa
chebi:419	3hhcoa
chebi:62075	3hhcoa
chebi:18780	HC01407
chebi:28276	HC01407
chebi:419	HC01407
chebi:62075	HC01407
chebi:18750	3hocoa
chebi:18781	3hocoa
chebi:28632	3hocoa
chebi:395	3hocoa
chebi:420	3hocoa
chebi:62617	3hocoa
chebi:18750	HC01405
chebi:18781	HC01405
chebi:28632	HC01405
chebi:395	HC01405
chebi:420	HC01405
chebi:62617	HC01405
chebi:18754	3htdcoa
chebi:27466	3htdcoa
chebi:400	3htdcoa
chebi:62614	3htdcoa
chebi:132149	HC02210
chebi:34939	HC02210
chebi:14005	cbl2
chebi:16304	cbl2
chebi:23330	cbl2
chebi:3786	cbl2
chebi:23657	kdo2lipid4
chebi:28526	kdo2lipid4
chebi:4477	kdo2lipid4
chebi:60365	kdo2lipid4
chebi:77547	M03116
chebi:78176	M03116
chebi:77547	undcoa
chebi:78176	undcoa
chebi:13487	udpgal
chebi:13495	udpgal
chebi:18307	udpgal
chebi:22100	udpgal
chebi:42751	udpgal
chebi:58439	udpgal
chebi:66914	udpgal
chebi:67119	udpgal
chebi:9811	udpgal
chebi:14004	cbl1
chebi:15982	cbl1
chebi:23328	cbl1
chebi:3784	cbl1
chebi:60488	cbl1
chebi:63544	adrncoa
chebi:73856	adrncoa
chebi:14835	phytcoa
chebi:15538	phytcoa
chebi:26113	phytcoa
chebi:57391	phytcoa
chebi:8190	phytcoa
chebi:11600	phyt2ohcoa
chebi:1170	phyt2ohcoa
chebi:15475	phyt2ohcoa
chebi:19657	phyt2ohcoa
chebi:57334	phyt2ohcoa
chebi:10746	succoa
chebi:15127	succoa
chebi:15380	succoa
chebi:26811	succoa
chebi:45541	succoa
chebi:57292	succoa
chebi:9310	succoa
chebi:74307	hpdcacoa
chebi:74397	hpdcacoa
chebi:1208	2mp2coa
chebi:19706	2mp2coa
chebi:27754	2mp2coa
chebi:62500	2mp2coa
chebi:50570	od2coa
chebi:71412	od2coa
chebi:51985	lnlncacoa
chebi:74034	lnlncacoa
chebi:138881	f1p
chebi:139419	f1p
chebi:20930	f1p
chebi:37515	f1p
chebi:5174	f1p
chebi:58674	f1p
chebi:133421	HC02214
chebi:26325	HC02214
chebi:28852	HC02214
chebi:8515	HC02214
chebi:176067	CE4980
chebi:13508	ump
chebi:13509	ump
chebi:16695	ump
chebi:27231	ump
chebi:46362	ump
chebi:46381	ump
chebi:46382	ump
chebi:47721	ump
chebi:57865	ump
chebi:9849	ump
chebi:37640	xoltri24
chebi:26690	sheme
chebi:28599	sheme
chebi:60052	sheme
chebi:9166	sheme
chebi:20848	adpman
chebi:2350	adpman
chebi:28845	adpman
chebi:137651	arachcrn
chebi:73100	arachcrn
chebi:84645	arachcrn
chebi:150430	mn
chebi:2481	adocbip
chebi:58502	adocbip
chebi:10564	HC01700
chebi:24192	HC01700
chebi:28092	HC01700
chebi:13489	udpglcur
chebi:13506	udpglcur
chebi:17200	udpglcur
chebi:22104	udpglcur
chebi:46309	udpglcur
chebi:58052	udpglcur
chebi:9846	udpglcur
chebi:11957	4ahmmp
chebi:16892	4ahmmp
chebi:1781	4ahmmp
chebi:20312	4ahmmp
chebi:43206	4ahmmp
chebi:62244	dec24dicoa
chebi:62409	dec24dicoa
chebi:62244	decdicoa
chebi:62409	decdicoa
chebi:73074	stcrn
chebi:84644	stcrn
chebi:26123	phsphings
chebi:31999	phsphings
chebi:46961	phsphings
chebi:64124	phsphings
chebi:11351	mi1346p
chebi:11361	mi1346p
chebi:16155	mi1346p
chebi:19189	mi1346p
chebi:57660	mi1346p
chebi:809	mi1346p
chebi:12316	gam1p
chebi:20994	gam1p
chebi:27625	gam1p
chebi:4163	gam1p
chebi:42868	gam1p
chebi:58516	gam1p
chebi:133409	15kprostgf2
chebi:19154	15kprostgf2
chebi:28442	15kprostgf2
chebi:760	15kprostgf2
chebi:76456	M03005
chebi:76638	M03005
chebi:10983	bhb
chebi:17066	bhb
chebi:18666	bhb
chebi:322	bhb
chebi:176978	tetdecdicoa
chebi:176978	ttetddcoa
chebi:70713	CE0785
chebi:10397	glc_D_B
chebi:12373	glc_D_B
chebi:15903	glc_D_B
chebi:22795	glc_D_B
chebi:41140	glc_D_B
chebi:10397	glc__bD
chebi:12373	glc__bD
chebi:15903	glc__bD
chebi:22795	glc__bD
chebi:41140	glc__bD
chebi:10242	Glc_aD
chebi:12318	Glc_aD
chebi:17925	Glc_aD
chebi:22386	Glc_aD
chebi:40557	Glc_aD
chebi:42802	Glc_aD
chebi:88300	Glc_aD
chebi:10242	glc__aD
chebi:12318	glc__aD
chebi:17925	glc__aD
chebi:22386	glc__aD
chebi:40557	glc__aD
chebi:42802	glc__aD
chebi:88300	glc__aD
chebi:29140	dd4coa
chebi:29140	dec4coa
chebi:13029	dxylnt
chebi:17746	dxylnt
chebi:21113	dxylnt
chebi:4262	dxylnt
chebi:46655	dxylnt
chebi:48093	dxylnt
chebi:11005	mevR
chebi:17710	mevR
chebi:18690	mevR
chebi:18691	mevR
chebi:25350	mevR
chebi:25351	mevR
chebi:345	mevR
chebi:36464	mevR
chebi:43870	mevR
chebi:11005	mev__R
chebi:17710	mev__R
chebi:18690	mev__R
chebi:18691	mev__R
chebi:25350	mev__R
chebi:25351	mev__R
chebi:345	mev__R
chebi:36464	mev__R
chebi:43870	mev__R
chebi:18789	mmalsa
chebi:27821	mmalsa
chebi:427	mmalsa
chebi:62413	mmalsa
chebi:18789	mmalsa__S
chebi:27821	mmalsa__S
chebi:427	mmalsa__S
chebi:62413	mmalsa__S
chebi:18789	mmtsa
chebi:27821	mmtsa
chebi:427	mmtsa
chebi:62413	mmtsa
chebi:11297	1pyr5c
chebi:11689	1pyr5c
chebi:12409	1pyr5c
chebi:1372	1pyr5c
chebi:15893	1pyr5c
chebi:17388	1pyr5c
chebi:18727	1pyr5c
chebi:19095	1pyr5c
chebi:19873	1pyr5c
chebi:26458	1pyr5c
chebi:371	1pyr5c
chebi:11297	pyr5carb
chebi:11689	pyr5carb
chebi:12409	pyr5carb
chebi:1372	pyr5carb
chebi:15893	pyr5carb
chebi:17388	pyr5carb
chebi:18727	pyr5carb
chebi:19095	pyr5carb
chebi:19873	pyr5carb
chebi:26458	pyr5carb
chebi:371	pyr5carb
chebi:84711	stfrnA
chebi:146260	Sptmyn
chebi:45551	Sptmyn
chebi:77315	Sptmyn
chebi:9215	Sptmyn
chebi:10913	prostgf2
chebi:15553	prostgf2
chebi:26327	prostgf2
chebi:57404	prostgf2
chebi:8516	prostgf2
chebi:11772	HC00955
chebi:11773	HC00955
chebi:13061	HC00955
chebi:1477	HC00955
chebi:16934	HC00955
chebi:19989	HC00955
chebi:57954	HC00955
chebi:77860	HC00955
chebi:13116	gullac
chebi:17587	gullac
chebi:21320	gullac
chebi:58198	gullac
chebi:6236	gullac
chebi:140756	5eipencoa
chebi:140757	5eipencoa
chebi:63539	5eipencoa
chebi:73862	5eipencoa
chebi:140756	tmndnccoa
chebi:140757	tmndnccoa
chebi:63539	tmndnccoa
chebi:73862	tmndnccoa
chebi:144817	galam
chebi:60312	galam
chebi:10396	gam
chebi:140810	gam
chebi:22794	gam
chebi:28393	gam
chebi:4162	gam
chebi:42813	gam
chebi:47972	gam
chebi:47977	gam
chebi:58723	gam
chebi:10840	ala__D
chebi:12899	ala__D
chebi:15570	ala__D
chebi:20893	ala__D
chebi:32435	ala__D
chebi:32436	ala__D
chebi:4087	ala__D
chebi:41756	ala__D
chebi:41798	ala__D
chebi:41848	ala__D
chebi:41877	ala__D
chebi:57416	ala__D
chebi:13069	ala__L
chebi:16977	ala__L
chebi:21216	ala__L
chebi:32431	ala__L
chebi:32432	ala__L
chebi:40734	ala__L
chebi:40735	ala__L
chebi:46308	ala__L
chebi:57972	ala__L
chebi:6171	ala__L
chebi:76050	ala__L
chebi:75186	galgluside_hs
chebi:13091	crn
chebi:16347	crn
chebi:21256	crn
chebi:39547	crn
chebi:6202	crn
chebi:86047	c3dc
chebi:22117	uacmamu
chebi:28581	uacmamu
chebi:58578	uacmamu
chebi:70731	uacmamu
chebi:70738	uacmamu
chebi:9825	uacmamu
chebi:88776	dopa4glcur
chebi:52326	CE2249
chebi:65051	CE2249
chebi:13734	adn
chebi:16335	adn
chebi:22237	adn
chebi:2472	adn
chebi:40558	adn
chebi:40825	adn
chebi:40906	adn
chebi:13316	fadh2
chebi:17877	fadh2
chebi:21126	fadh2
chebi:42427	fadh2
chebi:4957	fadh2
chebi:58307	fadh2
chebi:47952	glcur
chebi:58720	glcur
chebi:11746	HC01444
chebi:15754	HC01444
chebi:1677	HC01444
chebi:20243	HC01444
chebi:5259	HC01444
chebi:57500	HC01444
chebi:172123	CE1273
chebi:172126	CE1273
chebi:172123	CE1279
chebi:172126	CE1279
chebi:32884	dttOX
chebi:42144	dttOX
chebi:42147	dttOX
chebi:47803	CE2202
chebi:10916	prostgd2
chebi:15555	prostgd2
chebi:246	prostgd2
chebi:26321	prostgd2
chebi:45044	prostgd2
chebi:57406	prostgd2
chebi:12443	acgam1p
chebi:12542	acgam1p
chebi:138007	acgam1p
chebi:16446	acgam1p
chebi:21573	acgam1p
chebi:42925	acgam1p
chebi:57776	acgam1p
chebi:7125	acgam1p
chebi:7163	acgam1p
chebi:81474	acgam1p
chebi:44313	acgal1p
chebi:55404	acgal1p
chebi:61970	acgal1p
chebi:52965	ppmi1346p
chebi:53068	ppmi1346p
chebi:10373	fru
chebi:22766	fru
chebi:28645	fru
chebi:42560	fru
chebi:133091	gluala
chebi:50619	gluala
chebi:10247	glc1man
chebi:22391	glc1man
chebi:27554	glc1man
chebi:4208	man
chebi:10245	g6p_A
chebi:12321	g6p_A
chebi:17665	g6p_A
chebi:22389	g6p_A
chebi:42748	g6p_A
chebi:58225	g6p_A
chebi:10399	M01389
chebi:12375	M01389
chebi:17719	M01389
chebi:22797	M01389
chebi:41041	M01389
chebi:58247	M01389
chebi:10399	g6p_B
chebi:12375	g6p_B
chebi:17719	g6p_B
chebi:22797	g6p_B
chebi:41041	g6p_B
chebi:58247	g6p_B
chebi:12328	man6p
chebi:43894	man6p
chebi:43896	man6p
chebi:48066	man6p
chebi:58735	man6p
chebi:60332	man6p
chebi:14314	g6p
chebi:4170	g6p
chebi:61548	g6p
chebi:81672	methsuccoa
chebi:84866	methsuccoa
chebi:63153	acmana
chebi:21972	pcrn
chebi:28867	pcrn
chebi:53210	pcrn
chebi:7701	pcrn
chebi:85465	pcrn
chebi:133065	pailar_hs
chebi:83053	pailar_hs
chebi:12976	glac
chebi:18268	glac
chebi:21018	glac
chebi:4181	glac
chebi:18753	3hibutcoa
chebi:28259	3hibutcoa
chebi:399	3hibutcoa
chebi:62611	3hibutcoa
chebi:18753	HC01223
chebi:28259	HC01223
chebi:399	HC01223
chebi:62611	HC01223
chebi:11048	3hbcoa
chebi:15453	3hbcoa
chebi:18749	3hbcoa
chebi:394	3hbcoa
chebi:39978	3hbcoa
chebi:57316	3hbcoa
chebi:37373	3hmp
chebi:398	3hmp
chebi:62638	3hmp
chebi:64959	M00783
chebi:64972	M00783
chebi:76378	M00783
chebi:76465	M00783
chebi:13317	fmn
chebi:17621	fmn
chebi:21127	fmn
chebi:42587	fmn
chebi:4960	fmn
chebi:21502	acgal
chebi:28037	acgal
chebi:546804	acgal
chebi:7110	acgal
chebi:21601	acgam
chebi:506227	acgam
chebi:13315	fad
chebi:16238	fad
chebi:21125	fad
chebi:42388	fad
chebi:4956	fad
chebi:11872	oxadpcoa
chebi:15490	oxadpcoa
chebi:1632	oxadpcoa
chebi:20164	oxadpcoa
chebi:57348	oxadpcoa
chebi:10601	inost
chebi:12826	inost
chebi:12831	inost
chebi:17268	inost
chebi:25451	inost
chebi:43559	inost
chebi:77612	cmusa
chebi:994	cmusa
chebi:995	cmusa
chebi:10526	dtdpglu
chebi:10528	dtdpglu
chebi:14089	dtdpglu
chebi:14091	dtdpglu
chebi:15700	dtdpglu
chebi:23556	dtdpglu
chebi:35248	dtdpglu
chebi:57477	dtdpglu
chebi:14685	M00127
chebi:15534	M00127
chebi:25668	M00127
chebi:57387	M00127
chebi:7743	M00127
chebi:14685	ocde9ecoa
chebi:15534	ocde9ecoa
chebi:25668	ocde9ecoa
chebi:57387	ocde9ecoa
chebi:7743	ocde9ecoa
chebi:14685	octdececoa
chebi:15534	octdececoa
chebi:25668	octdececoa
chebi:57387	octdececoa
chebi:7743	octdececoa
chebi:14685	odecoa
chebi:15534	odecoa
chebi:25668	odecoa
chebi:57387	odecoa
chebi:7743	odecoa
chebi:84790	hexe3coa
chebi:85442	hexe3coa
chebi:17775	urate
chebi:46455	urate
chebi:46811	urate
chebi:46814	urate
chebi:46817	urate
chebi:46821	urate
chebi:46822	urate
chebi:46823	urate
chebi:46824	urate
chebi:46825	urate
chebi:46826	urate
chebi:62585	urate
chebi:62589	urate
chebi:9885	urate
chebi:13230	adpglc
chebi:15751	adpglc
chebi:20846	adpglc
chebi:2349	adpglc
chebi:40615	adpglc
chebi:57498	adpglc
chebi:12101	air
chebi:137981	air
chebi:138560	air
chebi:18969	air
chebi:2655	air
chebi:28843	air
chebi:58592	air
chebi:11616	2mbcoa
chebi:1201	2mbcoa
chebi:15477	2mbcoa
chebi:19693	2mbcoa
chebi:57336	2mbcoa
chebi:80225	2mbcoa
chebi:88166	2mbcoa
chebi:90222	2mbcoa
chebi:12776	retinal
chebi:17898	retinal
chebi:22348	retinal
chebi:8814	retinal
chebi:78273	retinal_cis_9
chebi:12163	M03167
chebi:16752	M03167
chebi:20627	M03167
chebi:2122	M03167
chebi:57882	M03167
chebi:29126	dece3coa
chebi:84793	dece3coa
chebi:62168	acmanap
chebi:12456	acgam6p
chebi:12564	acgam6p
chebi:15784	acgam6p
chebi:21521	acgam6p
chebi:57513	acgam6p
chebi:7127	acgam6p
chebi:13767	aact
chebi:17906	aact
chebi:19025	aact
chebi:2648	aact
chebi:42749	aact
chebi:42849	aact
chebi:58320	aact
chebi:14568	malt
chebi:17306	malt
chebi:25144	malt
chebi:6668	malt
chebi:13332	gdpfuc
chebi:13335	gdpfuc
chebi:17009	gdpfuc
chebi:21162	gdpfuc
chebi:5221	gdpfuc
chebi:57273	gdpfuc
chebi:57984	gdpfuc
chebi:28681	HC00822
chebi:3597	HC00822
chebi:701011	HC00822
chebi:10732	HC01415
chebi:27078	HC01415
chebi:27537	HC01415
chebi:62242	HC01415
chebi:10732	c81coa
chebi:27078	c81coa
chebi:27537	c81coa
chebi:62242	c81coa
chebi:10732	oc2coa
chebi:27078	oc2coa
chebi:27537	oc2coa
chebi:62242	oc2coa
chebi:1691	HC01459
chebi:20213	HC01459
chebi:27458	HC01459
chebi:52050	HC01459
chebi:59807	HC01459
chebi:10202	tre
chebi:12281	tre
chebi:12284	tre
chebi:12287	tre
chebi:15251	tre
chebi:16551	tre
chebi:22365	tre
chebi:27082	tre
chebi:46211	tre
chebi:10450	3ddecdicoa
chebi:23257	3ddecdicoa
chebi:28002	3ddecdicoa
chebi:78550	3ddecdicoa
chebi:10450	C05280
chebi:23257	C05280
chebi:28002	C05280
chebi:78550	C05280
chebi:13142	metox
chebi:17016	metox
chebi:21361	metox
chebi:6272	metox
chebi:49031	metsox_S__L
chebi:58772	metsox_S__L
chebi:45744	acnam
chebi:58705	acnam
chebi:59907	f420_0
chebi:10261	man1p
chebi:12327	man1p
chebi:18205	man1p
chebi:21058	man1p
chebi:22404	man1p
chebi:35374	man1p
chebi:4210	man1p
chebi:43854	man1p
chebi:58409	man1p
chebi:20849	adprbp
chebi:2352	adprbp
chebi:37463	adprbp
chebi:58673	adprbp
chebi:76368	dcsptn1coa
chebi:76450	dcsptn1coa
chebi:12967	g1p
chebi:16077	g1p
chebi:21001	g1p
chebi:4169	g1p
chebi:57629	g1p
chebi:10398	g1p_B
chebi:12374	g1p_B
chebi:16218	g1p_B
chebi:22796	g1p_B
chebi:26049	g1p_B
chebi:28149	g1p_B
chebi:57684	g1p_B
chebi:8142	g1p_B
chebi:10232	gal1p
chebi:12305	gal1p
chebi:12306	gal1p
chebi:17973	gal1p
chebi:20957	gal1p
chebi:22374	gal1p
chebi:37480	gal1p
chebi:4140	gal1p
chebi:42878	gal1p
chebi:58336	gal1p
chebi:59011	gal1p
chebi:52370	3ohxccoa
chebi:52959	3ohxccoa
chebi:52977	3ohxccoa
chebi:73980	3ohxccoa
chebi:52330	g3pe
chebi:74243	pailste_hs
chebi:83054	pailste_hs
chebi:11724	ha_pre1
chebi:1429	ha_pre1
chebi:16126	ha_pre1
chebi:19931	ha_pre1
chebi:63279	ha_pre1
chebi:63280	ha_pre1
chebi:14565	malcoa
chebi:15531	malcoa
chebi:25135	malcoa
chebi:43979	malcoa
chebi:57384	malcoa
chebi:6661	malcoa
chebi:10374	fdp
chebi:22767	fdp
chebi:28013	fdp
chebi:32966	fdp
chebi:37736	fdp
chebi:41014	fdp
chebi:42553	fdp
chebi:49299	fdp
chebi:10603	inoshp
chebi:11366	inoshp
chebi:12829	inoshp
chebi:12832	inoshp
chebi:17401	inoshp
chebi:19200	inoshp
chebi:58130	inoshp
chebi:10603	minohp
chebi:11366	minohp
chebi:12829	minohp
chebi:12832	minohp
chebi:17401	minohp
chebi:19200	minohp
chebi:58130	minohp
chebi:10518	dtdprmn
chebi:136895	dtdprmn
chebi:14083	dtdprmn
chebi:15774	dtdprmn
chebi:23547	dtdprmn
chebi:35452	dtdprmn
chebi:46114	dtdprmn
chebi:57510	dtdprmn
chebi:32072	pecgon
chebi:176716	ecgon
chebi:4743	ecgon
chebi:146193	HC01115
chebi:21729	HC01115
chebi:29025	HC01115
chebi:7286	HC01115
chebi:53152	hdcoa
chebi:61540	hdcoa
chebi:1652	M03168
chebi:20181	M03168
chebi:28673	M03168
chebi:84996	M03168
chebi:12074	thbpt
chebi:15219	thbpt
chebi:15372	thbpt
chebi:26902	thbpt
chebi:43063	thbpt
chebi:9480	thbpt
chebi:59560	thptn
chebi:64242	thptn
chebi:14904	ppcoa
chebi:14907	ppcoa
chebi:15539	ppcoa
chebi:26295	ppcoa
chebi:57392	ppcoa
chebi:8479	ppcoa
chebi:84061	M03050
chebi:85029	M03050
chebi:84061	tridcoa
chebi:85029	tridcoa
chebi:14397	pmtcoa
chebi:14732	pmtcoa
chebi:15525	pmtcoa
chebi:24543	pmtcoa
chebi:57379	pmtcoa
chebi:7898	pmtcoa
chebi:13135	lys__L
chebi:133538	lys__L
chebi:18019	lys__L
chebi:21351	lys__L
chebi:25094	lys__L
chebi:32550	lys__L
chebi:32551	lys__L
chebi:32552	lys__L
chebi:32563	lys__L
chebi:32564	lys__L
chebi:32565	lys__L
chebi:43950	lys__L
chebi:6264	lys__L
chebi:18752	3hhdcoa
chebi:27402	3hhdcoa
chebi:397	3hhdcoa
chebi:62613	3hhdcoa
chebi:18752	HC01397
chebi:27402	HC01397
chebi:397	HC01397
chebi:62613	HC01397
chebi:74278	3hexdcoa
chebi:74459	3hexdcoa
chebi:73731	M00008
chebi:77220	M00008
chebi:73731	eidi1114ac
chebi:77220	eidi1114ac
chebi:55534	CE5456
chebi:55535	CE5456
chebi:25003	HC01441
chebi:28339	HC01441
chebi:6354	HC01441
chebi:79080	HC01441
chebi:25003	lac6p
chebi:28339	lac6p
chebi:6354	lac6p
chebi:79080	lac6p
chebi:60645	2hiv
chebi:64669	2hiv
chebi:79022	2hiv
chebi:39246	M02613
chebi:78796	M02613
chebi:39248	M02053
chebi:78797	M02053
chebi:11611	phllqne
chebi:14833	phllqne
chebi:18067	phllqne
chebi:26105	phllqne
chebi:45148	phllqne
chebi:8181	phllqne
chebi:5457	g3pg
chebi:61933	g3pg
chebi:84515	g3pg
chebi:85411	g3pg
chebi:2181	fuc__L
chebi:42548	fuc__L
chebi:52973	ergst3glc
chebi:84755	2dglc
chebi:90760	2dglc
chebi:11066	mal__L
chebi:13140	mal__L
chebi:15589	mal__L
chebi:18784	mal__L
chebi:18785	mal__L
chebi:30797	mal__L
chebi:423	mal__L
chebi:11902	dhcholestanate
chebi:16577	dhcholestanate
chebi:1707	dhcholestanate
chebi:20232	dhcholestanate
chebi:175293	CE5343
chebi:168572	pchol2ole_hs
chebi:13458	uamr
chebi:13477	uamr
chebi:17882	uamr
chebi:22120	uamr
chebi:58309	uamr
chebi:70757	uamr
chebi:70765	uamr
chebi:88385	uamr
chebi:9827	uamr
chebi:26833	s
chebi:37979	s
chebi:37980	s
chebi:37981	s
chebi:37982	s
chebi:37983	s
chebi:37984	s
chebi:37985	s
chebi:33737	2fe2s
chebi:13318	fmnh2
chebi:15017	fmnh2
chebi:16048	fmnh2
chebi:21128	fmnh2
chebi:42517	fmnh2
chebi:57618	fmnh2
chebi:8782	fmnh2
chebi:69081	magpalm_hs
chebi:75811	magpalm_hs
chebi:138879	LalaDgluMdap
chebi:177656	LalaDgluMdap
chebi:19030	appl
chebi:610	appl
chebi:15036	CE5594
chebi:15367	CE5594
chebi:26535	CE5594
chebi:26536	CE5594
chebi:35291	CE5594
chebi:45376	CE5594
chebi:8815	CE5594
chebi:15036	retn
chebi:15367	retn
chebi:26535	retn
chebi:26536	retn
chebi:35291	retn
chebi:45376	retn
chebi:8815	retn
chebi:50648	CE1617
chebi:63793	CE1617
chebi:78630	CE1617
chebi:134178	hretn
chebi:63795	hretn
chebi:12929	galct__D
chebi:14285	galct__D
chebi:16537	galct__D
chebi:20944	galct__D
chebi:24135	galct__D
chebi:24136	galct__D
chebi:24137	galct__D
chebi:30852	galct__D
chebi:33799	galct__D
chebi:35390	galct__D
chebi:4130	galct__D
chebi:48871	galct__D
chebi:5250	galct__D
chebi:12929	galctr__D
chebi:14285	galctr__D
chebi:16537	galctr__D
chebi:20944	galctr__D
chebi:24135	galctr__D
chebi:24136	galctr__D
chebi:24137	galctr__D
chebi:30852	galctr__D
chebi:33799	galctr__D
chebi:35390	galctr__D
chebi:4130	galctr__D
chebi:48871	galctr__D
chebi:5250	galctr__D
chebi:12953	glcr
chebi:16002	glcr
chebi:20980	glcr
chebi:20982	glcr
chebi:30612	glcr
chebi:33801	glcr
chebi:4155	glcr
chebi:42731	glcr
chebi:11420	23ddhb
chebi:11423	23ddhb
chebi:15941	23ddhb
chebi:19311	23ddhb
chebi:57576	23ddhb
chebi:877	23ddhb
chebi:104361	ocdce9a
chebi:14684	ocdce9a
chebi:16196	ocdce9a
chebi:25663	ocdce9a
chebi:25664	ocdce9a
chebi:30823	ocdce9a
chebi:44741	ocdce9a
chebi:7741	ocdce9a
chebi:104361	ocdcea
chebi:14684	ocdcea
chebi:16196	ocdcea
chebi:25663	ocdcea
chebi:25664	ocdcea
chebi:30823	ocdcea
chebi:44741	ocdcea
chebi:7741	ocdcea
chebi:10546	elaid
chebi:23903	elaid
chebi:27997	elaid
chebi:30825	elaid
chebi:42209	elaid
chebi:52994	cpmp
chebi:59648	cpmp
chebi:19080	pcholpalm_hs
chebi:28468	pcholpalm_hs
chebi:665	pcholpalm_hs
chebi:72998	pcholpalm_hs
chebi:73795	pcholpalm_hs
chebi:60530	hemeO
chebi:61719	hemeO
chebi:133748	cit
chebi:13999	cit
chebi:16947	cit
chebi:23321	cit
chebi:23322	cit
chebi:30769	cit
chebi:35802	cit
chebi:35804	cit
chebi:35806	cit
chebi:35808	cit
chebi:35809	cit
chebi:35810	cit
chebi:3727	cit
chebi:41523	cit
chebi:42563	cit
chebi:76049	cit
chebi:22095	u3hga
chebi:27392	u3hga
chebi:58510	u3hga
chebi:71573	u3hga
chebi:71619	u3hga
chebi:9807	u3hga
chebi:22095	u3hga_HP
chebi:27392	u3hga_HP
chebi:58510	u3hga_HP
chebi:71573	u3hga_HP
chebi:71619	u3hga_HP
chebi:9807	u3hga_HP
chebi:14044	cyart
chebi:17030	cyart
chebi:173045	cyart
chebi:20841	cyart
chebi:3995	cyart
chebi:13117	his__L
chebi:15971	his__L
chebi:21324	his__L
chebi:24598	his__L
chebi:27570	his__L
chebi:32510	his__L
chebi:32512	his__L
chebi:32513	his__L
chebi:32529	his__L
chebi:32531	his__L
chebi:32532	his__L
chebi:43048	his__L
chebi:43114	his__L
chebi:43118	his__L
chebi:43190	his__L
chebi:43239	his__L
chebi:5733	his__L
chebi:57595	his__L
chebi:6240	his__L
chebi:13852	arachd
chebi:15843	arachd
chebi:22607	arachd
chebi:22608	arachd
chebi:2799	arachd
chebi:32395	arachd
chebi:40501	arachd
chebi:10469	2coum
chebi:23284	2coum
chebi:28873	2coum
chebi:47921	2coum
chebi:24901	HC00229
chebi:28189	HC00229
chebi:6026	HC00229
chebi:24901	isomal
chebi:28189	isomal
chebi:6026	isomal
chebi:12230	6pgg
chebi:17888	6pgg
chebi:20755	6pgg
chebi:2233	6pgg
chebi:58312	6pgg
chebi:19057	pchollinl_hs
chebi:28733	pchollinl_hs
chebi:637	pchollinl_hs
chebi:73869	pchollinl_hs
chebi:84022	pchollinl_hs
chebi:13083	asn__L
chebi:17196	asn__L
chebi:21242	asn__L
chebi:32650	asn__L
chebi:32651	asn__L
chebi:40902	asn__L
chebi:58048	asn__L
chebi:6191	asn__L
chebi:10375	f6p
chebi:12352	f6p
chebi:16084	f6p
chebi:22768	f6p
chebi:42378	f6p
chebi:57634	f6p
chebi:61527	f6p
chebi:61553	f6p
chebi:25836	hdcea
chebi:28716	hdcea
chebi:32372	hdcea
chebi:44696	hdcea
chebi:7897	hdcea
chebi:14657	no
chebi:16480	no
chebi:25546	no
chebi:44452	no
chebi:7583	no
chebi:11038	mmcoa__S
chebi:11068	mmcoa__S
chebi:15466	mmcoa__S
chebi:18742	mmcoa__S
chebi:384	mmcoa__S
chebi:43874	mmcoa__S
chebi:57327	mmcoa__S
chebi:15143	o2s
chebi:18421	o2s
chebi:26839	o2s
chebi:7710	o2s
chebi:15102	sphings
chebi:16393	sphings
chebi:207585	sphings
chebi:26741	sphings
chebi:26743	sphings
chebi:46964	sphings
chebi:57756	sphings
chebi:9224	sphings
chebi:34477	6htststerone
chebi:63819	6htststerone
chebi:4251	HC00664
chebi:58695	HC00664
chebi:59966	adphep_DD
chebi:59967	adphep_DD
chebi:32425	CE2510
chebi:32426	CE2510
chebi:13174	thrnt
chebi:15908	thrnt
chebi:21402	thrnt
chebi:57561	thrnt
chebi:9573	thrnt
chebi:1140	hkndd
chebi:11589	hkndd
chebi:17367	hkndd
chebi:19615	hkndd
chebi:19621	hkndd
chebi:25454	ttdcea
chebi:27781	ttdcea
chebi:32370	ttdcea
chebi:7058	ttdcea
chebi:12212	fuc1p__L
chebi:12387	fuc1p__L
chebi:21294	fuc1p__L
chebi:28319	fuc1p__L
chebi:57268	fuc1p__L
chebi:6218	fuc1p__L
chebi:32357	3hcinnm
chebi:47928	3hcinnm
chebi:12398	nicrnt
chebi:14651	nicrnt
chebi:14652	nicrnt
chebi:15763	nicrnt
chebi:25532	nicrnt
chebi:57502	nicrnt
chebi:7561	nicrnt
chebi:13350	h2
chebi:18276	h2
chebi:25363	h2
chebi:29237	h2
chebi:29238	h2
chebi:29294	h2
chebi:29298	h2
chebi:29299	h2
chebi:5785	h2
chebi:4233	rib__D
chebi:46999	rib__D
chebi:47013	rib__D
chebi:14108	dhdascb
chebi:17242	dhdascb
chebi:21279	dhdascb
chebi:21280	dhdascb
chebi:23592	dhdascb
chebi:27956	dhdascb
chebi:4358	dhdascb
chebi:6210	dhdascb
chebi:12272	lnlc
chebi:14515	lnlc
chebi:17351	lnlc
chebi:20826	lnlc
chebi:25047	lnlc
chebi:30245	lnlc
chebi:42395	lnlc
chebi:6479	lnlc
chebi:12272	ocdcya
chebi:14515	ocdcya
chebi:17351	ocdcya
chebi:20826	ocdcya
chebi:25047	ocdcya
chebi:30245	ocdcya
chebi:42395	ocdcya
chebi:6479	ocdcya
chebi:75108	lneldc
chebi:11881	13dpg
chebi:16001	13dpg
chebi:1658	13dpg
chebi:20189	13dpg
chebi:57604	13dpg
chebi:14222	etoh
chebi:16236	etoh
chebi:23978	etoh
chebi:30878	etoh
chebi:30880	etoh
chebi:42377	etoh
chebi:44594	etoh
chebi:4879	etoh
chebi:14959	ppp9
chebi:14960	ppp9
chebi:14961	ppp9
chebi:15430	ppp9
chebi:26358	ppp9
chebi:57306	ppp9
chebi:8592	ppp9
chebi:1081	2dr1p
chebi:11563	2dr1p
chebi:19558	2dr1p
chebi:28542	2dr1p
chebi:57259	2dr1p
chebi:58576	2dr1p
chebi:10231	gal
chebi:22373	gal
chebi:28061	gal
chebi:42741	gal
chebi:53487	adrn
chebi:77225	adrn
chebi:13085	asp__L
chebi:17053	asp__L
chebi:176631	asp__L
chebi:177910	asp__L
chebi:21244	asp__L
chebi:21247	asp__L
chebi:29991	asp__L
chebi:29993	asp__L
chebi:40853	asp__L
chebi:40900	asp__L
chebi:40913	asp__L
chebi:40942	asp__L
chebi:6193	asp__L
chebi:58961	CE2020
chebi:59002	CE2020
chebi:10821	HC02202
chebi:143	HC02202
chebi:15545	HC02202
chebi:26314	HC02202
chebi:57398	HC02202
chebi:10822	HC02206
chebi:144	HC02206
chebi:15546	HC02206
chebi:26318	HC02206
chebi:57399	HC02206
chebi:11888	3sala
chebi:11889	3sala
chebi:16345	3sala
chebi:1664	3sala
chebi:21271	3sala
chebi:224037	3sala
chebi:41618	3sala
chebi:61085	3sala
chebi:8973	3sala
chebi:27247	urcan
chebi:27248	urcan
chebi:10298	lnlnca
chebi:22462	lnlnca
chebi:27432	lnlnca
chebi:32387	lnlnca
chebi:43891	lnlnca
chebi:74125	lst4exp
chebi:15015	raffin
chebi:16634	raffin
chebi:26521	raffin
chebi:49843	raffin
chebi:8771	raffin
chebi:6541	lstn
chebi:86022	C14825
chebi:32392	nrvnc
chebi:44244	nrvnc
chebi:44247	nrvnc
chebi:7526	nrvnc
chebi:53460	M00010
chebi:77223	M00010
chebi:64183	q10h2
chebi:61506	adphep_LD
chebi:61530	adphep_LD
chebi:13052	L2aadp6sa
chebi:17917	L2aadp6sa
chebi:21222	L2aadp6sa
chebi:42174	L2aadp6sa
chebi:58321	L2aadp6sa
chebi:6162	L2aadp6sa
chebi:168563	5forthf
chebi:75117	M00021
chebi:77806	M00021
chebi:14213	ergtetrol
chebi:18249	ergtetrol
chebi:4824	ergtetrol
chebi:80602	citalo
chebi:80605	citalppa
chebi:14495	kynate
chebi:18344	kynate
chebi:1841	kynate
chebi:20378	kynate
chebi:24991	kynate
chebi:58454	kynate
chebi:10383	gal_bD
chebi:22774	gal_bD
chebi:27667	gal_bD
chebi:42776	gal_bD
chebi:42889	gal_bD
chebi:15293	allphn
chebi:15832	allphn
chebi:27219	allphn
chebi:9889	allphn
chebi:11251	1acpc
chebi:18053	1acpc
chebi:19026	1acpc
chebi:19027	1acpc
chebi:19028	1acpc
chebi:30526	1acpc
chebi:39590	1acpc
chebi:58360	1acpc
chebi:609	1acpc
chebi:170862	tag1p__D
chebi:66937	decdpr_tb
chebi:67117	decdpr_tb
chebi:31530	dmantipyrine
chebi:11766	CCbuttc
chebi:11767	CCbuttc
chebi:12801	CCbuttc
chebi:1468	CCbuttc
chebi:15749	CCbuttc
chebi:19976	CCbuttc
chebi:57496	CCbuttc
chebi:12137	5hiu
chebi:18072	5hiu
chebi:20588	5hiu
chebi:2074	5hiu
chebi:59562	5hiu
chebi:12137	C11821
chebi:18072	C11821
chebi:20588	C11821
chebi:2074	C11821
chebi:59562	C11821
chebi:67139	4hthdp
chebi:67205	4hthdp
chebi:11058	actn__S
chebi:15687	actn__S
chebi:18770	actn__S
chebi:412	actn__S
chebi:43165	actn__S
chebi:13856	arsna
chebi:18231	arsna
chebi:22631	arsna
chebi:2843	arsna
chebi:2844	arsna
chebi:29125	arsna
chebi:48597	arsna
chebi:48600	arsna
chebi:13856	arsni
chebi:18231	arsni
chebi:22631	arsni
chebi:2843	arsni
chebi:2844	arsni
chebi:29125	arsni
chebi:48597	arsni
chebi:48600	arsni
chebi:13856	aso4
chebi:18231	aso4
chebi:22631	aso4
chebi:2843	aso4
chebi:2844	aso4
chebi:29125	aso4
chebi:48597	aso4
chebi:48600	aso4
chebi:145757	dca3g
chebi:11627	isobuta
chebi:1212	isobuta
chebi:16135	isobuta
chebi:19710	isobuta
chebi:25334	isobuta
chebi:25337	isobuta
chebi:40653	isobuta
chebi:43397	isobuta
chebi:48944	isobuta
chebi:24930	ival
chebi:28484	ival
chebi:43426	ival
chebi:48942	ival
chebi:6069	ival
chebi:166740	tca3s
chebi:25205	lanth
chebi:11860	3mgcoa
chebi:12863	3mgcoa
chebi:15488	3mgcoa
chebi:1603	3mgcoa
chebi:20132	3mgcoa
chebi:57346	3mgcoa
chebi:4167	glc__D
chebi:53042	udcpdp
chebi:172945	CE5756
chebi:12916	ara5p
chebi:16241	ara5p
chebi:20915	ara5p
chebi:4104	ara5p
chebi:57693	ara5p
chebi:11365	mi3p__D
chebi:18169	mi3p__D
chebi:19196	mi3p__D
chebi:58401	mi3p__D
chebi:814	mi3p__D
chebi:11220	mi1p__D
chebi:11354	mi1p__D
chebi:12828	mi1p__D
chebi:12895	mi1p__D
chebi:18297	mi1p__D
chebi:19207	mi1p__D
chebi:43432	mi1p__D
chebi:58433	mi1p__D
chebi:818	mi1p__D
chebi:13154	pro__L
chebi:17203	pro__L
chebi:172951	pro__L
chebi:184637	pro__L
chebi:21373	pro__L
chebi:26271	pro__L
chebi:32862	pro__L
chebi:32864	pro__L
chebi:32871	pro__L
chebi:32872	pro__L
chebi:42067	pro__L
chebi:45040	pro__L
chebi:45100	pro__L
chebi:45159	pro__L
chebi:58054	pro__L
chebi:60039	pro__L
chebi:6286	pro__L
chebi:12242	dann
chebi:149469	dann
chebi:17830	dann
chebi:20765	dann
chebi:2247	dann
chebi:42085	dann
chebi:58500	dann
chebi:11507	2aobut
chebi:13048	2aobut
chebi:16944	2aobut
chebi:17844	2aobut
chebi:21195	2aobut
chebi:35229	2aobut
chebi:40668	2aobut
chebi:40673	2aobut
chebi:6156	2aobut
chebi:78948	2aobut
chebi:998	2aobut
chebi:6211	djenk
chebi:71980	CE5747
chebi:18888	dhnpthld
chebi:28516	dhnpthld
chebi:501	dhnpthld
chebi:138671	dcsptn1
chebi:65136	dcsptn1
chebi:77226	dcsptn1
chebi:76299	docosdiac
chebi:76319	docosdiac
chebi:23873	ddcal
chebi:27836	ddcal
chebi:4679	ddcal
chebi:84068	ddcal
chebi:1118	2h34hppr
chebi:19599	2h34hppr
chebi:27683	2h34hppr
chebi:18715	C06350
chebi:28770	C06350
chebi:362	C06350
chebi:13006	orn__D
chebi:16176	orn__D
chebi:21066	orn__D
chebi:4220	orn__D
chebi:57668	orn__D
chebi:12701	pe_hs
chebi:14803	pe_hs
chebi:16038	pe_hs
chebi:26030	pe_hs
chebi:26031	pe_hs
chebi:45210	pe_hs
chebi:57613	pe_hs
chebi:7661	pe_hs
chebi:8129	pe_hs
chebi:21822	sucorn
chebi:27574	sucorn
chebi:45896	sucorn
chebi:58514	sucorn
chebi:7375	sucorn
chebi:23275	doco13ac
chebi:28792	doco13ac
chebi:32393	doco13ac
chebi:4836	doco13ac
chebi:12473	aprut
chebi:17768	aprut
chebi:21629	aprut
chebi:58263	aprut
chebi:7222	aprut
chebi:5022	ficytb
chebi:2208	6mpur
chebi:50667	6mpur
chebi:94796	6mpur
chebi:15077	slnt
chebi:18212	slnt
chebi:26642	slnt
chebi:29924	slnt
chebi:9090	slnt
chebi:10565	HC01577
chebi:140738	HC01577
chebi:169393	C13856
chebi:34261	C13856
chebi:52365	C13856
chebi:52392	C13856
chebi:1029	2mecdp
chebi:11481	2mecdp
chebi:11482	2mecdp
chebi:18425	2mecdp
chebi:58483	2mecdp
chebi:173537	2m3hvac
chebi:134711	urea
chebi:15292	urea
chebi:16199	urea
chebi:27218	urea
chebi:32285	urea
chebi:46379	urea
chebi:48376	urea
chebi:9888	urea
chebi:49039	3dhgulnp
chebi:58774	3dhgulnp
chebi:1706	xol7ah2al
chebi:20231	xol7ah2al
chebi:27428	xol7ah2al
chebi:5623	C09209
chebi:11994	4h2opntn
chebi:17655	4h2opntn
chebi:1840	4h2opntn
chebi:20377	4h2opntn
chebi:58222	4h2opntn
chebi:73143	4h2opntn
chebi:73148	4h2opntn
chebi:12042	4pasp
chebi:13062	4pasp
chebi:15836	4pasp
chebi:1925	4pasp
chebi:20471	4pasp
chebi:20472	4pasp
chebi:21246	4pasp
chebi:30407	4pasp
chebi:57535	4pasp
chebi:12107	5aprbu
chebi:18247	5aprbu
chebi:2031	5aprbu
chebi:58421	5aprbu
chebi:14972	ptrc
chebi:17148	ptrc
chebi:172953	ptrc
chebi:26405	ptrc
chebi:326268	ptrc
chebi:45092	ptrc
chebi:8650	ptrc
chebi:168047	hpdca
chebi:32365	hpdca
chebi:32366	hpdca
chebi:73722	hexdiac
chebi:76276	hexdiac
chebi:5764	C06199
chebi:63859	htaxol
chebi:14376	ppgpp
chebi:14380	ppgpp
chebi:17633	ppgpp
chebi:24445	ppgpp
chebi:42747	ppgpp
chebi:5565	ppgpp
chebi:58215	ppgpp
chebi:77828	ppgpp
chebi:44067	mpt
chebi:44074	mpt
chebi:58698	mpt
chebi:6969	mpt
chebi:10912	prostgi2
chebi:15552	prostgi2
chebi:245	prostgi2
chebi:26331	prostgi2
chebi:57403	prostgi2
chebi:1294	M00579
chebi:18646	23dhmp
chebi:27512	23dhmp
chebi:306	23dhmp
chebi:49258	23dhmp
chebi:882	23dhmp
chebi:1278	sucbz
chebi:12835	sucbz
chebi:18325	sucbz
chebi:19778	sucbz
chebi:37026	sucbz
chebi:44787	sucbz
chebi:44788	sucbz
chebi:6498	C06314
chebi:67026	C06314
chebi:11847	mercppyr
chebi:14583	mercppyr
chebi:16208	mercppyr
chebi:20103	mercppyr
chebi:20104	mercppyr
chebi:57678	mercppyr
chebi:6767	mercppyr
chebi:11885	3pop
chebi:1662	3pop
chebi:17271	3pop
chebi:20193	3pop
chebi:20194	3pop
chebi:30935	3pop
chebi:45128	3pop
chebi:58634	3pop
chebi:59461	3pop
chebi:71402	3pop
chebi:88256	3pop
chebi:12228	6p2dhglcn
chebi:15865	6p2dhglcn
chebi:20750	6p2dhglcn
chebi:2229	6p2dhglcn
chebi:1053	2dda7p
chebi:11544	2dda7p
chebi:11785	2dda7p
chebi:11786	2dda7p
chebi:18150	2dda7p
chebi:19523	2dda7p
chebi:20003	2dda7p
chebi:29477	2dda7p
chebi:58394	2dda7p
chebi:64834	mql7
chebi:44245	mqn7
chebi:12622	5prdmbz
chebi:16837	5prdmbz
chebi:21797	5prdmbz
chebi:30599	5prdmbz
chebi:45218	5prdmbz
chebi:45255	5prdmbz
chebi:57918	5prdmbz
chebi:7355	5prdmbz
chebi:14060	cysam
chebi:15235	cysam
chebi:17141	cysam
chebi:23506	cysam
chebi:4049	cysam
chebi:41923	cysam
chebi:58029	cysam
chebi:13122	hcys__L
chebi:14408	hcys__L
chebi:17230	hcys__L
chebi:17588	hcys__L
chebi:21329	hcys__L
chebi:43117	hcys__L
chebi:5751	hcys__L
chebi:58065	hcys__L
chebi:58199	hcys__L
chebi:6245	hcys__L
chebi:63072	hcys__L
chebi:66952	hcys__L
chebi:14275	frmd
chebi:16397	frmd
chebi:24078	frmd
chebi:40895	frmd
chebi:48431	frmd
chebi:5143	frmd
chebi:14286	galt
chebi:16813	galt
chebi:24139	galt
chebi:5251	galt
chebi:53575	galt
chebi:80633	degly
chebi:13191	xu5p__L
chebi:16593	xu5p__L
chebi:21427	xu5p__L
chebi:57829	xu5p__L
chebi:6328	xu5p__L
chebi:132951	male
chebi:14559	male
chebi:18300	male
chebi:25118	male
chebi:25119	male
chebi:30780	male
chebi:37156	male
chebi:43836	male
chebi:6653	male
chebi:15095	spmd
chebi:15097	spmd
chebi:16610	spmd
chebi:26732	spmd
chebi:26733	spmd
chebi:45647	spmd
chebi:57834	spmd
chebi:9218	spmd
chebi:52431	onpthl
chebi:12497	Ncbmpts
chebi:12594	Ncbmpts
chebi:17902	Ncbmpts
chebi:21691	Ncbmpts
chebi:58318	Ncbmpts
chebi:7258	Ncbmpts
chebi:25861	C01601
chebi:29019	C01601
chebi:32361	C01601
chebi:7616	C01601
chebi:25861	nona
chebi:29019	nona
chebi:32361	nona
chebi:7616	nona
chebi:13356	HC00250
chebi:14414	HC00250
chebi:16136	HC00250
chebi:24639	HC00250
chebi:29919	HC00250
chebi:30488	HC00250
chebi:30489	HC00250
chebi:37180	HC00250
chebi:43058	HC00250
chebi:45489	HC00250
chebi:5787	HC00250
chebi:13356	h2s
chebi:14414	h2s
chebi:16136	h2s
chebi:24639	h2s
chebi:29919	h2s
chebi:30488	h2s
chebi:30489	h2s
chebi:37180	h2s
chebi:43058	h2s
chebi:45489	h2s
chebi:5787	h2s
chebi:77033	whttdca
chebi:77168	whttdca
chebi:18799	12ppd__S
chebi:29002	12ppd__S
chebi:440	12ppd__S
chebi:45065	12ppd__S
chebi:169232	ptdca
chebi:39108	ptdca
chebi:42502	ptdca
chebi:42504	ptdca
chebi:78795	ptdca
chebi:143163	gly_leu__L
chebi:73514	gly_leu__L
chebi:143163	glyleu
chebi:73514	glyleu
chebi:31988	pheac
chebi:11886	skm5p
chebi:145989	skm5p
chebi:15084	skm5p
chebi:17052	skm5p
chebi:20195	skm5p
chebi:9134	skm5p
chebi:74053	hismet
chebi:26128	C10164
chebi:28747	C10164
chebi:38184	C10164
chebi:47159	C10164
chebi:8201	C10164
chebi:13005	met__D
chebi:16867	met__D
chebi:21065	met__D
chebi:32637	met__D
chebi:32638	met__D
chebi:4215	met__D
chebi:44071	met__D
chebi:57932	met__D
chebi:14153	dhlam
chebi:17694	dhlam
chebi:23749	dhlam
chebi:43711	dhlam
chebi:4568	dhlam
chebi:176609	ca2
chebi:22988	ca2
chebi:29108	ca2
chebi:3308	ca2
chebi:39123	ca2
chebi:48760	ca2
chebi:13108	glu5p
chebi:13113	glu5p
chebi:17798	glu5p
chebi:21312	glu5p
chebi:58274	glu5p
chebi:6230	glu5p
chebi:13118	histd
chebi:16255	histd
chebi:21326	histd
chebi:57699	histd
chebi:6241	histd
chebi:4058	cytP450r
chebi:12504	Nforglu
chebi:17684	Nforglu
chebi:21710	Nforglu
chebi:21711	Nforglu
chebi:48309	Nforglu
chebi:7278	Nforglu
chebi:14871	pre3a
chebi:26221	pre3a
chebi:28307	pre3a
chebi:58561	pre3a
chebi:8371	pre3a
chebi:14872	pre3b
chebi:26222	pre3b
chebi:27711	pre3b
chebi:58522	pre3b
chebi:77870	pre3b
chebi:8372	pre3b
chebi:132953	subeac
chebi:76282	subeac
chebi:9300	subeac
chebi:80762	sucald
chebi:90022	nrpphrsf
chebi:84094	tststerones
chebi:77201	tetpent3
chebi:77360	tetpent3
chebi:77228	tetpent6
chebi:77527	tetpent6
chebi:13282	co2
chebi:13283	co2
chebi:13284	co2
chebi:13285	co2
chebi:139538	co2
chebi:16526	co2
chebi:23011	co2
chebi:3283	co2
chebi:48829	co2
chebi:84067	ttdcal
chebi:82518	CN0022
chebi:11991	4gudbutn
chebi:15728	4gudbutn
chebi:1834	4gudbutn
chebi:20372	4gudbutn
chebi:57486	4gudbutn
chebi:86392	4gudbutn
chebi:86564	4gudbutn
chebi:12280	dmpp
chebi:14169	dmpp
chebi:14883	dmpp
chebi:16057	dmpp
chebi:23803	dmpp
chebi:26245	dmpp
chebi:341937	dmpp
chebi:42074	dmpp
chebi:4616	dmpp
chebi:57623	dmpp
chebi:8394	dmpp
chebi:125571	tymsf
chebi:133530	tymsf
chebi:133531	tymsf
chebi:23385	cpppg1
chebi:28607	cpppg1
chebi:3879	cpppg1
chebi:39643	cpppg1
chebi:62631	cpppg1
chebi:32368	M03117
chebi:32369	M03117
chebi:32368	udca
chebi:32369	udca
chebi:12693	phom
chebi:12717	phom
chebi:15961	phom
chebi:21965	phom
chebi:21969	phom
chebi:57590	phom
chebi:7691	phom
chebi:7697	phom
chebi:90379	fucgal14acglcgalgluside_cho
chebi:75688	tag1601819Z160
chebi:77623	tag1601819Z180
chebi:15078	selnp
chebi:16144	selnp
chebi:29269	selnp
chebi:58618	selnp
chebi:64331	selnp
chebi:9101	selnp
chebi:15232	thmtp
chebi:18284	thmtp
chebi:26946	thmtp
chebi:58938	thmtp
chebi:9534	thmtp
chebi:112	C09640
chebi:82558	CN0023
chebi:10872	omppp9
chebi:11323	omppp9
chebi:15433	omppp9
chebi:29464	omppp9
chebi:60490	omppp9
chebi:77665	omppp9
chebi:171445	tag18111Z1819Z18111Z
chebi:12094	3psme
chebi:12097	3psme
chebi:16257	3psme
chebi:20533	3psme
chebi:2104	3psme
chebi:57701	3psme
chebi:13262	cdp4dh6doglc
chebi:138808	cdp4dh6doglc
chebi:139396	cdp4dh6doglc
chebi:17494	cdp4dh6doglc
chebi:20863	cdp4dh6doglc
chebi:3264	cdp4dh6doglc
chebi:58166	cdp4dh6doglc
chebi:176527	ghb
chebi:77138	ghb
chebi:77267	ghb
chebi:61508	ggbutal
chebi:61521	ggbutal
chebi:13942	cbp
chebi:17672	cbp
chebi:23005	cbp
chebi:3389	cbp
chebi:41567	cbp
chebi:58228	cbp
chebi:12441	acg5p
chebi:12576	acg5p
chebi:16878	acg5p
chebi:21550	acg5p
chebi:57936	acg5p
chebi:7151	acg5p
chebi:11194	prfp
chebi:18302	prfp
chebi:2020	prfp
chebi:20528	prfp
chebi:58435	prfp
chebi:75912	prfp
chebi:1385	34dhpac
chebi:19888	34dhpac
chebi:27978	34dhpac
chebi:20186	pppn
chebi:20187	pppn
chebi:26002	pppn
chebi:26005	pppn
chebi:28631	pppn
chebi:43112	pppn
chebi:51057	pppn
chebi:8103	pppn
chebi:90790	18harachd
chebi:91132	18harachd
chebi:49260	gg4abut
chebi:58800	gg4abut
chebi:1924	4per
chebi:41926	4per
chebi:49003	4per
chebi:49055	4per
chebi:58766	4per
chebi:12100	prlp
chebi:21471	prlp
chebi:27735	prlp
chebi:39698	prlp
chebi:58525	prlp
chebi:7090	prlp
chebi:12156	oxptn
chebi:14323	oxptn
chebi:16120	oxptn
chebi:20623	oxptn
chebi:2115	oxptn
chebi:24328	oxptn
chebi:39151	oxptn
chebi:39153	oxptn
chebi:13175	thr__L
chebi:16857	thr__L
chebi:21403	thr__L
chebi:26986	thr__L
chebi:32820	thr__L
chebi:32822	thr__L
chebi:32832	thr__L
chebi:32833	thr__L
chebi:42083	thr__L
chebi:45843	thr__L
chebi:45983	thr__L
chebi:57926	thr__L
chebi:6308	thr__L
chebi:12888	eig3p
chebi:17805	eig3p
chebi:20923	eig3p
chebi:4270	eig3p
chebi:58278	eig3p
chebi:144897	pprdn
chebi:19091	pprdn
chebi:26145	pprdn
chebi:47858	pprdn
chebi:8237	pprdn
chebi:10343	ala_B
chebi:12389	ala_B
chebi:16958	ala_B
chebi:22821	ala_B
chebi:41050	ala_B
chebi:57966	ala_B
chebi:63070	ala_B
chebi:14869	pre4
chebi:14873	pre4
chebi:16430	pre4
chebi:26223	pre4
chebi:57769	pre4
chebi:8373	pre4
chebi:10915	txa2
chebi:15627	txa2
chebi:18589	txa2
chebi:26993	txa2
chebi:57445	txa2
chebi:9575	txa2
chebi:13460	ugmd
chebi:13463	ugmd
chebi:13481	ugmd
chebi:22124	ugmd
chebi:28639	ugmd
chebi:58582	ugmd
chebi:83905	ugmd
chebi:84805	ugmd
chebi:9831	ugmd
chebi:13018	ru5p__D
chebi:13040	ru5p__D
chebi:17363	ru5p__D
chebi:21088	ru5p__D
chebi:26572	ru5p__D
chebi:37455	ru5p__D
chebi:40192	ru5p__D
chebi:4243	ru5p__D
chebi:58121	ru5p__D
chebi:11022	glu1sa
chebi:15757	glu1sa
chebi:18756	glu1sa
chebi:24312	glu1sa
chebi:404	glu1sa
chebi:42823	glu1sa
chebi:42827	glu1sa
chebi:57501	glu1sa
chebi:11186	2cpr5p
chebi:18959	2cpr5p
chebi:29112	2cpr5p
chebi:565	2cpr5p
chebi:566	2cpr5p
chebi:58613	2cpr5p
chebi:11736	imacp
chebi:1437	imacp
chebi:16426	imacp
chebi:19941	imacp
chebi:57766	imacp
chebi:11956	4adcho
chebi:18198	4adcho
chebi:1943	4adcho
chebi:35180	4adcho
chebi:35181	4adcho
chebi:58406	4adcho
chebi:88526	vanillac
chebi:76348	3ohsebcoa
chebi:76444	3ohsebcoa
chebi:76333	3ohsubcoa
chebi:76425	3ohsubcoa
chebi:13408	nh4oh
chebi:13772	nh4oh
chebi:18219	nh4oh
chebi:22535	nh4oh
chebi:7436	nh4oh
chebi:59345	h4spt
chebi:59924	h4spt
chebi:171447	tag18111Z18111Z18111Z
chebi:171582	tag16018111Z160
chebi:77397	cital
chebi:77408	cital
chebi:14134	diact
chebi:16583	diact
chebi:4479	diact
chebi:75563	maglinl_hs
chebi:78571	gt1alpha_cho
chebi:82608	gt1alpha_cho
chebi:78572	gq1balpha_cho
chebi:82609	gq1balpha_cho
chebi:14190	dolichol__L
chebi:16091	dolichol__L
chebi:23877	dolichol__L
chebi:4686	dolichol__L
chebi:57636	dolichol__L
chebi:67131	dolichol__L
chebi:74324	glyc__S
chebi:171939	CE2576
chebi:143966	Shcit
chebi:13119	hisp
chebi:16996	hisp
chebi:21327	hisp
chebi:43319	hisp
chebi:57980	hisp
chebi:6242	hisp
chebi:25224	mso3
chebi:27376	mso3
chebi:6813	mso3
chebi:33003	v5
chebi:12672	tmlys
chebi:165870	tmlys
chebi:17311	tmlys
chebi:21853	tmlys
chebi:43974	tmlys
chebi:58100	tmlys
chebi:7402	tmlys
chebi:12431	pran
chebi:12432	pran
chebi:18277	pran
chebi:21472	pran
chebi:21488	pran
chebi:7091	pran
chebi:89851	CE6205
chebi:12608	HC00718
chebi:16463	HC00718
chebi:21764	HC00718
chebi:57781	HC00718
chebi:7314	HC00718
chebi:77699	mfor
chebi:21967	thrp
chebi:31757	thrp
chebi:37525	thrp
chebi:45955	thrp
chebi:58675	thrp
chebi:82903	M00265
chebi:83747	M00265
chebi:73118	M01775
chebi:73119	M01770
chebi:73120	M00022
chebi:165483	M01197
chebi:14875	pre6a
chebi:26225	pre6a
chebi:27513	pre6a
chebi:58513	pre6a
chebi:77872	pre6a
chebi:8375	pre6a
chebi:58933	ppap
chebi:8478	ppap
chebi:133436	CE5141
chebi:134520	CE5141
chebi:174034	CE5250
chebi:174035	CE5249
chebi:47028	udpLa4o
chebi:58710	udpLa4o
chebi:171773	CE6506
chebi:73056	3ddcrn
chebi:73027	3ivcrn
chebi:82958	3ivcrn
chebi:73077	3octdeccrn
chebi:73063	3tdcrn
chebi:173864	CE2174
chebi:145331	4ohmdz
chebi:1240	ohpb
chebi:19731	ohpb
chebi:27951	ohpb
chebi:58538	ohpb
chebi:175297	CE6240
chebi:10645	g3pi
chebi:11200	g3pi
chebi:18321	g3pi
chebi:26695	g3pi
chebi:58444	g3pi
chebi:64715	g3pi
chebi:11343	M00429
chebi:16485	M00429
chebi:19177	M00429
chebi:57789	M00429
chebi:795	M00429
chebi:10500	dtdp
chebi:14077	dtdp
chebi:18075	dtdp
chebi:26998	dtdp
chebi:46061	dtdp
chebi:58369	dtdp
chebi:145330	1ohmdz
chebi:173245	CE5277
chebi:22536	apc
chebi:2683	apc
chebi:28971	apc
chebi:40648	apc
chebi:45042	apc
chebi:50658	apc
chebi:11835	3hppnl
chebi:1552	3hppnl
chebi:17871	3hppnl
chebi:20078	3hppnl
chebi:169650	CE4722
chebi:7386	n4abutn
chebi:11725	34hpp
chebi:11727	34hpp
chebi:12016	34hpp
chebi:1431	34hpp
chebi:15999	34hpp
chebi:20425	34hpp
chebi:20426	34hpp
chebi:36242	34hpp
chebi:42422	34hpp
chebi:594665	34hpp
chebi:12043	4pyrdx
chebi:17405	4pyrdx
chebi:1928	4pyrdx
chebi:20473	4pyrdx
chebi:20474	4pyrdx
chebi:30959	4pyrdx
chebi:14172	dmbzid
chebi:15890	dmbzid
chebi:20516	dmbzid
chebi:42126	dmbzid
chebi:4620	dmbzid
chebi:133198	caribup_s
chebi:133199	caribup_s
chebi:133200	caribup_s
chebi:12108	5apru
chebi:18337	5apru
chebi:2032	5apru
chebi:20546	5apru
chebi:58453	5apru
chebi:59550	5apru
chebi:59551	5apru
chebi:137434	M01238
chebi:84328	M01238
chebi:53206	M00117
chebi:13987	chols
chebi:16822	chols
chebi:23215	chols
chebi:3669	chols
chebi:52859	chols
chebi:12917	arg__D
chebi:15816	arg__D
chebi:20917	arg__D
chebi:32688	arg__D
chebi:32689	arg__D
chebi:32690	arg__D
chebi:4106	arg__D
chebi:41855	arg__D
chebi:133775	dmarg
chebi:86468	dmarg
chebi:142410	gdptp
chebi:14378	gdptp
chebi:14382	gdptp
chebi:16690	gdptp
chebi:24446	gdptp
chebi:5566	gdptp
chebi:60028	gdptp
chebi:71477	gdptp
chebi:13370	hg2
chebi:16793	hg2
chebi:25199	hg2
chebi:25200	hg2
chebi:49640	hg2
chebi:5714	hg2
chebi:10967	sl2a6o
chebi:12616	sl2a6o
chebi:15685	sl2a6o
chebi:21789	sl2a6o
chebi:21790	sl2a6o
chebi:35266	sl2a6o
chebi:7340	sl2a6o
chebi:7341	sl2a6o
chebi:13126	idon__L
chebi:17796	idon__L
chebi:21335	idon__L
chebi:21336	idon__L
chebi:57659	idon__L
chebi:58494	idon__L
chebi:6250	idon__L
chebi:14603	HC00900
chebi:17453	HC00900
chebi:25317	HC00900
chebi:25319	HC00900
chebi:30860	HC00900
chebi:30861	HC00900
chebi:42270	HC00900
chebi:6881	HC00900
chebi:14603	mm
chebi:17453	mm
chebi:25317	mm
chebi:25319	mm
chebi:30860	mm
chebi:30861	mm
chebi:42270	mm
chebi:6881	mm
chebi:14603	mmal
chebi:17453	mmal
chebi:25317	mmal
chebi:25319	mmal
chebi:30860	mmal
chebi:30861	mmal
chebi:42270	mmal
chebi:6881	mmal
chebi:12492	bgly
chebi:14400	bgly
chebi:18089	bgly
chebi:24594	bgly
chebi:24595	bgly
chebi:5725	bgly
chebi:606565	bgly
chebi:73757	L_alagly
chebi:73786	L_alagly
chebi:73395	ala_L_tyr__L
chebi:15288	ura
chebi:17568	ura
chebi:177594	ura
chebi:27210	ura
chebi:43254	ura
chebi:46375	ura
chebi:9882	ura
chebi:76451	CE0074
chebi:173958	CE2173
chebi:73053	ddece1crn
chebi:73105	M01724
chebi:73057	c10dc
chebi:11636	2obut
chebi:1250	2obut
chebi:144836	2obut
chebi:16763	2obut
chebi:19741	2obut
chebi:19743	2obut
chebi:30831	2obut
chebi:39748	2obut
chebi:169599	2hatvacid
chebi:168285	4hatvacid
chebi:11765	3c4mop
chebi:1467	3c4mop
chebi:17214	3c4mop
chebi:19975	3c4mop
chebi:8361	pvs
chebi:11002	mal__D
chebi:15588	mal__D
chebi:18685	mal__D
chebi:18686	mal__D
chebi:30796	mal__D
chebi:342	mal__D
chebi:42060	mal__D
chebi:44073	mal__D
chebi:14977	pydx5p
chebi:18405	pydx5p
chebi:234571	pydx5p
chebi:26424	pydx5p
chebi:358848	pydx5p
chebi:45145	pydx5p
chebi:597326	pydx5p
chebi:8668	pydx5p
chebi:19069	1mpyr
chebi:27435	1mpyr
chebi:647	1mpyr
chebi:89161	CE6252
chebi:10933	leuktrB4
chebi:15647	leuktrB4
chebi:25024	leuktrB4
chebi:57461	leuktrB4
chebi:6421	leuktrB4
chebi:59893	3amac
chebi:59894	3amac
chebi:10678	trnacys
chebi:15173	trnacys
chebi:29167	trnacys
chebi:50604	dkmpp
chebi:58828	dkmpp
chebi:132030	HC02196
chebi:89929	HC02196
chebi:11310	retinol_cis_11
chebi:11312	retinol_cis_11
chebi:16302	retinol_cis_11
chebi:19120	retinol_cis_11
chebi:728	retinol_cis_11
chebi:10936	leuktrE4
chebi:15650	leuktrE4
chebi:18612	leuktrE4
chebi:25027	leuktrE4
chebi:261	leuktrE4
chebi:57462	leuktrE4
chebi:6424	leuktrE4
chebi:25026	leuktrD4
chebi:28666	leuktrD4
chebi:63166	leuktrD4
chebi:6423	leuktrD4
chebi:10008	vitd3
chebi:23170	vitd3
chebi:28940	vitd3
chebi:46283	vitd3
chebi:45862	taxol
chebi:45863	taxol
chebi:7887	taxol
chebi:87802	gp1calpha_cho
chebi:88004	gp1calpha_cho
chebi:1056	2dh3dgal
chebi:11547	2dh3dgal
chebi:17028	2dh3dgal
chebi:19527	2dh3dgal
chebi:57989	2dh3dgal
chebi:74277	R_3hmrscoa
chebi:74458	R_3hmrscoa
chebi:12652	formh4spt
chebi:17114	formh4spt
chebi:21846	formh4spt
chebi:43134	formh4spt
chebi:58018	formh4spt
chebi:7398	formh4spt
chebi:14587	mfr_b
chebi:17448	mfr_b
chebi:25226	mfr_b
chebi:58151	mfr_b
chebi:6815	mfr_b
chebi:80582	hacon_T
chebi:10879	3hbcoa__R
chebi:10984	3hbcoa__R
chebi:15452	3hbcoa__R
chebi:18667	3hbcoa__R
chebi:323	3hbcoa__R
chebi:57315	3hbcoa__R
chebi:10981	3aib__D
chebi:16320	3aib__D
chebi:18661	3aib__D
chebi:320	3aib__D
chebi:49097	3aib__D
chebi:57731	3aib__D
chebi:13008	pro__D
chebi:16313	pro__D
chebi:21070	pro__D
chebi:32867	pro__D
chebi:32868	pro__D
chebi:42012	pro__D
chebi:42129	pro__D
chebi:42213	pro__D
chebi:4226	pro__D
chebi:45156	pro__D
chebi:57726	pro__D
chebi:1157	isetac
chebi:61904	isetac
chebi:1157	istnt
chebi:61904	istnt
chebi:86983	CE4798
chebi:87182	CE4798
chebi:11468	glcglycp
chebi:11469	glcglycp
chebi:16720	glcglycp
chebi:19416	glcglycp
chebi:57874	glcglycp
chebi:980	glcglycp
chebi:145815	CE6508
chebi:90154	galfucgalacglcgal14acglcgalgluside_cho
chebi:1382	34dhmald
chebi:19883	34dhmald
chebi:27852	34dhmald
chebi:10547	eoaa
chebi:1158	eoaa
chebi:12810	eoaa
chebi:17479	eoaa
chebi:19638	eoaa
chebi:23910	eoaa
chebi:23911	eoaa
chebi:28394	eoaa
chebi:1427	3hpppn
chebi:57277	3hpppn
chebi:72816	diala__L
chebi:1233	2ohph
chebi:62730	2ohph
chebi:72995	3bcrn
chebi:1562	3ityr__L
chebi:20089	3ityr__L
chebi:27847	3ityr__L
chebi:43609	3ityr__L
chebi:59898	3ityr__L
chebi:10890	citmcoa__L
chebi:13998	citmcoa__L
chebi:15457	citmcoa__L
chebi:18571	citmcoa__L
chebi:215	citmcoa__L
chebi:23320	citmcoa__L
chebi:36882	citmcoa__L
chebi:3726	citmcoa__L
chebi:57320	citmcoa__L
chebi:58668	citmcoa__L
chebi:11812	3hmoa
chebi:1522	3hmoa
chebi:17667	3hmoa
chebi:11833	3hoxpac
chebi:1550	3hoxpac
chebi:17445	3hoxpac
chebi:20076	3hoxpac
chebi:39897	3hoxpac
chebi:58149	3hoxpac
chebi:12003	4hbz
chebi:17879	4hbz
chebi:1858	4hbz
chebi:20397	4hbz
chebi:20398	4hbz
chebi:30763	4hbz
chebi:44949	4hbz
chebi:19110	10fthfglu__L
chebi:27862	10fthfglu__L
chebi:699	10fthfglu__L
chebi:11649	2p4c2me
chebi:11650	2p4c2me
chebi:1266	2p4c2me
chebi:16840	2p4c2me
chebi:57919	2p4c2me
chebi:133975	CE2446
chebi:63982	CE2446
chebi:131725	C05770
chebi:23384	C05770
chebi:27609	C05770
chebi:3877	C05770
chebi:12578	26dapime
chebi:18317	26dapime
chebi:21875	26dapime
chebi:21876	26dapime
chebi:49004	26dapime
chebi:58767	26dapime
chebi:7410	26dapime
chebi:12578	n6all26d
chebi:18317	n6all26d
chebi:21875	n6all26d
chebi:21876	n6all26d
chebi:49004	n6all26d
chebi:58767	n6all26d
chebi:7410	n6all26d
chebi:76412	CE5114
chebi:76538	CE5114
chebi:14398	caproic
chebi:17120	caproic
chebi:24569	caproic
chebi:24571	caproic
chebi:30776	caproic
chebi:40213	caproic
chebi:5702	caproic
chebi:14398	hxa
chebi:17120	hxa
chebi:24569	hxa
chebi:24571	hxa
chebi:30776	hxa
chebi:40213	hxa
chebi:5702	hxa
chebi:14048	ch15deccoa
chebi:14049	ch15deccoa
chebi:15520	ch15deccoa
chebi:22023	ch15deccoa
chebi:23460	ch15deccoa
chebi:57374	ch15deccoa
chebi:8938	ch15deccoa
chebi:165425	CE5068
chebi:175486	CE7114
chebi:20575	5hxkyn
chebi:2076	5hxkyn
chebi:36408	5hxkyn
chebi:62624	5hxkyn
chebi:11855	iamoh
chebi:15837	iamoh
chebi:1597	iamoh
chebi:20125	iamoh
chebi:43359	iamoh
chebi:74344	pcholar_hs
chebi:167478	C05769
chebi:23383	C05769
chebi:28421	C05769
chebi:3876	C05769
chebi:167478	cpp1
chebi:23383	cpp1
chebi:28421	cpp1
chebi:3876	cpp1
chebi:26638	selmeth
chebi:27585	selmeth
chebi:30021	selmeth
chebi:47569	selmeth
chebi:62621	selmeth
chebi:9098	selmeth
chebi:21900	n8aspmd
chebi:27911	n8aspmd
chebi:58535	n8aspmd
chebi:7420	n8aspmd
chebi:13733	ade
chebi:16708	ade
chebi:22236	ade
chebi:2470	ade
chebi:40579	ade
chebi:14451	ind3eth
chebi:17890	ind3eth
chebi:24811	ind3eth
chebi:5910	ind3eth
chebi:15024	fdxrd
chebi:17513	fdxrd
chebi:8792	fdxrd
chebi:10849	2ameph
chebi:15573	2ameph
chebi:172	2ameph
chebi:19469	2ameph
chebi:19470	2ameph
chebi:57418	2ameph
chebi:53455	xyl__D
chebi:20886	applp
chebi:28390	applp
chebi:4076	applp
chebi:58563	applp
chebi:58939	2ahethmpp
chebi:978	2ahethmpp
chebi:18733	C02356
chebi:18734	C02356
chebi:28340	C02356
chebi:35619	C02356
chebi:35723	C02356
chebi:376	C02356
chebi:46346	C02356
chebi:74359	C02356
chebi:11604	2ippm
chebi:1179	2ippm
chebi:17275	2ippm
chebi:19668	2ippm
chebi:58085	2ippm
chebi:1235	2omph
chebi:10901	46dh25dohxn
chebi:11790	46dh25dohxn
chebi:15623	46dh25dohxn
chebi:18579	46dh25dohxn
chebi:20004	46dh25dohxn
chebi:229	46dh25dohxn
chebi:29071	46dh25dohxn
chebi:11854	3mbald
chebi:1595	3mbald
chebi:16638	3mbald
chebi:20124	3mbald
chebi:12104	5a2opntn
chebi:17572	5a2opntn
chebi:2026	5a2opntn
chebi:20540	5a2opntn
chebi:49268	5a2opntn
chebi:58802	5a2opntn
chebi:15126	sucsal
chebi:16265	sucsal
chebi:26804	sucsal
chebi:26805	sucsal
chebi:57706	sucsal
chebi:9305	sucsal
chebi:73060	tetdece1crn
chebi:12931	galctn__D
chebi:16534	galctn__D
chebi:24148	galctn__D
chebi:24149	galctn__D
chebi:4132	galctn__D
chebi:13031	xylnact__D
chebi:15867	xylnact__D
chebi:21116	xylnact__D
chebi:4264	xylnact__D
chebi:133529	dopa4sf
chebi:34729	dopa4sf
chebi:10059	xan
chebi:15318	xan
chebi:17712	xan
chebi:27317	xan
chebi:46377	xan
chebi:48517	xan
chebi:24109	frulys
chebi:61393	frulys
chebi:63523	frulys
chebi:24666	acetol
chebi:27957	acetol
chebi:5796	acetol
chebi:24775	im4act
chebi:27398	im4act
chebi:5874	im4act
chebi:24775	imzacd
chebi:27398	imzacd
chebi:5874	imzacd
chebi:11841	ind3acnl
chebi:1559	ind3acnl
chebi:17566	ind3acnl
chebi:24804	ind3acnl
chebi:14484	itacon
chebi:17240	itacon
chebi:24932	itacon
chebi:24933	itacon
chebi:30838	itacon
chebi:6074	itacon
chebi:12637	sucarg
chebi:174615	sucarg
chebi:17705	sucarg
chebi:21819	sucarg
chebi:58241	sucarg
chebi:7372	sucarg
chebi:21821	sucglu
chebi:48957	sucglu
chebi:58763	sucglu
chebi:7373	sucglu
chebi:21820	sucgsa
chebi:27657	sucgsa
chebi:58520	sucgsa
chebi:7374	sucgsa
chebi:60725	pg120
chebi:10651	hspmd
chebi:12850	hspmd
chebi:16554	hspmd
chebi:26840	hspmd
chebi:57811	hspmd
chebi:14717	fdxo_2_2
chebi:17908	fdxo_2_2
chebi:7836	fdxo_2_2
chebi:14717	fdxox
chebi:17908	fdxox
chebi:7836	fdxox
chebi:15226	tet
chebi:16853	tet
chebi:33113	tet
chebi:9504	tet
chebi:47025	udpLa4n
chebi:58708	udpLa4n
chebi:11084	2mcacn
chebi:16717	2mcacn
chebi:18819	2mcacn
chebi:456	2mcacn
chebi:57872	2mcacn
chebi:24146	galman
chebi:27680	galman
chebi:5255	galman
chebi:168935	4hthr
chebi:1853	4hthr
chebi:20393	4hthr
chebi:28330	4hthr
chebi:60904	4hthr
chebi:31132	5houdic
chebi:58639	5houdic
chebi:31132	houdic
chebi:58639	houdic
chebi:14743	acgbgbside_hs
chebi:18208	acgbgbside_hs
chebi:25866	acgbgbside_hs
chebi:45073	acgbgbside_hs
chebi:51354	acgbgbside_hs
chebi:7962	acgbgbside_hs
chebi:14743	peng
chebi:18208	peng
chebi:25866	peng
chebi:45073	peng
chebi:51354	peng
chebi:7962	peng
chebi:15043	rbt
chebi:15963	rbt
chebi:21074	rbt
chebi:26552	rbt
chebi:27854	rbt
chebi:4230	rbt
chebi:48505	rbt
chebi:57591	rbt
chebi:8841	rbt
chebi:31009	hexc
chebi:31013	hexc
chebi:138631	hpdcal
chebi:15059	2hxmp
chebi:16464	2hxmp
chebi:26592	2hxmp
chebi:9004	2hxmp
chebi:974	2hxmp
chebi:15059	2hymeph
chebi:16464	2hymeph
chebi:26592	2hymeph
chebi:9004	2hymeph
chebi:974	2hymeph
chebi:13036	xu5p__D
chebi:16332	xu5p__D
chebi:21121	xu5p__D
chebi:27354	xu5p__D
chebi:4269	xu5p__D
chebi:57737	xu5p__D
chebi:10885	36dahx
chebi:15613	36dahx
chebi:18564	36dahx
chebi:206	36dahx
chebi:57434	36dahx
chebi:12694	ethamp
chebi:14224	ethamp
chebi:14814	ethamp
chebi:17553	ethamp
chebi:23980	ethamp
chebi:36711	ethamp
chebi:44681	ethamp
chebi:4881	ethamp
chebi:58190	ethamp
chebi:11095	tton
chebi:15267	tton
chebi:15987	tton
chebi:27152	tton
chebi:29210	tton
chebi:33483	tton
chebi:9749	tton
chebi:13046	acamoxm
chebi:17355	acamoxm
chebi:21194	acamoxm
chebi:58117	acamoxm
chebi:6155	acamoxm
chebi:7148	acamoxm
chebi:13046	nal2a6o
chebi:17355	nal2a6o
chebi:21194	nal2a6o
chebi:58117	nal2a6o
chebi:6155	nal2a6o
chebi:7148	nal2a6o
chebi:13841	anth
chebi:16567	anth
chebi:22575	anth
chebi:22577	anth
chebi:22578	anth
chebi:2757	anth
chebi:30754	anth
chebi:40980	anth
chebi:19092	CE1944
chebi:36781	CE1944
chebi:1236	2oph
chebi:40398	2oph
chebi:40407	2oph
chebi:21451	prolb
chebi:26272	prolb
chebi:26748	prolb
chebi:35280	prolb
chebi:44810	prolb
chebi:44813	prolb
chebi:9247	prolb
chebi:11989	gdbtal
chebi:16671	gdbtal
chebi:1832	gdbtal
chebi:20370	gdbtal
chebi:57854	gdbtal
chebi:12222	HC01254
chebi:136565	HC01254
chebi:17248	HC01254
chebi:20738	HC01254
chebi:2207	HC01254
chebi:1234	2ombz
chebi:19730	2ombz
chebi:28423	2ombz
chebi:80357	lnlcACP
chebi:61682	q8h2
chebi:166836	lum3
chebi:11961	4abut
chebi:16865	4abut
chebi:1786	4abut
chebi:193777	4abut
chebi:20317	4abut
chebi:20318	4abut
chebi:30566	4abut
chebi:40483	4abut
chebi:59888	4abut
chebi:19250	dimp
chebi:28806	dimp
chebi:41998	dimp
chebi:43315	dimp
chebi:43377	dimp
chebi:43384	dimp
chebi:43389	dimp
chebi:44500	dimp
chebi:61194	dimp
chebi:837	dimp
chebi:13115	guln__L
chebi:16154	guln__L
chebi:21318	guln__L
chebi:21319	guln__L
chebi:24461	guln__L
chebi:24462	guln__L
chebi:6235	guln__L
chebi:44147	mqn9
chebi:12465	acanth
chebi:16803	acanth
chebi:19414	acanth
chebi:21602	acanth
chebi:32578	acanth
chebi:36555	acanth
chebi:7194	acanth
chebi:2386	acmp
chebi:46191	acmp
chebi:46195	acmp
chebi:49189	pristanal
chebi:34987	sula
chebi:49876	sula
chebi:50519	sula
chebi:58824	sula
chebi:34987	sulfac
chebi:49876	sulfac
chebi:50519	sulfac
chebi:58824	sulfac
chebi:15200	HC02198
chebi:1716	HC02198
chebi:17864	HC02198
chebi:26858	HC02198
chebi:58301	HC02198
chebi:9412	HC02198
chebi:173696	CE5860
chebi:51284	dkfp
chebi:58861	dkfp
chebi:10846	23dhba
chebi:15572	23dhba
chebi:170	23dhba
chebi:18521	23dhba
chebi:57417	23dhba
chebi:12033	24nph
chebi:16318	24nph
chebi:1912	24nph
chebi:20456	24nph
chebi:40103	24nph
chebi:57730	24nph
chebi:53647	dhgly
chebi:53664	dhgly
chebi:77846	dhgly
chebi:13186	val__L
chebi:16414	val__L
chebi:176648	val__L
chebi:21417	val__L
chebi:27266	val__L
chebi:32851	val__L
chebi:32852	val__L
chebi:32859	val__L
chebi:32860	val__L
chebi:46282	val__L
chebi:46376	val__L
chebi:46418	val__L
chebi:46484	val__L
chebi:57762	val__L
chebi:6321	val__L
chebi:87977	val__L
chebi:84268	nonal
chebi:2054	5flura
chebi:46343	5flura
chebi:46345	5flura
chebi:11638	akg
chebi:1253	akg
chebi:16810	akg
chebi:19748	akg
chebi:19749	akg
chebi:30915	akg
chebi:30916	akg
chebi:40661	akg
chebi:12908	altrn
chebi:17360	altrn
chebi:20904	altrn
chebi:4095	altrn
chebi:46644	altrn
chebi:58707	altrn
chebi:59911	nfmalm
chebi:59930	nfmalm
chebi:11695	dopa
chebi:11930	dopa
chebi:14203	dopa
chebi:1764	dopa
chebi:18243	dopa
chebi:23886	dopa
chebi:43686	dopa
chebi:59905	dopa
chebi:10602	mi4p__D
chebi:11355	mi4p__D
chebi:18384	mi4p__D
chebi:19198	mi4p__D
chebi:58469	mi4p__D
chebi:11647	M00673
chebi:1264	M00673
chebi:16562	M00673
chebi:19762	M00673
chebi:25974	M00673
chebi:11647	pad
chebi:1264	pad
chebi:16562	pad
chebi:19762	pad
chebi:25974	pad
chebi:11652	2pglyc
chebi:1268	2pglyc
chebi:17150	2pglyc
chebi:19763	2pglyc
chebi:19764	2pglyc
chebi:44849	2pglyc
chebi:58033	2pglyc
chebi:11951	4aabutn
chebi:17645	4aabutn
chebi:1777	4aabutn
chebi:20303	4aabutn
chebi:12110	5apentam
chebi:18120	5apentam
chebi:2036	5apentam
chebi:20548	5apentam
chebi:58382	5apentam
chebi:13849	apocytc
chebi:15697	apocytc
chebi:2782	apocytc
chebi:13925	butpi
chebi:13927	butpi
chebi:17260	butpi
chebi:22952	butpi
chebi:3236	butpi
chebi:58079	butpi
chebi:101256	coumarin
chebi:23402	coumarin
chebi:28794	coumarin
chebi:3906	coumarin
chebi:41552	coumarin
chebi:12919	cys__D
chebi:16375	cys__D
chebi:20921	cys__D
chebi:32449	cys__D
chebi:32450	cys__D
chebi:32451	cys__D
chebi:35236	cys__D
chebi:4111	cys__D
chebi:41887	cys__D
chebi:1020	2amsa
chebi:11523	2amsa
chebi:17740	2amsa
chebi:21210	2amsa
chebi:37012	2amsa
chebi:58671	2amsa
chebi:77662	2amsa
chebi:21221	athr__L
chebi:28718	athr__L
chebi:38262	athr__L
chebi:40698	athr__L
chebi:58585	athr__L
chebi:6174	athr__L
chebi:59435	lppg
chebi:59436	lppg
chebi:12433	6ax6ax
chebi:16780	6ax6ax
chebi:21473	6ax6ax
chebi:49255	6ax6ax
chebi:58798	6ax6ax
chebi:7092	6ax6ax
chebi:12574	Nacasp
chebi:16953	Nacasp
chebi:176586	Nacasp
chebi:21546	Nacasp
chebi:21547	Nacasp
chebi:7149	Nacasp
chebi:87271	Nacasp
chebi:14773	pylald
chebi:15421	pylald
chebi:25938	pylald
chebi:8023	pylald
chebi:15311	vaccoa
chebi:15543	vaccoa
chebi:27294	vaccoa
chebi:57396	vaccoa
chebi:9991	vaccoa
chebi:14645	ncam
chebi:17154	ncam
chebi:25521	ncam
chebi:44258	ncam
chebi:7556	ncam
chebi:1169	2hyoxplac
chebi:19655	2hyoxplac
chebi:28478	2hyoxplac
chebi:62423	2hyoxplac
chebi:13879	bz
chebi:16150	bz
chebi:22717	bz
chebi:22722	bz
chebi:3029	bz
chebi:30746	bz
chebi:41051	bz
chebi:11267	1mncam
chebi:145117	1mncam
chebi:16797	1mncam
chebi:18635	1mncam
chebi:646	1mncam
chebi:10498	didp
chebi:19249	didp
chebi:28823	didp
chebi:62286	didp
chebi:48455	2dmmq8
chebi:14223	etha
chebi:16000	etha
chebi:23979	etha
chebi:272066	etha
chebi:42323	etha
chebi:4880	etha
chebi:57603	etha
chebi:14223	etham
chebi:16000	etham
chebi:23979	etham
chebi:272066	etham
chebi:42323	etham
chebi:4880	etham
chebi:57603	etham
chebi:1335	3cmp
chebi:23517	3cmp
chebi:28929	3cmp
chebi:41345	3cmp
chebi:41615	3cmp
chebi:53013	3cmp
chebi:60875	3cmp
chebi:24447	3gmp
chebi:28072	3gmp
chebi:39948	3gmp
chebi:42888	3gmp
chebi:5567	3gmp
chebi:60732	3gmp
chebi:1617	3ophb
chebi:50116	3ophb
chebi:166835	ts3
chebi:13766	aacald
chebi:17628	aacald
chebi:22486	aacald
chebi:2647	aacald
chebi:42833	aacald
chebi:58213	aacald
chebi:13766	amacald
chebi:17628	amacald
chebi:22486	amacald
chebi:2647	amacald
chebi:42833	amacald
chebi:58213	amacald
chebi:125832	M03051
chebi:39247	M03051
chebi:45916	M03051
chebi:45919	M03051
chebi:75084	M03051
chebi:125832	trdca
chebi:39247	trdca
chebi:45916	trdca
chebi:45919	trdca
chebi:75084	trdca
chebi:14348	glyclt
chebi:17497	glyclt
chebi:24388	glyclt
chebi:24390	glyclt
chebi:29805	glyclt
chebi:42865	glyclt
chebi:5475	glyclt
chebi:61684	mql8
chebi:14446	iad
chebi:16031	iad
chebi:24800	iad
chebi:46118	iad
chebi:5904	iad
chebi:49032	metsox_R__L
chebi:58773	metsox_R__L
chebi:176610	mn2
chebi:21435	mn2
chebi:25156	mn2
chebi:29035	mn2
chebi:49749	mn2
chebi:31997	HC01842
chebi:58641	HC01842
chebi:12508	nformanth
chebi:18410	nformanth
chebi:19417	nformanth
chebi:21716	nformanth
chebi:36575	nformanth
chebi:5154	nformanth
chebi:14679	ocdcal
chebi:17034	ocdcal
chebi:25628	ocdcal
chebi:7722	ocdcal
chebi:14965	psd5p
chebi:18116	psd5p
chebi:26365	psd5p
chebi:58380	psd5p
chebi:8611	psd5p
chebi:15075	sel
chebi:18170	sel
chebi:26624	sel
chebi:33490	sel
chebi:9088	sel
chebi:12720	cholp
chebi:13986	cholp
chebi:18132	cholp
chebi:23214	cholp
chebi:295975	cholp
chebi:3667	cholp
chebi:44707	cholp
chebi:27187	hcoumarin
chebi:27188	hcoumarin
chebi:27510	hcoumarin
chebi:9858	hcoumarin
chebi:14987	pyr
chebi:15361	pyr
chebi:177913	pyr
chebi:26462	pyr
chebi:26466	pyr
chebi:32816	pyr
chebi:45253	pyr
chebi:8685	pyr
chebi:59889	uracp
chebi:61683	q8
chebi:1861	4hbutcoa
chebi:20403	4hbutcoa
chebi:28522	4hbutcoa
chebi:58574	4hbutcoa
chebi:12206	6ax
chebi:16586	6ax
chebi:20703	6ax
chebi:2171	6ax
chebi:227755	6ax
chebi:32396	6ax
chebi:40458	6ax
chebi:57826	6ax
chebi:10532	dump
chebi:14094	dump
chebi:17622	dump
chebi:19263	dump
chebi:246422	dump
chebi:42245	dump
chebi:46286	dump
chebi:46288	dump
chebi:47722	dump
chebi:14698	orot
chebi:16742	orot
chebi:25719	orot
chebi:25720	orot
chebi:30839	orot
chebi:44781	orot
chebi:7787	orot
chebi:168383	ocdca
chebi:231588	ocdca
chebi:25629	ocdca
chebi:25631	ocdca
chebi:28842	ocdca
chebi:45710	ocdca
chebi:89816	trdcal
chebi:60872	2c23dh56dhoxin
chebi:27304	mndn
chebi:28869	mndn
chebi:46306	mndn
chebi:6747	mndn
chebi:14638	npthl
chebi:16482	npthl
chebi:25469	npthl
chebi:44619	npthl
chebi:7472	npthl
chebi:22002	ap5a
chebi:28898	ap5a
chebi:3120	ap5a
chebi:62041	ap5a
chebi:25936	peracd
chebi:29661	peracd
chebi:36999	peracd
chebi:62641	peracd
chebi:170099	M00115
chebi:11673	camp
chebi:1325	camp
chebi:17489	camp
chebi:19827	camp
chebi:41588	camp
chebi:58165	camp
chebi:11877	msa
chebi:14564	msa
chebi:1651	msa
chebi:17960	msa
chebi:20180	msa
chebi:33190	msa
chebi:134479	M00017
chebi:10616	whddca
chebi:36204	whddca
chebi:39557	whddca
chebi:39567	whddca
chebi:55328	whhdca
chebi:55329	whhdca
chebi:44780	2phetoh
chebi:49000	2phetoh
chebi:8096	2phetoh
chebi:140699	3snpyr
chebi:1665	3snpyr
chebi:14957	pheme
chebi:17627	pheme
chebi:26355	pheme
chebi:5651	pheme
chebi:60344	pheme
chebi:12170	zymstnl
chebi:16608	zymstnl
chebi:20645	zymstnl
chebi:2139	zymstnl
chebi:12207	6ampenc
chebi:16705	6ampenc
chebi:20704	6ampenc
chebi:20705	6ampenc
chebi:2172	6ampenc
chebi:30938	6ampenc
chebi:57869	6ampenc
chebi:12207	6apa
chebi:16705	6apa
chebi:20704	6apa
chebi:20705	6apa
chebi:2172	6apa
chebi:30938	6apa
chebi:57869	6apa
chebi:132287	succ
chebi:15125	succ
chebi:15741	succ
chebi:172952	succ
chebi:22941	succ
chebi:22943	succ
chebi:26803	succ
chebi:26807	succ
chebi:30031	succ
chebi:30779	succ
chebi:45639	succ
chebi:90372	succ
chebi:9304	succ
chebi:52488	codscl5a
chebi:60062	codscl5a
chebi:11063	dhor__S
chebi:17025	dhor__S
chebi:18777	dhor__S
chebi:18778	dhor__S
chebi:30864	dhor__S
chebi:417	dhor__S
chebi:42132	dhor__S
chebi:14337	glyc2p
chebi:17270	glyc2p
chebi:26704	glyc2p
chebi:42620	glyc2p
chebi:5451	glyc2p
chebi:58083	glyc2p
chebi:14595	mma
chebi:16830	mma
chebi:25402	mma
chebi:44374	mma
chebi:57913	mma
chebi:59338	mma
chebi:6864	mma
chebi:12209	pime
chebi:133773	pime
chebi:17774	pime
chebi:20708	pime
chebi:20709	pime
chebi:2175	pime
chebi:24517	pime
chebi:30531	pime
chebi:36165	pime
chebi:44980	pime
chebi:15229	thmpp
chebi:45930	thmpp
chebi:45931	thmpp
chebi:49939	thmpp
chebi:58937	thmpp
chebi:9532	thmpp
chebi:15058	salcn
chebi:17814	salcn
chebi:26591	salcn
chebi:9002	salcn
chebi:10529	dtmp
chebi:14092	dtmp
chebi:15246	dtmp
chebi:17013	dtmp
chebi:26999	dtmp
chebi:45759	dtmp
chebi:45772	dtmp
chebi:45926	dtmp
chebi:46013	dtmp
chebi:46036	dtmp
chebi:46960	dtmp
chebi:47711	dtmp
chebi:63528	dtmp
chebi:63549	dtmp
chebi:12921	e4p
chebi:16897	e4p
chebi:20927	e4p
chebi:4114	e4p
chebi:42349	e4p
chebi:48153	e4p
chebi:19132	C05284
chebi:27967	C05284
chebi:736	C05284
chebi:19163	eandrstrn
chebi:27771	eandrstrn
chebi:775	eandrstrn
chebi:175195	23camp
chebi:19212	23camp
chebi:27844	23camp
chebi:40469	23camp
chebi:60879	23camp
chebi:823	23camp
chebi:13704	ac
chebi:15366	ac
chebi:22165	ac
chebi:22169	ac
chebi:2387	ac
chebi:30089	ac
chebi:40480	ac
chebi:40486	ac
chebi:11615	2mbald
chebi:1200	2mbald
chebi:16182	2mbald
chebi:19692	2mbald
chebi:11990	4gudbd
chebi:18062	4gudbd
chebi:1833	4gudbd
chebi:20371	4gudbd
chebi:58365	4gudbd
chebi:140994	4nphsf
chebi:35422	4nphsf
chebi:12051	mergtrol
chebi:1946	mergtrol
chebi:30109	mergtrol
chebi:32639	acmpglut
chebi:11635	2oxoadp
chebi:1247	2oxoadp
chebi:15753	2oxoadp
chebi:19737	2oxoadp
chebi:57499	2oxoadp
chebi:10349	ans
chebi:13836	ans
chebi:18323	ans
chebi:22828	ans
chebi:58445	ans
chebi:62566	cdp_inost
chebi:62573	cdp_inost
chebi:10493	dcmp
chebi:14070	dcmp
chebi:14071	dcmp
chebi:14115	dcmp
chebi:15918	dcmp
chebi:19242	dcmp
chebi:41838	dcmp
chebi:41875	dcmp
chebi:57566	dcmp
chebi:133524	dopasf
chebi:32705	dopasf
chebi:34728	dopasf
chebi:37946	dopasf
chebi:23969	estriol
chebi:27974	estriol
chebi:42467	estriol
chebi:4869	estriol
chebi:13051	L2aadp
chebi:13053	L2aadp
chebi:17082	L2aadp
chebi:21200	L2aadp
chebi:21201	L2aadp
chebi:37023	L2aadp
chebi:46332	L2aadp
chebi:58672	L2aadp
chebi:6161	L2aadp
chebi:61502	hlipa
chebi:61528	hlipa
chebi:21213	4hglusa
chebi:27809	4hglusa
chebi:6169	4hglusa
chebi:62637	4hglusa
chebi:176598	na1
chebi:26717	na1
chebi:29101	na1
chebi:49766	na1
chebi:9175	na1
chebi:15044	ribflv
chebi:17015	ribflv
chebi:27299	ribflv
chebi:45214	ribflv
chebi:529204	ribflv
chebi:57986	ribflv
chebi:8843	ribflv
chebi:12610	nmptrc
chebi:17166	nmptrc
chebi:21771	nmptrc
chebi:58039	nmptrc
chebi:7323	nmptrc
chebi:11268	octal
chebi:17935	octal
chebi:25641	octal
chebi:659	octal
chebi:14836	phytol
chebi:17327	phytol
chebi:26121	phytol
chebi:8193	phytol
chebi:145116	nac
chebi:14650	nac
chebi:15940	nac
chebi:22851	nac
chebi:25530	nac
chebi:25538	nac
chebi:32544	nac
chebi:44319	nac
chebi:7559	nac
chebi:145116	nicnt
chebi:14650	nicnt
chebi:15940	nicnt
chebi:22851	nicnt
chebi:25530	nicnt
chebi:25538	nicnt
chebi:32544	nicnt
chebi:44319	nicnt
chebi:7559	nicnt
chebi:10336	avite1
chebi:12343	avite1
chebi:18145	avite1
chebi:22470	avite1
chebi:46509	avite1
chebi:11651	2pg
chebi:1267	2pg
chebi:12986	2pg
chebi:17835	2pg
chebi:21028	2pg
chebi:24344	2pg
chebi:39868	2pg
chebi:58289	2pg
chebi:88350	2pg
chebi:11017	btd_RR
chebi:16982	btd_RR
chebi:18709	btd_RR
chebi:357	btd_RR
chebi:41249	btd_RR
chebi:12029	2kmb
chebi:16723	2kmb
chebi:1902	2kmb
chebi:20451	2kmb
chebi:22458	2kmb
chebi:33574	2kmb
chebi:43720	2kmb
chebi:63388	2kmb
chebi:12029	4met2obut
chebi:16723	4met2obut
chebi:1902	4met2obut
chebi:20451	4met2obut
chebi:22458	4met2obut
chebi:33574	4met2obut
chebi:43720	4met2obut
chebi:63388	4met2obut
chebi:12029	4mtob
chebi:16723	4mtob
chebi:1902	4mtob
chebi:20451	4mtob
chebi:22458	4mtob
chebi:33574	4mtob
chebi:43720	4mtob
chebi:63388	4mtob
chebi:10907	12HPET
chebi:15626	12HPET
chebi:18593	12HPET
chebi:19137	12HPET
chebi:250	12HPET
chebi:57444	12HPET
chebi:740	12HPET
chebi:50205	34dhbald
chebi:11798	3dh5hpb
chebi:1509	3dh5hpb
chebi:18081	3dh5hpb
chebi:20027	3dh5hpb
chebi:58373	3dh5hpb
chebi:11693	34dhphe
chebi:13098	34dhphe
chebi:1377	34dhphe
chebi:15765	34dhphe
chebi:19825	34dhphe
chebi:41871	34dhphe
chebi:49933	34dhphe
chebi:57504	34dhphe
chebi:67012	34dhphe
chebi:75987	34dhphe
chebi:13711	actp
chebi:15350	actp
chebi:22191	actp
chebi:2407	actp
chebi:46262	actp
chebi:13744	adpac
chebi:17128	adpac
chebi:22264	adpac
chebi:22268	adpac
chebi:2489	adpac
chebi:30832	adpac
chebi:30833	adpac
chebi:2807	arbt6p
chebi:60929	arbt6p
chebi:12245	dhf
chebi:14150	dhf
chebi:15633	dhf
chebi:20768	dhf
chebi:42000	dhf
chebi:4564	dhf
chebi:57451	dhf
chebi:15195	taur
chebi:15891	taur
chebi:26852	taur
chebi:32970	taur
chebi:45877	taur
chebi:507393	taur
chebi:9406	taur
chebi:24435	M02035
chebi:30087	M02035
chebi:42816	M02035
chebi:42820	M02035
chebi:616459	M02035
chebi:10491	datp
chebi:14069	datp
chebi:16284	datp
chebi:19238	datp
chebi:42290	datp
chebi:495505	datp
chebi:61404	datp
chebi:14902	13ppd
chebi:16109	13ppd
chebi:26286	13ppd
chebi:44868	13ppd
chebi:8471	13ppd
chebi:45013	2plac__L
chebi:59433	2plac__L
chebi:59906	2plac__L
chebi:12531	glyb
chebi:13895	glyb
chebi:15264	glyb
chebi:17750	glyb
chebi:22858	glyb
chebi:24370	glyb
chebi:27128	glyb
chebi:3073	glyb
chebi:41134	glyb
chebi:41139	glyb
chebi:10792	gly
chebi:132194	gly
chebi:14344	gly
chebi:15428	gly
chebi:24368	gly
chebi:32507	gly
chebi:32508	gly
chebi:42964	gly
chebi:5460	gly
chebi:57305	gly
chebi:83320	12dgr140
chebi:132952	oxa
chebi:14702	oxa
chebi:16995	oxa
chebi:25729	oxa
chebi:25730	oxa
chebi:30623	oxa
chebi:44583	oxa
chebi:44820	oxa
chebi:46904	oxa
chebi:7811	oxa
chebi:19404	26dmani
chebi:28738	26dmani
chebi:956	26dmani
chebi:63458	rephaccoa
chebi:63547	rephaccoa
chebi:46202	udcal
chebi:1131	hmccms
chebi:19614	hmccms
chebi:28027	hmccms
chebi:7814	oxag
chebi:1387	34dhoxpeg
chebi:11876	3opimcoa
chebi:15492	3opimcoa
chebi:1649	3opimcoa
chebi:20098	3opimcoa
chebi:20178	3opimcoa
chebi:57350	3opimcoa
chebi:10327	apnnox
chebi:12341	apnnox
chebi:22466	apnnox
chebi:29060	apnnox
chebi:24763	arach
chebi:2798	arach
chebi:28822	arach
chebi:32360	arach
chebi:21872	biocyt
chebi:21882	biocyt
chebi:27870	biocyt
chebi:7415	biocyt
chebi:10789	atp
chebi:10841	atp
chebi:13236	atp
chebi:15422	atp
chebi:22249	atp
chebi:2359	atp
chebi:237958	atp
chebi:30616	atp
chebi:40938	atp
chebi:57299	atp
chebi:10876	sarcs
chebi:12609	sarcs
chebi:15065	sarcs
chebi:15611	sarcs
chebi:21765	sarcs
chebi:45381	sarcs
chebi:45442	sarcs
chebi:45531	sarcs
chebi:45614	sarcs
chebi:46842	sarcs
chebi:46915	sarcs
chebi:57433	sarcs
chebi:9029	sarcs
chebi:14046	cyeuol
chebi:16653	cyeuol
chebi:23458	cyeuol
chebi:4000	cyeuol
chebi:12631	octp
chebi:15805	octp
chebi:177806	octp
chebi:21810	octp
chebi:57520	octp
chebi:67037	octp
chebi:7366	octp
chebi:13905	btn
chebi:15956	btn
chebi:22882	btn
chebi:22884	btn
chebi:3108	btn
chebi:41236	btn
chebi:57586	btn
chebi:11609	2mop
chebi:11610	2mop
chebi:1193	2mop
chebi:16256	2mop
chebi:19682	2mop
chebi:57700	2mop
chebi:62727	mptamp
chebi:62728	mptamp
chebi:12439	HC01231
chebi:18416	HC01231
chebi:21462	HC01231
chebi:21463	HC01231
chebi:58480	HC01231
chebi:7081	HC01231
chebi:12439	ptcys
chebi:18416	ptcys
chebi:21462	ptcys
chebi:21463	ptcys
chebi:58480	ptcys
chebi:7081	ptcys
chebi:14897	2ppoh
chebi:17824	2ppoh
chebi:26280	2ppoh
chebi:43588	2ppoh
chebi:8467	2ppoh
chebi:44800	mththf
chebi:11643	mthgxl
chebi:14599	mthgxl
chebi:17158	mthgxl
chebi:25303	mthgxl
chebi:6875	mthgxl
chebi:131530	pydx
chebi:14976	pydx
chebi:17310	pydx
chebi:26423	pydx
chebi:45112	pydx
chebi:8667	pydx
chebi:44475	4h3npac
chebi:53794	4h3npac
chebi:546274	4h3npac
chebi:71332	4h3npac
chebi:44475	CE1957
chebi:53794	CE1957
chebi:546274	CE1957
chebi:71332	CE1957
chebi:78090	12dgr160
chebi:82929	12dgr160
chebi:10740	thbpt4acam
chebi:10926	thbpt4acam
chebi:12053	thbpt4acam
chebi:136571	thbpt4acam
chebi:15374	thbpt4acam
chebi:15642	thbpt4acam
chebi:18604	thbpt4acam
chebi:254	thbpt4acam
chebi:134623	ttdca
chebi:26897	ttdca
chebi:278516	ttdca
chebi:28875	ttdca
chebi:30807	ttdca
chebi:35292	ttdca
chebi:44232	ttdca
chebi:7056	ttdca
chebi:73168	ttdca
chebi:458	g2m8mpdol
chebi:18826	m2macchitppdol
chebi:28049	m2macchitppdol
chebi:460	m2macchitppdol
chebi:18826	m2mpdol
chebi:28049	m2mpdol
chebi:460	m2mpdol
chebi:18829	m5mpdol
chebi:37634	m5mpdol
chebi:463	m5mpdol
chebi:18830	m6mpdol
chebi:37635	m6mpdol
chebi:464	m6mpdol
chebi:18831	m7mpdol
chebi:37636	m7mpdol
chebi:465	m7mpdol
chebi:133518	3mglutac
chebi:37245	3mglutac
chebi:19213	23ccmp
chebi:27652	23ccmp
chebi:60877	23ccmp
chebi:824	23ccmp
chebi:11113	indpyr
chebi:11738	indpyr
chebi:14454	indpyr
chebi:17640	indpyr
chebi:24816	indpyr
chebi:24817	indpyr
chebi:29750	indpyr
chebi:39967	indpyr
chebi:5917	indpyr
chebi:19215	23cump
chebi:28637	23cump
chebi:60873	23cump
chebi:826	23cump
chebi:75920	2m6phol
chebi:176515	CE2870
chebi:35431	CE2870
chebi:11799	3hph5mb
chebi:1510	3hph5mb
chebi:16835	3hph5mb
chebi:20028	3hph5mb
chebi:57916	3hph5mb
chebi:1942	adrnl
chebi:23928	adrnl
chebi:28918	adrnl
chebi:71406	adrnl
chebi:88540	CE4890
chebi:1	nrpphr
chebi:14668	nrpphr
chebi:166902	nrpphr
chebi:18357	nrpphr
chebi:25592	nrpphr
chebi:258884	nrpphr
chebi:33569	nrpphr
chebi:43725	nrpphr
chebi:72587	nrpphr
chebi:13093	cyst__L
chebi:17482	cyst__L
chebi:21259	cyst__L
chebi:58161	cyst__L
chebi:6205	cyst__L
chebi:61032	cph4
chebi:61126	cph4
chebi:145875	6tins5mp
chebi:2332	6tins5mp
chebi:14777	phenol
chebi:15882	phenol
chebi:25966	phenol
chebi:43543	phenol
chebi:50526	phenol
chebi:8071	phenol
chebi:22215	aa
chebi:2441	aa
chebi:28619	aa
chebi:22716	C07535
chebi:29865	C07535
chebi:3045	C07535
chebi:73005	pe160
chebi:73127	pe160
chebi:12350	f2p
chebi:57267	f2p
chebi:22936	1btol
chebi:28885	1btol
chebi:39632	1btol
chebi:612	1btol
chebi:22936	btoh
chebi:28885	btoh
chebi:39632	btoh
chebi:612	btoh
chebi:52242	ptp
chebi:169367	CE3140
chebi:12630	nop
chebi:17249	nop
chebi:21809	nop
chebi:4216	nop
chebi:58074	nop
chebi:7365	nop
chebi:7620	nop
chebi:73004	1agpe160
chebi:73134	1agpe160
chebi:73851	pcholpalme_hs
chebi:51312	dhxfut
chebi:58864	dhxfut
chebi:168574	1agpe120
chebi:168574	pe12_hs
chebi:84299	1agpe140
chebi:85215	1agpe140
chebi:169515	1agpg120
chebi:75612	magarachi_hs
chebi:13747	agm
chebi:17431	agm
chebi:18576	agm
chebi:2514	agm
chebi:40556	agm
chebi:58145	agm
chebi:133744	homoval
chebi:545959	homoval
chebi:5758	homoval
chebi:25467	lgnc
chebi:26892	lgnc
chebi:28866	lgnc
chebi:31014	lgnc
chebi:6458	lgnc
chebi:10590	m_xyl
chebi:25100	m_xyl
chebi:28488	m_xyl
chebi:175292	CE5944
chebi:12979	glu__D
chebi:15966	glu__D
chebi:21022	glu__D
chebi:21023	glu__D
chebi:29986	glu__D
chebi:29989	glu__D
chebi:4183	glu__D
chebi:18036	pppi
chebi:29203	pppi
chebi:39942	pppi
chebi:39949	pppi
chebi:48313	pppi
chebi:48314	pppi
chebi:48315	pppi
chebi:48316	pppi
chebi:5926	pppi
chebi:9744	pppi
chebi:175705	CE5976
chebi:172594	CE5525
chebi:175707	CE5139
chebi:172614	CE5140
chebi:14708	oxam
chebi:18058	oxam
chebi:25740	oxam
chebi:44589	oxam
chebi:58363	oxam
chebi:7818	oxam
chebi:20481	p_tol
chebi:20482	p_tol
chebi:28856	p_tol
chebi:36635	p_tol
chebi:47121	p_tol
chebi:9623	p_tol
chebi:145207	CE5843
chebi:139535	CE7145
chebi:168306	CE4898
chebi:139534	CE7072
chebi:145208	CE7144
chebi:32635	sulpacmp
chebi:88459	CE7172
chebi:88348	CE2537
chebi:34159	CE4877
chebi:85236	CE4877
chebi:51340	CE2416
chebi:77268	CE2416
chebi:51340	prist
chebi:77268	prist
chebi:175479	CE7113
chebi:132087	CE7082
chebi:88347	CE7082
chebi:64794	salcn6p
chebi:9003	salcn6p
chebi:13993	chor
chebi:17333	chor
chebi:23225	chor
chebi:23227	chor
chebi:29748	chor
chebi:3677	chor
chebi:15236	thiog
chebi:26966	thiog
chebi:26967	thiog
chebi:30065	thiog
chebi:30066	thiog
chebi:47869	thiog
chebi:9554	thiog
chebi:13452	udpsq
chebi:15855	udpsq
chebi:60009	udpsq
chebi:9810	udpsq
chebi:113448	M03134
chebi:14751	M03134
chebi:17418	M03134
chebi:25890	M03134
chebi:27263	M03134
chebi:27264	M03134
chebi:31011	M03134
chebi:43606	M03134
chebi:44803	M03134
chebi:7980	M03134
chebi:113448	pta
chebi:14751	pta
chebi:17418	pta
chebi:25890	pta
chebi:27263	pta
chebi:27264	pta
chebi:31011	pta
chebi:43606	pta
chebi:44803	pta
chebi:7980	pta
chebi:12955	glcn
chebi:18391	glcn
chebi:20983	glcn
chebi:20985	glcn
chebi:20986	glcn
chebi:24265	glcn
chebi:24266	glcn
chebi:33198	glcn
chebi:4157	glcn
chebi:42715	glcn
chebi:12955	glcn__D
chebi:18391	glcn__D
chebi:20983	glcn__D
chebi:20985	glcn__D
chebi:20986	glcn__D
chebi:24265	glcn__D
chebi:24266	glcn__D
chebi:33198	glcn__D
chebi:4157	glcn__D
chebi:42715	glcn__D
chebi:62047	crnDcoa
chebi:62194	crnDcoa
chebi:59892	poaac
chebi:10497	dgtp
chebi:14076	dgtp
chebi:16497	dgtp
chebi:19247	dgtp
chebi:57794	dgtp
chebi:61429	dgtp
chebi:11654	2pcpgc
chebi:1273	2pcpgc
chebi:136231	2pcpgc
chebi:16068	2pcpgc
chebi:19773	2pcpgc
chebi:57628	2pcpgc
chebi:11452	hgentis
chebi:14410	hgentis
chebi:16169	hgentis
chebi:24615	hgentis
chebi:44744	hgentis
chebi:44747	hgentis
chebi:5755	hgentis
chebi:1077	2dglcn
chebi:11564	2dglcn
chebi:16138	2dglcn
chebi:57653	2dglcn
chebi:86982	CE4797
chebi:87181	CE4797
chebi:1383	34dhoxmand
chebi:19884	34dhoxmand
chebi:27637	34dhoxmand
chebi:53326	34dhoxmand
chebi:1463	HC01435
chebi:145244	2agpe140
chebi:131743	2agpe160
chebi:132926	2agpe160
chebi:133144	2agpe180
chebi:133145	2agpe180
chebi:11774	3ddgc
chebi:1481	3ddgc
chebi:16622	3ddgc
chebi:19990	3ddgc
chebi:57839	3ddgc
chebi:1593	3mbzalc
chebi:20123	3mbzalc
chebi:27995	3mbzalc
chebi:11166	13dampp
chebi:14901	13dampp
chebi:15725	13dampp
chebi:26285	13dampp
chebi:39528	13dampp
chebi:519	13dampp
chebi:57484	13dampp
chebi:1895	4mbzalc
chebi:25828	4mbzalc
chebi:20589	5hxkynam
chebi:2075	5hxkynam
chebi:28715	5hxkynam
chebi:62214	5hxkynam
chebi:20608	5mcsn
chebi:2094	5mcsn
chebi:27551	5mcsn
chebi:85013	5mcsn
chebi:14962	pppg9
chebi:15435	pppg9
chebi:26359	pppg9
chebi:26360	pppg9
chebi:57307	pppg9
chebi:8593	pppg9
chebi:138635	2hhxdal
chebi:50626	2hhxdal
chebi:138635	hhxdcal
chebi:50626	hhxdcal
chebi:86365	2m3ovac
chebi:50585	2mbac
chebi:86366	CE4970
chebi:68455	CE2934
chebi:13123	hom__L
chebi:15699	hom__L
chebi:21330	hom__L
chebi:43131	hom__L
chebi:57476	hom__L
chebi:6246	hom__L
chebi:31087	dmtphllqne
chebi:177713	decdicrn
chebi:175747	CE5947
chebi:10433	nmn
chebi:12397	nmn
chebi:13409	nmn
chebi:14646	nmn
chebi:14647	nmn
chebi:14648	nmn
chebi:14649	nmn
chebi:16171	nmn
chebi:22850	nmn
chebi:25522	nmn
chebi:7557	nmn
chebi:80607	citalald
chebi:1420	srtn
chebi:26652	srtn
chebi:28790	srtn
chebi:350546	srtn
chebi:49894	srtn
chebi:2251	h2mpt
chebi:72788	h2mpt
chebi:4746	echin
chebi:51310	fut
chebi:58863	fut
chebi:10494	dctp
chebi:14072	dctp
chebi:16311	dctp
chebi:19243	dctp
chebi:41805	dctp
chebi:57724	dctp
chebi:61481	dctp
chebi:13086	aspsa
chebi:13087	aspsa
chebi:18051	aspsa
chebi:21245	aspsa
chebi:40847	aspsa
chebi:537519	aspsa
chebi:6194	aspsa
chebi:61395	LalaDglu
chebi:61566	LalaDglu
chebi:13125	C01507
chebi:18202	C01507
chebi:21334	C01507
chebi:6249	C01507
chebi:150018	3amba
chebi:37081	3amba
chebi:87997	3amba
chebi:64182	M00770
chebi:37051	2m3hbu
chebi:78554	2m3hbu
chebi:89205	3hadpac
chebi:39980	3ohglutac
chebi:37084	3hivac
chebi:82957	3hivac
chebi:37084	CE2028
chebi:82957	CE2028
chebi:1546	3hxkynam
chebi:20074	3hxkynam
chebi:27421	3hxkynam
chebi:132934	3ohsebac
chebi:132935	3ohsebac
chebi:89182	3ohsebac
chebi:70766	3ohsubac
chebi:14979	pyam5p
chebi:14980	pyam5p
chebi:18335	pyam5p
chebi:26427	pyam5p
chebi:45037	pyam5p
chebi:58451	pyam5p
chebi:8670	pyam5p
chebi:12612	argp
chebi:18412	argp
chebi:25686	argp
chebi:26052	argp
chebi:58477	argp
chebi:6187	argp
chebi:7066	argp
chebi:68499	CE2026
chebi:10898	egly
chebi:15620	egly
chebi:57440	egly
chebi:7267	egly
chebi:10646	g3pc
chebi:12841	g3pc
chebi:12847	g3pc
chebi:14343	g3pc
chebi:16870	g3pc
chebi:26697	g3pc
chebi:41458	g3pc
chebi:55397	g3pc
chebi:76433	g3pc
chebi:12524	C02442
chebi:17458	C02442
chebi:21775	C02442
chebi:58155	C02442
chebi:7327	C02442
chebi:12728	apppa
chebi:21997	apppa
chebi:27775	apppa
chebi:58529	apppa
chebi:7874	apppa
chebi:10633	p_xyl
chebi:25832	p_xyl
chebi:27417	p_xyl
chebi:45248	p_xyl
chebi:13110	gln__L
chebi:18050	gln__L
chebi:21308	gln__L
chebi:24316	gln__L
chebi:28300	gln__L
chebi:32665	gln__L
chebi:32666	gln__L
chebi:32678	gln__L
chebi:32679	gln__L
chebi:42812	gln__L
chebi:42814	gln__L
chebi:42899	gln__L
chebi:42943	gln__L
chebi:5432	gln__L
chebi:58359	gln__L
chebi:6227	gln__L
chebi:13875	bzal
chebi:17169	bzal
chebi:22697	bzal
chebi:3019	bzal
chebi:11916	pan4p
chebi:14735	pan4p
chebi:14736	pan4p
chebi:14738	pan4p
chebi:14825	pan4p
chebi:16858	pan4p
chebi:25844	pan4p
chebi:4222	pan4p
chebi:45012	pan4p
chebi:47942	pan4p
chebi:61723	pan4p
chebi:7914	pan4p
chebi:49008	dh4mchc
chebi:58768	dh4mchc
chebi:14416	hqn
chebi:17594	hqn
chebi:24645	hqn
chebi:5793	hqn
chebi:11305	omhdecacid
chebi:17409	omhdecacid
chebi:19113	omhdecacid
chebi:702	omhdecacid
chebi:175298	CE6246
chebi:60497	C05300
chebi:776	C05300
chebi:19170	M00406
chebi:27832	M00406
chebi:786	M00406
chebi:11464	caphis
chebi:17144	caphis
chebi:19410	caphis
chebi:58031	caphis
chebi:966	caphis
chebi:1145	adpoh
chebi:11590	adpoh
chebi:17023	adpoh
chebi:19627	adpoh
chebi:57987	adpoh
chebi:72801	CE7085
chebi:90737	CE7085
chebi:131434	5ohhexa
chebi:132985	5ohhexa
chebi:11467	glcglyc
chebi:133635	glcglyc
chebi:136919	glcglyc
chebi:17765	glcglyc
chebi:979	glcglyc
chebi:20600	5moxact
chebi:2088	5moxact
chebi:28281	5moxact
chebi:64267	mh4spt
chebi:64289	mh4spt
chebi:14447	ind3ac
chebi:14452	ind3ac
chebi:16411	ind3ac
chebi:24801	ind3ac
chebi:24802	ind3ac
chebi:30854	ind3ac
chebi:5905	ind3ac
chebi:1582	3moxtyr
chebi:15247	thym
chebi:17821	thym
chebi:27004	thym
chebi:46017	thym
chebi:9580	thym
chebi:12035	HC01104
chebi:163877	HC01104
chebi:17440	HC01104
chebi:1915	HC01104
chebi:20458	HC01104
chebi:40049	HC01104
chebi:61146	HC01104
chebi:80592	7mht
chebi:14276	for
chebi:15740	for
chebi:24081	for
chebi:24082	for
chebi:30751	for
chebi:42460	for
chebi:5145	for
chebi:89281	xol7a
chebi:11837	hpyr
chebi:14425	hpyr
chebi:17180	hpyr
chebi:20082	hpyr
chebi:20083	hpyr
chebi:30841	hpyr
chebi:39999	hpyr
chebi:5813	hpyr
chebi:86147	thexdd
chebi:89982	CE1297
chebi:62046	btnso
chebi:62193	btnso
chebi:10530	dttp
chebi:14093	dttp
chebi:18077	dttp
chebi:27000	dttp
chebi:37568	dttp
chebi:46175	dttp
chebi:58370	dttp
chebi:61730	oagd3_cho
chebi:1002	ahdt
chebi:11509	ahdt
chebi:12201	ahdt
chebi:18372	ahdt
chebi:19455	ahdt
chebi:20684	ahdt
chebi:28069	ahdt
chebi:58462	ahdt
chebi:13708	acetone
chebi:15347	acetone
chebi:22182	acetone
chebi:2398	acetone
chebi:40571	acetone
chebi:78217	acetone
chebi:11608	com
chebi:1185	com
chebi:13366	com
chebi:14011	com
chebi:17905	com
chebi:19673	com
chebi:41549	com
chebi:58319	com
chebi:10573	lnlncg
chebi:24197	lnlncg
chebi:28661	lnlncg
chebi:32391	lnlncg
chebi:172509	CE2065
chebi:14187	ddca
chebi:18262	ddca
chebi:23863	ddca
chebi:23864	ddca
chebi:23865	ddca
chebi:30805	ddca
chebi:41882	ddca
chebi:4680	ddca
chebi:61396	LalaLglu
chebi:61565	LalaLglu
chebi:13222	adp
chebi:16761	adp
chebi:22244	adp
chebi:2342	adp
chebi:40553	adp
chebi:456216	adp
chebi:87518	adp
chebi:166544	CE5536
chebi:12020	4mop
chebi:17865	4mop
chebi:1891	4mop
chebi:20438	4mop
chebi:41619	4mop
chebi:48430	4mop
chebi:1592	3mbzald
chebi:20122	3mbzald
chebi:28476	3mbzald
chebi:222828	meglyxyl
chebi:29132	napqi
chebi:73803	ala_L_asp__L
chebi:74363	ala_L_asp__L
chebi:73788	ala_L_gln__L
chebi:74387	ala_L_gln__L
chebi:12109	5aop
chebi:132970	5aop
chebi:17549	5aop
chebi:2034	5aop
chebi:20547	5aop
chebi:356416	5aop
chebi:12881	ferulcoa
chebi:14261	ferulcoa
chebi:15511	ferulcoa
chebi:24033	ferulcoa
chebi:5047	ferulcoa
chebi:57276	ferulcoa
chebi:87305	ferulcoa
chebi:10632	4mbzald
chebi:25831	4mbzald
chebi:28617	4mbzald
chebi:14746	ptdcal
chebi:17302	ptdcal
chebi:25873	ptdcal
chebi:7972	ptdcal
chebi:132260	CE2955
chebi:133794	CE2955
chebi:15098	sprm
chebi:15746	sprm
chebi:26734	sprm
chebi:45583	sprm
chebi:45725	sprm
chebi:9219	sprm
chebi:8552	Ndmelys
chebi:60091	tres
chebi:60114	tres
chebi:10492	dcdp
chebi:19241	dcdp
chebi:28846	dcdp
chebi:49966	dcdp
chebi:58593	dcdp
chebi:10248	g1m8mpdol
chebi:21431	fuc14galacglcgalgluside_cho
chebi:28246	fuc14galacglcgalgluside_cho
chebi:6396	fuc14galacglcgalgluside_cho
chebi:10048	xdp
chebi:59884	xdp
chebi:10286	Larab
chebi:22417	Larab
chebi:28351	Larab
chebi:61644	fucfucgalacglc13galacglcgal14acglcgalgluside_cho
chebi:61644	fucfucgalacglcgalacglcgal14acglcgalgluside_cho
chebi:15300	uppg3
chebi:15437	uppg3
chebi:27257	uppg3
chebi:57308	uppg3
chebi:9905	uppg3
chebi:72713	tih2cit
chebi:72722	tih2cit
chebi:144418	fucacngal14acglcgalgluside_cho
chebi:62374	fucacngal14acglcgalgluside_cho
chebi:10943	CE6415
chebi:15657	CE6415
chebi:266	CE6415
chebi:57467	CE6415
chebi:13901	biliverd
chebi:13902	biliverd
chebi:17033	biliverd
chebi:22875	biliverd
chebi:3102	biliverd
chebi:41124	biliverd
chebi:57991	biliverd
chebi:12685	acser
chebi:12710	acser
chebi:12724	acser
chebi:17981	acser
chebi:21938	acser
chebi:44568	acser
chebi:58340	acser
chebi:7668	acser
chebi:1574	3mox4hpac
chebi:20107	3mox4hpac
chebi:28111	3mox4hpac
chebi:14981	pydxn
chebi:16709	pydxn
chebi:26429	pydxn
chebi:8671	pydxn
chebi:15244	thymd
chebi:17748	thymd
chebi:19273	thymd
chebi:45782	thymd
chebi:45834	thymd
chebi:45917	thymd
chebi:53527	thymd
chebi:9579	thymd
chebi:133003	CE6031
chebi:83037	CE6031
chebi:113372	4abz
chebi:11959	4abz
chebi:1783	4abz
chebi:17836	4abz
chebi:20314	4abz
chebi:20315	4abz
chebi:30753	4abz
chebi:44778	4abz
chebi:177589	CE5014
chebi:11960	4abutn
chebi:17769	4abutn
chebi:1785	4abutn
chebi:20316	4abutn
chebi:58264	4abutn
chebi:75921	23dmphol
chebi:19367	HC01710
chebi:28003	HC01710
chebi:926	HC01710
chebi:24217	HC01522
chebi:28508	HC01522
chebi:50203	HC01522
chebi:5322	HC01522
chebi:1109	2hp6mp
chebi:1303	C05109
chebi:19807	C05109
chebi:28113	C05109
chebi:10490	damp
chebi:14068	damp
chebi:17713	damp
chebi:19236	damp
chebi:40419	damp
chebi:40499	damp
chebi:40505	damp
chebi:40544	damp
chebi:40607	damp
chebi:41815	damp
chebi:41864	damp
chebi:58245	damp
chebi:11657	2saa
chebi:15140	2saa
chebi:17717	2saa
chebi:26824	2saa
chebi:58246	2saa
chebi:9345	2saa
chebi:12982	glyald
chebi:17378	glyald
chebi:21025	glyald
chebi:39973	glyald
chebi:4186	glyald
chebi:10495	dgdp
chebi:19245	dgdp
chebi:28862	dgdp
chebi:41949	dgdp
chebi:58595	dgdp
chebi:1922	4ogm
chebi:20466	4ogm
chebi:20467	4ogm
chebi:27467	4ogm
chebi:30883	4ogm
chebi:109895	CE3087
chebi:1059	2ddglcn
chebi:11550	2ddglcn
chebi:17032	2ddglcn
chebi:19530	2ddglcn
chebi:57990	2ddglcn
chebi:80588	7ohp
chebi:22159	ad
chebi:2385	ad
chebi:27856	ad
chebi:40563	ad
chebi:49028	ad
chebi:22868	bilea
chebi:3098	bilea
chebi:36235	bilea
chebi:13930	caffcoa
chebi:15518	caffcoa
chebi:22983	caffcoa
chebi:3296	caffcoa
chebi:57372	caffcoa
chebi:87136	caffcoa
chebi:87449	caffcoa
chebi:14168	dms
chebi:14175	dms
chebi:17437	dms
chebi:23800	dms
chebi:44169	dms
chebi:4611	dms
chebi:52075	dhretinol
chebi:10201	tre6p
chebi:12285	tre6p
chebi:15252	tre6p
chebi:18283	tre6p
chebi:22364	tre6p
chebi:58429	tre6p
chebi:22855	bvite
chebi:35069	bvite
chebi:47771	bvite
chebi:10533	dutp
chebi:14095	dutp
chebi:17625	dutp
chebi:19264	dutp
chebi:42215	dutp
chebi:58212	dutp
chebi:61555	dutp
chebi:13966	cm3ac
chebi:16730	cm3ac
chebi:23107	cm3ac
chebi:3604	cm3ac
chebi:26430	pdx5p
chebi:28803	pdx5p
chebi:45202	pdx5p
chebi:58589	pdx5p
chebi:8672	pdx5p
chebi:11427	23dhb
chebi:18026	23dhb
chebi:19319	23dhb
chebi:19320	23dhb
chebi:36654	23dhb
chebi:41901	23dhb
chebi:885	23dhb
chebi:13896	betald
chebi:15710	betald
chebi:22859	betald
chebi:3074	betald
chebi:41256	betald
chebi:72694	Rh2cit
chebi:72697	Rh2cit
chebi:113450	but
chebi:13924	but
chebi:17968	but
chebi:22946	but
chebi:22948	but
chebi:30772	but
chebi:3234	but
chebi:41208	but
chebi:88758	M01487
chebi:88763	M01492
chebi:88795	M01458
chebi:88775	M01456
chebi:84969	M01468
chebi:84969	xolest205_hs
chebi:88753	M01462
chebi:12820	oaa
chebi:14703	oaa
chebi:16452	oaa
chebi:24958	oaa
chebi:24959	oaa
chebi:25731	oaa
chebi:25734	oaa
chebi:30744	oaa
chebi:7812	oaa
chebi:14340	dha
chebi:16016	dha
chebi:24354	dha
chebi:39809	dha
chebi:5453	dha
chebi:21394	sbt__L
chebi:28789	sbt__L
chebi:6223	sbt__L
chebi:13121	hmcr
chebi:17443	hmcr
chebi:21328	hmcr
chebi:58148	hmcr
chebi:6244	hmcr
chebi:12426	dmgly
chebi:14173	dmgly
chebi:17724	dmgly
chebi:21455	dmgly
chebi:41993	dmgly
chebi:58251	dmgly
chebi:7077	dmgly
chebi:147210	lyx__L
chebi:62321	lyx__L
chebi:12496	cbasp
chebi:12593	cbasp
chebi:15859	cbasp
chebi:21687	cbasp
chebi:21688	cbasp
chebi:32814	cbasp
chebi:44316	cbasp
chebi:7257	cbasp
chebi:11931	4aphdob
chebi:11932	4aphdob
chebi:17442	4aphdob
chebi:1765	4aphdob
chebi:20286	4aphdob
chebi:58147	4aphdob
chebi:10589	m_tol
chebi:20204	m_tol
chebi:20205	m_tol
chebi:28795	m_tol
chebi:21796	C03413
chebi:28101	C03413
chebi:58550	C03413
chebi:7353	C03413
chebi:91894	smv
chebi:92568	CE2152
chebi:48007	CE5586
chebi:58732	CE5586
chebi:14778	pacald
chebi:16424	pacald
chebi:25972	pacald
chebi:43163	pacald
chebi:8084	pacald
chebi:52490	codscl7
chebi:70791	codscl7
chebi:1123	2h3opp
chebi:11583	2h3opp
chebi:15194	2h3opp
chebi:16992	2h3opp
chebi:19605	2h3opp
chebi:57978	2h3opp
chebi:1123	2h3oppan
chebi:11583	2h3oppan
chebi:15194	2h3oppan
chebi:16992	2h3oppan
chebi:19605	2h3oppan
chebi:57978	2h3oppan
chebi:1123	hop
chebi:11583	hop
chebi:15194	hop
chebi:16992	hop
chebi:19605	hop
chebi:57978	hop
chebi:21964	pser__D
chebi:37713	pser__D
chebi:4218	pser__D
chebi:58680	pser__D
chebi:48622	5pg35pg
chebi:58754	5pg35pg
chebi:25983	phacgly
chebi:27480	phacgly
chebi:60874	phacgly
chebi:613592	phacgly
chebi:8088	phacgly
chebi:25983	pheacgly
chebi:27480	pheacgly
chebi:60874	pheacgly
chebi:613592	pheacgly
chebi:8088	pheacgly
chebi:10899	4hoxpacd
chebi:12012	4hoxpacd
chebi:15621	4hoxpacd
chebi:1872	4hoxpacd
chebi:20417	4hoxpacd
chebi:11408	thdp
chebi:13042	thdp
chebi:16845	thdp
chebi:21189	thdp
chebi:32976	thdp
chebi:6152	thdp
chebi:864	thdp
chebi:87999	sucacetat
chebi:4056	cytcc
chebi:18422	so2
chebi:45789	so2
chebi:8992	so2
chebi:9351	so2
chebi:45969	tcb
chebi:62517	tcb
chebi:133913	Rh3cit
chebi:72698	Rh3cit
chebi:72699	Rh3cit
chebi:34665	debrisoquine
chebi:94971	lvstacid
chebi:94450	atvacid
chebi:12402	gthrd
chebi:14327	gthrd
chebi:16856	gthrd
chebi:24334	gthrd
chebi:42873	gthrd
chebi:43049	gthrd
chebi:5437	gthrd
chebi:57925	gthrd
chebi:132962	acmpglu
chebi:32636	acmpglu
chebi:21859	CE5588
chebi:50038	CE5588
chebi:11398	duri
chebi:11572	duri
chebi:14123	duri
chebi:16450	duri
chebi:19261	duri
chebi:23640	duri
chebi:42178	duri
chebi:4434	duri
chebi:46165	duri
chebi:46289	duri
chebi:74276	R_3hddcoa
chebi:74451	R_3hddcoa
chebi:49252	12d3k5m
chebi:58795	12d3k5m
chebi:49252	M00245
chebi:58795	M00245
chebi:49252	dhmtp
chebi:58795	dhmtp
chebi:12502	forglu
chebi:18327	forglu
chebi:21705	forglu
chebi:58928	forglu
chebi:7274	forglu
chebi:50774	2dp6mep
chebi:1189	C05299
chebi:70716	M02745
chebi:13397	nadp
chebi:13398	nadp
chebi:18009	nadp
chebi:21903	nadp
chebi:25523	nadp
chebi:44405	nadp
chebi:44409	nadp
chebi:58349	nadp
chebi:7424	nadp
chebi:12625	N1aspmd
chebi:17927	N1aspmd
chebi:21798	N1aspmd
chebi:58324	N1aspmd
chebi:7356	N1aspmd
chebi:20578	5hoxnfkyn
chebi:2065	5hoxnfkyn
chebi:36407	5hoxnfkyn
chebi:80591	7mhp
chebi:4494	C06948
chebi:49574	C06948
chebi:49575	C06948
chebi:35861	CN0016
chebi:11978	T4hcinnm
chebi:12007	T4hcinnm
chebi:12876	T4hcinnm
chebi:1812	T4hcinnm
chebi:20347	T4hcinnm
chebi:20348	T4hcinnm
chebi:20405	T4hcinnm
chebi:27061	T4hcinnm
chebi:32373	T4hcinnm
chebi:32374	T4hcinnm
chebi:36090	T4hcinnm
chebi:43108	T4hcinnm
chebi:12078	56dura
chebi:15901	56dura
chebi:19360	56dura
chebi:1999	56dura
chebi:20511	56dura
chebi:42107	56dura
chebi:921	56dura
chebi:15072	HC00361
chebi:17969	HC00361
chebi:26620	HC00361
chebi:58335	HC00361
chebi:9081	HC00361
chebi:15072	s17bp
chebi:17969	s17bp
chebi:26620	s17bp
chebi:58335	s17bp
chebi:9081	s17bp
chebi:44027	mqn8
chebi:12068	methf
chebi:12069	methf
chebi:15638	methf
chebi:1987	methf
chebi:57455	methf
chebi:12934	galam6p
chebi:18232	galam6p
chebi:20953	galam6p
chebi:4137	galam6p
chebi:71674	galam6p
chebi:23607	dtocophe
chebi:35080	dtocophe
chebi:47772	dtocophe
chebi:80603	dmcital
chebi:36167	DPA
chebi:36171	DPA
chebi:44858	DPA
chebi:46835	DPA
chebi:46837	DPA
chebi:85252	docohxeth
chebi:4676	dodecanac
chebi:76273	dodecanac
chebi:23875	dolp
chebi:10581	photon
chebi:14383	photon
chebi:30212	photon
chebi:169292	CE2890
chebi:80347	CE2891
chebi:169592	CE4753
chebi:31528	ebastine
chebi:11477	id3acald
chebi:14445	id3acald
chebi:18086	id3acald
chebi:24798	id3acald
chebi:5902	id3acald
chebi:24819	ind56qn
chebi:27406	ind56qn
chebi:5912	ind56qn
chebi:46645	ibutoh
chebi:48943	2mppal
chebi:1124	oxglyc
chebi:11584	oxglyc
chebi:14705	oxglyc
chebi:17778	oxglyc
chebi:19606	oxglyc
chebi:58265	oxglyc
chebi:23929	epist
chebi:50586	epist
chebi:81579	epo
chebi:12034	4nph
chebi:16836	4nph
chebi:1913	4nph
chebi:20457	4nph
chebi:44390	4nph
chebi:57917	4nph
chebi:26001	pphos
chebi:37548	pphos
chebi:43167	pphos
chebi:8073	pphos
chebi:14395	hxdcal
chebi:14729	hxdcal
chebi:17600	hxdcal
chebi:19159	hxdcal
chebi:24539	hxdcal
chebi:5695	hxdcal
chebi:132938	ethmalac
chebi:132939	ethmalac
chebi:741548	ethmalac
chebi:10598	26dap__M
chebi:12822	26dap__M
chebi:12823	26dap__M
chebi:12825	26dap__M
chebi:16488	26dap__M
chebi:25203	26dap__M
chebi:25204	26dap__M
chebi:30308	26dap__M
chebi:40838	26dap__M
chebi:57791	26dap__M
chebi:27019	tolbutamide
chebi:27999	tolbutamide
chebi:9616	tolbutamide
chebi:89634	melanin
chebi:52970	q6h2
chebi:24091	f5hoxkyn
chebi:28736	f5hoxkyn
chebi:5149	f5hoxkyn
chebi:32419	M01235
chebi:32420	M01235
chebi:11883	3php
chebi:11884	3php
chebi:1661	3php
chebi:18110	3php
chebi:20191	3php
chebi:20192	3php
chebi:30933	3php
chebi:1605	3mldz
chebi:19063	3mldz
chebi:20135	3mldz
chebi:28104	3mldz
chebi:644	3mldz
chebi:89379	CE1926
chebi:46994	arab__D
chebi:73964	2tcc
chebi:19451	2a3pp
chebi:28388	2a3pp
chebi:999	2a3pp
chebi:170101	2hdecg3p
chebi:172651	2hdecg3p
chebi:1130	hmccm
chebi:19613	hmccm
chebi:28249	hmccm
chebi:14423	hmbil
chebi:16645	hmbil
chebi:24716	hmbil
chebi:57845	hmbil
chebi:5809	hmbil
chebi:48945	2mbtoh
chebi:131533	pydam
chebi:14978	pydam
chebi:16410	pydam
chebi:26426	pydam
chebi:45228	pydam
chebi:57761	pydam
chebi:8669	pydam
chebi:145242	2odecg3p
chebi:31654	glz
chebi:11173	dhna
chebi:18094	dhna
chebi:18933	dhna
chebi:539	dhna
chebi:73898	gly_gln__L
chebi:74392	gly_gln__L
chebi:74120	gly_met__L
chebi:74393	gly_met__L
chebi:80173	CE2314
chebi:87044	CE2314
chebi:14867	ppbng
chebi:17381	ppbng
chebi:26212	ppbng
chebi:44832	ppbng
chebi:58126	ppbng
chebi:8335	ppbng
chebi:155838	glysar
chebi:155876	glysar
chebi:132942	quln
chebi:14975	quln
chebi:16675	quln
chebi:26417	quln
chebi:26418	quln
chebi:29959	quln
chebi:44529	quln
chebi:46828	quln
chebi:46832	quln
chebi:46833	quln
chebi:8663	quln
chebi:80613	6tgsnmp
chebi:61873	2dmmql8
chebi:11776	3dsphgn
chebi:11783	3dsphgn
chebi:1489	3dsphgn
chebi:17862	3dsphgn
chebi:19991	3dsphgn
chebi:58299	3dsphgn
chebi:43587	CE2516
chebi:53486	CE2516
chebi:71589	CE2516
chebi:43587	dlnlcg
chebi:53486	dlnlcg
chebi:71589	dlnlcg
chebi:32389	strdnc
chebi:77222	strdnc
chebi:10212	aprop
chebi:140809	aprop
chebi:22444	aprop
chebi:27959	aprop
chebi:21171	gt1a_cho
chebi:27691	gt1a_cho
chebi:5231	gt1a_cho
chebi:78447	gt1a_cho
chebi:13888	bzalc
chebi:17987	bzalc
chebi:22742	bzalc
chebi:25399	bzalc
chebi:3053	bzalc
chebi:70749	c6crn
chebi:84834	c6crn
chebi:143075	HC00576
chebi:24607	HC00576
chebi:28050	HC00576
chebi:5750	HC00576
chebi:85981	HC00576
chebi:143075	hcarn
chebi:24607	hcarn
chebi:28050	hcarn
chebi:5750	hcarn
chebi:85981	hcarn
chebi:143075	hmcarn
chebi:24607	hmcarn
chebi:28050	hmcarn
chebi:5750	hmcarn
chebi:85981	hmcarn
chebi:72708	h2acon_C
chebi:72710	h2acon_C
chebi:72711	h3acon_C
chebi:72712	h3acon_C
chebi:68889	34dhpe
chebi:133907	CE2011
chebi:10531	dudp
chebi:19262	dudp
chebi:28850	dudp
chebi:60471	dudp
chebi:167191	CE5276
chebi:74684	CE5276
chebi:11848	fer
chebi:14259	fer
chebi:14260	fer
chebi:17620	fer
chebi:24029	fer
chebi:24030	fer
chebi:29749	fer
chebi:42445	fer
chebi:5046	fer
chebi:14248	focytc
chebi:15983	focytc
chebi:5033	focytc
chebi:12002	4hbald
chebi:17597	4hbald
chebi:1857	4hbald
chebi:20396	4hbald
chebi:43009	4hbald
chebi:50569	ibutac
chebi:133610	CE4969
chebi:70979	CE4969
chebi:15135	so4
chebi:16189	so4
chebi:26836	so4
chebi:29199	so4
chebi:45687	so4
chebi:45693	so4
chebi:45696	so4
chebi:9335	so4
chebi:165866	CE1941
chebi:1066	2dhglcn
chebi:11559	2dhglcn
chebi:1180	2dhglcn
chebi:16808	2dhglcn
chebi:19539	2dhglcn
chebi:19669	2dhglcn
chebi:27469	2dhglcn
chebi:58512	2dhglcn
chebi:59504	2dhglcn
chebi:51824	CE1940
chebi:58869	CE1940
chebi:169952	13_cis_retn
chebi:6067	13_cis_retn
chebi:133611	CE4968
chebi:70984	CE4968
chebi:13760	alltt
chebi:17536	alltt
chebi:22352	alltt
chebi:22353	alltt
chebi:2593	alltt
chebi:30837	alltt
chebi:22566	anxan
chebi:2749	anxan
chebi:27867	anxan
chebi:21610	acgly
chebi:40405	acgly
chebi:40410	acgly
chebi:61887	acgly
chebi:133580	hexgly
chebi:64390	hexgly
chebi:73806	ala_L_met__L
chebi:11006	pant__R
chebi:14737	pant__R
chebi:15980	pant__R
chebi:18695	pant__R
chebi:18696	pant__R
chebi:18697	pant__R
chebi:350	pant__R
chebi:44662	pant__R
chebi:21289	eryth
chebi:27913	eryth
chebi:6214	eryth
chebi:11891	3spyr
chebi:1669	3spyr
chebi:16894	3spyr
chebi:45736	3spyr
chebi:57940	3spyr
chebi:85263	didecaeth
chebi:10072	C02470
chebi:71201	C02470
chebi:10072	CE2949
chebi:71201	CE2949
chebi:24784	iasp
chebi:50616	iasp
chebi:5878	iasp
chebi:58831	iasp
chebi:77875	iasp
chebi:133302	CE7083
chebi:88493	CE7083
chebi:175815	CE7087
chebi:13351	h2co3
chebi:13363	h2co3
chebi:17544	h2co3
chebi:22863	h2co3
chebi:23017	h2co3
chebi:23744	h2co3
chebi:28976	h2co3
chebi:29201	h2co3
chebi:3401	h2co3
chebi:40961	h2co3
chebi:41605	h2co3
chebi:41609	h2co3
chebi:5589	h2co3
chebi:13351	hco3
chebi:13363	hco3
chebi:17544	hco3
chebi:22863	hco3
chebi:23017	hco3
chebi:23744	hco3
chebi:28976	hco3
chebi:29201	hco3
chebi:3401	hco3
chebi:40961	hco3
chebi:41605	hco3
chebi:41609	hco3
chebi:5589	hco3
chebi:12626	N1sprm
chebi:17312	N1sprm
chebi:21799	N1sprm
chebi:58101	N1sprm
chebi:7357	N1sprm
chebi:14986	pqq
chebi:18315	pqq
chebi:26460	pqq
chebi:45251	pqq
chebi:49082	pqq
chebi:58442	pqq
chebi:7881	pqq
chebi:64032	lineth
chebi:132329	skm
chebi:15083	skm
chebi:16119	skm
chebi:26662	skm
chebi:26663	skm
chebi:26664	skm
chebi:36208	skm
chebi:45740	skm
chebi:9133	skm
chebi:175262	CE2102
chebi:15276	tym
chebi:15760	tym
chebi:27174	tym
chebi:327995	tym
chebi:9799	tym
chebi:34130	C14770
chebi:63967	C14770
chebi:76625	C14770
chebi:34157	C14771
chebi:84024	C14771
chebi:10952	h2mb4p
chebi:128753	h2mb4p
chebi:15664	h2mb4p
chebi:632	h2mb4p
chebi:64489	pcholmyr_hs
chebi:131924	pcholn15_hs
chebi:74340	pcholhep_hs
chebi:86256	pcholn203_hs
chebi:86259	pcholn204_hs
chebi:149625	ntm2amep
chebi:7347	ntm2amep
chebi:86260	pcholn24_hs
chebi:168421	pe15_hs
chebi:76090	pe2linl_hs
chebi:76233	pe2linl_hs
chebi:10835	hmppp9
chebi:11322	hmppp9
chebi:15434	hmppp9
chebi:29463	hmppp9
chebi:60489	hmppp9
chebi:77664	hmppp9
chebi:176611	mn4
chebi:25158	mn4
chebi:11782	3dhsk
chebi:12123	3dhsk
chebi:1488	3dhsk
chebi:16630	3dhsk
chebi:177846	3dhsk
chebi:19998	3dhsk
chebi:19999	3dhsk
chebi:2052	3dhsk
chebi:20566	3dhsk
chebi:30918	3dhsk
chebi:42005	3dhsk
chebi:139147	manmi1p__D
chebi:60448	manmi1p__D
chebi:62973	manttr
chebi:165587	hepdeceth
chebi:80624	56dh5flura
chebi:131992	C14768
chebi:34450	C14768
chebi:63973	C14768
chebi:147410	5flurimp
chebi:40101	5flurimp
chebi:34490	C14769
chebi:63972	C14769
chebi:84025	C14769
chebi:24075	fol
chebi:27470	fol
chebi:42610	fol
chebi:5140	fol
chebi:569217	fol
chebi:62501	fol
chebi:64858	na15dap
chebi:64860	na15dap
chebi:14707	oxalcoa
chebi:15535	oxalcoa
chebi:25738	oxalcoa
chebi:49814	oxalcoa
chebi:57388	oxalcoa
chebi:7817	oxalcoa
chebi:62828	bmn
chebi:29359	CE5049
chebi:48800	CE5049
chebi:50728	CE5049
chebi:52580	CE5049
chebi:132961	methsucc
chebi:89843	methsucc
chebi:91315	methsucc
chebi:11704	quc
chebi:14991	quc
chebi:16243	quc
chebi:26472	quc
chebi:45280	quc
chebi:57694	quc
chebi:8696	quc
chebi:6931	mdz
chebi:11254	dxyl5p
chebi:16493	dxyl5p
chebi:57792	dxyl5p
chebi:622	dxyl5p
chebi:75342	magole_hs
chebi:75757	magole_hs
chebi:14112	dad_2
chebi:17256	dad_2
chebi:19234	dad_2
chebi:39863	dad_2
chebi:40535	dad_2
chebi:40560	dad_2
chebi:4405	dad_2
chebi:25436	mycolate
chebi:25437	mycolate
chebi:25438	mycolate
chebi:10558	acybut
chebi:24187	acybut
chebi:28474	acybut
chebi:85262	tetdecaeth
chebi:177869	56iqcrbxlt
chebi:81394	56iqcrbxlt
chebi:177869	CE1562
chebi:81394	CE1562
chebi:13302	dna
chebi:16991	dna
chebi:21123	dna
chebi:33698	dna
chebi:4291	dna
chebi:14401	hista
chebi:18295	hista
chebi:24596	hista
chebi:43187	hista
chebi:58432	hista
chebi:817	hista
chebi:133591	actyr
chebi:21563	actyr
chebi:88403	nacvanala
chebi:74456	hmfurn
chebi:37425	galctn__L
chebi:53071	galctn__L
chebi:50603	Nfortyr
chebi:25941	CE5643
chebi:25942	CE5643
chebi:63837	M02760
chebi:26278	ppoh
chebi:28831	ppoh
chebi:44960	ppoh
chebi:8472	ppoh
chebi:139328	CE1059
chebi:61403	psclys
chebi:61425	psclys
chebi:13192	26dap_LL
chebi:16026	26dap_LL
chebi:21428	26dap_LL
chebi:21429	26dap_LL
chebi:47031	26dap_LL
chebi:57609	26dap_LL
chebi:6341	26dap_LL
chebi:174895	CE5795
chebi:11696	34dhpacet
chebi:11697	34dhpacet
chebi:1386	34dhpacet
chebi:17612	34dhpacet
chebi:19889	34dhpacet
chebi:41936	34dhpacet
chebi:41941	34dhpacet
chebi:11696	34dhpha
chebi:11697	34dhpha
chebi:1386	34dhpha
chebi:17612	34dhpha
chebi:19889	34dhpha
chebi:41936	34dhpha
chebi:41941	34dhpha
chebi:176195	CE5798
chebi:14116	dgsn
chebi:17172	dgsn
chebi:19244	dgsn
chebi:23624	dgsn
chebi:42667	dgsn
chebi:42867	dgsn
chebi:42987	dgsn
chebi:4412	dgsn
chebi:62726	CE6000
chebi:62750	CE6000
chebi:1051	2ddg6p
chebi:11543	2ddg6p
chebi:11551	2ddg6p
chebi:12227	2ddg6p
chebi:15925	2ddg6p
chebi:19522	2ddg6p
chebi:57569	2ddg6p
chebi:173732	CE5538
chebi:111762	C07486
chebi:7624	C07486
chebi:173739	CE2172
chebi:25597	novbcn
chebi:28368	novbcn
chebi:44505	novbcn
chebi:71339	novbcn
chebi:7644	novbcn
chebi:21949	c4crn
chebi:7676	c4crn
chebi:14586	ch4s
chebi:16007	ch4s
chebi:25225	ch4s
chebi:6814	ch4s
chebi:168788	CE5236
chebi:13379	mg2
chebi:176599	mg2
chebi:18420	mg2
chebi:25112	mg2
chebi:39127	mg2
chebi:49736	mg2
chebi:6635	mg2
chebi:172560	CE6185
chebi:10648	glyc3p
chebi:12843	glyc3p
chebi:12848	glyc3p
chebi:15978	glyc3p
chebi:26705	glyc3p
chebi:42793	glyc3p
chebi:57597	glyc3p
chebi:14782	peamn
chebi:18397	peamn
chebi:225237	peamn
chebi:25965	peamn
chebi:45001	peamn
chebi:50048	peamn
chebi:8063	peamn
chebi:4057	cytP450o
chebi:72825	1agpg160
chebi:73093	1agpg160
chebi:75158	1agpg160
chebi:75376	1agpg160
chebi:138795	1agpg161
chebi:10910	prostge2
chebi:10911	prostge2
chebi:114125	prostge2
chebi:15551	prostge2
chebi:26323	prostge2
chebi:4625	prostge2
chebi:606564	prostge2
chebi:8512	prostge2
chebi:15230	thmmp
chebi:15231	thmmp
chebi:26945	thmmp
chebi:37574	thmmp
chebi:37575	thmmp
chebi:46189	thmmp
chebi:9533	thmmp
chebi:72665	CE2049
chebi:84028	CE2049
chebi:133309	CE4990
chebi:19140	CE4990
chebi:27814	CE4990
chebi:742	CE4990
chebi:10968	actn__R
chebi:10996	actn__R
chebi:15686	actn__R
chebi:18680	actn__R
chebi:335	actn__R
chebi:43026	actn__R
chebi:19449	HC01496
chebi:28095	HC01496
chebi:997	HC01496
chebi:11686	ga
chebi:14291	ga
chebi:16918	ga
chebi:24178	ga
chebi:24180	ga
chebi:30778	ga
chebi:5268	ga
chebi:11478	mcom
chebi:17827	mcom
chebi:19421	mcom
chebi:58286	mcom
chebi:975	mcom
chebi:76304	omhdocosac
chebi:76322	omhdocosac
chebi:133066	cysacmp
chebi:133067	cysacmp
chebi:80567	3hlido
chebi:4047	cgly
chebi:61694	cgly
chebi:13153	Lpipecol
chebi:18796	Lpipecol
chebi:18797	Lpipecol
chebi:30633	Lpipecol
chebi:30913	Lpipecol
chebi:61185	Lpipecol
chebi:6284	Lpipecol
chebi:81015	CE3038
chebi:166681	M00937
chebi:166806	M00939
chebi:14368	glx
chebi:16891	glx
chebi:24420	glx
chebi:24421	glx
chebi:35977	glx
chebi:36655	glx
chebi:42767	glx
chebi:5509	glx
chebi:134186	oretn
chebi:80656	oretn
chebi:13019	ser__D
chebi:143888	ser__D
chebi:16523	ser__D
chebi:21090	ser__D
chebi:32840	ser__D
chebi:32841	ser__D
chebi:35247	ser__D
chebi:42262	ser__D
chebi:4245	ser__D
chebi:80612	6txan5mp
chebi:13081	Largn
chebi:17530	Largn
chebi:21238	Largn
chebi:21239	Largn
chebi:58180	Largn
chebi:6190	Largn
chebi:131989	pcholn19_hs
chebi:88053	Ac1PIM1
chebi:15698	dcyt
chebi:19240	dcyt
chebi:41417	dcyt
chebi:41430	dcyt
chebi:41806	dcyt
chebi:4407	dcyt
chebi:80625	aflburppa
chebi:10679	trnagln
chebi:15174	trnagln
chebi:29168	trnagln
chebi:23858	docosac
chebi:25463	docosac
chebi:28941	docosac
chebi:3003	docosac
chebi:34560	C14851
chebi:34564	C14849
chebi:13094	Lcyst
chebi:17285	Lcyst
chebi:44466	Lcyst
chebi:44513	Lcyst
chebi:44590	Lcyst
chebi:44708	Lcyst
chebi:58090	Lcyst
chebi:6206	Lcyst
chebi:11870	3oxoadp
chebi:15775	3oxoadp
chebi:1631	3oxoadp
chebi:20162	3oxoadp
chebi:37440	3oxoadp
chebi:23857	crvnc
chebi:28125	crvnc
chebi:43162	crvnc
chebi:4673	crvnc
chebi:77016	crvnc
chebi:170416	pe18111Z1819Z
chebi:64252	cdhxfut
chebi:64270	cdhxfut
chebi:137679	urscholcoa
chebi:138379	urscholcoa
chebi:81277	urscholcoa
chebi:12153	5oxpro
chebi:12157	5oxpro
chebi:16010	5oxpro
chebi:18183	5oxpro
chebi:20619	5oxpro
chebi:20624	5oxpro
chebi:2113	5oxpro
chebi:2116	5oxpro
chebi:44704	5oxpro
chebi:44943	5oxpro
chebi:57606	5oxpro
chebi:58402	5oxpro
chebi:12234	6pthp
chebi:12235	6pthp
chebi:12236	6pthp
chebi:136564	6pthp
chebi:17804	6pthp
chebi:20757	6pthp
chebi:2235	6pthp
chebi:14160	dhpt
chebi:17839	dhpt
chebi:23762	dhpt
chebi:4581	dhpt
chebi:10960	argsuc
chebi:15682	argsuc
chebi:21475	argsuc
chebi:57472	argsuc
chebi:7098	argsuc
chebi:14154	C02147
chebi:18047	C02147
chebi:23751	C02147
chebi:23752	C02147
chebi:30316	C02147
chebi:30317	C02147
chebi:45226	C02147
chebi:45230	C02147
chebi:4569	C02147
chebi:83093	C02147
chebi:75036	1agpe180
chebi:83047	1agpe180
chebi:75036	peste_hs
chebi:83047	peste_hs
chebi:12204	acglc__D
chebi:17901	acglc__D
chebi:20693	acglc__D
chebi:2166	acglc__D
chebi:62111	acglc__D
chebi:43011	CE2705
chebi:43025	CE2705
chebi:43029	CE2705
chebi:64277	CE2705
chebi:6801	M02467
chebi:90688	M02467
chebi:11969	glutacoa
chebi:14320	glutacoa
chebi:15497	glutacoa
chebi:24310	glutacoa
chebi:5430	glutacoa
chebi:57353	glutacoa
chebi:11969	td2glutrcoa
chebi:14320	td2glutrcoa
chebi:15497	td2glutrcoa
chebi:24310	td2glutrcoa
chebi:5430	td2glutrcoa
chebi:57353	td2glutrcoa
chebi:15129	suc6p
chebi:15130	suc6p
chebi:16308	suc6p
chebi:26813	suc6p
chebi:57723	suc6p
chebi:9315	suc6p
chebi:81014	CE1292
chebi:84146	CE1292
chebi:140741	hyptaur
chebi:14429	hyptaur
chebi:16668	hyptaur
chebi:24760	hyptaur
chebi:57853	hyptaur
chebi:5839	hyptaur
chebi:31457	dcal
chebi:25368	mobd
chebi:36264	mobd
chebi:6967	mobd
chebi:87053	M00964
chebi:12711	acrn
chebi:15960	acrn
chebi:21936	acrn
chebi:57589	acrn
chebi:7669	acrn
chebi:12081	56dihindlcrbxlt
chebi:16875	56dihindlcrbxlt
chebi:2003	56dihindlcrbxlt
chebi:20515	56dihindlcrbxlt
chebi:13099	L_dpchrm
chebi:15772	L_dpchrm
chebi:21281	L_dpchrm
chebi:57509	L_dpchrm
chebi:6212	L_dpchrm
chebi:13982	chsterol
chebi:16113	chsterol
chebi:172955	chsterol
chebi:23204	chsterol
chebi:3659	chsterol
chebi:41564	chsterol
chebi:136982	5adtststerones
chebi:138026	5adtststerones
chebi:11920	44mctr
chebi:1743	44mctr
chebi:17813	44mctr
chebi:13932	1a25dhvitd3
chebi:17823	1a25dhvitd3
chebi:19209	1a25dhvitd3
chebi:3307	1a25dhvitd3
chebi:46435	1a25dhvitd3
chebi:13932	cat
chebi:17823	cat
chebi:19209	cat
chebi:3307	cat
chebi:46435	cat
chebi:76316	sebcoa
chebi:76345	sebcoa
chebi:34963	HC02121
chebi:40619	HC02121
chebi:48926	HC02121
chebi:58758	HC02121
chebi:34963	hmgth
chebi:40619	hmgth
chebi:48926	hmgth
chebi:58758	hmgth
chebi:13367	so3
chebi:15139	so3
chebi:17137	so3
chebi:17359	so3
chebi:26837	so3
chebi:45548	so3
chebi:48854	so3
chebi:5598	so3
chebi:9344	so3
chebi:2601	allop
chebi:40276	allop
chebi:40279	allop
chebi:12175	C03681
chebi:20657	C03681
chebi:2144	C03681
chebi:28952	C03681
chebi:10192	hexdp
chebi:12779	hexdp
chebi:17528	hexdp
chebi:22343	hexdp
chebi:58179	hexdp
chebi:74309	ptdcacoa
chebi:74574	ptdcacoa
chebi:65059	docoscoa
chebi:65088	docoscoa
chebi:10739	C07297
chebi:15371	C07297
chebi:1650	C07297
chebi:20179	C07297
chebi:57291	C07297
chebi:3168	brasstrl
chebi:13281	co
chebi:17245	co
chebi:23013	co
chebi:3282	co
chebi:41526	co
chebi:25998	phlac
chebi:8100	phlac
chebi:14802	pchol_hs
chebi:36705	pchol_hs
chebi:49183	pchol_hs
chebi:13319	fe2
chebi:13321	fe2
chebi:176613	fe2
chebi:21129	fe2
chebi:24876	fe2
chebi:29033	fe2
chebi:34754	fe2
chebi:49599	fe2
chebi:13320	fe3
chebi:176614	fe3
chebi:21130	fe3
chebi:24877	fe3
chebi:29034	fe3
chebi:34755	fe3
chebi:49595	fe3
chebi:138672	clpnd
chebi:53488	clpnd
chebi:77224	clpnd
chebi:14577	melatn
chebi:16796	melatn
chebi:25180	melatn
chebi:6730	melatn
chebi:27256	HC01609
chebi:28766	HC01609
chebi:62626	HC01609
chebi:9904	HC01609
chebi:11691	34dhcinm
chebi:11692	34dhcinm
chebi:12870	34dhcinm
chebi:1379	34dhcinm
chebi:16433	34dhcinm
chebi:19877	34dhcinm
chebi:36281	34dhcinm
chebi:41964	34dhcinm
chebi:57770	34dhcinm
chebi:11691	dhcinnm
chebi:11692	dhcinnm
chebi:12870	dhcinnm
chebi:1379	dhcinnm
chebi:16433	dhcinnm
chebi:19877	dhcinnm
chebi:36281	dhcinnm
chebi:41964	dhcinnm
chebi:57770	dhcinnm
chebi:1021	amuco
chebi:11524	amuco
chebi:16886	amuco
chebi:19473	amuco
chebi:57937	amuco
chebi:77859	amuco
chebi:12700	sbzcoa
chebi:1279	sbzcoa
chebi:12836	sbzcoa
chebi:15509	sbzcoa
chebi:19779	sbzcoa
chebi:57364	sbzcoa
chebi:64883	chtbs6p
chebi:64897	chtbs6p
chebi:12266	8aonn
chebi:149468	8aonn
chebi:15830	8aonn
chebi:20808	8aonn
chebi:2308	8aonn
chebi:57532	8aonn
chebi:13177	thyox__L
chebi:18332	thyox__L
chebi:21406	thyox__L
chebi:305790	thyox__L
chebi:30660	thyox__L
chebi:45848	thyox__L
chebi:58448	thyox__L
chebi:60302	thyox__L
chebi:7663	thyox__L
chebi:31082	hkntd
chebi:58637	hkntd
chebi:13952	cellb
chebi:17057	cellb
chebi:23061	cellb
chebi:3522	cellb
chebi:14626	msh
chebi:16768	msh
chebi:25440	msh
chebi:7040	msh
chebi:18730	2ahbut
chebi:27681	2ahbut
chebi:373	2ahbut
chebi:49256	2ahbut
chebi:982	2ahbut
chebi:61231	seramp
chebi:61645	seramp
chebi:13948	carn
chebi:15727	carn
chebi:23040	carn
chebi:3428	carn
chebi:57485	carn
chebi:66874	carn
chebi:14734	ptth
chebi:16753	ptth
chebi:25843	ptth
chebi:7913	ptth
chebi:12844	glyc1p
chebi:16221	glyc1p
chebi:26702	glyc1p
chebi:26703	glyc1p
chebi:39668	glyc1p
chebi:5450	glyc1p
chebi:57685	glyc1p
chebi:1011	2ahhmd
chebi:11512	2ahhmd
chebi:11517	2ahhmd
chebi:15998	2ahhmd
chebi:19465	2ahhmd
chebi:57602	2ahhmd
chebi:72950	2ahhmd
chebi:73083	2ahhmd
chebi:1011	6hmhptpp
chebi:11512	6hmhptpp
chebi:11517	6hmhptpp
chebi:15998	6hmhptpp
chebi:19465	6hmhptpp
chebi:57602	6hmhptpp
chebi:72950	6hmhptpp
chebi:73083	6hmhptpp
chebi:10932	CE6247
chebi:1293	CE6247
chebi:15646	CE6247
chebi:19796	CE6247
chebi:57460	CE6247
chebi:10932	leuktrB4woh
chebi:1293	leuktrB4woh
chebi:15646	leuktrB4woh
chebi:19796	leuktrB4woh
chebi:57460	leuktrB4woh
chebi:70744	glypro
chebi:73779	glypro
chebi:2288	xoldioloneh
chebi:13960	C02528
chebi:16755	C02528
chebi:23093	C02528
chebi:23094	C02528
chebi:3588	C02528
chebi:3593	C02528
chebi:36234	C02528
chebi:57884	C02528
chebi:14037	cynt
chebi:23419	cynt
chebi:23422	cynt
chebi:28024	cynt
chebi:29195	cynt
chebi:3968	cynt
chebi:13294	coa
chebi:13295	coa
chebi:13298	coa
chebi:15346	coa
chebi:23355	coa
chebi:3771	coa
chebi:41597	coa
chebi:41631	coa
chebi:57287	coa
chebi:741566	coa
chebi:11414	lipidA_HP
chebi:11415	lipidA_HP
chebi:18380	lipidA_HP
chebi:19293	lipidA_HP
chebi:58466	lipidA_HP
chebi:862	lipidA_HP
chebi:11414	lipidAds
chebi:11415	lipidAds
chebi:18380	lipidAds
chebi:19293	lipidAds
chebi:58466	lipidAds
chebi:862	lipidAds
chebi:6499	C06315
chebi:67031	C06315
chebi:75094	M00003
chebi:78990	M00003
chebi:2393	actACP
chebi:25291	C06453
chebi:28115	C06453
chebi:48831	C06453
chebi:6869	C06453
chebi:14221	estrones
chebi:17474	estrones
chebi:23972	estrones
chebi:4871	estrones
chebi:60050	estrones
chebi:21338	idour
chebi:21341	idour
chebi:28481	idour
chebi:6252	idour
chebi:166764	CE2184
chebi:165628	c5dc
chebi:88543	c101crn
chebi:11622	mescon
chebi:14584	mescon
chebi:16600	mescon
chebi:19700	mescon
chebi:19701	mescon
chebi:36986	mescon
chebi:43999	mescon
chebi:6772	mescon
chebi:8798	rbflvrd
chebi:11656	2shchc
chebi:139582	CE1556
chebi:11242	ak2lgchol_hs
chebi:11247	ak2lgchol_hs
chebi:136120	ak2lgchol_hs
chebi:19016	ak2lgchol_hs
chebi:30909	ak2lgchol_hs
chebi:64495	ak2lgchol_hs
chebi:52283	igam
chebi:58886	igam
chebi:11879	3pg
chebi:11880	3pg
chebi:11882	3pg
chebi:12987	3pg
chebi:1657	3pg
chebi:1659	3pg
chebi:17050	3pg
chebi:17794	3pg
chebi:21029	3pg
chebi:24345	3pg
chebi:40016	3pg
chebi:57998	3pg
chebi:58272	3pg
chebi:88005	3pg
chebi:88352	3pg
chebi:171772	tetdeca511ac
chebi:13362	cyan
chebi:18407	cyan
chebi:5786	cyan
chebi:13713	acACP
chebi:17093	acACP
chebi:2409	acACP
chebi:2410	acACP
chebi:52477	acACP
chebi:12210	pimACP
chebi:14838	pimACP
chebi:15504	pimACP
chebi:2176	pimACP
chebi:26131	pimACP
chebi:57360	pimACP
chebi:12210	pmcoa
chebi:14838	pmcoa
chebi:15504	pmcoa
chebi:2176	pmcoa
chebi:26131	pmcoa
chebi:57360	pmcoa
chebi:14364	glygly
chebi:17201	glygly
chebi:24413	glygly
chebi:356445	glygly
chebi:5504	glygly
chebi:133658	leugly
chebi:74534	leugly
chebi:8403	pd3
chebi:133391	HC02205
chebi:26317	HC02205
chebi:28099	HC02205
chebi:42246	HC02205
chebi:8507	HC02205
chebi:44053	mincyc
chebi:50694	mincyc
chebi:6939	mincyc
chebi:71337	mincyc
chebi:77906	mincyc
chebi:13190	xylu__L
chebi:17399	xylu__L
chebi:21425	xylu__L
chebi:6326	xylu__L
chebi:47825	nwharg
chebi:47826	nwharg
chebi:47827	nwharg
chebi:7101	nwharg
chebi:12509	Lfmkynr
chebi:18377	Lfmkynr
chebi:5156	Lfmkynr
chebi:13082	ascb__L
chebi:13861	ascb__L
chebi:21240	ascb__L
chebi:2868	ascb__L
chebi:29073	ascb__L
chebi:38290	ascb__L
chebi:40892	ascb__L
chebi:43473	ascb__L
chebi:30051	ag
chebi:49467	ag
chebi:49468	ag
chebi:11026	Ssq23epx
chebi:11072	Ssq23epx
chebi:15441	Ssq23epx
chebi:18728	Ssq23epx
chebi:372	Ssq23epx
chebi:1438	C08276
chebi:49016	C08276
chebi:23901	tmndnc
chebi:28364	tmndnc
chebi:42328	tmndnc
chebi:4764	tmndnc
chebi:58562	tmndnc
chebi:10499	ditp
chebi:19251	ditp
chebi:28807	ditp
chebi:61382	ditp
chebi:12624	gtspmd
chebi:14329	gtspmd
chebi:16613	gtspmd
chebi:24341	gtspmd
chebi:46146	gtspmd
chebi:5438	gtspmd
chebi:57835	gtspmd
chebi:12017	im4ac
chebi:14435	im4ac
chebi:16974	im4ac
chebi:24776	im4ac
chebi:24777	im4ac
chebi:57969	im4ac
chebi:5875	im4ac
chebi:70804	im4ac
chebi:2290	xol7ah
chebi:13721	acryl
chebi:18308	acryl
chebi:19766	acryl
chebi:19768	acryl
chebi:35853	acryl
chebi:35937	acryl
chebi:37080	acryl
chebi:40714	acryl
chebi:8487	acryl
chebi:19077	pcholole_hs
chebi:28610	pcholole_hs
chebi:661	pcholole_hs
chebi:74342	pcholole_hs
chebi:10719	acon_T
chebi:12869	acon_T
chebi:12878	acon_T
chebi:15708	acon_T
chebi:27069	acon_T
chebi:27070	acon_T
chebi:32806	acon_T
chebi:46108	acon_T
chebi:11490	HC02228
chebi:1288	HC02228
chebi:17585	HC02228
chebi:19791	HC02228
chebi:19786	ggdp
chebi:42968	ggdp
chebi:48861	ggdp
chebi:5335	ggdp
chebi:58756	ggdp
chebi:19124	11docrtsl
chebi:28324	11docrtsl
chebi:714	11docrtsl
chebi:12056	amp
chebi:13234	amp
chebi:13235	amp
chebi:13736	amp
chebi:13740	amp
chebi:16027	amp
chebi:22242	amp
chebi:22245	amp
chebi:2356	amp
chebi:40510	amp
chebi:40721	amp
chebi:40726	amp
chebi:40786	amp
chebi:40826	amp
chebi:456215	amp
chebi:47222	amp
chebi:81086	dedolp_U
chebi:48000	5caiz
chebi:58730	5caiz
chebi:13127	ile__L
chebi:17191	ile__L
chebi:21344	ile__L
chebi:32604	ile__L
chebi:32605	ile__L
chebi:38264	ile__L
chebi:43290	ile__L
chebi:43342	ile__L
chebi:43366	ile__L
chebi:58045	ile__L
chebi:6255	ile__L
chebi:4808	epm
chebi:12957	g15lac
chebi:16217	g15lac
chebi:20988	g15lac
chebi:4159	g15lac
chebi:43753	g15lac
chebi:74105	g15lac
chebi:41482	crncoa
chebi:60932	crncoa
chebi:57970	HC02042
chebi:74916	HC02042
chebi:75121	octd11ecoa
chebi:75354	octd11ecoa
chebi:5697	palmACP
chebi:50651	myrsACP
chebi:7059	myrsACP
chebi:9476	myrsACP
chebi:11823	hLkynr
chebi:1530	hLkynr
chebi:1547	hLkynr
chebi:17380	hLkynr
chebi:20055	hLkynr
chebi:58125	hLkynr
chebi:5704	hexACP
chebi:1003	2ahhmp
chebi:11511	2ahhmp
chebi:17083	2ahhmp
chebi:19456	2ahhmp
chebi:44841	2ahhmp
chebi:1003	6hmhpt
chebi:11511	6hmhpt
chebi:17083	6hmhpt
chebi:19456	6hmhpt
chebi:44841	6hmhpt
chebi:10725	tddec2eACP
chebi:10729	tpalm2eACP
chebi:80388	toctd2eACP
chebi:8572	Ser_Gly_Ala_X_Gly
chebi:12006	4ohbut
chebi:16724	4ohbut
chebi:1860	4ohbut
chebi:20401	4ohbut
chebi:20402	4ohbut
chebi:30830	4ohbut
chebi:386065	4ohbut
chebi:22306	aldstrn
chebi:2563	aldstrn
chebi:27584	aldstrn
chebi:40919	aldstrn
chebi:78604	HC02194
chebi:9907	HC02194
chebi:11921	44mzym
chebi:18364	44mzym
chebi:19151	44mzym
chebi:755	44mzym
chebi:80693	Tyr_ggn
chebi:14029	crtn
chebi:16737	crtn
chebi:23406	crtn
chebi:3910	crtn
chebi:14028	creat
chebi:16919	creat
chebi:23404	creat
chebi:3909	creat
chebi:41678	creat
chebi:57947	creat
chebi:66924	creat
chebi:71242	malcoame
chebi:71244	malcoame
chebi:11985	5dh4dglcn
chebi:12118	5dh4dglcn
chebi:17117	5dh4dglcn
chebi:17782	5dh4dglcn
chebi:1821	5dh4dglcn
chebi:20357	5dh4dglcn
chebi:2049	5dh4dglcn
chebi:20562	5dh4dglcn
chebi:58267	5dh4dglcn
chebi:8191	phyto
chebi:8191	phytoe
chebi:14726	trdox
chebi:15240	trdox
chebi:18191	trdox
chebi:50058	trdox
chebi:7845	trdox
chebi:14204	dopaqn
chebi:16852	dopaqn
chebi:23887	dopaqn
chebi:4699	dopaqn
chebi:57924	dopaqn
chebi:45479	retinol_cis_13
chebi:14519	lipoate
chebi:146958	lipoate
chebi:16494	lipoate
chebi:25056	lipoate
chebi:25058	lipoate
chebi:30313	lipoate
chebi:30314	lipoate
chebi:6492	lipoate
chebi:83088	lipoate
chebi:14519	lipt
chebi:146958	lipt
chebi:16494	lipt
chebi:25056	lipt
chebi:25058	lipt
chebi:30313	lipt
chebi:30314	lipt
chebi:6492	lipt
chebi:83088	lipt
chebi:143101	23dhbzs
chebi:12617	sl26da
chebi:12618	sl26da
chebi:17279	sl26da
chebi:21791	sl26da
chebi:21792	sl26da
chebi:58087	sl26da
chebi:7342	sl26da
chebi:10113	HC02172
chebi:176618	HC02172
chebi:27368	HC02172
chebi:29105	HC02172
chebi:49972	HC02172
chebi:49982	HC02172
chebi:10113	zn2
chebi:176618	zn2
chebi:27368	zn2
chebi:29105	zn2
chebi:49972	zn2
chebi:49982	zn2
chebi:10179	pcollglys
chebi:2777	pcollglys
chebi:5738	pcollglys
chebi:13831	CE2209
chebi:18011	CE2209
chebi:2711	CE2209
chebi:36713	CE2209
chebi:13405	nh3
chebi:13406	nh3
chebi:13407	nh3
chebi:135980	nh3
chebi:13771	nh3
chebi:16134	nh3
chebi:22533	nh3
chebi:22534	nh3
chebi:28938	nh3
chebi:44269	nh3
chebi:44284	nh3
chebi:44404	nh3
chebi:49783	nh3
chebi:7434	nh3
chebi:7435	nh3
chebi:13405	nh4
chebi:13406	nh4
chebi:13407	nh4
chebi:135980	nh4
chebi:13771	nh4
chebi:16134	nh4
chebi:22533	nh4
chebi:22534	nh4
chebi:28938	nh4
chebi:44269	nh4
chebi:44284	nh4
chebi:44404	nh4
chebi:49783	nh4
chebi:7434	nh4
chebi:7435	nh4
chebi:80549	M00341
chebi:15105	stchs
chebi:17164	stchs
chebi:26749	stchs
chebi:9248	stchs
chebi:15105	stys
chebi:17164	stys
chebi:26749	stys
chebi:9248	stys
chebi:73051	3deccrn
chebi:14328	gthox
chebi:14720	gthox
chebi:17858	gthox
chebi:24336	gthox
chebi:42832	gthox
chebi:58297	gthox
chebi:7840	gthox
chebi:34424	hestratriol
chebi:62845	hestratriol
chebi:136972	CE2189
chebi:77260	omeprazole
chebi:91766	omeprazole
chebi:172843	CE2915
chebi:10329	rdmbzi
chebi:13705	acac
chebi:15344	acac
chebi:22172	acac
chebi:2391	acac
chebi:40507	acac
chebi:47693	tag__D
chebi:23342	cbi
chebi:28956	cbi
chebi:3798	cbi
chebi:48529	cbi
chebi:11894	gchola
chebi:14345	gchola
chebi:17687	gchola
chebi:20215	gchola
chebi:24377	gchola
chebi:24378	gchola
chebi:29746	gchola
chebi:42804	gchola
chebi:5464	gchola
chebi:58235	gchola
chebi:8937	C11304
chebi:11203	1Dgali
chebi:11204	1Dgali
chebi:11212	1Dgali
chebi:11213	1Dgali
chebi:17505	1Dgali
chebi:18983	1Dgali
chebi:689	1Dgali
chebi:14588	meoh
chebi:156265	meoh
chebi:17790	meoh
chebi:25227	meoh
chebi:44080	meoh
chebi:44553	meoh
chebi:6816	meoh
chebi:6418	leuleu
chebi:73838	CE5866
chebi:73770	ala_L_leu__L
chebi:74389	ala_L_leu__L
chebi:77083	c8dc
chebi:73034	c4dc
chebi:71179	c51crn
chebi:78440	5mtr
chebi:10769	carveol
chebi:133	carveol
chebi:15389	carveol
chebi:18497	carveol
chebi:14812	pep
chebi:18021	pep
chebi:26054	pep
chebi:26055	pep
chebi:44894	pep
chebi:44897	pep
chebi:58702	pep
chebi:8147	pep
chebi:12575	acglu
chebi:17533	acglu
chebi:21549	acglu
chebi:21552	acglu
chebi:44335	acglu
chebi:44337	acglu
chebi:64040	acglu
chebi:7150	acglu
chebi:87274	acglu
chebi:80604	ddmcital
chebi:12132	pcollg5hlys
chebi:18040	pcollg5hlys
chebi:20576	pcollg5hlys
chebi:43764	pcollg5hlys
chebi:58357	pcollg5hlys
chebi:15061	salc
chebi:16914	salc
chebi:26595	salc
chebi:26597	salc
chebi:30762	salc
chebi:45521	salc
chebi:9006	salc
chebi:15227	thm
chebi:18385	thm
chebi:26941	thm
chebi:46393	thm
chebi:49107	thm
chebi:9530	thm
chebi:12821	phpyr
chebi:14784	phpyr
chebi:18005	phpyr
chebi:26007	phpyr
chebi:26009	phpyr
chebi:30851	phpyr
chebi:45005	phpyr
chebi:8105	phpyr
chebi:10793	ham
chebi:14421	ham
chebi:15429	ham
chebi:24708	ham
chebi:29772	ham
chebi:29773	ham
chebi:43221	ham
chebi:5806	ham
chebi:140754	dhbpt
chebi:20680	dhbpt
chebi:43120	dhbpt
chebi:13435	HC01797
chebi:18310	HC01797
chebi:22317	HC01797
chebi:2449	HC01797
chebi:25251	HC01797
chebi:25252	HC01797
chebi:2576	HC01797
chebi:32875	HC01797
chebi:46626	HC01797
chebi:48801	HC01797
chebi:11897	thcholstoic
chebi:11898	thcholstoic
chebi:1698	thcholstoic
chebi:18402	thcholstoic
chebi:20219	thcholstoic
chebi:20220	thcholstoic
chebi:48043	thcholstoic
chebi:58734	thcholstoic
chebi:85674	thcholstoic
chebi:11896	thcholst
chebi:16466	thcholst
chebi:1696	thcholst
chebi:20218	thcholst
chebi:48940	thcholst
chebi:11341	5adtststerone
chebi:11342	5adtststerone
chebi:16330	5adtststerone
chebi:19175	5adtststerone
chebi:41876	5adtststerone
chebi:793	5adtststerone
chebi:85278	5adtststerone
chebi:10914	prostgh2
chebi:14909	prostgh2
chebi:15554	prostgh2
chebi:26330	prostgh2
chebi:57405	prostgh2
chebi:8520	prostgh2
chebi:11357	inospp1
chebi:12890	inospp1
chebi:16507	inospp1
chebi:19185	inospp1
chebi:4273	inospp1
chebi:57798	inospp1
chebi:1001	HC01361
chebi:11510	HC01361
chebi:17001	HC01361
chebi:19454	HC01361
chebi:30567	HC01361
chebi:44427	HC01361
chebi:13931	25hvitd3
chebi:17933	25hvitd3
chebi:19815	25hvitd3
chebi:3304	25hvitd3
chebi:46387	25hvitd3
chebi:132028	HC02195
chebi:132326	HC02195
chebi:80774	HC02195
chebi:12262	xol7aone
chebi:17899	xol7aone
chebi:20800	xol7aone
chebi:2292	xol7aone
chebi:58317	xol7aone
chebi:10820	prostge1
chebi:142	prostge1
chebi:15544	prostge1
chebi:26322	prostge1
chebi:57397	prostge1
chebi:11964	andrstndn
chebi:13830	andrstndn
chebi:16422	andrstndn
chebi:20322	andrstndn
chebi:2709	andrstndn
chebi:40930	andrstndn
chebi:14023	crtsl
chebi:17650	crtsl
chebi:24633	crtsl
chebi:3893	crtsl
chebi:58221	crtsl
chebi:13150	pmtcrn
chebi:17490	pmtcrn
chebi:21369	pmtcrn
chebi:6281	pmtcrn
chebi:81563	CE7090
chebi:90818	CE7090
chebi:1030	2me4p
chebi:11483	2me4p
chebi:17764	2me4p
chebi:58262	2me4p
chebi:10920	15HPET
chebi:15628	15HPET
chebi:18594	15HPET
chebi:18595	15HPET
chebi:19152	15HPET
chebi:36041	15HPET
chebi:57446	15HPET
chebi:758	15HPET
chebi:11339	17ahprgstrn
chebi:11340	17ahprgstrn
chebi:17252	17ahprgstrn
chebi:19173	17ahprgstrn
chebi:790	17ahprgstrn
chebi:13981	7dhchsterol
chebi:17759	7dhchsterol
chebi:23181	7dhchsterol
chebi:3658	7dhchsterol
chebi:19172	17ahprgnlone
chebi:28750	17ahprgnlone
chebi:789	17ahprgnlone
chebi:13832	andrstrn
chebi:16032	andrstrn
chebi:20235	andrstrn
chebi:2714	andrstrn
chebi:12171	chlstol
chebi:145214	chlstol
chebi:16290	chlstol
chebi:2140	chlstol
chebi:23183	chlstol
chebi:13147	c8crn
chebi:18102	c8crn
chebi:21366	c8crn
chebi:44613	c8crn
chebi:6279	c8crn
chebi:14896	prgstrn
chebi:17026	prgstrn
chebi:18798	prgstrn
chebi:26269	prgstrn
chebi:439	prgstrn
chebi:45786	prgstrn
chebi:8453	prgstrn
chebi:11311	retinal_11_cis
chebi:16066	retinal_11_cis
chebi:19119	retinal_11_cis
chebi:727	retinal_11_cis
chebi:45487	retinal_cis_13
chebi:1708	xol7ah2
chebi:20233	xol7ah2
chebi:28047	xol7ah2
chebi:12179	xoltriol
chebi:16496	xoltriol
chebi:1697	xoltriol
chebi:20221	xoltriol
chebi:20667	xoltriol
chebi:57793	xoltriol
chebi:23656	lipa
chebi:27963	lipa
chebi:4476	lipa
chebi:58540	lipa
chebi:11314	11docrtstrn
chebi:16973	11docrtstrn
chebi:19123	11docrtstrn
chebi:39642	11docrtstrn
chebi:713	11docrtstrn
chebi:86536	11docrtstrn
chebi:84756	2doxg6p
chebi:84760	2doxg6p
chebi:136486	4mzym_int2
chebi:50593	4mzym_int2
chebi:20595	5htrp
chebi:2081	5htrp
chebi:28171	5htrp
chebi:12168	andrstandn
chebi:15994	andrstandn
chebi:20639	andrstandn
chebi:2137	andrstandn
chebi:40140	andrstandn
chebi:61911	butso3
chebi:61958	butso3
chebi:14022	crtstrn
chebi:16827	crtstrn
chebi:19131	crtstrn
chebi:3891	crtstrn
chebi:41361	crtstrn
chebi:57911	crtstrn
chebi:14130	dsmsterol
chebi:17737	dsmsterol
chebi:23646	dsmsterol
chebi:4451	dsmsterol
chebi:14460	i
chebi:16382	i
chebi:37181	i
chebi:43451	i
chebi:49698	i
chebi:5591	i
chebi:5946	i
chebi:1022	am6sa
chebi:11525	am6sa
chebi:11526	am6sa
chebi:15745	am6sa
chebi:19474	am6sa
chebi:57495	am6sa
chebi:77634	am6sa
chebi:12738	HC00682
chebi:16807	HC00682
chebi:22029	HC00682
chebi:83096	HC00682
chebi:8940	HC00682
chebi:13714	acmalt
chebi:73789	magste_hs
chebi:75555	magste_hs
chebi:75557	magste_hs
chebi:88427	CE1925
chebi:1573	3mox4hoxm
chebi:20105	3mox4hoxm
chebi:20106	3mox4hoxm
chebi:27622	3mox4hoxm
chebi:10924	5HPET
chebi:15632	5HPET
chebi:18601	5HPET
chebi:20573	5HPET
chebi:2061	5HPET
chebi:57450	5HPET
chebi:60942	5HPET
chebi:90822	5HPET
chebi:91268	5HPET
chebi:2002	CE4888
chebi:20514	CE4888
chebi:27404	CE4888
chebi:39961	CE4888
chebi:132200	CE6250
chebi:132883	CE6250
chebi:41860	sebacid
chebi:41865	sebacid
chebi:76283	sebacid
chebi:9071	sebacid
chebi:10007	vitd2
chebi:23937	vitd2
chebi:28934	vitd2
chebi:37623	xoltri25
chebi:58676	xoltri25
chebi:11201	3ig3p
chebi:12417	3ig3p
chebi:18299	3ig3p
chebi:24825	3ig3p
chebi:51793	3ig3p
chebi:58866	3ig3p
chebi:5915	3ig3p
chebi:60820	3ig3p
chebi:165598	ocdececrn
chebi:11710	35diotyr
chebi:1405	35diotyr
chebi:15768	35diotyr
chebi:19909	35diotyr
chebi:46196	35diotyr
chebi:57506	35diotyr
chebi:22014	HC01377
chebi:27462	HC01377
chebi:8931	HC01377
chebi:10326	appnn
chebi:22467	appnn
chebi:36740	appnn
chebi:1295	aprgstrn
chebi:19800	aprgstrn
chebi:28453	aprgstrn
chebi:387	aprgstrn
chebi:41509	HC02024
chebi:84337	HC02024
chebi:34634	HC02023
chebi:39859	HC02023
chebi:46898	HC02023
chebi:3663	HC02020
chebi:84319	HC02020
chebi:131444	gudac
chebi:14369	gudac
chebi:16344	gudac
chebi:24438	gudac
chebi:24440	gudac
chebi:44474	gudac
chebi:5560	gudac
chebi:57742	gudac
chebi:14563	HC00319
chebi:15792	HC00319
chebi:25130	HC00319
chebi:25132	HC00319
chebi:30794	HC00319
chebi:30795	HC00319
chebi:44060	HC00319
chebi:44151	HC00319
chebi:6660	HC00319
chebi:10317	pheacgln
chebi:12294	pheacgln
chebi:17884	pheacgln
chebi:22439	pheacgln
chebi:58310	pheacgln
chebi:14966	C01747
chebi:16874	C01747
chebi:26370	C01747
chebi:57934	C01747
chebi:8619	C01747
chebi:176511	triodthysuf
chebi:35432	triodthysuf
chebi:10987	4ppcys
chebi:12438	4ppcys
chebi:15769	4ppcys
chebi:21461	4ppcys
chebi:328	4ppcys
chebi:57507	4ppcys
chebi:59458	4ppcys
chebi:1115	3c3hmp
chebi:11580	3c3hmp
chebi:11763	3c3hmp
chebi:1178	3c3hmp
chebi:19595	3c3hmp
chebi:19667	3c3hmp
chebi:28107	3c3hmp
chebi:28635	3c3hmp
chebi:35128	3c3hmp
chebi:35129	3c3hmp
chebi:50271	2sephchc
chebi:58818	2sephchc
chebi:1296	20ahchsterol
chebi:43170	20ahchsterol
chebi:11938	4c2me
chebi:16578	4c2me
chebi:1770	4c2me
chebi:57823	4c2me
chebi:34461	CE5072
chebi:2198	6hoxmelatn
chebi:2949	C08261
chebi:40912	C08261
chebi:48131	C08261
chebi:78208	C08261
chebi:14026	cortsn
chebi:16962	cortsn
chebi:23397	cortsn
chebi:3896	cortsn
chebi:138150	tag6p__D
chebi:138801	tag6p__D
chebi:21155	gdpofuc
chebi:28530	gdpofuc
chebi:34770	gdpofuc
chebi:5216	gdpofuc
chebi:86476	gdpofuc
chebi:125590	Nacsertn
chebi:12582	Nacsertn
chebi:17697	Nacsertn
chebi:21630	Nacsertn
chebi:40804	Nacsertn
chebi:7223	Nacsertn
chebi:14834	CE2414
chebi:16285	CE2414
chebi:26109	CE2414
chebi:26111	CE2414
chebi:37257	CE2414
chebi:8189	CE2414
chebi:14834	phyt
chebi:16285	phyt
chebi:26109	phyt
chebi:26111	phyt
chebi:37257	phyt
chebi:8189	phyt
chebi:20882	cu2
chebi:23380	cu2
chebi:29036	cu2
chebi:49550	cu2
chebi:90761	drib
chebi:4126	fruur
chebi:47949	fruur
chebi:59863	fruur
chebi:59883	fruur
chebi:11675	35cgmp
chebi:1327	35cgmp
chebi:14377	35cgmp
chebi:16356	35cgmp
chebi:19829	35cgmp
chebi:39915	35cgmp
chebi:44955	35cgmp
chebi:44957	35cgmp
chebi:57746	35cgmp
chebi:78904	CE2313
chebi:78904	M00942
chebi:80219	dhlpro
chebi:80760	dhlpro
chebi:12197	pala
chebi:18394	pala
chebi:20686	pala
chebi:47999	pala
chebi:7893	pala
chebi:14287	galt1p
chebi:24140	galt1p
chebi:28663	galt1p
chebi:5252	galt1p
chebi:60083	galt1p
chebi:48005	ggptrc
chebi:58731	ggptrc
chebi:13035	xylu__D
chebi:17140	xylu__D
chebi:21120	xylu__D
chebi:4268	xylu__D
chebi:46514	xylu__D
chebi:11911	dhea
chebi:1723	dhea
chebi:20246	dhea
chebi:28689	dhea
chebi:40738	dhea
chebi:86953	dhea
chebi:77086	M01729
chebi:77086	ddeccrn
chebi:15199	HC02192
chebi:17179	HC02192
chebi:26857	HC02192
chebi:26859	HC02192
chebi:36259	HC02192
chebi:9411	HC02192
chebi:10644	gggp
chebi:12845	gggp
chebi:12846	gggp
chebi:16206	gggp
chebi:26694	gggp
chebi:57677	gggp
chebi:132957	C02712
chebi:21557	C02712
chebi:40767	C02712
chebi:71670	C02712
chebi:133670	pcs
chebi:82914	pcs
chebi:13466	uaccg
chebi:13467	uaccg
chebi:16435	uaccg
chebi:22110	uaccg
chebi:57771	uaccg
chebi:68483	uaccg
chebi:68507	uaccg
chebi:9818	uaccg
chebi:132246	CE1162
chebi:165589	pendecaeth
chebi:14772	perillyl
chebi:15420	perillyl
chebi:18496	perillyl
chebi:8022	perillyl
chebi:11229	adhap_hs
chebi:13731	adhap_hs
chebi:15835	adhap_hs
chebi:18995	adhap_hs
chebi:2466	adhap_hs
chebi:57534	adhap_hs
chebi:52285	cigam
chebi:58887	cigam
chebi:12889	ertascb__D
chebi:17803	ertascb__D
chebi:20925	ertascb__D
chebi:4272	ertascb__D
chebi:58277	ertascb__D
chebi:11044	3h3mglt
chebi:11813	3h3mglt
chebi:1524	3h3mglt
chebi:16831	3h3mglt
chebi:17325	3h3mglt
chebi:18746	3h3mglt
chebi:20042	3h3mglt
chebi:20043	3h3mglt
chebi:30920	3h3mglt
chebi:391	3h3mglt
chebi:43804	3h3mglt
chebi:60721	decdp
chebi:61011	decdp
chebi:10108	zeax
chebi:27361	zeax
chebi:27547	zeax
chebi:72859	pa160
chebi:73246	pa160
chebi:77446	pa160
chebi:78105	pa160
chebi:60206	gmhep17bp
chebi:60208	gmhep17bp
chebi:11663	fecost
chebi:1306	fecost
chebi:17038	fecost
chebi:19811	fecost
chebi:52361	fecost
chebi:13104	fc1p
chebi:13105	fc1p
chebi:16647	fc1p
chebi:21296	fc1p
chebi:57846	fc1p
chebi:13161	rml
chebi:17897	rml
chebi:21380	rml
chebi:58316	rml
chebi:6293	rml
chebi:11407	lipidA
chebi:19292	lipidA
chebi:19294	lipidA
chebi:29056	lipidA
chebi:58603	lipidA
chebi:863	lipidA
chebi:52971	q6
chebi:11001	lac__D
chebi:16004	lac__D
chebi:18684	lac__D
chebi:341	lac__D
chebi:42105	lac__D
chebi:42111	lac__D
chebi:43701	lac__D
chebi:11065	lac__L
chebi:12411	lac__L
chebi:16651	lac__L
chebi:18783	lac__L
chebi:422	lac__L
chebi:135158	catechol
chebi:13950	catechol
chebi:18135	catechol
chebi:23054	catechol
chebi:32402	catechol
chebi:3467	catechol
chebi:41441	catechol
chebi:50524	catechol
chebi:21384	selcyst
chebi:26630	selcyst
chebi:27760	selcyst
chebi:62226	selcyst
chebi:6297	selcyst
chebi:9092	selcyst
chebi:11413	lipidX
chebi:16942	lipidX
chebi:19303	lipidX
chebi:57957	lipidX
chebi:870	lipidX
chebi:14566	malACP
chebi:17330	malACP
chebi:58107	malACP
chebi:6662	malACP
chebi:176617	ni2
chebi:25517	ni2
chebi:49785	ni2
chebi:49786	ni2
chebi:33722	4fe4s
chebi:10999	glyc__R
chebi:12985	glyc__R
chebi:16659	glyc__R
chebi:21027	glyc__R
chebi:21030	glyc__R
chebi:32398	glyc__R
chebi:4187	glyc__R
chebi:41990	glyc__R
chebi:37689	all__D
chebi:40819	all__D
chebi:40822	all__D
chebi:13459	uama
chebi:13478	uama
chebi:16932	uama
chebi:22123	uama
chebi:57953	uama
chebi:83898	uama
chebi:84726	uama
chebi:9830	uama
chebi:13462	ugmda
chebi:18199	ugmda
chebi:22126	ugmda
chebi:61386	ugmda
chebi:9833	ugmda
chebi:20585	5hoxindoa
chebi:2071	5hoxindoa
chebi:27823	5hoxindoa
chebi:62622	5hoxindoa
chebi:176514	CE2866
chebi:35429	CE2866
chebi:45695	CE2866
chebi:45698	CE2866
chebi:11043	3aib
chebi:18188	3aib
chebi:18745	3aib
chebi:33094	3aib
chebi:390	3aib
chebi:41058	3aib
chebi:58655	3aib
chebi:6167	3aib
chebi:52442	iacgam
chebi:14654	no3
chebi:17632	no3
chebi:44487	no3
chebi:71263	no3
chebi:168659	4mzym_int1
chebi:50591	4mzym_int1
chebi:64925	4mzym_int1
chebi:13092	citr__L
chebi:16349	citr__L
chebi:21257	citr__L
chebi:41489	citr__L
chebi:57743	citr__L
chebi:6203	citr__L
chebi:145753	lyxnt
chebi:6268	lyxnt
chebi:14431	hxan
chebi:17368	hxan
chebi:24762	hxan
chebi:43237	hxan
chebi:5841	hxan
chebi:142210	2dr5p
chebi:142387	2dr5p
chebi:55513	2dr5p
chebi:62877	2dr5p
chebi:11904	ahandrostan
chebi:1710	ahandrostan
chebi:20236	ahandrostan
chebi:28195	ahandrostan
chebi:40622	ahandrostan
chebi:13354	h2o2
chebi:13355	h2o2
chebi:16240	h2o2
chebi:24637	h2o2
chebi:29192	h2o2
chebi:44812	h2o2
chebi:5586	h2o2
chebi:45075	preq0
chebi:677358	preq0
chebi:34306	wharachd
chebi:76624	wharachd
chebi:133000	prgnlones
chebi:35420	prgnlones
chebi:60933	ctbtcoa
chebi:61123	ctbtcoa
chebi:3591	dgchol
chebi:36252	dgchol
chebi:36274	dgchol
chebi:41520	dgchol
chebi:5463	dgchol
chebi:58664	dgchol
chebi:59452	dgchol
chebi:11851	3mob
chebi:1584	3mob
chebi:16530	3mob
chebi:20115	3mob
chebi:43714	3mob
chebi:11064	abt__L
chebi:13130	abt__L
chebi:18041	abt__L
chebi:18782	abt__L
chebi:421	abt__L
chebi:11064	lald__L
chebi:13130	lald__L
chebi:18041	lald__L
chebi:18782	lald__L
chebi:421	lald__L
chebi:21813	aclys
chebi:31888	aclys
chebi:35704	aclys
chebi:61512	aclys
chebi:13165	selcys
chebi:16633	selcys
chebi:21385	selcys
chebi:32742	selcys
chebi:32743	selcys
chebi:32744	selcys
chebi:32752	selcys
chebi:32753	selcys
chebi:32754	selcys
chebi:49562	selcys
chebi:57843	selcys
chebi:6298	selcys
chebi:9093	selcys
chebi:22075	slfcys
chebi:27891	slfcys
chebi:62225	slfcys
chebi:8974	slfcys
chebi:11279	1hdecg3p
chebi:15799	1hdecg3p
chebi:19078	1hdecg3p
chebi:57518	1hdecg3p
chebi:63582	1hdecg3p
chebi:64023	1hdecg3p
chebi:664	1hdecg3p
chebi:78992	hpdece
chebi:11998	e4hglu
chebi:16338	e4hglu
chebi:1851	e4hglu
chebi:20389	e4hglu
chebi:20390	e4hglu
chebi:21285	e4hglu
chebi:32811	e4hglu
chebi:32812	e4hglu
chebi:6331	e4hglu
chebi:26636	selhcys
chebi:84850	selhcys
chebi:9096	selhcys
chebi:65079	decd_tb
chebi:66867	decd_tb
chebi:14371	gua
chebi:14372	gua
chebi:16235	gua
chebi:24443	gua
chebi:42948	gua
chebi:5563	gua
chebi:13129	Lkynr
chebi:16946	Lkynr
chebi:21346	Lkynr
chebi:24992	Lkynr
chebi:28683	Lkynr
chebi:43628	Lkynr
chebi:57959	Lkynr
chebi:6148	Lkynr
chebi:6258	Lkynr
chebi:67008	Lkynr
chebi:67010	Lkynr
chebi:12147	mhpglu
chebi:17614	mhpglu
chebi:20613	mhpglu
chebi:2099	mhpglu
chebi:58207	mhpglu
chebi:176629	cd2
chebi:3290	cd2
chebi:48773	cd2
chebi:48775	cd2
chebi:15073	s7p
chebi:15074	s7p
chebi:15721	s7p
chebi:26621	s7p
chebi:4244	s7p
chebi:57483	s7p
chebi:9083	s7p
chebi:11392	2tpr3dpcoa
chebi:61378	2tpr3dpcoa
chebi:12679	mhista
chebi:21768	mhista
chebi:29009	mhista
chebi:58600	mhista
chebi:7317	mhista
chebi:52386	M01067
chebi:52386	zym_int2
chebi:32428	M01582
chebi:32429	M01582
chebi:1155	C05301
chebi:19637	C05301
chebi:28744	C05301
chebi:42267	C05301
chebi:82617	M00019
chebi:82618	M00019
chebi:2710	C04295
chebi:61562	dtdp4aaddg
chebi:61661	dtdp4aaddg
chebi:68493	dtdp4aaddg
chebi:68518	dtdp4aaddg
chebi:10783	urdglyc
chebi:11076	urdglyc
chebi:121	urdglyc
chebi:15412	urdglyc
chebi:18499	urdglyc
chebi:18804	urdglyc
chebi:27224	urdglyc
chebi:49050	urdglyc
chebi:57296	urdglyc
chebi:9891	urdglyc
chebi:15099	sphgn
chebi:16566	sphgn
chebi:26736	sphgn
chebi:26737	sphgn
chebi:549953	sphgn
chebi:57817	sphgn
chebi:9221	sphgn
chebi:24757	CE4633
chebi:93824	Nmtrp
chebi:14970	pur
chebi:17939	pur
chebi:26402	pur
chebi:45182	pur
chebi:60255	pur
chebi:8641	pur
chebi:64039	CE5125
chebi:77099	CE5125
chebi:27324	lut
chebi:28838	lut
chebi:43817	lut
chebi:6576	lut
chebi:18355	op4en
chebi:19594	op4en
chebi:37319	op4en
chebi:14219	estradiol
chebi:16469	estradiol
chebi:23963	estradiol
chebi:42475	estradiol
chebi:4864	estradiol
chebi:19214	23cgmp
chebi:28181	23cgmp
chebi:60837	23cgmp
chebi:825	23cgmp
chebi:47764	pe180
chebi:47768	pe180
chebi:47769	pe180
chebi:10989	5dpmev
chebi:15899	5dpmev
chebi:18674	5dpmev
chebi:332	5dpmev
chebi:57557	5dpmev
chebi:64136	3dphb
chebi:84503	3dphb
chebi:64136	3ophb_5
chebi:84503	3ophb_5
chebi:10957	glutcon
chebi:15670	glutcon
chebi:18630	glutcon
chebi:18631	glutcon
chebi:280	glutcon
chebi:36460	glutcon
chebi:10966	23dhmb
chebi:11424	23dhmb
chebi:15684	23dhmb
chebi:15689	23dhmb
chebi:18645	23dhmb
chebi:305	23dhmb
chebi:49072	23dhmb
chebi:881	23dhmb
chebi:60724	pg160
chebi:12232	6pgc
chebi:16863	6pgc
chebi:2231	6pgc
chebi:33851	6pgc
chebi:40282	6pgc
chebi:48928	6pgc
chebi:58759	6pgc
chebi:73858	pcholste_hs
chebi:74964	pcholste_hs
chebi:32549	ecaro
chebi:14220	estrone
chebi:17263	estrone
chebi:23971	estrone
chebi:4870	estrone
chebi:78209	CE3481
chebi:79059	CE3481
chebi:74565	1odecg3p
chebi:74850	1odecg3p
chebi:14504	leuktrC4
chebi:16978	leuktrC4
chebi:25025	leuktrC4
chebi:57973	leuktrC4
chebi:6422	leuktrC4
chebi:74955	tyrp
chebi:74956	tyrp
chebi:174978	CE6460
chebi:42465	eths
chebi:61909	eths
chebi:42465	ethso3
chebi:61909	ethso3
chebi:174980	CE6464
chebi:1013	2amac
chebi:11518	2amac
chebi:17123	2amac
chebi:23590	2amac
chebi:41996	2amac
chebi:58020	2amac
chebi:76565	2amac
chebi:72826	1agpg140
chebi:73092	1agpg140
chebi:72826	1tdecg3p
chebi:73092	1tdecg3p
chebi:1297	M00603
chebi:19801	M00603
chebi:28697	M00603
chebi:14347	gcald
chebi:17071	gcald
chebi:24386	gcald
chebi:5474	gcald
chebi:32924	CE2211
chebi:34347	CE2211
chebi:50169	CE2211
chebi:133082	2h3mv
chebi:89228	2h3mv
chebi:174982	CE6466
chebi:23379	cu
chebi:49551	cu
chebi:49552	cu
chebi:86319	25hvitd2
chebi:77275	CE5126
chebi:77550	CE5126
chebi:11800	3hanthrn
chebi:11826	3hanthrn
chebi:1536	3hanthrn
chebi:15793	3hanthrn
chebi:20061	3hanthrn
chebi:36559	3hanthrn
chebi:39887	3hanthrn
chebi:89698	Lhcystin
chebi:6182	arab__L
chebi:11008	pnto__R
chebi:18700	pnto__R
chebi:18701	pnto__R
chebi:29032	pnto__R
chebi:44679	pnto__R
chebi:46905	pnto__R
chebi:11787	kdo
chebi:11789	kdo
chebi:1493	kdo
chebi:16064	kdo
chebi:20005	kdo
chebi:20007	kdo
chebi:32817	kdo
chebi:58643	kdo
chebi:59447	kdo
chebi:6270	mepi
chebi:6277	normete__L
chebi:22270	doxrbcn
chebi:2496	doxrbcn
chebi:28748	doxrbcn
chebi:42031	doxrbcn
chebi:64816	doxrbcn
chebi:12751	HC00695
chebi:17432	HC00695
chebi:22073	HC00695
chebi:8971	HC00695
chebi:10489	dadp
chebi:14067	dadp
chebi:16174	dadp
chebi:19235	dadp
chebi:41890	dadp
chebi:57667	dadp
chebi:174983	CE6453
chebi:14444	indole
chebi:16881	indole
chebi:24794	indole
chebi:43537	indole
chebi:5900	indole
chebi:90813	CE7096
chebi:91286	CE7096
chebi:165475	M02457
chebi:1156	C05298
chebi:11660	C03577
chebi:1291	C03577
chebi:19798	C03577
chebi:28700	C03577
chebi:58584	C03577
chebi:12660	saccrp__L
chebi:16927	saccrp__L
chebi:21861	saccrp__L
chebi:45721	saccrp__L
chebi:57951	saccrp__L
chebi:7406	saccrp__L
chebi:21269	thcys
chebi:28839	thcys
chebi:41628	thcys
chebi:41711	thcys
chebi:41718	thcys
chebi:41743	thcys
chebi:58591	thcys
chebi:9551	thcys
chebi:14881	prgnlone
chebi:16581	prgnlone
chebi:26241	prgnlone
chebi:45027	prgnlone
chebi:8388	prgnlone
chebi:86573	prgnlone
chebi:12014	4hphac
chebi:18101	4hphac
chebi:1874	4hphac
chebi:20419	4hphac
chebi:40091	4hphac
chebi:48999	4hphac
chebi:125421	aflatoxin
chebi:2504	aflatoxin
chebi:174985	CE6455
chebi:12907	all6p
chebi:17942	all6p
chebi:20901	all6p
chebi:4094	all6p
chebi:58328	all6p
chebi:10745	o2
chebi:13416	o2
chebi:15379	o2
chebi:23833	o2
chebi:25366	o2
chebi:26689	o2
chebi:29793	o2
chebi:30491	o2
chebi:44742	o2
chebi:7860	o2
chebi:14516	lneldccoa
chebi:15530	lneldccoa
chebi:25049	lneldccoa
chebi:57383	lneldccoa
chebi:6480	lneldccoa
chebi:14516	lnlccoa
chebi:15530	lnlccoa
chebi:25049	lnlccoa
chebi:57383	lnlccoa
chebi:6480	lnlccoa
chebi:11895	cholate
chebi:13978	cholate
chebi:16359	cholate
chebi:1694	cholate
chebi:20216	cholate
chebi:20223	cholate
chebi:23168	cholate
chebi:23210	cholate
chebi:29747	cholate
chebi:41494	cholate
chebi:57748	cholate
chebi:50605	2h3k5m
chebi:58829	2h3k5m
chebi:59505	2h3k5m
chebi:14020	cpppg3
chebi:15439	cpppg3
chebi:23386	cpppg3
chebi:3880	cpppg3
chebi:41560	cpppg3
chebi:57309	cpppg3
chebi:10566	glucys
chebi:10570	glucys
chebi:12400	glucys
chebi:12404	glucys
chebi:17515	glucys
chebi:24185	glucys
chebi:24194	glucys
chebi:39975	glucys
chebi:58173	glucys
chebi:13016	rbl__D
chebi:17173	rbl__D
chebi:21086	rbl__D
chebi:4241	rbl__D
chebi:10986	4ppan
chebi:12886	4ppan
chebi:15905	4ppan
chebi:18702	4ppan
chebi:20891	4ppan
chebi:4082	4ppan
chebi:47812	CE2206
chebi:11174	dtt
chebi:18320	dtt
chebi:23854	dtt
chebi:25189	dtt
chebi:32885	dtt
chebi:42102	dtt
chebi:42106	dtt
chebi:4664	dtt
chebi:13291	cl
chebi:13364	cl
chebi:13970	cl
chebi:17883	cl
chebi:17996	cl
chebi:24635	cl
chebi:3616	cl
chebi:3731	cl
chebi:48804	cl
chebi:5590	cl
chebi:1299	21hprgnlone
chebi:19802	21hprgnlone
chebi:28043	21hprgnlone
chebi:1299	M00605
chebi:19802	M00605
chebi:28043	M00605
chebi:11777	3dhguln
chebi:1482	3dhguln
chebi:16142	3dhguln
chebi:19992	3dhguln
chebi:57655	3dhguln
chebi:10714	4hpro_LT
chebi:12864	4hpro_LT
chebi:18095	4hpro_LT
chebi:27060	4hpro_LT
chebi:43172	4hpro_LT
chebi:43210	4hpro_LT
chebi:43227	4hpro_LT
chebi:43318	4hpro_LT
chebi:49360	4hpro_LT
chebi:58375	4hpro_LT
chebi:15262	tmao
chebi:15263	tmao
chebi:15724	tmao
chebi:27126	tmao
chebi:9733	tmao
chebi:11758	bamppald
chebi:1455	bamppald
chebi:18090	bamppald
chebi:19966	bamppald
chebi:58374	bamppald
chebi:10720	cinnm
chebi:10955	cinnm
chebi:12871	cinnm
chebi:12879	cinnm
chebi:15669	cinnm
chebi:23248	cinnm
chebi:23250	cinnm
chebi:27072	cinnm
chebi:27073	cinnm
chebi:27386	cinnm
chebi:35697	cinnm
chebi:3710	cinnm
chebi:45845	cinnm
chebi:2030	C04051
chebi:20544	C04051
chebi:83865	M01075
chebi:12952	galur
chebi:47962	galur
chebi:13965	cm
chebi:17698	cm
chebi:23106	cm
chebi:23108	cm
chebi:3603	cm
chebi:47327	cm
chebi:14274	fald
chebi:16842	fald
chebi:24077	fald
chebi:337763	fald
chebi:5142	fald
chebi:82750	HC02022
chebi:37998	HC02193
chebi:60008	HC02193
chebi:10937	leuktrA4
chebi:14503	leuktrA4
chebi:15651	leuktrA4
chebi:25023	leuktrA4
chebi:57463	leuktrA4
chebi:6420	leuktrA4
chebi:23231	cro4
chebi:29393	cro4
chebi:35404	cro4
chebi:10496	dgmp
chebi:14074	dgmp
chebi:16192	dgmp
chebi:19246	dgmp
chebi:41902	dgmp
chebi:41939	dgmp
chebi:42676	dgmp
chebi:42726	dgmp
chebi:42733	dgmp
chebi:47449	dgmp
chebi:57673	dgmp
chebi:12954	sbt__D
chebi:13020	sbt__D
chebi:17924	sbt__D
chebi:21091	sbt__D
chebi:4246	sbt__D
chebi:45559	sbt__D
chebi:87978	sbt__D
chebi:10355	caro
chebi:12392	caro
chebi:17579	caro
chebi:22834	caro
chebi:40987	caro
chebi:15000	quin
chebi:17521	quin
chebi:26489	quin
chebi:26492	quin
chebi:29751	quin
chebi:8715	quin
chebi:11781	3dhq
chebi:12122	3dhq
chebi:1487	3dhq
chebi:177449	3dhq
chebi:17947	3dhq
chebi:19997	3dhq
chebi:32364	3dhq
chebi:42078	3dhq
chebi:8551	Ntmelys
chebi:1187	C05302
chebi:19675	C05302
chebi:28955	C05302
chebi:42274	C05302
chebi:14500	lanost
chebi:16521	lanost
chebi:25011	lanost
chebi:43584	lanost
chebi:6374	lanost
chebi:60007	HC02197
chebi:9347	HC02197
chebi:11912	dheas
chebi:16814	dheas
chebi:1724	dheas
chebi:20247	dheas
chebi:57905	dheas
chebi:61003	dheas
chebi:10078	xylt
chebi:15328	xylt
chebi:17151	xylt
chebi:253147	xylt
chebi:27339	xylt
chebi:46522	xylt
chebi:60939	xylt
chebi:13898	bilirub
chebi:16990	bilirub
chebi:22870	bilirub
chebi:3099	bilirub
chebi:57977	bilirub
chebi:11929	4r5au
chebi:15934	4r5au
chebi:1761	4r5au
chebi:20283	4r5au
chebi:52403	4r5au
chebi:57573	4r5au
chebi:72663	CE2047
chebi:84027	CE2047
chebi:63981	CE2445
chebi:90723	CE2445
chebi:2427	apoC
chebi:14779	pac
chebi:18401	pac
chebi:25975	pac
chebi:25977	pac
chebi:30745	pac
chebi:44686	pac
chebi:8085	pac
chebi:50775	3dpdhb
chebi:62793	3dpdhb
chebi:61036	cdg
chebi:61125	cdg
chebi:14884	pphn
chebi:16666	pphn
chebi:26256	pphn
chebi:26257	pphn
chebi:29934	pphn
chebi:45028	pphn
chebi:57852	pphn
chebi:8399	pphn
chebi:84387	pphn
chebi:14284	fum
chebi:18012	fum
chebi:24122	fum
chebi:24124	fum
chebi:29806	fum
chebi:37154	fum
chebi:42511	fum
chebi:42743	fum
chebi:5190	fum
chebi:2700	C11695
chebi:88116	C11695
chebi:12103	5aizc
chebi:18968	5aizc
chebi:28413	5aizc
chebi:575	5aizc
chebi:58564	5aizc
chebi:77657	5aizc
chebi:62085	pa140
chebi:83321	pa140
chebi:176709	pa180
chebi:61056	pg180
chebi:84651	octdececrn
chebi:12768	5mdru1p
chebi:20615	5mdru1p
chebi:2100	5mdru1p
chebi:28096	5mdru1p
chebi:44141	5mdru1p
chebi:58548	5mdru1p
chebi:86320	1a25dhvitd2
chebi:13167	ser__L
chebi:17115	ser__L
chebi:21387	ser__L
chebi:32836	ser__L
chebi:32837	ser__L
chebi:33384	ser__L
chebi:45440	ser__L
chebi:45451	ser__L
chebi:45590	ser__L
chebi:45597	ser__L
chebi:45677	ser__L
chebi:6301	ser__L
chebi:36163	hemeA
chebi:61715	hemeA
chebi:10961	tartr__L
chebi:11018	tartr__L
chebi:15671	tartr__L
chebi:18710	tartr__L
chebi:18711	tartr__L
chebi:30924	tartr__L
chebi:35398	tartr__L
chebi:358	tartr__L
chebi:45866	tartr__L
chebi:13095	cys__L
chebi:17561	cys__L
chebi:21261	cys__L
chebi:32442	cys__L
chebi:32443	cys__L
chebi:32445	cys__L
chebi:35235	cys__L
chebi:41227	cys__L
chebi:41700	cys__L
chebi:41768	cys__L
chebi:41781	cys__L
chebi:41811	cys__L
chebi:6207	cys__L
chebi:50776	3dpdhb_me
chebi:62796	3dpdhb_me
chebi:61186	dhmptp
chebi:61191	dhmptp
chebi:30770	alpp
chebi:14282	forcoa
chebi:15522	forcoa
chebi:24092	forcoa
chebi:49609	forcoa
chebi:5150	forcoa
chebi:57376	forcoa
chebi:73081	c16dc
chebi:10990	5pmev
chebi:10991	5pmev
chebi:17436	5pmev
chebi:18675	5pmev
chebi:333	5pmev
chebi:58146	5pmev
chebi:10131	zymst
chebi:12172	zymst
chebi:18252	zymst
chebi:20646	zymst
chebi:27370	zymst
chebi:61513	bbtcoa
chebi:61517	bbtcoa
chebi:14661	n2o
chebi:17045	n2o
chebi:25568	n2o
chebi:44250	n2o
chebi:7598	n2o
chebi:1687	dchac
chebi:23614	dchac
chebi:23616	dchac
chebi:28834	dchac
chebi:42317	dchac
chebi:14886	HC01118
chebi:15442	HC01118
chebi:26261	HC01118
chebi:57310	HC01118
chebi:8401	HC01118
chebi:60315	CE1401
chebi:74795	prophe
chebi:25007	C03405
chebi:37986	C03405
chebi:6355	C03405
chebi:78426	C03405
chebi:13399	nadph
chebi:13400	nadph
chebi:16474	nadph
chebi:21904	nadph
chebi:44286	nadph
chebi:57783	nadph
chebi:7425	nadph
chebi:10976	mmcoa__R
chebi:15465	mmcoa__R
chebi:18654	mmcoa__R
chebi:313	mmcoa__R
chebi:57326	mmcoa__R
chebi:13141	met__L
chebi:16643	met__L
chebi:21360	met__L
chebi:32631	met__L
chebi:32632	met__L
chebi:43990	met__L
chebi:57844	met__L
chebi:6271	met__L
chebi:32585	CE2006
chebi:58968	CE2006
chebi:13761	alltn
chebi:15676	alltn
chebi:22354	alltn
chebi:2594	alltn
chebi:68566	3mglutr
chebi:12047	4tmeabutn
chebi:16244	4tmeabutn
chebi:1941	4tmeabutn
chebi:20484	4tmeabutn
chebi:32707	nmthsrtn
chebi:48294	nmthsrtn
chebi:7325	nmthsrtn
chebi:47813	CE2207
chebi:12351	f26bp
chebi:20933	f26bp
chebi:28602	f26bp
chebi:4122	f26bp
chebi:42586	f26bp
chebi:58579	f26bp
chebi:22635	aso3
chebi:49899	aso3
chebi:49900	aso3
chebi:72827	1agpg180
chebi:73091	1agpg180
chebi:10537	CE4876
chebi:133424	CE4876
chebi:23604	CE4876
chebi:28130	CE4876
chebi:140722	mercplac
chebi:1572	mercplac
chebi:20102	mercplac
chebi:28580	mercplac
chebi:36023	vacc
chebi:50498	vacc
chebi:12018	4mlacac
chebi:17105	4mlacac
chebi:1888	4mlacac
chebi:20433	4mlacac
chebi:20434	4mlacac
chebi:47904	4mlacac
chebi:11988	4fumacac
chebi:18034	4fumacac
chebi:1830	4fumacac
chebi:20368	4fumacac
chebi:20369	4fumacac
chebi:30907	4fumacac
chebi:13077	arg__L
chebi:133495	arg__L
chebi:16467	arg__L
chebi:21235	arg__L
chebi:32681	arg__L
chebi:32682	arg__L
chebi:32683	arg__L
chebi:42927	arg__L
chebi:6185	arg__L
chebi:20581	C04805
chebi:2068	C04805
chebi:28209	C04805
chebi:90632	C04805
chebi:21032	gmhep7p
chebi:28723	gmhep7p
chebi:4190	gmhep7p
chebi:59955	gmhep7p
chebi:42115	kdo8p
chebi:85985	kdo8p
chebi:143076	3mhis
chebi:19854	3mhis
chebi:21445	3mhis
chebi:27596	3mhis
chebi:7067	3mhis
chebi:87060	M00938
chebi:87057	M00940
chebi:137014	glyphe
chebi:14333	g3p
chebi:17138	g3p
chebi:5446	g3p
chebi:58027	g3p
chebi:61695	progly
chebi:61696	progly
chebi:73594	progly
chebi:12067	menylh4spt
chebi:12070	menylh4spt
chebi:12647	menylh4spt
chebi:17975	menylh4spt
chebi:1988	menylh4spt
chebi:20501	menylh4spt
chebi:58337	menylh4spt
chebi:14967	C02744
chebi:17507	C02744
chebi:26371	C02744
chebi:58170	C02744
chebi:8620	C02744
chebi:12733	2mpdhl
chebi:17577	2mpdhl
chebi:22013	2mpdhl
chebi:8930	2mpdhl
chebi:132202	cdpglyc
chebi:13265	cdpglyc
chebi:13271	cdpglyc
chebi:17885	cdpglyc
chebi:20871	cdpglyc
chebi:29068	cdpglyc
chebi:3272	cdpglyc
chebi:58311	cdpglyc
chebi:13073	abt
chebi:18403	abt
chebi:21234	abt
chebi:6184	abt
chebi:26577	rfamp
chebi:28077	rfamp
chebi:45308	rfamp
chebi:71365	rfamp
chebi:8858	rfamp
chebi:22047	HC01712
chebi:28391	HC01712
chebi:8958	HC01712
chebi:87056	M01068
chebi:36945	ACP
chebi:46241	q10
chebi:46245	q10
chebi:9854	q10
chebi:37616	xol25oh
chebi:42972	xol25oh
chebi:42977	xol25oh
chebi:15090	scl
chebi:18023	scl
chebi:26691	scl
chebi:58351	scl
chebi:9167	scl
chebi:13012	r15bp
chebi:17994	r15bp
chebi:21079	r15bp
chebi:4234	r15bp
chebi:58345	r15bp
chebi:68688	r15bp
chebi:68819	r15bp
chebi:30518	tungs
chebi:46497	tungs
chebi:46502	tungs
chebi:11905	HC02191
chebi:16325	HC02191
chebi:1711	HC02191
chebi:20237	HC02191
chebi:20238	HC02191
chebi:20239	HC02191
chebi:25066	HC02191
chebi:29744	HC02191
chebi:12688	akgp_hs
chebi:13813	akgp_hs
chebi:17197	akgp_hs
chebi:21941	akgp_hs
chebi:58049	akgp_hs
chebi:73315	akgp_hs
chebi:73385	akgp_hs
chebi:7675	akgp_hs
chebi:1565	3c2hmp
chebi:35120	3c2hmp
chebi:35121	3c2hmp
chebi:35122	3c2hmp
chebi:43465	3c2hmp
chebi:43468	3c2hmp
chebi:77221	M03153
chebi:77525	M03153
chebi:13107	glu__L
chebi:16015	glu__L
chebi:21301	glu__L
chebi:21304	glu__L
chebi:29985	glu__L
chebi:29988	glu__L
chebi:42825	glu__L
chebi:6224	glu__L
chebi:13148	orn
chebi:15729	orn
chebi:21367	orn
chebi:44667	orn
chebi:46911	orn
chebi:46914	orn
chebi:6280	orn
chebi:13148	orn__L
chebi:15729	orn__L
chebi:21367	orn__L
chebi:44667	orn__L
chebi:46911	orn__L
chebi:46914	orn__L
chebi:6280	orn__L
chebi:80218	lpro
chebi:80399	lpro
chebi:11592	2mcit
chebi:11618	2mcit
chebi:1203	2mcit
chebi:15598	2mcit
chebi:19630	2mcit
chebi:19695	2mcit
chebi:19696	2mcit
chebi:30835	2mcit
chebi:11730	4izp
chebi:140725	4izp
chebi:1886	4izp
chebi:20430	4izp
chebi:20431	4izp
chebi:27384	4izp
chebi:57255	4izp
chebi:58508	4izp
chebi:77893	4izp
chebi:52595	ak2g_hs
chebi:11419	23dappa
chebi:18383	23dappa
chebi:19309	23dappa
chebi:49983	23dappa
chebi:58468	23dappa
chebi:876	23dappa
chebi:13955	crmp_hs
chebi:16197	crmp_hs
chebi:23067	crmp_hs
chebi:3548	crmp_hs
chebi:57674	crmp_hs
chebi:14214	ergst
chebi:16933	ergst
chebi:23942	ergst
chebi:42264	ergst
chebi:4825	ergst
chebi:167480	C05767
chebi:27254	C05767
chebi:27484	C05767
chebi:9902	C05767
chebi:16503	seln
chebi:24638	seln
chebi:29317	seln
chebi:30485	seln
chebi:30486	seln
chebi:47675	seln
chebi:9089	seln
chebi:13178	trp__L
chebi:16828	trp__L
chebi:184633	trp__L
chebi:21407	trp__L
chebi:27163	trp__L
chebi:27897	trp__L
chebi:32702	trp__L
chebi:32704	trp__L
chebi:32727	trp__L
chebi:32728	trp__L
chebi:45988	trp__L
chebi:46086	trp__L
chebi:46125	trp__L
chebi:46225	trp__L
chebi:57912	trp__L
chebi:6310	trp__L
chebi:64554	trp__L
chebi:9769	trp__L
chebi:20797	xoldiolone
chebi:2289	xoldiolone
chebi:28477	xoldiolone
chebi:120616	CE2084
chebi:34460	CE2084
chebi:52287	CE2084
chebi:52449	CE2084
chebi:60950	CE2084
chebi:65342	CE2084
chebi:12746	Sfglutth
chebi:12764	Sfglutth
chebi:16225	Sfglutth
chebi:22044	Sfglutth
chebi:57688	Sfglutth
chebi:8956	Sfglutth
chebi:24519	M02108
chebi:32362	M02108
chebi:45568	M02108
chebi:45571	M02108
chebi:24519	hpa
chebi:32362	hpa
chebi:45568	hpa
chebi:45571	hpa
chebi:10765	limnen
chebi:10766	limnen
chebi:10778	limnen
chebi:15383	limnen
chebi:18468	limnen
chebi:97	limnen
chebi:10900	23doguln
chebi:15622	23doguln
chebi:18578	23doguln
chebi:226	23doguln
chebi:57441	23doguln
chebi:60793	23doguln
chebi:13151	phe__L
chebi:17295	phe__L
chebi:176650	phe__L
chebi:21370	phe__L
chebi:32486	phe__L
chebi:32487	phe__L
chebi:44851	phe__L
chebi:44885	phe__L
chebi:45079	phe__L
chebi:58095	phe__L
chebi:6282	phe__L
chebi:145734	2dpmhobq
chebi:50771	2dpmhobq
chebi:74683	CE5665
chebi:13941	cbm
chebi:22504	cbm
chebi:23002	cbm
chebi:28616	cbm
chebi:3386	cbm
chebi:44573	cbm
chebi:166453	5cysdopa
chebi:174809	CE5787
chebi:177829	CE5791
chebi:166980	M00048
chebi:176732	M00100
chebi:152050	M00116
chebi:165599	M02611
chebi:176697	M02638
chebi:158190	alaglylys
chebi:158202	alahisala
chebi:158681	argalaala
chebi:159033	arghisthr
chebi:159642	asncyscys
chebi:177729	c12dc
chebi:176711	c81crn
chebi:162200	glnhislys
chebi:162318	glnlyslys
chebi:162330	glnlystrp
chebi:163291	glutrpala
chebi:177091	hexdtrcoa
chebi:164236	hisargcys
chebi:164651	hisglylys
chebi:164531	hishislys
chebi:164647	hislysile
chebi:164667	hislysval
chebi:159514	leusertrp
chebi:159725	lysargleu
chebi:160336	lystrparg
chebi:160438	lysvalphe
chebi:160682	metglntyr
chebi:176760	pepalm_hs
chebi:161647	pheleuhis
chebi:162373	prohistyr
chebi:162729	protrpthr
chebi:155915	tmdm3
chebi:155916	tmdm5
chebi:164730	trpiletrp
chebi:164773	trpmetarg
chebi:164820	trpprogly
chebi:164897	trptyrgln
chebi:166008	tyrtrpphe
chebi:166350	valprotrp
chebi:23801	dmso
chebi:28262	dmso
chebi:42138	dmso
chebi:4612	dmso
chebi:31725	iamac
chebi:139325	3octdece1crn
chebi:21316	Lglyald
chebi:27975	Lglyald
chebi:6233	Lglyald
chebi:145332	14hmdz
chebi:11409	thp2c
chebi:16987	thp2c
chebi:19295	thp2c
chebi:49014	thp2c
chebi:49015	thp2c
chebi:58769	thp2c
chebi:61447	thp2c
chebi:682	thp2c
chebi:865	thp2c
chebi:6495	lpp
chebi:13703	acald
chebi:15343	acald
chebi:22158	acald
chebi:2383	acald
chebi:40533	acald
chebi:25646	octa
chebi:25648	octa
chebi:28837	octa
chebi:3373	octa
chebi:44501	octa
chebi:84536	mql6
chebi:15302	vanln
chebi:18346	vanln
chebi:1842	vanln
chebi:20380	vanln
chebi:48387	vanln
chebi:11945	phthr
chebi:18336	phthr
chebi:21963	phthr
chebi:58452	phthr
chebi:59459	phthr
chebi:7690	phthr
chebi:13181	tyr__L
chebi:15277	tyr__L
chebi:17895	tyr__L
chebi:18186	tyr__L
chebi:21411	tyr__L
chebi:27176	tyr__L
chebi:32760	tyr__L
chebi:32761	tyr__L
chebi:32762	tyr__L
chebi:32784	tyr__L
chebi:32785	tyr__L
chebi:32786	tyr__L
chebi:46070	tyr__L
chebi:46161	tyr__L
chebi:58315	tyr__L
chebi:6313	tyr__L
chebi:9800	tyr__L
chebi:14066	csn
chebi:16040	csn
chebi:23531	csn
chebi:4072	csn
chebi:41732	csn
chebi:15030	pqqh2
chebi:18356	pqqh2
chebi:26526	pqqh2
chebi:58459	pqqh2
chebi:77660	pqqh2
chebi:7882	pqqh2
chebi:59636	PIM6
chebi:14341	dhap
chebi:14342	dhap
chebi:16108	dhap
chebi:24355	dhap
chebi:39571	dhap
chebi:5454	dhap
chebi:57642	dhap
chebi:11454	25dop
chebi:17415	25dop
chebi:19385	25dop
chebi:58136	25dop
chebi:938	25dop
chebi:133370	HC02203
chebi:26315	HC02203
chebi:27820	HC02203
chebi:8505	HC02203
chebi:133392	HC02207
chebi:26319	HC02207
chebi:27555	HC02207
chebi:8508	HC02207
chebi:133396	C05957
chebi:26332	C05957
chebi:27485	C05957
chebi:8521	C05957
chebi:30322	3aap
chebi:176874	56dthm
chebi:1998	56dthm
chebi:20510	56dthm
chebi:27468	56dthm
chebi:12219	6hnac
chebi:16168	6hnac
chebi:20731	6hnac
chebi:2200	6hnac
chebi:57664	6hnac
chebi:12914	Dara14lac
chebi:16292	Dara14lac
chebi:20913	Dara14lac
chebi:4102	Dara14lac
chebi:132936	ppiogly
chebi:89836	ppiogly
chebi:133393	HC02204
chebi:26316	HC02204
chebi:27624	HC02204
chebi:8506	HC02204
chebi:90360	fuc132galacglcgal14acglcgalgluside_cho
chebi:12111	5aptn
chebi:15887	5aptn
chebi:2037	5aptn
chebi:20549	5aptn
chebi:356010	5aptn
chebi:41853	5aptn
chebi:86394	5aptn
chebi:12686	ach
chebi:13715	ach
chebi:15355	ach
chebi:22197	ach
chebi:2416	ach
chebi:40559	ach
chebi:58972	CE2577
chebi:11077	tartr__D
chebi:15672	tartr__D
chebi:18806	tartr__D
chebi:18807	tartr__D
chebi:30927	tartr__D
chebi:35399	tartr__D
chebi:446	tartr__D
chebi:45873	tartr__D
chebi:14170	dma
chebi:17170	dma
chebi:23805	dma
chebi:42136	dma
chebi:4618	dma
chebi:58040	dma
chebi:14464	ichor
chebi:17582	ichor
chebi:24883	ichor
chebi:29780	ichor
chebi:5997	ichor
chebi:13393	nad
chebi:13394	nad
chebi:15846	nad
chebi:21901	nad
chebi:44214	nad
chebi:44215	nad
chebi:44281	nad
chebi:57540	nad
chebi:7422	nad
chebi:11892	cala
chebi:12495	cala
chebi:1671	cala
chebi:18261	cala
chebi:21690	cala
chebi:46352	cala
chebi:63843	M02761
chebi:11653	Pald
chebi:14823	Pald
chebi:18124	Pald
chebi:26070	Pald
chebi:45088	Pald
chebi:58383	Pald
chebi:8155	Pald
chebi:15019	adfdRD
chebi:16906	adfdRD
chebi:8786	adfdRD
chebi:15274	trypta
chebi:16765	trypta
chebi:27161	trypta
chebi:46157	trypta
chebi:57887	trypta
chebi:9767	trypta
chebi:11421	23dhdp
chebi:18042	23dhdp
chebi:19312	23dhdp
chebi:23739	23dhdp
chebi:30620	23dhdp
chebi:48052	23dhdp
chebi:878	23dhdp
chebi:12169	lthstrl
chebi:17168	lthstrl
chebi:20643	lthstrl
chebi:2138	lthstrl
chebi:10194	octdp
chebi:12781	octdp
chebi:16275	octdp
chebi:22346	octdp
chebi:44585	octdp
chebi:53045	octdp
chebi:57711	octdp
chebi:88402	vanilpyr
chebi:50622	alpam
chebi:84654	dmnoncrn
chebi:174215	CE5627
chebi:12634	acorn
chebi:16543	acorn
chebi:21814	acorn
chebi:40771	acorn
chebi:57805	acorn
chebi:7368	acorn
chebi:89825	CE1918
chebi:12699	suchms
chebi:12723	suchms
chebi:16160	suchms
chebi:21975	suchms
chebi:57661	suchms
chebi:7704	suchms
chebi:254496	CN0020
chebi:59032	CN0020
chebi:14898	ppal
chebi:17153	ppal
chebi:26281	ppal
chebi:41359	ppal
chebi:45052	ppal
chebi:8468	ppal
chebi:172441	CE1936
chebi:73122	adrncrn
chebi:30725	eaflatoxin
chebi:11713	dhpppn
chebi:11718	dhpppn
chebi:1419	dhpppn
chebi:18136	dhpppn
chebi:19918	dhpppn
chebi:19919	dhpppn
chebi:46951	dhpppn
chebi:85299	steeth
chebi:11981	4crsol
chebi:17847	4crsol
chebi:1816	4crsol
chebi:20352	4crsol
chebi:44726	4crsol
chebi:11981	pcresol
chebi:17847	pcresol
chebi:1816	pcresol
chebi:20352	pcresol
chebi:44726	pcresol
chebi:88811	subgly
chebi:45625	sucaceto
chebi:87897	sucaceto
chebi:11871	5odhf2a
chebi:11923	5odhf2a
chebi:1239	5odhf2a
chebi:18267	5odhf2a
chebi:20269	5odhf2a
chebi:58425	5odhf2a
chebi:128769	ipdp
chebi:14473	ipdp
chebi:16584	ipdp
chebi:24907	ipdp
chebi:6037	ipdp
chebi:26828	sl1
chebi:60094	sl1
chebi:2786	apotfen
chebi:61377	tdp
chebi:61417	tdp
chebi:73082	arachdcrn
chebi:73061	M02973
chebi:84634	M02973
chebi:73061	ttdcrn
chebi:84634	ttdcrn
chebi:171116	c226crn
chebi:13044	24dab
chebi:13045	24dab
chebi:16028	24dab
chebi:21191	24dab
chebi:21192	24dab
chebi:48950	24dab
chebi:58761	24dab
chebi:6154	24dab
chebi:14639	npthld
chebi:17435	npthld
chebi:18895	npthld
chebi:49554	npthld
chebi:7473	npthld
chebi:134424	clpndcrn
chebi:21186	1p3h5c
chebi:27391	1p3h5c
chebi:58509	1p3h5c
chebi:6151	1p3h5c
chebi:62612	1p3h5c
chebi:11451	HC00460
chebi:17189	HC00460
chebi:19381	HC00460
chebi:19382	HC00460
chebi:58044	HC00460
chebi:936	HC00460
chebi:12117	5d4dglcr
chebi:16369	5d4dglcr
chebi:2048	5d4dglcr
chebi:20561	5d4dglcr
chebi:35453	5d4dglcr
chebi:35454	5d4dglcr
chebi:42815	5d4dglcr
chebi:42819	5d4dglcr
chebi:43704	5d4dglcr
chebi:12117	5dh4dglc
chebi:16369	5dh4dglc
chebi:2048	5dh4dglc
chebi:20561	5dh4dglc
chebi:35453	5dh4dglc
chebi:35454	5dh4dglc
chebi:42815	5dh4dglc
chebi:42819	5dh4dglc
chebi:43704	5dh4dglc
chebi:140729	dlnlcgcrn
chebi:134423	dcsptn1crn
chebi:88970	tag1819Z18111Z1819Z
chebi:71488	eicostet
chebi:71563	eicostet
chebi:86038	elaidcrn
chebi:14018	conialdh
chebi:16547	conialdh
chebi:23372	conialdh
chebi:3859	conialdh
chebi:165634	lnlncgcrn
chebi:131887	hpdcacrn
chebi:34787	hpal
chebi:139536	hexccrn
chebi:88528	hxal
chebi:11836	3hpp
chebi:1553	3hpp
chebi:16510	3hpp
chebi:20071	3hpp
chebi:20079	3hpp
chebi:33404	3hpp
chebi:40000	3hpp
chebi:73018	tiggly
chebi:142797	tmp
chebi:40207	tmp
chebi:45390	tmp
chebi:45394	tmp
chebi:77120	tmp
chebi:9637	tmd
chebi:2483	adcobhex
chebi:58504	adcobhex
chebi:39419	M03045
chebi:42392	M03045
chebi:42394	M03045
chebi:79007	M03045
chebi:14016	confrl
chebi:14017	confrl
chebi:17745	confrl
chebi:23371	confrl
chebi:3858	confrl
chebi:4730	confrl
chebi:23923	enter
chebi:28855	enter
chebi:38150	enter
chebi:4799	enter
chebi:77805	enter
chebi:21420	xylnt
chebi:28146	xylnt
chebi:33827	xylnt
chebi:46656	xylnt
chebi:48092	xylnt
chebi:6323	xylnt
chebi:72715	lneldccrn
chebi:84098	lnlccrn
chebi:13871	uaagtmda
chebi:22688	uaagtmda
chebi:27198	uaagtmda
chebi:27536	uaagtmda
chebi:9868	uaagtmda
chebi:27196	uaaAgtla
chebi:28267	uaaAgtla
chebi:9866	uaaAgtla
chebi:27199	uaaAgla
chebi:27745	uaaAgla
chebi:9869	uaaAgla
chebi:21616	uaAgla
chebi:27204	uaAgla
chebi:28274	uaAgla
chebi:9874	uaAgla
chebi:11453	dhpyr
chebi:16364	dhpyr
chebi:19383	dhpyr
chebi:937	dhpyr
chebi:15248	tol
chebi:17578	tol
chebi:27022	tol
chebi:44023	tol
chebi:9624	tol
chebi:11417	23dpg
chebi:17720	23dpg
chebi:19306	23dpg
chebi:19307	23dpg
chebi:19324	23dpg
chebi:19325	23dpg
chebi:28907	23dpg
chebi:41885	23dpg
chebi:58248	23dpg
chebi:872	23dpg
chebi:873	23dpg
chebi:11993	4h2oglt
chebi:17742	4h2oglt
chebi:1838	4h2oglt
chebi:20374	4h2oglt
chebi:20375	4h2oglt
chebi:30923	4h2oglt
chebi:36148	4h2oglt
chebi:10672	trnaala
chebi:15166	trnaala
chebi:29170	trnaala
chebi:131422	glyc
chebi:14334	glyc
chebi:17754	glyc
chebi:24351	glyc
chebi:42998	glyc
chebi:5448	glyc
chebi:14465	icit
chebi:16087	icit
chebi:24884	icit
chebi:24886	icit
chebi:30887	icit
chebi:36453	icit
chebi:36454	icit
chebi:5998	icit
chebi:14791	pi
chebi:18367	pi
chebi:26020	pi
chebi:26078	pi
chebi:29137	pi
chebi:29139	pi
chebi:35780	pi
chebi:39739	pi
chebi:39745	pi
chebi:43470	pi
chebi:43474	pi
chebi:45024	pi
chebi:7793	pi
chebi:13985	chol
chebi:15354	chol
chebi:23212	chol
chebi:3665	chol
chebi:41524	chol
chebi:72322	chol
chebi:13164	ru5p__L
chebi:17666	ru5p__L
chebi:21383	ru5p__L
chebi:58226	ru5p__L
chebi:6296	ru5p__L
chebi:12997	mnl1p
chebi:16298	mnl1p
chebi:21051	mnl1p
chebi:4205	mnl1p
chebi:61381	mnl1p
chebi:12526	pcreat
chebi:14813	pcreat
chebi:17287	pcreat
chebi:26053	pcreat
chebi:58092	pcreat
chebi:8145	pcreat
chebi:1057	2dh3dgal6p
chebi:11548	2dh3dgal6p
chebi:17860	2dh3dgal6p
chebi:19528	2dh3dgal6p
chebi:58298	2dh3dgal6p
chebi:11050	sl__L
chebi:16712	sl__L
chebi:402	sl__L
chebi:61289	sl__L
chebi:18705	12ppd__R
chebi:28972	12ppd__R
chebi:352	12ppd__R
chebi:44863	12ppd__R
chebi:14557	malm
chebi:14558	malm
chebi:16146	malm
chebi:25116	malm
chebi:25117	malm
chebi:29045	malm
chebi:6652	malm
chebi:10681	trnagly
chebi:15177	trnagly
chebi:29176	trnagly
chebi:19178	and19one
chebi:27576	and19one
chebi:796	and19one
chebi:1232	2ommb
chebi:19729	2ommb
chebi:28636	2ommb
chebi:60655	2ombzl
chebi:13170	sertrna_sec
chebi:74589	sertrna_sec
chebi:11967	omaenol
chebi:16321	omaenol
chebi:1792	omaenol
chebi:20324	omaenol
chebi:57732	omaenol
chebi:10674	trnaasn
chebi:15168	trnaasn
chebi:29172	trnaasn
chebi:10688	trnapro
chebi:15184	trnapro
chebi:29177	trnapro
chebi:10692	trnatyr
chebi:15189	trnatyr
chebi:29182	trnatyr
chebi:1755	46dhoxquin
chebi:26504	46dhoxquin
chebi:28799	46dhoxquin
chebi:1759	48dhoxquin
chebi:26505	48dhoxquin
chebi:28883	48dhoxquin
chebi:10673	trnaarg
chebi:15167	trnaarg
chebi:29171	trnaarg
chebi:10675	trnaasp
chebi:15169	trnaasp
chebi:29186	trnaasp
chebi:10687	trnaphe
chebi:15183	trnaphe
chebi:29184	trnaphe
chebi:10691	trnatrp
chebi:15188	trnatrp
chebi:29181	trnatrp
chebi:10682	trnahis
chebi:15178	trnahis
chebi:29178	trnahis
chebi:10683	trnaile
chebi:15179	trnaile
chebi:29174	trnaile
chebi:10684	trnaleu
chebi:15180	trnaleu
chebi:29169	trnaleu
chebi:10685	trnalys
chebi:15181	trnalys
chebi:29185	trnalys
chebi:10686	trnamet
chebi:15182	trnamet
chebi:29173	trnamet
chebi:10690	trnathr
chebi:15187	trnathr
chebi:29180	trnathr
chebi:10694	trnaval
chebi:15191	trnaval
chebi:29183	trnaval
chebi:10680	trnaglu
chebi:15175	trnaglu
chebi:29175	trnaglu
chebi:11000	lald__D
chebi:17167	lald__D
chebi:18683	lald__D
chebi:340	lald__D
chebi:22012	2mbdhl
chebi:28692	2mbdhl
chebi:8929	2mbdhl
chebi:22012	HC01376
chebi:28692	HC01376
chebi:8929	HC01376
chebi:176615	cobalt2
chebi:23337	cobalt2
chebi:48827	cobalt2
chebi:48828	cobalt2
chebi:10689	trnaser
chebi:15186	trnaser
chebi:29179	trnaser
chebi:10539	1pipdn2c
chebi:11153	1pipdn2c
chebi:12278	1pipdn2c
chebi:16187	1pipdn2c
chebi:18885	1pipdn2c
chebi:18886	1pipdn2c
chebi:23601	1pipdn2c
chebi:30912	1pipdn2c
chebi:500	1pipdn2c
chebi:77631	1pipdn2c
chebi:175355	strdnccrn
chebi:36261	tdechola
chebi:9410	tdechola
chebi:32188	tega
chebi:132918	3mlda
chebi:1606	3mlda
chebi:131194	CE2881
chebi:45954	CE2881
chebi:136579	chsterols
chebi:35377	chsterols
chebi:41316	chsterols
chebi:41321	chsterols
chebi:86594	chsterols
chebi:12205	6a2ohxnt
chebi:17534	6a2ohxnt
chebi:20701	6a2ohxnt
chebi:2170	6a2ohxnt
chebi:58183	6a2ohxnt
chebi:6456	lido
chebi:86031	hdd2crn
chebi:38299	C14826
chebi:38300	C14826
chebi:84026	C14826
chebi:13920	b124tc
chebi:17516	b124tc
chebi:22935	b124tc
chebi:3226	b124tc
chebi:58174	b124tc
chebi:13920	hacon_C
chebi:17516	hacon_C
chebi:22935	hacon_C
chebi:3226	hacon_C
chebi:58174	hacon_C
chebi:12434	cob
chebi:12534	cob
chebi:14009	cob
chebi:21474	cob
chebi:23350	cob
chebi:28890	cob
chebi:46031	cob
chebi:58596	cob
chebi:7093	cob
chebi:87791	gq1c_cho
chebi:87994	gq1c_cho
chebi:13097	cysi__L
chebi:14062	cysi__L
chebi:16283	cysi__L
chebi:17376	cysi__L
chebi:21278	cysi__L
chebi:23513	cysi__L
chebi:35491	cysi__L
chebi:35492	cysi__L
chebi:4052	cysi__L
chebi:6209	cysi__L
chebi:63163	cysi__L
chebi:87789	gt1c_cho
chebi:87992	gt1c_cho
chebi:19248	din
chebi:23629	din
chebi:28997	din
chebi:39841	din
chebi:43293	din
chebi:43436	din
chebi:4413	din
chebi:1070	25dkglcn
chebi:11449	25dkglcn
chebi:18281	25dkglcn
chebi:19378	25dkglcn
chebi:58428	25dkglcn
chebi:113	C09642
chebi:12046	4tmeabut
chebi:18020	4tmeabut
chebi:1940	4tmeabut
chebi:20483	4tmeabut
chebi:18656	2o3mpt
chebi:28379	2o3mpt
chebi:316	2o3mpt
chebi:71316	mdhdhf
chebi:20788	ddsmsterol
chebi:2257	ddsmsterol
chebi:27910	ddsmsterol
chebi:13928	15dap
chebi:18127	15dap
chebi:22974	15dap
chebi:3288	15dap
chebi:44370	15dap
chebi:58384	15dap
chebi:14461	iodine
chebi:17606	iodine
chebi:5947	iodine
chebi:176608	k
chebi:26219	k
chebi:29103	k
chebi:49685	k
chebi:8345	k
chebi:89478	CE2072
chebi:10540	1p2cbxl
chebi:11295	1p2cbxl
chebi:12279	1p2cbxl
chebi:17425	1p2cbxl
chebi:19093	1p2cbxl
chebi:216985	1p2cbxl
chebi:23602	1p2cbxl
chebi:36761	1p2cbxl
chebi:39785	1p2cbxl
chebi:683	1p2cbxl
chebi:1071	2dhp
chebi:11561	2dhp
chebi:17094	2dhp
chebi:19545	2dhp
chebi:166748	1a2425thvitd2
chebi:12023	4mpetz
chebi:12024	4mpetz
chebi:17857	4mpetz
chebi:1892	4mpetz
chebi:20439	4mpetz
chebi:30638	4mpetz
chebi:46182	4mpetz
chebi:58296	4mpetz
chebi:12025	4mcat
chebi:17254	4mcat
chebi:1897	4mcat
chebi:20442	4mcat
chebi:43962	4mcat
chebi:12021	4mhetz
chebi:12022	4mhetz
chebi:12086	4mhetz
chebi:17957	4mhetz
chebi:2011	4mhetz
chebi:20522	4mhetz
chebi:46320	4mhetz
chebi:12120	5dglcn
chebi:12121	5dglcn
chebi:17426	5dglcn
chebi:2051	5dglcn
chebi:20564	5dglcn
chebi:58143	5dglcn
chebi:14742	pencil
chebi:17334	pencil
chebi:25869	pencil
chebi:51356	pencil
chebi:58108	pencil
chebi:7961	pencil
chebi:84962	CE5842
chebi:65066	decda_tb
chebi:65096	decda_tb
chebi:71235	4h3npacald
chebi:71287	4h3npacald
chebi:71233	3ntym
chebi:71286	3ntym
chebi:82517	CN0021
chebi:12918	asp__D
chebi:17364	asp__D
chebi:176632	asp__D
chebi:20919	asp__D
chebi:20920	asp__D
chebi:29990	asp__D
chebi:29994	asp__D
chebi:4108	asp__D
chebi:26894	ttrcyc
chebi:27902	ttrcyc
chebi:45729	ttrcyc
chebi:71392	ttrcyc
chebi:77932	ttrcyc
chebi:9474	ttrcyc
chebi:60261	feroxE
chebi:50772	2dp6mobq_me
chebi:50773	2dp6mobq
chebi:64181	M01165
chebi:64180	M00658
chebi:15301	vanlt
chebi:16632	vanlt
chebi:27277	vanlt
chebi:27278	vanlt
chebi:30816	vanlt
chebi:46315	vanlt
chebi:9933	vanlt
chebi:10767	hicit
chebi:11761	hicit
chebi:15404	hicit
chebi:18469	hicit
chebi:19972	hicit
chebi:24617	hicit
chebi:24618	hicit
chebi:29094	hicit
chebi:30903	hicit
chebi:30904	hicit
chebi:36455	hicit
chebi:36456	hicit
chebi:5756	hicit
chebi:21548	CE1310
chebi:2418	CE1310
chebi:28939	CE1310
chebi:45481	CE1310
chebi:78236	CE1310
chebi:11632	n2ppn
chebi:1226	n2ppn
chebi:16037	n2ppn
chebi:19727	n2ppn
chebi:44443	n2ppn
chebi:10980	34hpl
chebi:1117	34hpl
chebi:11726	34hpl
chebi:1430	34hpl
chebi:16003	34hpl
chebi:17385	34hpl
chebi:18660	34hpl
chebi:19598	34hpl
chebi:19600	34hpl
chebi:19932	34hpl
chebi:28403	34hpl
chebi:319	34hpl
chebi:36659	34hpl
chebi:11820	3htmelys
chebi:141499	3htmelys
chebi:1532	3htmelys
chebi:15786	3htmelys
chebi:20057	3htmelys
chebi:57515	3htmelys
chebi:12028	4mptnl
chebi:17998	4mptnl
chebi:1901	4mptnl
chebi:20449	4mptnl
chebi:44083	4mptnl
chebi:1329	35cdamp
chebi:19831	35cdamp
chebi:28074	35cdamp
chebi:10743	h2o
chebi:13352	h2o
chebi:15377	h2o
chebi:27313	h2o
chebi:29373	h2o
chebi:29374	h2o
chebi:29375	h2o
chebi:33806	h2o
chebi:33811	h2o
chebi:33813	h2o
chebi:41979	h2o
chebi:41981	h2o
chebi:42043	h2o
chebi:42857	h2o
chebi:43228	h2o
chebi:44292	h2o
chebi:44701	h2o
chebi:44819	h2o
chebi:5585	h2o
