Reaction ID	Name	Subsystem	Reaction (IDs)	Reaction (Names)	Reaction (CHEBI)	Substrates (BiGG)	Genes	UIDs
CYTDK2	Cytidine kinase (GTP)	Nucleotide Salvage Pathway	1.0 cytd_c + 1.0 gtp_c = 1.0 cmp_c + 1.0 gdp_c + 1.0 h_c	1.0 Cytidine + 1.0 GTP C10H12N5O14P3 = 1.0 CMP C9H12N3O8P + 1.0 GDP C10H12N5O11P2 + 1.0 H+	1.0 CHEBI:41686 + 1.0 CHEBI:37565 = 1.0 CHEBI:60377 + 1.0 CHEBI:5212 + 1.0 CHEBI:5584	{'gdp', 'cmp', 'gtp', 'cytd', 'h'}	udk	P0A8F4
XPPT	Xanthine phosphoribosyltransferase	Nucleotide Salvage Pathway	1.0 prpp_c + 1.0 xan_c = 1.0 ppi_c + 1.0 xmp_c	1.0 5-Phospho-alpha-D-ribose 1-diphosphate + 1.0 Xanthine = 1.0 Diphosphate + 1.0 Xanthosine 5'-phosphate	1.0 CHEBI:2121 + 1.0 CHEBI:15318 = 1.0 CHEBI:45212 + 1.0 CHEBI:10938	{'prpp', 'xmp', 'ppi', 'xan'}	gpt	P0A9M5
HXPRT	Hypoxanthine phosphoribosyltransferase (Hypoxanthine)	Nucleotide Salvage Pathway	1.0 hxan_c + 1.0 prpp_c = 1.0 imp_c + 1.0 ppi_c	1.0 Hypoxanthine + 1.0 5-Phospho-alpha-D-ribose 1-diphosphate = 1.0 IMP C10H11N4O8P + 1.0 Diphosphate	1.0 CHEBI:14431 + 1.0 CHEBI:2121 = 1.0 CHEBI:43524 + 1.0 CHEBI:45212	{'prpp', 'hxan', 'ppi', 'imp'}	gpt, hpt	P0A9M5, P0A9M2
NDPK5	Nucleoside-diphosphate kinase (ATP:dGDP)	Nucleotide Salvage Pathway	1.0 atp_c + 1.0 dgdp_c = 1.0 adp_c + 1.0 dgtp_c	1.0 ATP C10H12N5O13P3 + 1.0 DGDP C10H12N5O10P2 = 1.0 ADP C10H12N5O10P2 + 1.0 DGTP C10H12N5O13P3	1.0 CHEBI:15422 + 1.0 CHEBI:58595 = 1.0 CHEBI:2342 + 1.0 CHEBI:16497	{'atp', 'dgtp', 'adp', 'dgdp'}	adk, ndk	P69441, P0A763
SHK3Dr	Shikimate dehydrogenase	Tyrosine, Tryptophan, and Phenylalanine Metabolism	1.0 3dhsk_c + 1.0 h_c + 1.0 nadph_c = 1.0 nadp_c + 1.0 skm_c	1.0 3-Dehydroshikimate + 1.0 H+ + 1.0 Nicotinamide adenine dinucleotide phosphate - reduced = 1.0 Nicotinamide adenine dinucleotide phosphate + 1.0 Shikimate	1.0 CHEBI:1488 + 1.0 CHEBI:5584 + 1.0 CHEBI:16474 = 1.0 CHEBI:29868 + 1.0 CHEBI:15083	{'3dhsk', 'skm', 'nadp', 'nadph', 'h'}	aroE, ydiB	P15770, P0A6D5
NDPK6	Nucleoside-diphosphate kinase (ATP:dUDP)	Nucleotide Salvage Pathway	1.0 atp_c + 1.0 dudp_c = 1.0 adp_c + 1.0 dutp_c	1.0 ATP C10H12N5O13P3 + 1.0 DUDP C9H11N2O11P2 = 1.0 ADP C10H12N5O10P2 + 1.0 DUTP C9H11N2O14P3	1.0 CHEBI:15422 + 1.0 CHEBI:60471 = 1.0 CHEBI:2342 + 1.0 CHEBI:17625	{'atp', 'dutp', 'adp', 'dudp'}	adk, ndk	P69441, P0A763
NDPK8	Nucleoside-diphosphate kinase (ATP:dADP)	Nucleotide Salvage Pathway	1.0 atp_c + 1.0 dadp_c = 1.0 adp_c + 1.0 datp_c	1.0 ATP C10H12N5O13P3 + 1.0 DADP C10H12N5O9P2 = 1.0 ADP C10H12N5O10P2 + 1.0 DATP C10H12N5O12P3	1.0 CHEBI:15422 + 1.0 CHEBI:10489 = 1.0 CHEBI:2342 + 1.0 CHEBI:495505	{'atp', 'adp', 'dadp', 'datp'}	adk, ndk	P69441, P0A763
DHORTS	Dihydroorotase	Purine and Pyrimidine Biosynthesis	1.0 dhor__S_c + 1.0 h2o_c = 1.0 cbasp_c + 1.0 h_c	1.0 (S)-Dihydroorotate + 1.0 H2O H2O = 1.0 N-Carbamoyl-L-aspartate + 1.0 H+	1.0 CHEBI:417 + 1.0 CHEBI:13352 = 1.0 CHEBI:12593 + 1.0 CHEBI:5584	{'dhor__S', 'cbasp', 'h', 'h2o'}	pyrC	P05020
OMPDC	Orotidine-5'-phosphate decarboxylase	Purine and Pyrimidine Biosynthesis	1.0 h_c + 1.0 orot5p_c = 1.0 co2_c + 1.0 ump_c	1.0 H+ + 1.0 Orotidine 5'-phosphate = 1.0 CO2 CO2 + 1.0 UMP C9H11N2O9P	1.0 CHEBI:5584 + 1.0 CHEBI:57538 = 1.0 CHEBI:23011 + 1.0 CHEBI:47721	{'h', 'ump', 'orot5p', 'co2'}	pyrF	P08244
PYNP2r	Pyrimidine-nucleoside phosphorylase (uracil)	Nucleotide Salvage Pathway	1.0 pi_c + 1.0 uri_c = 1.0 r1p_c + 1.0 ura_c	1.0 Phosphate + 1.0 Uridine = 1.0 Alpha-D-Ribose 1-phosphate + 1.0 Uracil	1.0 CHEBI:26078 + 1.0 CHEBI:46386 = 1.0 CHEBI:16300 + 1.0 CHEBI:27210	{'r1p', 'pi', 'uri', 'ura'}	udp	P12758
G5SD	Glutamate-5-semialdehyde dehydrogenase	Arginine and Proline Metabolism	1.0 glu5p_c + 1.0 h_c + 1.0 nadph_c = 1.0 glu5sa_c + 1.0 nadp_c + 1.0 pi_c	1.0 L-Glutamate 5-phosphate + 1.0 H+ + 1.0 Nicotinamide adenine dinucleotide phosphate - reduced = 1.0 L-Glutamate 5-semialdehyde + 1.0 Nicotinamide adenine dinucleotide phosphate + 1.0 Phosphate	1.0 CHEBI:6230 + 1.0 CHEBI:5584 + 1.0 CHEBI:16474 = 1.0 CHEBI:21302 + 1.0 CHEBI:29868 + 1.0 CHEBI:26078	{'nadp', 'nadph', 'pi', 'glu5sa', 'glu5p', 'h'}	proA	P07004
CS	Citrate synthase	Citric Acid Cycle	1.0 accoa_c + 1.0 h2o_c + 1.0 oaa_c = 1.0 cit_c + 1.0 coa_c + 1.0 h_c	1.0 Acetyl-CoA + 1.0 H2O H2O + 1.0 Oxaloacetate = 1.0 Citrate + 1.0 Coenzyme A + 1.0 H+	1.0 CHEBI:57288 + 1.0 CHEBI:13352 + 1.0 CHEBI:25731 = 1.0 CHEBI:35802 + 1.0 CHEBI:41631 + 1.0 CHEBI:5584	{'coa', 'accoa', 'oaa', 'h2o', 'cit', 'h'}	gltA	P0ABH7
ICDHyr	Isocitrate dehydrogenase (NADP)	Citric Acid Cycle	1.0 icit_c + 1.0 nadp_c = 1.0 akg_c + 1.0 co2_c + 1.0 nadph_c	1.0 Isocitrate + 1.0 Nicotinamide adenine dinucleotide phosphate = 1.0 2-Oxoglutarate + 1.0 CO2 CO2 + 1.0 Nicotinamide adenine dinucleotide phosphate - reduced	1.0 CHEBI:16087 + 1.0 CHEBI:29868 = 1.0 CHEBI:40661 + 1.0 CHEBI:23011 + 1.0 CHEBI:16474	{'icit', 'nadp', 'nadph', 'co2', 'akg'}	icd	P08200
ALATA_L2	Alanine transaminase	Cofactor and Prosthetic Group Biosynthesis	1.0 ala__L_c + 1.0 pydx5p_c = 1.0 pyam5p_c + 1.0 pyr_c	1.0 L-Alanine + 1.0 Pyridoxal 5'-phosphate = 1.0 Pyridoxamine 5'-phosphate + 1.0 Pyruvate	1.0 CHEBI:21216 + 1.0 CHEBI:8668 = 1.0 CHEBI:14980 + 1.0 CHEBI:26462	{'ala__L', 'pyr', 'pyam5p', 'pydx5p'}	ltaE, glyA	P75823, P0A825
DURIPP	Deoxyuridine phosphorylase	Nucleotide Salvage Pathway	1.0 duri_c + 1.0 pi_c = 1.0 2dr1p_c + 1.0 ura_c	1.0 Deoxyuridine + 1.0 Phosphate = 1.0 2-Deoxy-D-ribose 1-phosphate + 1.0 Uracil	1.0 CHEBI:46293 + 1.0 CHEBI:26078 = 1.0 CHEBI:28542 + 1.0 CHEBI:27210	{'duri', 'pi', '2dr1p', 'ura'}	deoA, deoD	P07650, P0ABP8
ACALD	Acetaldehyde dehydrogenase (acetylating)	Pyruvate Metabolism	1.0 acald_c + 1.0 coa_c + 1.0 nad_c = 1.0 accoa_c + 1.0 h_c + 1.0 nadh_c	1.0 Acetaldehyde + 1.0 Coenzyme A + 1.0 Nicotinamide adenine dinucleotide = 1.0 Acetyl-CoA + 1.0 H+ + 1.0 Nicotinamide adenine dinucleotide - reduced	1.0 CHEBI:40533 + 1.0 CHEBI:41631 + 1.0 CHEBI:7422 = 1.0 CHEBI:57288 + 1.0 CHEBI:5584 + 1.0 CHEBI:13395	{'acald', 'coa', 'accoa', 'nad', 'nadh', 'h'}	mhpF, adhE	P77580, P0A9Q7
PTRCTA	Putrescine Transaminase	Arginine and Proline Metabolism	1.0 akg_c + 1.0 ptrc_c = 1.0 4abutn_c + 1.0 glu__L_c	1.0 2-Oxoglutarate + 1.0 Putrescine = 1.0 4-Aminobutanal + 1.0 L-Glutamate	1.0 CHEBI:40661 + 1.0 CHEBI:8650 = 1.0 CHEBI:11960 + 1.0 CHEBI:76051	{'akg', 'glu__L', '4abutn', 'ptrc'}	patA	P42588
ACS	Acetyl-CoA synthetase	Pyruvate Metabolism	1.0 ac_c + 1.0 atp_c + 1.0 coa_c = 1.0 accoa_c + 1.0 amp_c + 1.0 ppi_c	1.0 Acetate + 1.0 ATP C10H12N5O13P3 + 1.0 Coenzyme A = 1.0 Acetyl-CoA + 1.0 AMP C10H12N5O7P + 1.0 Diphosphate	1.0 CHEBI:13704 + 1.0 CHEBI:15422 + 1.0 CHEBI:41631 = 1.0 CHEBI:57288 + 1.0 CHEBI:13736 + 1.0 CHEBI:45212	{'atp', 'coa', 'accoa', 'ppi', 'amp', 'ac'}	acs	P27550
CYSDS	Cysteine Desulfhydrase	Cysteine Metabolism	1.0 cys__L_c + 1.0 h2o_c = 1.0 h2s_c + 1.0 nh4_c + 1.0 pyr_c	1.0 L-Cysteine + 1.0 H2O H2O = 1.0 Hydrogen sulfide + 1.0 Ammonium + 1.0 Pyruvate	1.0 CHEBI:32457 + 1.0 CHEBI:13352 = 1.0 CHEBI:14414 + 1.0 CHEBI:44284 + 1.0 CHEBI:26462	{'nh4', 'h2s', 'cys__L', 'h2o', 'pyr'}	metC, tnaA	P06721, P0A853
MAN6PI	Mannose-6-phosphate isomerase	Alternate Carbon Metabolism	1.0 man6p_c = 1.0 f6p_c	1.0 D-Mannose 6-phosphate = 1.0 D-Fructose 6-phosphate	1.0 CHEBI:58735 = 1.0 CHEBI:16084	{'man6p', 'f6p'}	manA	P00946
PPA	Inorganic diphosphatase	Anaplerotic Reactions	1.0 h2o_c + 1.0 ppi_c = 1.0 h_c + 2.0 pi_c	1.0 H2O H2O + 1.0 Diphosphate = 1.0 H+ + 2.0 Phosphate	1.0 CHEBI:13352 + 1.0 CHEBI:45212 = 1.0 CHEBI:5584 + 2.0 CHEBI:26078	{'h', 'pi', 'ppi', 'h2o'}	umpG, ppx, ppa	P0A840, P0AFL6, P0A7A9
APRAUR	5-amino-6-(5-phosphoribosylamino)uracil reductase	Cofactor and Prosthetic Group Biosynthesis	1.0 5apru_c + 1.0 h_c + 1.0 nadph_c = 1.0 5aprbu_c + 1.0 nadp_c	1.0 5-Amino-6-(5'-phosphoribosylamino)uracil + 1.0 H+ + 1.0 Nicotinamide adenine dinucleotide phosphate - reduced = 1.0 5-Amino-6-(5'-phosphoribitylamino)uracil + 1.0 Nicotinamide adenine dinucleotide phosphate	1.0 CHEBI:12108 + 1.0 CHEBI:5584 + 1.0 CHEBI:16474 = 1.0 CHEBI:2031 + 1.0 CHEBI:29868	{'5aprbu', 'nadp', 'nadph', '5apru', 'h'}	ribD	P25539
TRPAS2	Tryptophanase (L-tryptophan)	Tyrosine, Tryptophan, and Phenylalanine Metabolism	1.0 h2o_c + 1.0 trp__L_c = 1.0 indole_c + 1.0 nh4_c + 1.0 pyr_c	1.0 H2O H2O + 1.0 L-Tryptophan = 1.0 Indole + 1.0 Ammonium + 1.0 Pyruvate	1.0 CHEBI:13352 + 1.0 CHEBI:13178 = 1.0 CHEBI:43537 + 1.0 CHEBI:44284 + 1.0 CHEBI:26462	{'nh4', 'h2o', 'pyr', 'indole', 'trp__L'}	tnaA	P0A853
PPCK	Phosphoenolpyruvate carboxykinase	Anaplerotic Reactions	1.0 atp_c + 1.0 oaa_c = 1.0 adp_c + 1.0 co2_c + 1.0 pep_c	1.0 ATP C10H12N5O13P3 + 1.0 Oxaloacetate = 1.0 ADP C10H12N5O10P2 + 1.0 CO2 CO2 + 1.0 Phosphoenolpyruvate	1.0 CHEBI:15422 + 1.0 CHEBI:25731 = 1.0 CHEBI:2342 + 1.0 CHEBI:23011 + 1.0 CHEBI:18021	{'atp', 'pep', 'oaa', 'adp', 'co2'}	pck	P22259
ME1	Malic enzyme (NAD)	Anaplerotic Reactions	1.0 mal__L_c + 1.0 nad_c = 1.0 co2_c + 1.0 nadh_c + 1.0 pyr_c	1.0 L-Malate + 1.0 Nicotinamide adenine dinucleotide = 1.0 CO2 CO2 + 1.0 Nicotinamide adenine dinucleotide - reduced + 1.0 Pyruvate	1.0 CHEBI:15589 + 1.0 CHEBI:7422 = 1.0 CHEBI:23011 + 1.0 CHEBI:13395 + 1.0 CHEBI:26462	{'co2', 'pyr', 'mal__L', 'nad', 'nadh'}	maeA	P26616
DB4PS	3,4-Dihydroxy-2-butanone-4-phosphate synthase	Cofactor and Prosthetic Group Biosynthesis	1.0 ru5p__D_c = 1.0 db4p_c + 1.0 for_c + 1.0 h_c	1.0 D-Ribulose 5-phosphate = 1.0 3,4-dihydroxy-2-butanone 4-phosphate + 1.0 Formate + 1.0 H+	1.0 CHEBI:40192 = 1.0 CHEBI:50606 + 1.0 CHEBI:24081 + 1.0 CHEBI:5584	{'ru5p__D', 'for', 'db4p', 'h'}	ribB	P0A7J0
ALAR	Alanine racemase	Alanine and Aspartate Metabolism	1.0 ala__L_c = 1.0 ala__D_c	1.0 L-Alanine = 1.0 D-Alanine	1.0 CHEBI:21216 = 1.0 CHEBI:12899	{'ala__L', 'ala__D'}	dadX, alr	P29012, P0A6B4
RBFK	Riboflavin kinase	Cofactor and Prosthetic Group Biosynthesis	1.0 atp_c + 1.0 ribflv_c = 1.0 adp_c + 1.0 fmn_c + 1.0 h_c	1.0 ATP C10H12N5O13P3 + 1.0 Riboflavin C17H20N4O6 = 1.0 ADP C10H12N5O10P2 + 1.0 FMN C17H19N4O9P + 1.0 H+	1.0 CHEBI:15422 + 1.0 CHEBI:57986 = 1.0 CHEBI:2342 + 1.0 CHEBI:58210 + 1.0 CHEBI:5584	{'atp', 'ribflv', 'adp', 'fmn', 'h'}	ribF	P0AG40
ALATA_L	L-alanine transaminase	Alanine and Aspartate Metabolism	1.0 akg_c + 1.0 ala__L_c = 1.0 glu__L_c + 1.0 pyr_c	1.0 2-Oxoglutarate + 1.0 L-Alanine = 1.0 L-Glutamate + 1.0 Pyruvate	1.0 CHEBI:40661 + 1.0 CHEBI:21216 = 1.0 CHEBI:76051 + 1.0 CHEBI:26462	{'ala__L', 'akg', 'glu__L', 'pyr'}	alaA, alaC	P0A959, P77434
XYLK	Xylulokinase	Alternate Carbon Metabolism	1.0 atp_c + 1.0 xylu__D_c = 1.0 adp_c + 1.0 h_c + 1.0 xu5p__D_c	1.0 ATP C10H12N5O13P3 + 1.0 D-Xylulose = 1.0 ADP C10H12N5O10P2 + 1.0 H+ + 1.0 D-Xylulose 5-phosphate	1.0 CHEBI:15422 + 1.0 CHEBI:4268 = 1.0 CHEBI:2342 + 1.0 CHEBI:5584 + 1.0 CHEBI:13036	{'atp', 'xylu__D', 'adp', 'xu5p__D', 'h'}	araB, xylB	P08204, P09099
RBK	Ribokinase	Alternate Carbon Metabolism	1.0 atp_c + 1.0 rib__D_c = 1.0 adp_c + 1.0 h_c + 1.0 r5p_c	1.0 ATP C10H12N5O13P3 + 1.0 D-Ribose = 1.0 ADP C10H12N5O10P2 + 1.0 H+ + 1.0 Alpha-D-Ribose 5-phosphate	1.0 CHEBI:15422 + 1.0 CHEBI:13011 = 1.0 CHEBI:2342 + 1.0 CHEBI:5584 + 1.0 CHEBI:18189	{'atp', 'adp', 'r5p', 'rib__D', 'h'}	rbsK	P0A9J6
GLYK	Glycerol kinase	Alternate Carbon Metabolism	1.0 atp_c + 1.0 glyc_c = 1.0 adp_c + 1.0 glyc3p_c + 1.0 h_c	1.0 ATP C10H12N5O13P3 + 1.0 Glycerol = 1.0 ADP C10H12N5O10P2 + 1.0 Glycerol 3-phosphate + 1.0 H+	1.0 CHEBI:15422 + 1.0 CHEBI:5448 = 1.0 CHEBI:2342 + 1.0 CHEBI:12843 + 1.0 CHEBI:5584	{'atp', 'adp', 'glyc3p', 'glyc', 'h'}	glpK	P0A6F3
PPM	Phosphopentomutase	Alternate Carbon Metabolism	1.0 r1p_c = 1.0 r5p_c	1.0 Alpha-D-Ribose 1-phosphate = 1.0 Alpha-D-Ribose 5-phosphate	1.0 CHEBI:16300 = 1.0 CHEBI:18189	{'r1p', 'r5p'}	deoB	P0A6K6
ASPTA	Aspartate transaminase	Alanine and Aspartate Metabolism	1.0 akg_c + 1.0 asp__L_c = 1.0 glu__L_c + 1.0 oaa_c	1.0 2-Oxoglutarate + 1.0 L-Aspartate = 1.0 L-Glutamate + 1.0 Oxaloacetate	1.0 CHEBI:40661 + 1.0 CHEBI:17053 = 1.0 CHEBI:76051 + 1.0 CHEBI:25731	{'akg', 'glu__L', 'asp__L', 'oaa'}	aspC, tyrB	P00509, P04693
ACP1_FMN	Acid phosphatase (FMN)	Cofactor and Prosthetic Group Biosynthesis	1.0 fmn_c + 1.0 h2o_c = 1.0 pi_c + 1.0 ribflv_c	1.0 FMN C17H19N4O9P + 1.0 H2O H2O = 1.0 Phosphate + 1.0 Riboflavin C17H20N4O6	1.0 CHEBI:58210 + 1.0 CHEBI:13352 = 1.0 CHEBI:26078 + 1.0 CHEBI:57986	{'pi', 'ribflv', 'fmn', 'h2o'}	yigB, cof, ybjI	P0ADP0, P46891, P75809
RBFSb	Riboflavin synthase	Cofactor and Prosthetic Group Biosynthesis	2.0 dmlz_c = 1.0 4r5au_c + 1.0 ribflv_c	2.0 6,7-Dimethyl-8-(1-D-ribityl)lumazine = 1.0 4-(1-D-Ribitylamino)-5-aminouracil + 1.0 Riboflavin C17H20N4O6	2.0 CHEBI:20682 = 1.0 CHEBI:20283 + 1.0 CHEBI:57986	{'dmlz', 'ribflv', '4r5au'}	ribC	P0AFU8
NDP3	Nucleoside diphosphatase  GDP 	Nucleotide Salvage Pathway	1.0 gdp_c + 1.0 h2o_c = 1.0 gmp_c + 1.0 h_c + 1.0 pi_c	1.0 GDP C10H12N5O11P2 + 1.0 H2O H2O = 1.0 GMP C10H12N5O8P + 1.0 H+ + 1.0 Phosphate	1.0 CHEBI:5212 + 1.0 CHEBI:13352 = 1.0 CHEBI:24449 + 1.0 CHEBI:5584 + 1.0 CHEBI:26078	{'gdp', 'gmp', 'h2o', 'pi', 'h'}	nudJ, yibQ	P0AEI6, P37691
CDPPH	CDP phosphohydrolase	Nucleotide Salvage Pathway	1.0 cdp_c + 1.0 h2o_c = 1.0 cmp_c + 1.0 h_c + 1.0 pi_c	1.0 CDP C9H12N3O11P2 + 1.0 H2O H2O = 1.0 CMP C9H12N3O8P + 1.0 H+ + 1.0 Phosphate	1.0 CHEBI:41451 + 1.0 CHEBI:13352 = 1.0 CHEBI:60377 + 1.0 CHEBI:5584 + 1.0 CHEBI:26078	{'cmp', 'h2o', 'pi', 'cdp', 'h'}	yibQ	P37691
NDP7	Nucleoside diphosphatase  UDP 	Nucleotide Salvage Pathway	1.0 h2o_c + 1.0 udp_c = 1.0 h_c + 1.0 pi_c + 1.0 ump_c	1.0 H2O H2O + 1.0 UDP C9H11N2O12P2 = 1.0 H+ + 1.0 Phosphate + 1.0 UMP C9H11N2O9P	1.0 CHEBI:13352 + 1.0 CHEBI:13445 = 1.0 CHEBI:5584 + 1.0 CHEBI:26078 + 1.0 CHEBI:47721	{'h2o', 'pi', 'udp', 'ump', 'h'}	yibQ	P37691
FBP	Fructose-bisphosphatase	Glycolysis/Gluconeogenesis	1.0 fdp_c + 1.0 h2o_c = 1.0 f6p_c + 1.0 pi_c	1.0 D-Fructose 1,6-bisphosphate + 1.0 H2O H2O = 1.0 D-Fructose 6-phosphate + 1.0 Phosphate	1.0 CHEBI:37736 + 1.0 CHEBI:13352 = 1.0 CHEBI:16084 + 1.0 CHEBI:26078	{'fdp', 'pi', 'f6p', 'h2o'}	fbp, glpX, yggF, yidA	P0A993, P0A9C9, P21437, P0A8Y5
EX_pi_e	Phosphate exchange	Extracellular exchange	1.0 pi_e = 	1.0 Phosphate = 	1.0 CHEBI:26078 = 	{'pi'}	Unknown	Unknown
GLGC	Glucose-1-phosphate adenylyltransferase	Glycolysis/Gluconeogenesis	1.0 atp_c + 1.0 g1p_c + 1.0 h_c = 1.0 adpglc_c + 1.0 ppi_c	1.0 ATP C10H12N5O13P3 + 1.0 D-Glucose 1-phosphate + 1.0 H+ = 1.0 ADPglucose C16H23N5O15P2 + 1.0 Diphosphate	1.0 CHEBI:15422 + 1.0 CHEBI:10246 + 1.0 CHEBI:5584 = 1.0 CHEBI:40615 + 1.0 CHEBI:45212	{'atp', 'ppi', 'g1p', 'adpglc', 'h'}	glgC	P0A6V1
ALATA_D2	D-alanine transaminase	Cofactor and Prosthetic Group Biosynthesis	1.0 ala__D_c + 1.0 pydx5p_c = 1.0 pyam5p_c + 1.0 pyr_c	1.0 D-Alanine + 1.0 Pyridoxal 5'-phosphate = 1.0 Pyridoxamine 5'-phosphate + 1.0 Pyruvate	1.0 CHEBI:12899 + 1.0 CHEBI:8668 = 1.0 CHEBI:14980 + 1.0 CHEBI:26462	{'pyr', 'ala__D', 'pyam5p', 'pydx5p'}	glyA, ltaE	P0A825, P75823
PYK	Pyruvate kinase	Glycolysis/Gluconeogenesis	1.0 adp_c + 1.0 h_c + 1.0 pep_c = 1.0 atp_c + 1.0 pyr_c	1.0 ADP C10H12N5O10P2 + 1.0 H+ + 1.0 Phosphoenolpyruvate = 1.0 ATP C10H12N5O13P3 + 1.0 Pyruvate	1.0 CHEBI:2342 + 1.0 CHEBI:5584 + 1.0 CHEBI:18021 = 1.0 CHEBI:15422 + 1.0 CHEBI:26462	{'atp', 'pep', 'adp', 'pyr', 'h'}	pykA, pykF	P21599, P0AD61
SHCHD2	Sirohydrochlorin dehydrogenase (NAD)	Cofactor and Prosthetic Group Biosynthesis	1.0 dscl_c + 1.0 nad_c = 1.0 h_c + 1.0 nadh_c + 1.0 scl_c	1.0 Dihydrosirohydrochlorin + 1.0 Nicotinamide adenine dinucleotide = 1.0 H+ + 1.0 Nicotinamide adenine dinucleotide - reduced + 1.0 Sirohydrochlorin	1.0 CHEBI:58827 + 1.0 CHEBI:7422 = 1.0 CHEBI:5584 + 1.0 CHEBI:13395 + 1.0 CHEBI:58351	{'scl', 'dscl', 'nad', 'nadh', 'h'}	cysG	P0AEA8
EX_co2_e	CO2 exchange	Extracellular exchange	1.0 co2_e = 	1.0 CO2 CO2 = 	1.0 CHEBI:23011 = 	{'co2'}	Unknown	Unknown
A5PISO	Arabinose-5-phosphate isomerase	Alternate Carbon Metabolism	1.0 ru5p__D_c = 1.0 ara5p_c	1.0 D-Ribulose 5-phosphate = 1.0 D-Arabinose 5-phosphate	1.0 CHEBI:40192 = 1.0 CHEBI:12916	{'ru5p__D', 'ara5p'}	kdsD, srlQ	P45395, P17115
PMDPHT	Pyrimidine phosphatase	Cofactor and Prosthetic Group Biosynthesis	1.0 5aprbu_c + 1.0 h2o_c = 1.0 4r5au_c + 1.0 pi_c	1.0 5-Amino-6-(5'-phosphoribitylamino)uracil + 1.0 H2O H2O = 1.0 4-(1-D-Ribitylamino)-5-aminouracil + 1.0 Phosphate	1.0 CHEBI:2031 + 1.0 CHEBI:13352 = 1.0 CHEBI:20283 + 1.0 CHEBI:26078	{'pi', '5aprbu', '4r5au', 'h2o'}	ybjI, yigB	P75809, P0ADP0
CPPPGO	Coproporphyrinogen oxidase (O2 required)	Cofactor and Prosthetic Group Biosynthesis	1.0 cpppg3_c + 2.0 h_c + 1.0 o2_c = 2.0 co2_c + 2.0 h2o_c + 1.0 pppg9_c	1.0 Coproporphyrinogen III + 2.0 H+ + 1.0 O2 O2 = 2.0 CO2 CO2 + 2.0 H2O H2O + 1.0 Protoporphyrinogen IX	1.0 CHEBI:15439 + 2.0 CHEBI:5584 + 1.0 CHEBI:7860 = 2.0 CHEBI:23011 + 2.0 CHEBI:13352 + 1.0 CHEBI:57307	{'cpppg3', 'pppg9', 'o2', 'h2o', 'co2', 'h'}	hemF	P36553
EX_met__L_e	L-Methionine exchange	Extracellular exchange	1.0 met__L_e = 	1.0 L-Methionine = 	1.0 CHEBI:32644 = 	{'met__L'}	Unknown	Unknown
GTHOr	Glutathione oxidoreductase	Cofactor and Prosthetic Group Biosynthesis	1.0 gthox_c + 1.0 h_c + 1.0 nadph_c = 2.0 gthrd_c + 1.0 nadp_c	1.0 Oxidized glutathione + 1.0 H+ + 1.0 Nicotinamide adenine dinucleotide phosphate - reduced = 2.0 Reduced glutathione + 1.0 Nicotinamide adenine dinucleotide phosphate	1.0 CHEBI:42832 + 1.0 CHEBI:5584 + 1.0 CHEBI:16474 = 2.0 CHEBI:43049 + 1.0 CHEBI:29868	{'nadp', 'nadph', 'gthox', 'gthrd', 'h'}	gor	P06715
ILETA	Isoleucine transaminase	Valine, Leucine, and Isoleucine Metabolism	1.0 akg_c + 1.0 ile__L_c = 1.0 3mop_c + 1.0 glu__L_c	1.0 2-Oxoglutarate + 1.0 L-Isoleucine = 1.0 (S)-3-Methyl-2-oxopentanoate + 1.0 L-Glutamate	1.0 CHEBI:40661 + 1.0 CHEBI:43290 = 1.0 CHEBI:18568 + 1.0 CHEBI:76051	{'3mop', 'akg', 'glu__L', 'ile__L'}	ilvE	P0AB80
DHORD5	Dihydroorotic acid (menaquinone-8)	Purine and Pyrimidine Biosynthesis	1.0 dhor__S_c + 1.0 mqn8_c = 1.0 mql8_c + 1.0 orot_c	1.0 (S)-Dihydroorotate + 1.0 Menaquinone 8 = 1.0 Menaquinol 8 + 1.0 Orotate C5H3N2O4	1.0 CHEBI:417 + 1.0 CHEBI:44027 = 1.0 CHEBI:61684 + 1.0 CHEBI:14698	{'orot', 'mqn8', 'dhor__S', 'mql8'}	pyrD	P0A7E1
EX_metsox_S__L_e	L-Methionine S-oxide exchange	Extracellular exchange	1.0 metsox_S__L_e = 	1.0 L-Methionine Sulfoxide = 	1.0 CHEBI:6272 = 	{'metsox_S__L'}	Unknown	Unknown
GLYCTO2	Glycolate oxidase	Alternate Carbon Metabolism	1.0 glyclt_c + 1.0 q8_c = 1.0 glx_c + 1.0 q8h2_c	1.0 Glycolate C2H3O3 + 1.0 Ubiquinone-8 = 1.0 Glyoxylate + 1.0 Ubiquinol-8	1.0 CHEBI:24388 + 1.0 CHEBI:61683 = 1.0 CHEBI:24420 + 1.0 CHEBI:61682	{'glx', 'glyclt', 'q8h2', 'q8'}	glcD, glcE, glcF	P0AEP9, P52073, P52074
VALTA	Valine transaminase	Valine, Leucine, and Isoleucine Metabolism	1.0 akg_c + 1.0 val__L_c = 1.0 3mob_c + 1.0 glu__L_c	1.0 2-Oxoglutarate + 1.0 L-Valine = 1.0 3-Methyl-2-oxobutanoate + 1.0 L-Glutamate	1.0 CHEBI:40661 + 1.0 CHEBI:32859 = 1.0 CHEBI:11851 + 1.0 CHEBI:76051	{'glu__L', 'akg', '3mob', 'val__L'}	ilvE	P0AB80
GLYCTO3	Glycolate oxidase	Alternate Carbon Metabolism	1.0 glyclt_c + 1.0 mqn8_c = 1.0 glx_c + 1.0 mql8_c	1.0 Glycolate C2H3O3 + 1.0 Menaquinone 8 = 1.0 Glyoxylate + 1.0 Menaquinol 8	1.0 CHEBI:24388 + 1.0 CHEBI:44027 = 1.0 CHEBI:24420 + 1.0 CHEBI:61684	{'glx', 'glyclt', 'mqn8', 'mql8'}	glcD, glcE, glcF	P0AEP9, P52073, P52074
IPPMIb	2-isopropylmalate hydratase	Valine, Leucine, and Isoleucine Metabolism	1.0 2ippm_c + 1.0 h2o_c = 1.0 3c3hmp_c	1.0 2-Isopropylmaleate + 1.0 H2O H2O = 1.0 3-Carboxy-3-hydroxy-4-methylpentanoate	1.0 CHEBI:17275 + 1.0 CHEBI:13352 = 1.0 CHEBI:35128	{'2ippm', '3c3hmp', 'h2o'}	leuD, leuC	P30126, P0A6A6
GLYCTO4	Glycolate oxidase	Alternate Carbon Metabolism	1.0 2dmmq8_c + 1.0 glyclt_c = 1.0 2dmmql8_c + 1.0 glx_c	1.0 2-Demethylmenaquinone 8 + 1.0 Glycolate C2H3O3 = 1.0 2-Demethylmenaquinol 8 + 1.0 Glyoxylate	1.0 CHEBI:48455 + 1.0 CHEBI:24388 = 1.0 CHEBI:61873 + 1.0 CHEBI:24420	{'glx', 'glyclt', '2dmmq8', '2dmmql8'}	glcD, glcE, glcF	P0AEP9, P52073, P52074
ORPT	Orotate phosphoribosyltransferase	Purine and Pyrimidine Biosynthesis	1.0 orot5p_c + 1.0 ppi_c = 1.0 orot_c + 1.0 prpp_c	1.0 Orotidine 5'-phosphate + 1.0 Diphosphate = 1.0 Orotate C5H3N2O4 + 1.0 5-Phospho-alpha-D-ribose 1-diphosphate	1.0 CHEBI:57538 + 1.0 CHEBI:45212 = 1.0 CHEBI:14698 + 1.0 CHEBI:2121	{'orot', 'ppi', 'prpp', 'orot5p'}	pyrE	P0A7E3
RBFSa	Riboflavin synthase	Cofactor and Prosthetic Group Biosynthesis	1.0 4r5au_c + 1.0 db4p_c = 1.0 dmlz_c + 2.0 h2o_c + 1.0 pi_c	1.0 4-(1-D-Ribitylamino)-5-aminouracil + 1.0 3,4-dihydroxy-2-butanone 4-phosphate = 1.0 6,7-Dimethyl-8-(1-D-ribityl)lumazine + 2.0 H2O H2O + 1.0 Phosphate	1.0 CHEBI:20283 + 1.0 CHEBI:50606 = 1.0 CHEBI:20682 + 2.0 CHEBI:13352 + 1.0 CHEBI:26078	{'db4p', '4r5au', 'h2o', 'pi', 'dmlz'}	ribE	P61714
ACHBS	2-aceto-2-hydroxybutanoate synthase	Valine, Leucine, and Isoleucine Metabolism	1.0 2obut_c + 1.0 h_c + 1.0 pyr_c = 1.0 2ahbut_c + 1.0 co2_c	1.0 2-Oxobutanoate + 1.0 H+ + 1.0 Pyruvate = 1.0 (S)-2-Aceto-2-hydroxybutanoate + 1.0 CO2 CO2	1.0 CHEBI:1250 + 1.0 CHEBI:5584 + 1.0 CHEBI:26462 = 1.0 CHEBI:27681 + 1.0 CHEBI:23011	{'2ahbut', 'co2', 'pyr', '2obut', 'h'}	ilvN, ilvB, ilvI, ilvH	P0ADF8, P08142, P00893, P00894
PFK_3	Phosphofructokinase (s7p)	Pentose Phosphate Pathway	1.0 atp_c + 1.0 s7p_c = 1.0 adp_c + 1.0 h_c + 1.0 s17bp_c	1.0 ATP C10H12N5O13P3 + 1.0 Sedoheptulose 7-phosphate = 1.0 ADP C10H12N5O10P2 + 1.0 H+ + 1.0 Sedoheptulose 1,7-bisphosphate	1.0 CHEBI:15422 + 1.0 CHEBI:4244 = 1.0 CHEBI:2342 + 1.0 CHEBI:5584 + 1.0 CHEBI:17969	{'atp', 'adp', 's17bp', 's7p', 'h'}	pfkA	P0A796
DHAD2	Dihydroxy-acid dehydratase (2,3-dihydroxy-3-methylpentanoate)	Valine, Leucine, and Isoleucine Metabolism	1.0 23dhmp_c = 1.0 3mop_c + 1.0 h2o_c	1.0 (R)-2,3-Dihydroxy-3-methylpentanoate = 1.0 (S)-3-Methyl-2-oxopentanoate + 1.0 H2O H2O	1.0 CHEBI:18646 = 1.0 CHEBI:18568 + 1.0 CHEBI:13352	{'3mop', '23dhmp', 'h2o'}	ilvD	P05791
ACLS	Acetolactate synthase	Valine, Leucine, and Isoleucine Metabolism	1.0 h_c + 2.0 pyr_c = 1.0 alac__S_c + 1.0 co2_c	1.0 H+ + 2.0 Pyruvate = 1.0 (S)-2-Acetolactate + 1.0 CO2 CO2	1.0 CHEBI:5584 + 2.0 CHEBI:26462 = 1.0 CHEBI:11033 + 1.0 CHEBI:23011	{'pyr', 'h', 'alac__S', 'co2'}	ilvI, ilvH, ilvN, ilvB	P00893, P00894, P0ADF8, P08142
TRPS2	Tryptophan synthase (indole)	Tyrosine, Tryptophan, and Phenylalanine Metabolism	1.0 indole_c + 1.0 ser__L_c = 1.0 h2o_c + 1.0 trp__L_c	1.0 Indole + 1.0 L-Serine = 1.0 H2O H2O + 1.0 L-Tryptophan	1.0 CHEBI:43537 + 1.0 CHEBI:32845 = 1.0 CHEBI:13352 + 1.0 CHEBI:13178	{'indole', 'ser__L', 'trp__L', 'h2o'}	trpA, trpB	P0A877, P0A879
PSCVT	3-phosphoshikimate 1-carboxyvinyltransferase	Tyrosine, Tryptophan, and Phenylalanine Metabolism	1.0 pep_c + 1.0 skm5p_c = 1.0 3psme_c + 1.0 pi_c	1.0 Phosphoenolpyruvate + 1.0 Shikimate 5-phosphate = 1.0 5-O-(1-Carboxyvinyl)-3-phosphoshikimate + 1.0 Phosphate	1.0 CHEBI:18021 + 1.0 CHEBI:11886 = 1.0 CHEBI:20533 + 1.0 CHEBI:26078	{'3psme', 'skm5p', 'pep', 'pi'}	aroA	P0A6D3
G3PD5	Glycerol-3-phosphate dehydrogenase (ubiquinone-8)	Oxidative Phosphorylation	1.0 glyc3p_c + 1.0 q8_c = 1.0 dhap_c + 1.0 q8h2_c	1.0 Glycerol 3-phosphate + 1.0 Ubiquinone-8 = 1.0 Dihydroxyacetone phosphate + 1.0 Ubiquinol-8	1.0 CHEBI:12843 + 1.0 CHEBI:61683 = 1.0 CHEBI:14341 + 1.0 CHEBI:61682	{'q8', 'q8h2', 'glyc3p', 'dhap'}	glpC, glpB, glpA, glpD	P0A996, P13033, P0A9C0, P13035
G1PP	Glucose-1-phosphatase	Glycolysis/Gluconeogenesis	1.0 g1p_c + 1.0 h2o_c = 1.0 glc__D_c + 1.0 pi_c	1.0 D-Glucose 1-phosphate + 1.0 H2O H2O = 1.0 D-Glucose + 1.0 Phosphate	1.0 CHEBI:10246 + 1.0 CHEBI:13352 = 1.0 CHEBI:12965 + 1.0 CHEBI:26078	{'pi', 'glc__D', 'g1p', 'h2o'}	yfbT, yihX, yidA	P77625, P0A8Y3, P0A8Y5
PFL	Pyruvate formate lyase	Pyruvate Metabolism	1.0 coa_c + 1.0 pyr_c = 1.0 accoa_c + 1.0 for_c	1.0 Coenzyme A + 1.0 Pyruvate = 1.0 Acetyl-CoA + 1.0 Formate	1.0 CHEBI:41631 + 1.0 CHEBI:26462 = 1.0 CHEBI:57288 + 1.0 CHEBI:24081	{'coa', 'for', 'pyr', 'accoa'}	pflA, pflB, pflA, tdcE, pflD, pflC, pflA, pflB, grcA	P0A9N4, P09373, P42632, P32674, P32675, P68066
EX_acgam_e	N-Acetyl-D-glucosamine exchange	Extracellular exchange	1.0 acgam_e = 	1.0 N-Acetyl-D-glucosamine = 	1.0 CHEBI:21517 = 	{'acgam'}	Unknown	Unknown
ANS	Anthranilate synthase	Tyrosine, Tryptophan, and Phenylalanine Metabolism	1.0 chor_c + 1.0 gln__L_c = 1.0 anth_c + 1.0 glu__L_c + 1.0 h_c + 1.0 pyr_c	1.0 Chorismate + 1.0 L-Glutamine = 1.0 Anthranilate + 1.0 L-Glutamate + 1.0 H+ + 1.0 Pyruvate	1.0 CHEBI:23225 + 1.0 CHEBI:42943 = 1.0 CHEBI:30754 + 1.0 CHEBI:76051 + 1.0 CHEBI:5584 + 1.0 CHEBI:26462	{'anth', 'pyr', 'glu__L', 'gln__L', 'chor', 'h'}	trpD, trpE	P00904, P00895
FRD2	Fumarate reductase	Citric Acid Cycle	1.0 fum_c + 1.0 mql8_c = 1.0 mqn8_c + 1.0 succ_c	1.0 Fumarate + 1.0 Menaquinol 8 = 1.0 Menaquinone 8 + 1.0 Succinate	1.0 CHEBI:36180 + 1.0 CHEBI:61684 = 1.0 CHEBI:44027 + 1.0 CHEBI:22941	{'mqn8', 'succ', 'mql8', 'fum'}	frdC, frdD, frdB, frdA	P0A8Q0, P0A8Q3, P0AC47, P00363
FRD3	Fumarate reductase	Citric Acid Cycle	1.0 2dmmql8_c + 1.0 fum_c = 1.0 2dmmq8_c + 1.0 succ_c	1.0 2-Demethylmenaquinol 8 + 1.0 Fumarate = 1.0 2-Demethylmenaquinone 8 + 1.0 Succinate	1.0 CHEBI:61873 + 1.0 CHEBI:36180 = 1.0 CHEBI:48455 + 1.0 CHEBI:22941	{'fum', 'succ', '2dmmq8', '2dmmql8'}	frdC, frdD, frdB, frdA	P0A8Q0, P0A8Q3, P0AC47, P00363
ANPRT	Anthranilate phosphoribosyltransferase	Tyrosine, Tryptophan, and Phenylalanine Metabolism	1.0 anth_c + 1.0 prpp_c = 1.0 ppi_c + 1.0 pran_c	1.0 Anthranilate + 1.0 5-Phospho-alpha-D-ribose 1-diphosphate = 1.0 Diphosphate + 1.0 N-(5-Phospho-D-ribosyl)anthranilate	1.0 CHEBI:30754 + 1.0 CHEBI:2121 = 1.0 CHEBI:45212 + 1.0 CHEBI:12431	{'prpp', 'pran', 'anth', 'ppi'}	trpD	P00904
POX	Pyruvate oxidase	Oxidative Phosphorylation	1.0 h2o_c + 1.0 pyr_c + 1.0 q8_c = 1.0 ac_c + 1.0 co2_c + 1.0 q8h2_c	1.0 H2O H2O + 1.0 Pyruvate + 1.0 Ubiquinone-8 = 1.0 Acetate + 1.0 CO2 CO2 + 1.0 Ubiquinol-8	1.0 CHEBI:13352 + 1.0 CHEBI:26462 + 1.0 CHEBI:61683 = 1.0 CHEBI:13704 + 1.0 CHEBI:23011 + 1.0 CHEBI:61682	{'q8', 'h2o', 'pyr', 'co2', 'q8h2', 'ac'}	poxB	P07003
CHORM	Chorismate mutase	Tyrosine, Tryptophan, and Phenylalanine Metabolism	1.0 chor_c = 1.0 pphn_c	1.0 Chorismate = 1.0 Prephenate	1.0 CHEBI:23225 = 1.0 CHEBI:8399	{'chor', 'pphn'}	pheA, tyrA	P0A9J8, P07023
PTAr	Phosphotransacetylase	Pyruvate Metabolism	1.0 accoa_c + 1.0 pi_c = 1.0 actp_c + 1.0 coa_c	1.0 Acetyl-CoA + 1.0 Phosphate = 1.0 Acetyl phosphate + 1.0 Coenzyme A	1.0 CHEBI:57288 + 1.0 CHEBI:26078 = 1.0 CHEBI:13711 + 1.0 CHEBI:41631	{'coa', 'pi', 'actp', 'accoa'}	pta, eutD	P0A9M8, P77218
CHORS	Chorismate synthase	Tyrosine, Tryptophan, and Phenylalanine Metabolism	1.0 3psme_c = 1.0 chor_c + 1.0 pi_c	1.0 5-O-(1-Carboxyvinyl)-3-phosphoshikimate = 1.0 Chorismate + 1.0 Phosphate	1.0 CHEBI:20533 = 1.0 CHEBI:23225 + 1.0 CHEBI:26078	{'3psme', 'chor', 'pi'}	aroC	P12008
IGPS	Indole-3-glycerol-phosphate synthase	Tyrosine, Tryptophan, and Phenylalanine Metabolism	1.0 2cpr5p_c + 1.0 h_c = 1.0 3ig3p_c + 1.0 co2_c + 1.0 h2o_c	1.0 1-(2-Carboxyphenylamino)-1-deoxy-D-ribulose 5-phosphate + 1.0 H+ = 1.0 C'-(3-Indolyl)-glycerol 3-phosphate + 1.0 CO2 CO2 + 1.0 H2O H2O	1.0 CHEBI:11186 + 1.0 CHEBI:5584 = 1.0 CHEBI:58866 + 1.0 CHEBI:23011 + 1.0 CHEBI:13352	{'h2o', 'co2', '3ig3p', '2cpr5p', 'h'}	trpC	P00909
ACKr	Acetate kinase	Pyruvate Metabolism	1.0 ac_c + 1.0 atp_c = 1.0 actp_c + 1.0 adp_c	1.0 Acetate + 1.0 ATP C10H12N5O13P3 = 1.0 Acetyl phosphate + 1.0 ADP C10H12N5O10P2	1.0 CHEBI:13704 + 1.0 CHEBI:15422 = 1.0 CHEBI:13711 + 1.0 CHEBI:2342	{'atp', 'actp', 'adp', 'ac'}	ackA, purT, tdcD	P0A6A3, P33221, P11868
EX_cellb_e	Cellobiose exchange	Extracellular exchange	1.0 cellb_e = 	1.0 Cellobiose = 	1.0 CHEBI:36217 = 	{'cellb'}	Unknown	Unknown
EX_crn_e	L-Carnitine exchange	Extracellular exchange	1.0 crn_e = 	1.0 L-Carnitine = 	1.0 CHEBI:29085 = 	{'crn'}	Unknown	Unknown
EX_hxan_e	Hypoxanthine exchange	Extracellular exchange	1.0 hxan_e = 	1.0 Hypoxanthine = 	1.0 CHEBI:14431 = 	{'hxan'}	Unknown	Unknown
EX_ile__L_e	L-Isoleucine exchange	Extracellular exchange	1.0 ile__L_e = 	1.0 L-Isoleucine = 	1.0 CHEBI:43290 = 	{'ile__L'}	Unknown	Unknown
EX_chol_e	Choline exchange	Extracellular exchange	1.0 chol_e = 	1.0 Choline C5H14NO = 	1.0 CHEBI:41524 = 	{'chol'}	Unknown	Unknown
EX_fe3_e	Fe3+ exchange	Extracellular exchange	1.0 fe3_e = 	1.0 Iron (Fe3+) = 	1.0 CHEBI:49595 = 	{'fe3'}	Unknown	Unknown
LEUTAi	Leucine transaminase (irreversible)	Valine, Leucine, and Isoleucine Metabolism	1.0 4mop_c + 1.0 glu__L_c = 1.0 akg_c + 1.0 leu__L_c	1.0 4-Methyl-2-oxopentanoate + 1.0 L-Glutamate = 1.0 2-Oxoglutarate + 1.0 L-Leucine	1.0 CHEBI:1891 + 1.0 CHEBI:76051 = 1.0 CHEBI:40661 + 1.0 CHEBI:32620	{'leu__L', '4mop', 'glu__L', 'akg'}	ilvE, tyrB	P0AB80, P04693
EX_lac__L_e	L-Lactate exchange	Extracellular exchange	1.0 lac__L_e = 	1.0 L-Lactate = 	1.0 CHEBI:11065 = 	{'lac__L'}	Unknown	Unknown
EX_leu__L_e	L-Leucine exchange	Extracellular exchange	1.0 leu__L_e = 	1.0 L-Leucine = 	1.0 CHEBI:32620 = 	{'leu__L'}	Unknown	Unknown
EX_glcn_e	D-Gluconate exchange	Extracellular exchange	1.0 glcn_e = 	1.0 D-Gluconate = 	1.0 CHEBI:20983 = 	{'glcn'}	Unknown	Unknown
EX_no3_e	Nitrate exchange	Extracellular exchange	1.0 no3_e = 	1.0 Nitrate = 	1.0 CHEBI:44487 = 	{'no3'}	Unknown	Unknown
EX_h_e	H+ exchange	Extracellular exchange	1.0 h_e = 	1.0 H+ = 	1.0 CHEBI:5584 = 	{'h'}	Unknown	Unknown
DMATT	Dimethylallyltranstransferase	Cofactor and Prosthetic Group Biosynthesis	1.0 dmpp_c + 1.0 ipdp_c = 1.0 grdp_c + 1.0 ppi_c	1.0 Dimethylallyl diphosphate + 1.0 Isopentenyl diphosphate = 1.0 Geranyl diphosphate + 1.0 Diphosphate	1.0 CHEBI:14883 + 1.0 CHEBI:128769 = 1.0 CHEBI:17211 + 1.0 CHEBI:45212	{'dmpp', 'grdp', 'ipdp', 'ppi'}	ispA	P22939
EX_orn_e	Ornithine exchange	Extracellular exchange	1.0 orn_e = 	1.0 Ornithine = 	1.0 CHEBI:21367 = 	{'orn'}	Unknown	Unknown
GRTT	Geranyltranstransferase	Cofactor and Prosthetic Group Biosynthesis	1.0 grdp_c + 1.0 ipdp_c = 1.0 frdp_c + 1.0 ppi_c	1.0 Geranyl diphosphate + 1.0 Isopentenyl diphosphate = 1.0 Farnesyl diphosphate + 1.0 Diphosphate	1.0 CHEBI:17211 + 1.0 CHEBI:128769 = 1.0 CHEBI:50277 + 1.0 CHEBI:45212	{'grdp', 'ppi', 'ipdp', 'frdp'}	ispA	P22939
EX_gln__L_e	L-Glutamine exchange	Extracellular exchange	1.0 gln__L_e = 	1.0 L-Glutamine = 	1.0 CHEBI:42943 = 	{'gln__L'}	Unknown	Unknown
UPP3S	Uroporphyrinogen-III synthase	Cofactor and Prosthetic Group Biosynthesis	1.0 hmbil_c = 1.0 h2o_c + 1.0 uppg3_c	1.0 Hydroxymethylbilane = 1.0 H2O H2O + 1.0 Uroporphyrinogen III	1.0 CHEBI:14423 = 1.0 CHEBI:13352 + 1.0 CHEBI:15437	{'hmbil', 'uppg3', 'h2o'}	hemD	P09126
EX_pro__L_e	L-Proline exchange	Extracellular exchange	1.0 pro__L_e = 	1.0 L-Proline = 	1.0 CHEBI:26271 = 	{'pro__L'}	Unknown	Unknown
EX_glyc_e	Glycerol exchange	Extracellular exchange	1.0 glyc_e = 	1.0 Glycerol = 	1.0 CHEBI:5448 = 	{'glyc'}	Unknown	Unknown
UPPDC1	Uroporphyrinogen decarboxylase (uroporphyrinogen III)	Cofactor and Prosthetic Group Biosynthesis	4.0 h_c + 1.0 uppg3_c = 4.0 co2_c + 1.0 cpppg3_c	4.0 H+ + 1.0 Uroporphyrinogen III = 4.0 CO2 CO2 + 1.0 Coproporphyrinogen III	4.0 CHEBI:5584 + 1.0 CHEBI:15437 = 4.0 CHEBI:23011 + 1.0 CHEBI:15439	{'cpppg3', 'h', 'uppg3', 'co2'}	hemE	P29680
EX_man_e	D-Mannose exchange	Extracellular exchange	1.0 man_e = 	1.0 D-Mannose = 	1.0 CHEBI:4208 = 	{'man'}	Unknown	Unknown
TMDPP	Thymidine phosphorylase	Nucleotide Salvage Pathway	1.0 pi_c + 1.0 thymd_c = 1.0 2dr1p_c + 1.0 thym_c	1.0 Phosphate + 1.0 Thymidine C10H14N2O5 = 1.0 2-Deoxy-D-ribose 1-phosphate + 1.0 Thymine C5H6N2O2	1.0 CHEBI:26078 + 1.0 CHEBI:45834 = 1.0 CHEBI:28542 + 1.0 CHEBI:15247	{'thym', 'pi', '2dr1p', 'thymd'}	deoA	P07650
EX_ade_e	Adenine exchange	Extracellular exchange	1.0 ade_e = 	1.0 Adenine = 	1.0 CHEBI:16708 = 	{'ade'}	Unknown	Unknown
EX_mn2_e	Mn2+ exchange	Extracellular exchange	1.0 mn2_e = 	1.0 Manganese = 	1.0 CHEBI:21435 = 	{'mn2'}	Unknown	Unknown
EX_4abut_e	4-Aminobutanoate exchange	Extracellular exchange	1.0 4abut_e = 	1.0 4-Aminobutanoate = 	1.0 CHEBI:40483 = 	{'4abut'}	Unknown	Unknown
EX_ac_e	Acetate exchange	Extracellular exchange	1.0 ac_e = 	1.0 Acetate = 	1.0 CHEBI:13704 = 	{'ac'}	Unknown	Unknown
EX_akg_e	2-Oxoglutarate exchange	Extracellular exchange	1.0 akg_e = 	1.0 2-Oxoglutarate = 	1.0 CHEBI:40661 = 	{'akg'}	Unknown	Unknown
EX_ala__L_e	L-Alanine exchange	Extracellular exchange	1.0 ala__L_e = 	1.0 L-Alanine = 	1.0 CHEBI:21216 = 	{'ala__L'}	Unknown	Unknown
EX_arg__L_e	L-Arginine exchange	Extracellular exchange	1.0 arg__L_e = 	1.0 L-Arginine = 	1.0 CHEBI:32683 = 	{'arg__L'}	Unknown	Unknown
EX_asp__L_e	L-Aspartate exchange	Extracellular exchange	1.0 asp__L_e = 	1.0 L-Aspartate = 	1.0 CHEBI:17053 = 	{'asp__L'}	Unknown	Unknown
EX_pyr_e	Pyruvate exchange	Extracellular exchange	1.0 pyr_e = 	1.0 Pyruvate = 	1.0 CHEBI:26462 = 	{'pyr'}	Unknown	Unknown
EX_succ_e	Succinate exchange	Extracellular exchange	1.0 succ_e = 	1.0 Succinate = 	1.0 CHEBI:22941 = 	{'succ'}	Unknown	Unknown
EX_thymd_e	Thymidine exchange	Extracellular exchange	1.0 thymd_e = 	1.0 Thymidine C10H14N2O5 = 	1.0 CHEBI:45834 = 	{'thymd'}	Unknown	Unknown
EX_rib__D_e	D-Ribose exchange	Extracellular exchange	1.0 rib__D_e = 	1.0 D-Ribose = 	1.0 CHEBI:13011 = 	{'rib__D'}	Unknown	Unknown
EX_tyr__L_e	L-Tyrosine exchange	Extracellular exchange	1.0 tyr__L_e = 	1.0 L-Tyrosine = 	1.0 CHEBI:6313 = 	{'tyr__L'}	Unknown	Unknown
EX_cytd_e	Cytidine exchange	Extracellular exchange	1.0 cytd_e = 	1.0 Cytidine = 	1.0 CHEBI:41686 = 	{'cytd'}	Unknown	Unknown
EX_dcyt_e	Deoxycytidine exchange	Extracellular exchange	1.0 dcyt_e = 	1.0 Deoxycytidine = 	1.0 CHEBI:41434 = 	{'dcyt'}	Unknown	Unknown
MOAT	3-deoxy-D-manno-octulosonic acid transferase	Lipopolysaccharide Biosynthesis / Recycling	1.0 ckdo_c + 1.0 lipidA_c = 1.0 cmp_c + 1.0 h_c + 1.0 kdolipid4_c	1.0 CMP-3-deoxy-D-manno-octulosonate + 1.0 2,3,2'3'-Tetrakis(beta-hydroxymyristoyl)-D-glucosaminyl-1,6-beta-D-glucosamine 1,4'-bisphosphate = 1.0 CMP C9H12N3O8P + 1.0 H+ + 1.0 KDO-lipid IV(A)	1.0 CHEBI:59825 + 1.0 CHEBI:19294 = 1.0 CHEBI:60377 + 1.0 CHEBI:5584 + 1.0 CHEBI:20009	{'lipidA', 'cmp', 'kdolipid4', 'ckdo', 'h'}	waaA	P0AC75
EX_fum_e	Fumarate exchange	Extracellular exchange	1.0 fum_e = 	1.0 Fumarate = 	1.0 CHEBI:36180 = 	{'fum'}	Unknown	Unknown
EX_sbt__D_e	D-Sorbitol exchange	Extracellular exchange	1.0 sbt__D_e = 	1.0 D-Sorbitol = 	1.0 CHEBI:33796 = 	{'sbt__D'}	Unknown	Unknown
EX_glu__L_e	L-Glutamate exchange	Extracellular exchange	1.0 glu__L_e = 	1.0 L-Glutamate = 	1.0 CHEBI:76051 = 	{'glu__L'}	Unknown	Unknown
UDCPDPS	Undecaprenyl diphosphate synthase	Cofactor and Prosthetic Group Biosynthesis	1.0 frdp_c + 8.0 ipdp_c = 8.0 ppi_c + 1.0 udcpdp_c	1.0 Farnesyl diphosphate + 8.0 Isopentenyl diphosphate = 8.0 Diphosphate + 1.0 Undecaprenyl diphosphate	1.0 CHEBI:50277 + 8.0 CHEBI:128769 = 8.0 CHEBI:45212 + 1.0 CHEBI:27192	{'ppi', 'ipdp', 'frdp', 'udcpdp'}	ispU	P60472
ECOAH6	3-hydroxyacyl-CoA dehydratase (3-hydroxytetradecanoyl-CoA)	Membrane Lipid Metabolism	1.0 3htdcoa_c = 1.0 h2o_c + 1.0 td2coa_c	1.0 (S)-3-Hydroxytetradecanoyl-CoA = 1.0 H2O H2O + 1.0 Trans-Tetradec-2-enoyl-CoA	1.0 CHEBI:400 = 1.0 CHEBI:13352 + 1.0 CHEBI:10734	{'td2coa', '3htdcoa', 'h2o'}	fadJ, fadB	P77399, P21177
USHD	UDP-sugar hydrolase	Lipopolysaccharide Biosynthesis / Recycling	1.0 h2o_c + 1.0 u23ga_c = 2.0 h_c + 1.0 lipidX_c + 1.0 ump_c	1.0 H2O H2O + 1.0 UDP-2,3-bis(3-hydroxytetradecanoyl)glucosamine = 2.0 H+ + 1.0 2,3-Bis(3-hydroxytetradecanoyl)-beta-D-glucosaminyl 1-phosphate + 1.0 UMP C9H11N2O9P	1.0 CHEBI:13352 + 1.0 CHEBI:78847 = 2.0 CHEBI:5584 + 1.0 CHEBI:16942 + 1.0 CHEBI:47721	{'u23ga', 'h2o', 'lipidX', 'ump', 'h'}	lpxH	P43341
EX_gua_e	Guanine exchange	Extracellular exchange	1.0 gua_e = 	1.0 Guanine = 	1.0 CHEBI:16235 = 	{'gua'}	Unknown	Unknown
ENO	Enolase	Glycolysis/Gluconeogenesis	1.0 2pg_c = 1.0 h2o_c + 1.0 pep_c	1.0 D-Glycerate 2-phosphate = 1.0 H2O H2O + 1.0 Phosphoenolpyruvate	1.0 CHEBI:39868 = 1.0 CHEBI:13352 + 1.0 CHEBI:18021	{'2pg', 'pep', 'h2o'}	eno	P0A6P9
FBA	Fructose-bisphosphate aldolase	Glycolysis/Gluconeogenesis	1.0 fdp_c = 1.0 dhap_c + 1.0 g3p_c	1.0 D-Fructose 1,6-bisphosphate = 1.0 Dihydroxyacetone phosphate + 1.0 Glyceraldehyde 3-phosphate	1.0 CHEBI:37736 = 1.0 CHEBI:14341 + 1.0 CHEBI:5446	{'fdp', 'g3p', 'dhap'}	fbaA, fbaB	P0AB71, P0A991
HCO3E	HCO3 equilibration reaction	Unassigned	1.0 co2_c + 1.0 h2o_c = 1.0 h_c + 1.0 hco3_c	1.0 CO2 CO2 + 1.0 H2O H2O = 1.0 H+ + 1.0 Bicarbonate	1.0 CHEBI:23011 + 1.0 CHEBI:13352 = 1.0 CHEBI:5584 + 1.0 CHEBI:13363	{'hco3', 'h', 'h2o', 'co2'}	can, cynT	P61517, P0ABE9
MGSA	Methylglyoxal synthase	Methylglyoxal Metabolism	1.0 dhap_c = 1.0 mthgxl_c + 1.0 pi_c	1.0 Dihydroxyacetone phosphate = 1.0 Methylglyoxal + 1.0 Phosphate	1.0 CHEBI:14341 = 1.0 CHEBI:14599 + 1.0 CHEBI:26078	{'pi', 'mthgxl', 'dhap'}	mgsA	P0A731
IMPC	IMP cyclohydrolase	Purine and Pyrimidine Biosynthesis	1.0 h2o_c + 1.0 imp_c = 1.0 fprica_c	1.0 H2O H2O + 1.0 IMP C10H11N4O8P = 1.0 5-Formamido-1-(5-phospho-D-ribosyl)imidazole-4-carboxamide	1.0 CHEBI:13352 + 1.0 CHEBI:43524 = 1.0 CHEBI:18967	{'imp', 'fprica', 'h2o'}	purH	P15639
IMPD	IMP dehydrogenase	Purine and Pyrimidine Biosynthesis	1.0 h2o_c + 1.0 imp_c + 1.0 nad_c = 1.0 h_c + 1.0 nadh_c + 1.0 xmp_c	1.0 H2O H2O + 1.0 IMP C10H11N4O8P + 1.0 Nicotinamide adenine dinucleotide = 1.0 H+ + 1.0 Nicotinamide adenine dinucleotide - reduced + 1.0 Xanthosine 5'-phosphate	1.0 CHEBI:13352 + 1.0 CHEBI:43524 + 1.0 CHEBI:7422 = 1.0 CHEBI:5584 + 1.0 CHEBI:13395 + 1.0 CHEBI:10938	{'xmp', 'imp', 'h2o', 'nad', 'nadh', 'h'}	guaB	P0ADG7
PPS	Phosphoenolpyruvate synthase	Glycolysis/Gluconeogenesis	1.0 atp_c + 1.0 h2o_c + 1.0 pyr_c = 1.0 amp_c + 2.0 h_c + 1.0 pep_c + 1.0 pi_c	1.0 ATP C10H12N5O13P3 + 1.0 H2O H2O + 1.0 Pyruvate = 1.0 AMP C10H12N5O7P + 2.0 H+ + 1.0 Phosphoenolpyruvate + 1.0 Phosphate	1.0 CHEBI:15422 + 1.0 CHEBI:13352 + 1.0 CHEBI:26462 = 1.0 CHEBI:13736 + 2.0 CHEBI:5584 + 1.0 CHEBI:18021 + 1.0 CHEBI:26078	{'atp', 'pep', 'h2o', 'pyr', 'pi', 'amp', 'h'}	ppsA	P23538
ECOAH4	3-hydroxyacyl-CoA dehydratase (3-hydroxydecanoyl-CoA)	Membrane Lipid Metabolism	1.0 3hdcoa_c = 1.0 dc2coa_c + 1.0 h2o_c	1.0 (S)-3-Hydroxydecanoyl-CoA = 1.0 Trans-Dec-2-enoyl-CoA + 1.0 H2O H2O	1.0 CHEBI:62616 = 1.0 CHEBI:10723 + 1.0 CHEBI:13352	{'dc2coa', '3hdcoa', 'h2o'}	fadJ, fadB	P77399, P21177
LPADSS	Lipid A disaccaride synthase	Lipopolysaccharide Biosynthesis / Recycling	1.0 lipidX_c + 1.0 u23ga_c = 1.0 h_c + 1.0 lipidAds_c + 1.0 udp_c	1.0 2,3-Bis(3-hydroxytetradecanoyl)-beta-D-glucosaminyl 1-phosphate + 1.0 UDP-2,3-bis(3-hydroxytetradecanoyl)glucosamine = 1.0 H+ + 1.0 Lipid A Disaccharide + 1.0 UDP C9H11N2O12P2	1.0 CHEBI:16942 + 1.0 CHEBI:78847 = 1.0 CHEBI:5584 + 1.0 CHEBI:18380 + 1.0 CHEBI:13445	{'u23ga', 'lipidX', 'lipidAds', 'udp', 'h'}	lpxB	P10441
GLUTRS	Glutamyl-tRNA synthetase	tRNA Charging	1.0 atp_c + 1.0 glu__L_c + 1.0 trnaglu_c = 1.0 amp_c + 1.0 glutrna_c + 1.0 ppi_c	1.0 ATP C10H12N5O13P3 + 1.0 L-Glutamate + 1.0 TRNA (Glu) = 1.0 AMP C10H12N5O7P + 1.0 L-Glutamyl-tRNA(Glu) + 1.0 Diphosphate	1.0 CHEBI:15422 + 1.0 CHEBI:76051 + 1.0 CHEBI:15175 = 1.0 CHEBI:13736 + 1.0 CHEBI:29157 + 1.0 CHEBI:45212	{'atp', 'glutrna', 'ppi', 'glu__L', 'trnaglu', 'amp'}	gltX	P04805
TDSK	Tetraacyldisaccharide 4'kinase	Lipopolysaccharide Biosynthesis / Recycling	1.0 atp_c + 1.0 lipidAds_c = 1.0 adp_c + 1.0 h_c + 1.0 lipidA_c	1.0 ATP C10H12N5O13P3 + 1.0 Lipid A Disaccharide = 1.0 ADP C10H12N5O10P2 + 1.0 H+ + 1.0 2,3,2'3'-Tetrakis(beta-hydroxymyristoyl)-D-glucosaminyl-1,6-beta-D-glucosamine 1,4'-bisphosphate	1.0 CHEBI:15422 + 1.0 CHEBI:18380 = 1.0 CHEBI:2342 + 1.0 CHEBI:5584 + 1.0 CHEBI:19294	{'atp', 'lipidA', 'adp', 'lipidAds', 'h'}	lpxK	P27300
PGI	Glucose-6-phosphate isomerase	Glycolysis/Gluconeogenesis	1.0 g6p_c = 1.0 f6p_c	1.0 D-Glucose 6-phosphate = 1.0 D-Fructose 6-phosphate	1.0 CHEBI:61548 = 1.0 CHEBI:16084	{'g6p', 'f6p'}	pgi	P0A6T1
TMPPP	Thiamine-phosphate diphosphorylase	Cofactor and Prosthetic Group Biosynthesis	1.0 2mahmp_c + 1.0 4mpetz_c + 1.0 h_c = 1.0 ppi_c + 1.0 thmmp_c	1.0 2-Methyl-4-amino-5-hydroxymethylpyrimidine diphosphate + 1.0 4-Methyl-5-(2-phosphoethyl)-thiazole + 1.0 H+ = 1.0 Diphosphate + 1.0 Thiamin monophosphate	1.0 CHEBI:16629 + 1.0 CHEBI:12024 + 1.0 CHEBI:5584 = 1.0 CHEBI:45212 + 1.0 CHEBI:9533	{'thmmp', '4mpetz', 'ppi', '2mahmp', 'h'}	thiE	P30137
EX_btn_e	Biotin exchange	Extracellular exchange	1.0 btn_e = 	1.0 Biotin = 	1.0 CHEBI:13905 = 	{'btn'}	Unknown	Unknown
PGK	Phosphoglycerate kinase	Glycolysis/Gluconeogenesis	1.0 3pg_c + 1.0 atp_c = 1.0 13dpg_c + 1.0 adp_c	1.0 3-Phospho-D-glycerate + 1.0 ATP C10H12N5O13P3 = 1.0 3-Phospho-D-glyceroyl phosphate + 1.0 ADP C10H12N5O10P2	1.0 CHEBI:11879 + 1.0 CHEBI:15422 = 1.0 CHEBI:57604 + 1.0 CHEBI:2342	{'13dpg', '3pg', 'adp', 'atp'}	pgk	P0A799
EX_ptrc_e	Putrescine exchange	Extracellular exchange	1.0 ptrc_e = 	1.0 Putrescine = 	1.0 CHEBI:8650 = 	{'ptrc'}	Unknown	Unknown
EDA	2-dehydro-3-deoxy-phosphogluconate aldolase	Pentose Phosphate Pathway	1.0 2ddg6p_c = 1.0 g3p_c + 1.0 pyr_c	1.0 2-Dehydro-3-deoxy-D-gluconate 6-phosphate = 1.0 Glyceraldehyde 3-phosphate + 1.0 Pyruvate	1.0 CHEBI:57569 = 1.0 CHEBI:5446 + 1.0 CHEBI:26462	{'pyr', '2ddg6p', 'g3p'}	eda	P0A955
EX_spmd_e	Spermidine exchange	Extracellular exchange	1.0 spmd_e = 	1.0 Spermidine = 	1.0 CHEBI:57834 = 	{'spmd'}	Unknown	Unknown
EX_thym_e	Thymine exchange	Extracellular exchange	1.0 thym_e = 	1.0 Thymine C5H6N2O2 = 	1.0 CHEBI:15247 = 	{'thym'}	Unknown	Unknown
EX_xtsn_e	Xanthosine exchange	Extracellular exchange	1.0 xtsn_e = 	1.0 Xanthosine = 	1.0 CHEBI:15323 = 	{'xtsn'}	Unknown	Unknown
NTPP1	Nucleoside triphosphate pyrophosphorylase (dgtp)	Nucleotide Salvage Pathway	1.0 dgtp_c + 1.0 h2o_c = 1.0 dgmp_c + 1.0 h_c + 1.0 ppi_c	1.0 DGTP C10H12N5O13P3 + 1.0 H2O H2O = 1.0 DGMP C10H12N5O7P + 1.0 H+ + 1.0 Diphosphate	1.0 CHEBI:16497 + 1.0 CHEBI:13352 = 1.0 CHEBI:57673 + 1.0 CHEBI:5584 + 1.0 CHEBI:45212	{'ppi', 'h2o', 'dgmp', 'dgtp', 'h'}	mutT, mazG	P08337, P0AEY3
URIK1	Uridine kinase  ATPUridine 	Nucleotide Salvage Pathway	1.0 atp_c + 1.0 uri_c = 1.0 adp_c + 1.0 h_c + 1.0 ump_c	1.0 ATP C10H12N5O13P3 + 1.0 Uridine = 1.0 ADP C10H12N5O10P2 + 1.0 H+ + 1.0 UMP C9H11N2O9P	1.0 CHEBI:15422 + 1.0 CHEBI:46386 = 1.0 CHEBI:2342 + 1.0 CHEBI:5584 + 1.0 CHEBI:47721	{'atp', 'adp', 'uri', 'ump', 'h'}	udk	P0A8F4
URIK2	Uridine kinase (GTP:Uridine)	Nucleotide Salvage Pathway	1.0 gtp_c + 1.0 uri_c = 1.0 gdp_c + 1.0 h_c + 1.0 ump_c	1.0 GTP C10H12N5O14P3 + 1.0 Uridine = 1.0 GDP C10H12N5O11P2 + 1.0 H+ + 1.0 UMP C9H11N2O9P	1.0 CHEBI:37565 + 1.0 CHEBI:46386 = 1.0 CHEBI:5212 + 1.0 CHEBI:5584 + 1.0 CHEBI:47721	{'gdp', 'uri', 'gtp', 'ump', 'h'}	udk	P0A8F4
NTPP2	Nucleoside triphosphate pyrophosphorylase (gtp)	Nucleotide Salvage Pathway	1.0 gtp_c + 1.0 h2o_c = 1.0 gmp_c + 1.0 h_c + 1.0 ppi_c	1.0 GTP C10H12N5O14P3 + 1.0 H2O H2O = 1.0 GMP C10H12N5O8P + 1.0 H+ + 1.0 Diphosphate	1.0 CHEBI:37565 + 1.0 CHEBI:13352 = 1.0 CHEBI:24449 + 1.0 CHEBI:5584 + 1.0 CHEBI:45212	{'gmp', 'ppi', 'h2o', 'gtp', 'h'}	mutT, mazG	P08337, P0AEY3
PGL	6-phosphogluconolactonase	Pentose Phosphate Pathway	1.0 6pgl_c + 1.0 h2o_c = 1.0 6pgc_c + 1.0 h_c	1.0 6-phospho-D-glucono-1,5-lactone + 1.0 H2O H2O = 1.0 6-Phospho-D-gluconate + 1.0 H+	1.0 CHEBI:12233 + 1.0 CHEBI:13352 = 1.0 CHEBI:33851 + 1.0 CHEBI:5584	{'h', '6pgl', '6pgc', 'h2o'}	pgl	P52697
NTPTP1	Nucleoside triphosphate tripolyhydrolase	Nucleotide Salvage Pathway	1.0 dgtp_c + 1.0 h2o_c = 1.0 dgsn_c + 1.0 pppi_c	1.0 DGTP C10H12N5O13P3 + 1.0 H2O H2O = 1.0 Deoxyguanosine + 1.0 Inorganic triphosphate	1.0 CHEBI:16497 + 1.0 CHEBI:13352 = 1.0 CHEBI:14116 + 1.0 CHEBI:48315	{'dgtp', 'pppi', 'dgsn', 'h2o'}	dgt	P15723
NTPTP2	Nucleoside triphosphate tripolyhydrolase	Nucleotide Salvage Pathway	1.0 gtp_c + 1.0 h2o_c = 1.0 gsn_c + 1.0 pppi_c	1.0 GTP C10H12N5O14P3 + 1.0 H2O H2O = 1.0 Guanosine + 1.0 Inorganic triphosphate	1.0 CHEBI:37565 + 1.0 CHEBI:13352 = 1.0 CHEBI:14375 + 1.0 CHEBI:48315	{'gtp', 'pppi', 'h2o', 'gsn'}	dgt	P15723
CYTDK1	ATP:cytidine 5'-phosphotransferase	Nucleotide Salvage Pathway	1.0 atp_c + 1.0 cytd_c = 1.0 adp_c + 1.0 cmp_c + 1.0 h_c	1.0 ATP C10H12N5O13P3 + 1.0 Cytidine = 1.0 ADP C10H12N5O10P2 + 1.0 CMP C9H12N3O8P + 1.0 H+	1.0 CHEBI:15422 + 1.0 CHEBI:41686 = 1.0 CHEBI:2342 + 1.0 CHEBI:60377 + 1.0 CHEBI:5584	{'atp', 'cmp', 'adp', 'cytd', 'h'}	udk	P0A8F4
RPE	Ribulose 5-phosphate 3-epimerase	Pentose Phosphate Pathway	1.0 ru5p__D_c = 1.0 xu5p__D_c	1.0 D-Ribulose 5-phosphate = 1.0 D-Xylulose 5-phosphate	1.0 CHEBI:40192 = 1.0 CHEBI:13036	{'ru5p__D', 'xu5p__D'}	rpe	P0AG07
DHQTi	3-dehydroquinate dehydratase, irreversible	Tyrosine, Tryptophan, and Phenylalanine Metabolism	1.0 3dhq_c = 1.0 3dhsk_c + 1.0 h2o_c	1.0 3-Dehydroquinate = 1.0 3-Dehydroshikimate + 1.0 H2O H2O	1.0 CHEBI:19997 = 1.0 CHEBI:1488 + 1.0 CHEBI:13352	{'3dhsk', '3dhq', 'h2o'}	aroD	P05194
IPMD	3-isopropylmalate dehydrogenase	Valine, Leucine, and Isoleucine Metabolism	1.0 3c2hmp_c + 1.0 nad_c = 1.0 3c4mop_c + 1.0 h_c + 1.0 nadh_c	1.0 3-Carboxy-2-hydroxy-4-methylpentanoate + 1.0 Nicotinamide adenine dinucleotide = 1.0 3-Carboxy-4-methyl-2-oxopentanoate + 1.0 H+ + 1.0 Nicotinamide adenine dinucleotide - reduced	1.0 CHEBI:35120 + 1.0 CHEBI:7422 = 1.0 CHEBI:17214 + 1.0 CHEBI:5584 + 1.0 CHEBI:13395	{'3c4mop', '3c2hmp', 'nad', 'nadh', 'h'}	leuB, dmlA	P30125, P76251
AIRC3	Phosphoribosylaminoimidazole carboxylase (mutase rxn)	Purine and Pyrimidine Biosynthesis	1.0 5aizc_c = 1.0 5caiz_c	1.0 5-amino-1-(5-phospho-D-ribosyl)imidazole-4-carboxylate = 1.0 5-phosphoribosyl-5-carboxyaminoimidazole	1.0 CHEBI:77657 = 1.0 CHEBI:48000	{'5caiz', '5aizc'}	purE	P0AG18
TALA	Transaldolase	Pentose Phosphate Pathway	1.0 g3p_c + 1.0 s7p_c = 1.0 e4p_c + 1.0 f6p_c	1.0 Glyceraldehyde 3-phosphate + 1.0 Sedoheptulose 7-phosphate = 1.0 D-Erythrose 4-phosphate + 1.0 D-Fructose 6-phosphate	1.0 CHEBI:5446 + 1.0 CHEBI:4244 = 1.0 CHEBI:4114 + 1.0 CHEBI:16084	{'g3p', 's7p', 'f6p', 'e4p'}	talB, talA	P0A870, P0A867
PUNP1	Purine-nucleoside phosphorylase (Adenosine)	Nucleotide Salvage Pathway	1.0 adn_c + 1.0 pi_c = 1.0 ade_c + 1.0 r1p_c	1.0 Adenosine + 1.0 Phosphate = 1.0 Adenine + 1.0 Alpha-D-Ribose 1-phosphate	1.0 CHEBI:22237 + 1.0 CHEBI:26078 = 1.0 CHEBI:16708 + 1.0 CHEBI:16300	{'r1p', 'adn', 'ade', 'pi'}	deoD	P0ABP8
PUNP2	Purine-nucleoside phosphorylase (Deoxyadenosine)	Nucleotide Salvage Pathway	1.0 dad_2_c + 1.0 pi_c = 1.0 2dr1p_c + 1.0 ade_c	1.0 Deoxyadenosine + 1.0 Phosphate = 1.0 2-Deoxy-D-ribose 1-phosphate + 1.0 Adenine	1.0 CHEBI:19234 + 1.0 CHEBI:26078 = 1.0 CHEBI:28542 + 1.0 CHEBI:16708	{'dad_2', 'pi', 'ade', '2dr1p'}	deoD	P0ABP8
PUNP3	Purine-nucleoside phosphorylase (Guanosine)	Nucleotide Salvage Pathway	1.0 gsn_c + 1.0 pi_c = 1.0 gua_c + 1.0 r1p_c	1.0 Guanosine + 1.0 Phosphate = 1.0 Guanine + 1.0 Alpha-D-Ribose 1-phosphate	1.0 CHEBI:14375 + 1.0 CHEBI:26078 = 1.0 CHEBI:16235 + 1.0 CHEBI:16300	{'r1p', 'pi', 'gua', 'gsn'}	xapA, deoD	P45563, P0ABP8
ADSL2r	Adenylosuccinate lyase	Purine and Pyrimidine Biosynthesis	1.0 25aics_c = 1.0 aicar_c + 1.0 fum_c	1.0 (S)-2-[5-Amino-1-(5-phospho-D-ribosyl)imidazole-4-carboxamido]succinate = 1.0 5-Amino-1-(5-Phospho-D-ribosyl)imidazole-4-carboxamide + 1.0 Fumarate	1.0 CHEBI:78110 = 1.0 CHEBI:573 + 1.0 CHEBI:36180	{'25aics', 'fum', 'aicar'}	purB	P0AB89
TKT1	Transketolase	Pentose Phosphate Pathway	1.0 r5p_c + 1.0 xu5p__D_c = 1.0 g3p_c + 1.0 s7p_c	1.0 Alpha-D-Ribose 5-phosphate + 1.0 D-Xylulose 5-phosphate = 1.0 Glyceraldehyde 3-phosphate + 1.0 Sedoheptulose 7-phosphate	1.0 CHEBI:18189 + 1.0 CHEBI:13036 = 1.0 CHEBI:5446 + 1.0 CHEBI:4244	{'r5p', 's7p', 'xu5p__D', 'g3p'}	tktA, tktB	P27302, P33570
EX_fe2_e	Fe2+ exchange	Extracellular exchange	1.0 fe2_e = 	1.0 Fe2+ mitochondria = 	1.0 CHEBI:29033 = 	{'fe2'}	Unknown	Unknown
PUNP5	Purine-nucleoside phosphorylase (Inosine)	Nucleotide Salvage Pathway	1.0 ins_c + 1.0 pi_c = 1.0 hxan_c + 1.0 r1p_c	1.0 Inosine + 1.0 Phosphate = 1.0 Hypoxanthine + 1.0 Alpha-D-Ribose 1-phosphate	1.0 CHEBI:17596 + 1.0 CHEBI:26078 = 1.0 CHEBI:14431 + 1.0 CHEBI:16300	{'r1p', 'hxan', 'pi', 'ins'}	xapA, deoD	P45563, P0ABP8
PUNP6	Purine-nucleoside phosphorylase (Deoxyinosine)	Nucleotide Salvage Pathway	1.0 din_c + 1.0 pi_c = 1.0 2dr1p_c + 1.0 hxan_c	1.0 Deoxyinosine + 1.0 Phosphate = 1.0 2-Deoxy-D-ribose 1-phosphate + 1.0 Hypoxanthine	1.0 CHEBI:43437 + 1.0 CHEBI:26078 = 1.0 CHEBI:28542 + 1.0 CHEBI:14431	{'pi', 'hxan', 'din', '2dr1p'}	deoD, xapA	P0ABP8, P45563
PUNP7	Purine-nucleoside phosphorylase (Xanthosine)	Nucleotide Salvage Pathway	1.0 pi_c + 1.0 xtsn_c = 1.0 r1p_c + 1.0 xan_c	1.0 Phosphate + 1.0 Xanthosine = 1.0 Alpha-D-Ribose 1-phosphate + 1.0 Xanthine	1.0 CHEBI:26078 + 1.0 CHEBI:15323 = 1.0 CHEBI:16300 + 1.0 CHEBI:15318	{'r1p', 'xtsn', 'pi', 'xan'}	xapA	P45563
G6PDA	Glucosamine-6-phosphate deaminase	Alternate Carbon Metabolism	1.0 gam6p_c + 1.0 h2o_c = 1.0 f6p_c + 1.0 nh4_c	1.0 D-Glucosamine 6-phosphate + 1.0 H2O H2O = 1.0 D-Fructose 6-phosphate + 1.0 Ammonium	1.0 CHEBI:12962 + 1.0 CHEBI:13352 = 1.0 CHEBI:16084 + 1.0 CHEBI:44284	{'gam6p', 'nh4', 'f6p', 'h2o'}	nagB	P0A759
RNDR1	Ribonucleoside-diphosphate reductase (ADP)	Nucleotide Salvage Pathway	1.0 adp_c + 1.0 trdrd_c = 1.0 dadp_c + 1.0 h2o_c + 1.0 trdox_c	1.0 ADP C10H12N5O10P2 + 1.0 Reduced thioredoxin = 1.0 DADP C10H12N5O9P2 + 1.0 H2O H2O + 1.0 Oxidized thioredoxin	1.0 CHEBI:2342 + 1.0 CHEBI:15033 = 1.0 CHEBI:10489 + 1.0 CHEBI:13352 + 1.0 CHEBI:14726	{'dadp', 'adp', 'h2o', 'trdrd', 'trdox'}	trxC, nrdA, nrdB, trxA, nrdA, nrdB	P0AGG4, P00452, P69924, P0AA25
ALCD2x	Alcohol dehydrogenase (ethanol)	Pyruvate Metabolism	1.0 etoh_c + 1.0 nad_c = 1.0 acald_c + 1.0 h_c + 1.0 nadh_c	1.0 Ethanol + 1.0 Nicotinamide adenine dinucleotide = 1.0 Acetaldehyde + 1.0 H+ + 1.0 Nicotinamide adenine dinucleotide - reduced	1.0 CHEBI:42377 + 1.0 CHEBI:7422 = 1.0 CHEBI:40533 + 1.0 CHEBI:5584 + 1.0 CHEBI:13395	{'acald', 'etoh', 'nad', 'nadh', 'h'}	adhE, adhP	P0A9Q7, P39451
RNDR3	Ribonucleoside-diphosphate reductase (CDP)	Nucleotide Salvage Pathway	1.0 cdp_c + 1.0 trdrd_c = 1.0 dcdp_c + 1.0 h2o_c + 1.0 trdox_c	1.0 CDP C9H12N3O11P2 + 1.0 Reduced thioredoxin = 1.0 DCDP C9H12N3O10P2 + 1.0 H2O H2O + 1.0 Oxidized thioredoxin	1.0 CHEBI:41451 + 1.0 CHEBI:15033 = 1.0 CHEBI:19241 + 1.0 CHEBI:13352 + 1.0 CHEBI:14726	{'h2o', 'trdrd', 'trdox', 'cdp', 'dcdp'}	trxA, nrdA, nrdB, trxC, nrdA, nrdB	P0AA25, P00452, P69924, P0AGG4
RNDR4	Ribonucleoside-diphosphate reductase (UDP)	Nucleotide Salvage Pathway	1.0 trdrd_c + 1.0 udp_c = 1.0 dudp_c + 1.0 h2o_c + 1.0 trdox_c	1.0 Reduced thioredoxin + 1.0 UDP C9H11N2O12P2 = 1.0 DUDP C9H11N2O11P2 + 1.0 H2O H2O + 1.0 Oxidized thioredoxin	1.0 CHEBI:15033 + 1.0 CHEBI:13445 = 1.0 CHEBI:60471 + 1.0 CHEBI:13352 + 1.0 CHEBI:14726	{'h2o', 'trdrd', 'trdox', 'dudp', 'udp'}	trxA, nrdA, nrdB, nrdA, nrdB, trxC	P0AA25, P00452, P69924, P0AGG4
ALDD2y	Aldehyde dehydrogenase (acetaldehyde, NADP)	Alternate Carbon Metabolism	1.0 acald_c + 1.0 h2o_c + 1.0 nadp_c = 1.0 ac_c + 2.0 h_c + 1.0 nadph_c	1.0 Acetaldehyde + 1.0 H2O H2O + 1.0 Nicotinamide adenine dinucleotide phosphate = 1.0 Acetate + 2.0 H+ + 1.0 Nicotinamide adenine dinucleotide phosphate - reduced	1.0 CHEBI:40533 + 1.0 CHEBI:13352 + 1.0 CHEBI:29868 = 1.0 CHEBI:13704 + 2.0 CHEBI:5584 + 1.0 CHEBI:16474	{'acald', 'nadp', 'nadph', 'h2o', 'ac', 'h'}	aldB, yqhD, yghA, ybbO, ahr	P37685, Q46856, P0AG84, P0AFP4, P27250
TMDS	Thymidylate synthase	Nucleotide Salvage Pathway	1.0 dump_c + 1.0 mlthf_c = 1.0 dhf_c + 1.0 dtmp_c	1.0 DUMP C9H11N2O8P + 1.0 5,10-Methylenetetrahydrofolate = 1.0 7,8-Dihydrofolate + 1.0 DTMP C10H13N2O8P	1.0 CHEBI:19263 + 1.0 CHEBI:10925 = 1.0 CHEBI:42000 + 1.0 CHEBI:47711	{'dtmp', 'mlthf', 'dhf', 'dump'}	thyA	P0A884
RMI	L-rhamnose isomerase	Alternate Carbon Metabolism	1.0 rmn_c = 1.0 rml_c	1.0 L-Rhamnose = 1.0 L-Rhamnulose	1.0 CHEBI:45427 = 1.0 CHEBI:6293	{'rmn', 'rml'}	rhaA	P32170
TMDK1	Thymidine kinase (ATP:thymidine)	Nucleotide Salvage Pathway	1.0 atp_c + 1.0 thymd_c = 1.0 adp_c + 1.0 dtmp_c + 1.0 h_c	1.0 ATP C10H12N5O13P3 + 1.0 Thymidine C10H14N2O5 = 1.0 ADP C10H12N5O10P2 + 1.0 DTMP C10H13N2O8P + 1.0 H+	1.0 CHEBI:15422 + 1.0 CHEBI:45834 = 1.0 CHEBI:2342 + 1.0 CHEBI:47711 + 1.0 CHEBI:5584	{'atp', 'dtmp', 'adp', 'thymd', 'h'}	tdk	P23331
LYSAM	Lysine 2,3-aminomutase	Threonine and Lysine Metabolism	1.0 lys__L_c = 1.0 36dahx_c	1.0 L-Lysine = 1.0 (3S)-3,6-Diaminohexanoate	1.0 CHEBI:6264 = 1.0 CHEBI:10885	{'lys__L', '36dahx'}	epmB	P39280
PPCDC	Phosphopantothenoylcysteine decarboxylase	Cofactor and Prosthetic Group Biosynthesis	1.0 4ppcys_c + 1.0 h_c = 1.0 co2_c + 1.0 pan4p_c	1.0 N-((R)-4-Phosphopantothenoyl)-L-cysteine + 1.0 H+ = 1.0 CO2 CO2 + 1.0 Pantetheine 4'-phosphate	1.0 CHEBI:15769 + 1.0 CHEBI:5584 = 1.0 CHEBI:23011 + 1.0 CHEBI:14738	{'pan4p', 'h', '4ppcys', 'co2'}	dfp	P0ABQ0
FTHFD	Formyltetrahydrofolate deformylase	Folate Metabolism	1.0 10fthf_c + 1.0 h2o_c = 1.0 for_c + 1.0 h_c + 1.0 thf_c	1.0 10-Formyltetrahydrofolate + 1.0 H2O H2O = 1.0 Formate + 1.0 H+ + 1.0 5,6,7,8-Tetrahydrofolate	1.0 CHEBI:19108 + 1.0 CHEBI:13352 = 1.0 CHEBI:24081 + 1.0 CHEBI:5584 + 1.0 CHEBI:57453	{'for', '10fthf', 'thf', 'h2o', 'h'}	purU	P37051
EX_glc__D_e	D-Glucose exchange	Extracellular exchange	1.0 glc__D_e = 	1.0 D-Glucose = 	1.0 CHEBI:12965 = 	{'glc__D'}	Unknown	Unknown
DHAD1	Dihydroxy-acid dehydratase (2,3-dihydroxy-3-methylbutanoate)	Valine, Leucine, and Isoleucine Metabolism	1.0 23dhmb_c = 1.0 3mob_c + 1.0 h2o_c	1.0 (R)-2,3-Dihydroxy-3-methylbutanoate = 1.0 3-Methyl-2-oxobutanoate + 1.0 H2O H2O	1.0 CHEBI:10966 = 1.0 CHEBI:11851 + 1.0 CHEBI:13352	{'23dhmb', '3mob', 'h2o'}	ilvD	P05791
IPPMIa	3-isopropylmalate dehydratase	Valine, Leucine, and Isoleucine Metabolism	1.0 3c2hmp_c = 1.0 2ippm_c + 1.0 h2o_c	1.0 3-Carboxy-2-hydroxy-4-methylpentanoate = 1.0 2-Isopropylmaleate + 1.0 H2O H2O	1.0 CHEBI:35120 = 1.0 CHEBI:17275 + 1.0 CHEBI:13352	{'2ippm', '3c2hmp', 'h2o'}	leuD, leuC	P30126, P0A6A6
EX_alltn_e	Allantoin exchange	Extracellular exchange	1.0 alltn_e = 	1.0 Allantoin = 	1.0 CHEBI:15676 = 	{'alltn'}	Unknown	Unknown
G3PD7	Glycerol-3-phosphate dehydrogenase (demethylmenaquinone-8)	Oxidative Phosphorylation	1.0 2dmmq8_c + 1.0 glyc3p_c = 1.0 2dmmql8_c + 1.0 dhap_c	1.0 2-Demethylmenaquinone 8 + 1.0 Glycerol 3-phosphate = 1.0 2-Demethylmenaquinol 8 + 1.0 Dihydroxyacetone phosphate	1.0 CHEBI:48455 + 1.0 CHEBI:12843 = 1.0 CHEBI:61873 + 1.0 CHEBI:14341	{'glyc3p', '2dmmq8', '2dmmql8', 'dhap'}	glpC, glpB, glpA	P0A996, P13033, P0A9C0
EDD	6-phosphogluconate dehydratase	Pentose Phosphate Pathway	1.0 6pgc_c = 1.0 2ddg6p_c + 1.0 h2o_c	1.0 6-Phospho-D-gluconate = 1.0 2-Dehydro-3-deoxy-D-gluconate 6-phosphate + 1.0 H2O H2O	1.0 CHEBI:33851 = 1.0 CHEBI:57569 + 1.0 CHEBI:13352	{'2ddg6p', '6pgc', 'h2o'}	edd	P0ADF6
EX_ura_e	Uracil exchange	Extracellular exchange	1.0 ura_e = 	1.0 Uracil = 	1.0 CHEBI:27210 = 	{'ura'}	Unknown	Unknown
NADH9	NADH dehydrogenase (demethylmenaquinone-8 & 0 protons)	Oxidative Phosphorylation	1.0 2dmmq8_c + 1.0 h_c + 1.0 nadh_c = 1.0 2dmmql8_c + 1.0 nad_c	1.0 2-Demethylmenaquinone 8 + 1.0 H+ + 1.0 Nicotinamide adenine dinucleotide - reduced = 1.0 2-Demethylmenaquinol 8 + 1.0 Nicotinamide adenine dinucleotide	1.0 CHEBI:48455 + 1.0 CHEBI:5584 + 1.0 CHEBI:13395 = 1.0 CHEBI:61873 + 1.0 CHEBI:7422	{'2dmmq8', '2dmmql8', 'nad', 'nadh', 'h'}	ndh, wrbA, kefF, chrR	P00393, P0A8G6, P0A754, P0AGE6
EX_val__L_e	L-Valine exchange	Extracellular exchange	1.0 val__L_e = 	1.0 L-Valine = 	1.0 CHEBI:32859 = 	{'val__L'}	Unknown	Unknown
NADH10	NADH dehydrogenase (menaquinone-8 & 0 protons)	Oxidative Phosphorylation	1.0 h_c + 1.0 mqn8_c + 1.0 nadh_c = 1.0 mql8_c + 1.0 nad_c	1.0 H+ + 1.0 Menaquinone 8 + 1.0 Nicotinamide adenine dinucleotide - reduced = 1.0 Menaquinol 8 + 1.0 Nicotinamide adenine dinucleotide	1.0 CHEBI:5584 + 1.0 CHEBI:44027 + 1.0 CHEBI:13395 = 1.0 CHEBI:61684 + 1.0 CHEBI:7422	{'mqn8', 'mql8', 'nad', 'nadh', 'h'}	ndh, chrR, kefF, wrbA	P00393, P0AGE6, P0A754, P0A8G6
ADK4	Adentylate kinase (ITP)	Nucleotide Salvage Pathway	1.0 amp_c + 1.0 itp_c = 1.0 adp_c + 1.0 idp_c	1.0 AMP C10H12N5O7P + 1.0 ITP C10H11N4O14P3 = 1.0 ADP C10H12N5O10P2 + 1.0 IDP C10H11N4O11P2	1.0 CHEBI:13736 + 1.0 CHEBI:43508 = 1.0 CHEBI:2342 + 1.0 CHEBI:17808	{'itp', 'idp', 'amp', 'adp'}	adk	P69441
INSK	Insosine kinase	Nucleotide Salvage Pathway	1.0 atp_c + 1.0 ins_c = 1.0 adp_c + 1.0 h_c + 1.0 imp_c	1.0 ATP C10H12N5O13P3 + 1.0 Inosine = 1.0 ADP C10H12N5O10P2 + 1.0 H+ + 1.0 IMP C10H11N4O8P	1.0 CHEBI:15422 + 1.0 CHEBI:17596 = 1.0 CHEBI:2342 + 1.0 CHEBI:5584 + 1.0 CHEBI:43524	{'atp', 'adp', 'imp', 'ins', 'h'}	gsk	P0AEW6
MDH	Malate dehydrogenase	Citric Acid Cycle	1.0 mal__L_c + 1.0 nad_c = 1.0 h_c + 1.0 nadh_c + 1.0 oaa_c	1.0 L-Malate + 1.0 Nicotinamide adenine dinucleotide = 1.0 H+ + 1.0 Nicotinamide adenine dinucleotide - reduced + 1.0 Oxaloacetate	1.0 CHEBI:15589 + 1.0 CHEBI:7422 = 1.0 CHEBI:5584 + 1.0 CHEBI:13395 + 1.0 CHEBI:25731	{'oaa', 'mal__L', 'nad', 'nadh', 'h'}	mdh	P61889
ABTA	4-aminobutyrate transaminase	Arginine and Proline Metabolism	1.0 4abut_c + 1.0 akg_c = 1.0 glu__L_c + 1.0 sucsal_c	1.0 4-Aminobutanoate + 1.0 2-Oxoglutarate = 1.0 L-Glutamate + 1.0 Succinic semialdehyde	1.0 CHEBI:40483 + 1.0 CHEBI:40661 = 1.0 CHEBI:76051 + 1.0 CHEBI:26805	{'4abut', 'glu__L', 'sucsal', 'akg'}	gabT, puuE	P22256, P50457
EX_xan_e	Xanthine exchange	Extracellular exchange	1.0 xan_e = 	1.0 Xanthine = 	1.0 CHEBI:15318 = 	{'xan'}	Unknown	Unknown
FUM	Fumarase	Citric Acid Cycle	1.0 fum_c + 1.0 h2o_c = 1.0 mal__L_c	1.0 Fumarate + 1.0 H2O H2O = 1.0 L-Malate	1.0 CHEBI:36180 + 1.0 CHEBI:13352 = 1.0 CHEBI:15589	{'mal__L', 'fum', 'h2o'}	fumA, fumB, fumC	P0AC33, P14407, P05042
FMNAT	FMN adenylyltransferase	Cofactor and Prosthetic Group Biosynthesis	1.0 atp_c + 1.0 fmn_c + 1.0 h_c = 1.0 fad_c + 1.0 ppi_c	1.0 ATP C10H12N5O13P3 + 1.0 FMN C17H19N4O9P + 1.0 H+ = 1.0 Flavin adenine dinucleotide oxidized + 1.0 Diphosphate	1.0 CHEBI:15422 + 1.0 CHEBI:58210 + 1.0 CHEBI:5584 = 1.0 CHEBI:16238 + 1.0 CHEBI:45212	{'atp', 'ppi', 'fmn', 'fad', 'h'}	ribF	P0AG40
PYDXNK	Pyridoxine kinase	Cofactor and Prosthetic Group Biosynthesis	1.0 atp_c + 1.0 pydxn_c = 1.0 adp_c + 1.0 h_c + 1.0 pdx5p_c	1.0 ATP C10H12N5O13P3 + 1.0 Pyridoxine = 1.0 ADP C10H12N5O10P2 + 1.0 H+ + 1.0 Pyridoxine 5'-phosphate	1.0 CHEBI:15422 + 1.0 CHEBI:14981 = 1.0 CHEBI:2342 + 1.0 CHEBI:5584 + 1.0 CHEBI:26430	{'atp', 'adp', 'pydxn', 'pdx5p', 'h'}	pdxK	P40191
PYAM5PO	Pyridoxamine 5'-phosphate oxidase	Cofactor and Prosthetic Group Biosynthesis	1.0 h2o_c + 1.0 o2_c + 1.0 pyam5p_c = 1.0 h2o2_c + 1.0 nh4_c + 1.0 pydx5p_c	1.0 H2O H2O + 1.0 O2 O2 + 1.0 Pyridoxamine 5'-phosphate = 1.0 Hydrogen peroxide + 1.0 Ammonium + 1.0 Pyridoxal 5'-phosphate	1.0 CHEBI:13352 + 1.0 CHEBI:7860 + 1.0 CHEBI:14980 = 1.0 CHEBI:29192 + 1.0 CHEBI:44284 + 1.0 CHEBI:8668	{'nh4', 'h2o2', 'pyam5p', 'o2', 'h2o', 'pydx5p'}	pdxH	P0AFI7
SSALx	Succinate-semialdehyde dehydrogenase (NAD)	Arginine and Proline Metabolism	1.0 h2o_c + 1.0 nad_c + 1.0 sucsal_c = 2.0 h_c + 1.0 nadh_c + 1.0 succ_c	1.0 H2O H2O + 1.0 Nicotinamide adenine dinucleotide + 1.0 Succinic semialdehyde = 2.0 H+ + 1.0 Nicotinamide adenine dinucleotide - reduced + 1.0 Succinate	1.0 CHEBI:13352 + 1.0 CHEBI:7422 + 1.0 CHEBI:26805 = 2.0 CHEBI:5584 + 1.0 CHEBI:13395 + 1.0 CHEBI:22941	{'sucsal', 'succ', 'h2o', 'nad', 'nadh', 'h'}	sad	P76149
ASPT	L-aspartase	Alanine and Aspartate Metabolism	1.0 asp__L_c = 1.0 fum_c + 1.0 nh4_c	1.0 L-Aspartate = 1.0 Fumarate + 1.0 Ammonium	1.0 CHEBI:17053 = 1.0 CHEBI:36180 + 1.0 CHEBI:44284	{'asp__L', 'nh4', 'fum'}	aspA	P0AC38
OHPBAT	O-Phospho-4-hydroxy-L-threonine:2-oxoglutarate aminotransferase	Cofactor and Prosthetic Group Biosynthesis	1.0 glu__L_c + 1.0 ohpb_c = 1.0 akg_c + 1.0 phthr_c	1.0 L-Glutamate + 1.0 2-Oxo-3-hydroxy-4-phosphobutanoate = 1.0 2-Oxoglutarate + 1.0 O-Phospho-4-hydroxy-L-threonine	1.0 CHEBI:76051 + 1.0 CHEBI:19731 = 1.0 CHEBI:40661 + 1.0 CHEBI:58452	{'akg', 'glu__L', 'ohpb', 'phthr'}	serC	P23721
SERD_L	L-serine deaminase	Glycine and Serine Metabolism	1.0 ser__L_c = 1.0 nh4_c + 1.0 pyr_c	1.0 L-Serine = 1.0 Ammonium + 1.0 Pyruvate	1.0 CHEBI:32845 = 1.0 CHEBI:44284 + 1.0 CHEBI:26462	{'pyr', 'ser__L', 'nh4'}	tdcG, sdaA, sdaB, tnaA, tdcB	P42630, P16095, P30744, P0A853, P0AGF6
EX_dgsn_e	Deoxyguanosine exchange	Extracellular exchange	1.0 dgsn_e = 	1.0 Deoxyguanosine = 	1.0 CHEBI:14116 = 	{'dgsn'}	Unknown	Unknown
NADDP	NAD diphosphatase	Cofactor and Prosthetic Group Biosynthesis	1.0 h2o_c + 1.0 nad_c = 1.0 amp_c + 2.0 h_c + 1.0 nmn_c	1.0 H2O H2O + 1.0 Nicotinamide adenine dinucleotide = 1.0 AMP C10H12N5O7P + 2.0 H+ + 1.0 NMN C11H14N2O8P	1.0 CHEBI:13352 + 1.0 CHEBI:7422 = 1.0 CHEBI:13736 + 2.0 CHEBI:5584 + 1.0 CHEBI:14648	{'amp', 'h2o', 'nad', 'nmn', 'h'}	nudC, ligA	P32664, P15042
EX_arab__L_e	L-Arabinose exchange	Extracellular exchange	1.0 arab__L_e = 	1.0 L-Arabinose = 	1.0 CHEBI:6182 = 	{'arab__L'}	Unknown	Unknown
EX_fru_e	D-Fructose exchange	Extracellular exchange	1.0 fru_e = 	1.0 D-Fructose = 	1.0 CHEBI:47424 = 	{'fru'}	Unknown	Unknown
THRD	L-threonine dehydrogenase	Glycine and Serine Metabolism	1.0 nad_c + 1.0 thr__L_c = 1.0 2aobut_c + 1.0 h_c + 1.0 nadh_c	1.0 Nicotinamide adenine dinucleotide + 1.0 L-Threonine = 1.0 L-2-Amino-3-oxobutanoate + 1.0 H+ + 1.0 Nicotinamide adenine dinucleotide - reduced	1.0 CHEBI:7422 + 1.0 CHEBI:16857 = 1.0 CHEBI:6156 + 1.0 CHEBI:5584 + 1.0 CHEBI:13395	{'2aobut', 'thr__L', 'nad', 'nadh', 'h'}	tdh, yiaY	P07913, P37686
HEX4	Hexokinase (D-mannose:ATP)	Alternate Carbon Metabolism	1.0 atp_c + 1.0 man_c = 1.0 adp_c + 1.0 h_c + 1.0 man6p_c	1.0 ATP C10H12N5O13P3 + 1.0 D-Mannose = 1.0 ADP C10H12N5O10P2 + 1.0 H+ + 1.0 D-Mannose 6-phosphate	1.0 CHEBI:15422 + 1.0 CHEBI:4208 = 1.0 CHEBI:2342 + 1.0 CHEBI:5584 + 1.0 CHEBI:58735	{'atp', 'man', 'man6p', 'adp', 'h'}	Unknown	Unknown
EX_gal_e	D-Galactose exchange	Extracellular exchange	1.0 gal_e = 	1.0 D-Galactose = 	1.0 CHEBI:12936 = 	{'gal'}	Unknown	Unknown
NMNAT	Nicotinamide-nucleotide adenylyltransferase	Cofactor and Prosthetic Group Biosynthesis	1.0 atp_c + 1.0 h_c + 1.0 nmn_c = 1.0 nad_c + 1.0 ppi_c	1.0 ATP C10H12N5O13P3 + 1.0 H+ + 1.0 NMN C11H14N2O8P = 1.0 Nicotinamide adenine dinucleotide + 1.0 Diphosphate	1.0 CHEBI:15422 + 1.0 CHEBI:5584 + 1.0 CHEBI:14648 = 1.0 CHEBI:7422 + 1.0 CHEBI:45212	{'atp', 'ppi', 'nad', 'nmn', 'h'}	nadR, nadD	P27278, P0A752
EX_xyl__D_e	D-Xylose exchange	Extracellular exchange	1.0 xyl__D_e = 	1.0 D-Xylose = 	1.0 CHEBI:65327 = 	{'xyl__D'}	Unknown	Unknown
KARA1	Ketol-acid reductoisomerase (2,3-dihydroxy-3-methylbutanoate)	Valine, Leucine, and Isoleucine Metabolism	1.0 23dhmb_c + 1.0 nadp_c = 1.0 alac__S_c + 1.0 h_c + 1.0 nadph_c	1.0 (R)-2,3-Dihydroxy-3-methylbutanoate + 1.0 Nicotinamide adenine dinucleotide phosphate = 1.0 (S)-2-Acetolactate + 1.0 H+ + 1.0 Nicotinamide adenine dinucleotide phosphate - reduced	1.0 CHEBI:10966 + 1.0 CHEBI:29868 = 1.0 CHEBI:11033 + 1.0 CHEBI:5584 + 1.0 CHEBI:16474	{'23dhmb', 'nadp', 'nadph', 'alac__S', 'h'}	ilvC	P05793
HMPK1	Hydroxymethylpyrimidine kinase (ATP)	Cofactor and Prosthetic Group Biosynthesis	1.0 4ahmmp_c + 1.0 atp_c = 1.0 4ampm_c + 1.0 adp_c + 1.0 h_c	1.0 4-Amino-5-hydroxymethyl-2-methylpyrimidine + 1.0 ATP C10H12N5O13P3 = 1.0 4-Amino-2-methyl-5-phosphomethylpyrimidine + 1.0 ADP C10H12N5O10P2 + 1.0 H+	1.0 CHEBI:43206 + 1.0 CHEBI:15422 = 1.0 CHEBI:44219 + 1.0 CHEBI:2342 + 1.0 CHEBI:5584	{'atp', 'adp', '4ampm', '4ahmmp', 'h'}	thiD, pdxK	P76422, P40191
KARA2	Ketol-acid reductoisomerase (2-Acetolactate)	Valine, Leucine, and Isoleucine Metabolism	1.0 2ahbut_c + 1.0 h_c + 1.0 nadph_c = 1.0 23dhmp_c + 1.0 nadp_c	1.0 (S)-2-Aceto-2-hydroxybutanoate + 1.0 H+ + 1.0 Nicotinamide adenine dinucleotide phosphate - reduced = 1.0 (R)-2,3-Dihydroxy-3-methylpentanoate + 1.0 Nicotinamide adenine dinucleotide phosphate	1.0 CHEBI:27681 + 1.0 CHEBI:5584 + 1.0 CHEBI:16474 = 1.0 CHEBI:18646 + 1.0 CHEBI:29868	{'nadp', '2ahbut', 'nadph', '23dhmp', 'h'}	ilvC	P05793
EX_duri_e	Deoxyuridine exchange	Extracellular exchange	1.0 duri_e = 	1.0 Deoxyuridine = 	1.0 CHEBI:46293 = 	{'duri'}	Unknown	Unknown
EX_for_e	Formate exchange	Extracellular exchange	1.0 for_e = 	1.0 Formate = 	1.0 CHEBI:24081 = 	{'for'}	Unknown	Unknown
EX_gly_e	Glycine exchange	Extracellular exchange	1.0 gly_e = 	1.0 Glycine = 	1.0 CHEBI:32508 = 	{'gly'}	Unknown	Unknown
EX_h2_e	H2 exchange	Extracellular exchange	1.0 h2_e = 	1.0 Hydrogen = 	1.0 CHEBI:18276 = 	{'h2'}	Unknown	Unknown
EX_lys__L_e	L-Lysine exchange	Extracellular exchange	1.0 lys__L_e = 	1.0 L-Lysine = 	1.0 CHEBI:6264 = 	{'lys__L'}	Unknown	Unknown
ACCOAC	Acetyl-CoA carboxylase	Membrane Lipid Metabolism	1.0 accoa_c + 1.0 atp_c + 1.0 hco3_c = 1.0 adp_c + 1.0 h_c + 1.0 malcoa_c + 1.0 pi_c	1.0 Acetyl-CoA + 1.0 ATP C10H12N5O13P3 + 1.0 Bicarbonate = 1.0 ADP C10H12N5O10P2 + 1.0 H+ + 1.0 Malonyl CoA C24H33N7O19P3S + 1.0 Phosphate	1.0 CHEBI:57288 + 1.0 CHEBI:15422 + 1.0 CHEBI:13363 = 1.0 CHEBI:2342 + 1.0 CHEBI:5584 + 1.0 CHEBI:25135 + 1.0 CHEBI:26078	{'atp', 'hco3', 'accoa', 'adp', 'pi', 'malcoa', 'h'}	accD, accB, accC, accA	P0A9Q5, P0ABD8, P24182, P0ABD5
NADK	NAD kinase	Cofactor and Prosthetic Group Biosynthesis	1.0 atp_c + 1.0 nad_c = 1.0 adp_c + 1.0 h_c + 1.0 nadp_c	1.0 ATP C10H12N5O13P3 + 1.0 Nicotinamide adenine dinucleotide = 1.0 ADP C10H12N5O10P2 + 1.0 H+ + 1.0 Nicotinamide adenine dinucleotide phosphate	1.0 CHEBI:15422 + 1.0 CHEBI:7422 = 1.0 CHEBI:2342 + 1.0 CHEBI:5584 + 1.0 CHEBI:29868	{'atp', 'nadp', 'adp', 'nad', 'h'}	nadK	P0A7B3
GLXCL	Glyoxalate carboligase	Glyoxylate Metabolism	2.0 glx_c + 1.0 h_c = 1.0 2h3oppan_c + 1.0 co2_c	2.0 Glyoxylate + 1.0 H+ = 1.0 2-Hydroxy-3-oxopropanoate + 1.0 CO2 CO2	2.0 CHEBI:24420 + 1.0 CHEBI:5584 = 1.0 CHEBI:57978 + 1.0 CHEBI:23011	{'glx', 'h', '2h3oppan', 'co2'}	gcl	P0AEP7
ICHORS_copy2	Isochorismate synthase	Cofactor and Prosthetic Group Biosynthesis	1.0 chor_c = 1.0 ichor_c	1.0 Chorismate = 1.0 Isochorismate	1.0 CHEBI:23225 = 1.0 CHEBI:24883	{'ichor', 'chor'}	menF	P38051
SUCBZS	O-succinylbenzoate-CoA synthase	Cofactor and Prosthetic Group Biosynthesis	1.0 2shchc_c = 1.0 h2o_c + 1.0 sucbz_c	1.0 2-Succinyl-6-hydroxy-2,4-cyclohexadiene-1-carboxylate = 1.0 H2O H2O + 1.0 O-Succinylbenzoate	1.0 CHEBI:39564 = 1.0 CHEBI:13352 + 1.0 CHEBI:44788	{'2shchc', 'sucbz', 'h2o'}	menC	P29208
DHBD	2,3-dihydro-2,3-dihydroxybenzoate dehydrogenase	Cofactor and Prosthetic Group Biosynthesis	1.0 23ddhb_c + 1.0 nad_c = 1.0 23dhb_c + 1.0 h_c + 1.0 nadh_c	1.0 2,3-Dihydro-2,3-dihydroxybenzoate + 1.0 Nicotinamide adenine dinucleotide = 1.0 2,3-Dihydroxybenzoate + 1.0 H+ + 1.0 Nicotinamide adenine dinucleotide - reduced	1.0 CHEBI:11420 + 1.0 CHEBI:7422 = 1.0 CHEBI:885 + 1.0 CHEBI:5584 + 1.0 CHEBI:13395	{'23ddhb', '23dhb', 'nad', 'nadh', 'h'}	entA	P15047
ICHORT	Isochorismatase	Cofactor and Prosthetic Group Biosynthesis	1.0 h2o_c + 1.0 ichor_c = 1.0 23ddhb_c + 1.0 pyr_c	1.0 H2O H2O + 1.0 Isochorismate = 1.0 2,3-Dihydro-2,3-dihydroxybenzoate + 1.0 Pyruvate	1.0 CHEBI:13352 + 1.0 CHEBI:24883 = 1.0 CHEBI:11420 + 1.0 CHEBI:26462	{'ichor', '23ddhb', 'pyr', 'h2o'}	entB	P0ADI4
EX_ser__L_e	L-Serine exchange	Extracellular exchange	1.0 ser__L_e = 	1.0 L-Serine = 	1.0 CHEBI:32845 = 	{'ser__L'}	Unknown	Unknown
EX_thm_e	Thiamin exchange	Extracellular exchange	1.0 thm_e = 	1.0 Thiamin = 	1.0 CHEBI:33283 = 	{'thm'}	Unknown	Unknown
EX_trp__L_e	L-Tryptophan exchange	Extracellular exchange	1.0 trp__L_e = 	1.0 L-Tryptophan = 	1.0 CHEBI:13178 = 	{'trp__L'}	Unknown	Unknown
GLUTRR	Glutamyl-tRNA reductase	Cofactor and Prosthetic Group Biosynthesis	1.0 glutrna_c + 1.0 h_c + 1.0 nadph_c = 1.0 glu1sa_c + 1.0 nadp_c + 1.0 trnaglu_c	1.0 L-Glutamyl-tRNA(Glu) + 1.0 H+ + 1.0 Nicotinamide adenine dinucleotide phosphate - reduced = 1.0 L-Glutamate 1-semialdehyde + 1.0 Nicotinamide adenine dinucleotide phosphate + 1.0 TRNA (Glu)	1.0 CHEBI:29157 + 1.0 CHEBI:5584 + 1.0 CHEBI:16474 = 1.0 CHEBI:24312 + 1.0 CHEBI:29868 + 1.0 CHEBI:15175	{'glu1sa', 'glutrna', 'nadp', 'nadph', 'trnaglu', 'h'}	hemA	P0A6X1
GLCS1	Glycogen synthase (ADPGlc)	Glycolysis/Gluconeogenesis	1.0 adpglc_c = 1.0 adp_c + 1.0 glycogen_c + 1.0 h_c	1.0 ADPglucose C16H23N5O15P2 = 1.0 ADP C10H12N5O10P2 + 1.0 Glycogen C6H10O5 + 1.0 H+	1.0 CHEBI:40615 = 1.0 CHEBI:2342 + 1.0 CHEBI:24379 + 1.0 CHEBI:5584	{'glycogen', 'adp', 'h', 'adpglc'}	glgA	P0A6U8
GLCP	Glycogen phosphorylase	Glycolysis/Gluconeogenesis	1.0 glycogen_c + 1.0 pi_c = 1.0 g1p_c	1.0 Glycogen C6H10O5 + 1.0 Phosphate = 1.0 D-Glucose 1-phosphate	1.0 CHEBI:24379 + 1.0 CHEBI:26078 = 1.0 CHEBI:10246	{'glycogen', 'pi', 'g1p'}	glgP, malP	P0AC86, P00490
EX_din_e	Deoxyinosine exchange	Extracellular exchange	1.0 din_e = 	1.0 Deoxyinosine = 	1.0 CHEBI:43437 = 	{'din'}	Unknown	Unknown
RBK_L1	L-ribulokinase (L-ribulose)	Alternate Carbon Metabolism	1.0 atp_c + 1.0 rbl__L_c = 1.0 adp_c + 1.0 h_c + 1.0 ru5p__L_c	1.0 ATP C10H12N5O13P3 + 1.0 L-Ribulose = 1.0 ADP C10H12N5O10P2 + 1.0 H+ + 1.0 L-Ribulose 5-phosphate	1.0 CHEBI:15422 + 1.0 CHEBI:16880 = 1.0 CHEBI:2342 + 1.0 CHEBI:5584 + 1.0 CHEBI:21383	{'atp', 'ru5p__L', 'adp', 'rbl__L', 'h'}	araB	P08204
RBP4E	L-ribulose-phosphate 4-epimerase	Alternate Carbon Metabolism	1.0 ru5p__L_c = 1.0 xu5p__D_c	1.0 L-Ribulose 5-phosphate = 1.0 D-Xylulose 5-phosphate	1.0 CHEBI:21383 = 1.0 CHEBI:13036	{'ru5p__L', 'xu5p__D'}	araD, ulaF, sgbE	P08203, P39306, P37680
TARTD	L(+)-tartrate dehydratase	Alternate Carbon Metabolism	1.0 tartr__L_c = 1.0 h2o_c + 1.0 oaa_c	1.0 L-tartrate = 1.0 H2O H2O + 1.0 Oxaloacetate	1.0 CHEBI:15193 = 1.0 CHEBI:13352 + 1.0 CHEBI:25731	{'tartr__L', 'oaa', 'h2o'}	ttdB, ttdA	P0AC35, P05847
NTD2	5'-nucleotidase (UMP)	Nucleotide Salvage Pathway	1.0 h2o_c + 1.0 ump_c = 1.0 pi_c + 1.0 uri_c	1.0 H2O H2O + 1.0 UMP C9H11N2O9P = 1.0 Phosphate + 1.0 Uridine	1.0 CHEBI:13352 + 1.0 CHEBI:47721 = 1.0 CHEBI:26078 + 1.0 CHEBI:46386	{'ump', 'pi', 'uri', 'h2o'}	umpG, yjjG, umpH	P0A840, P0A8Y1, P0AF24
GLCRAL	5-dehydro-4-deoxyglucarate aldolase	Alternate Carbon Metabolism	1.0 5dh4dglc_c = 1.0 2h3oppan_c + 1.0 pyr_c	1.0 5-Dehydro-4-deoxy-D-glucarate = 1.0 2-Hydroxy-3-oxopropanoate + 1.0 Pyruvate	1.0 CHEBI:35453 = 1.0 CHEBI:57978 + 1.0 CHEBI:26462	{'pyr', '5dh4dglc', '2h3oppan'}	garL	P23522
NTD4	5'-nucleotidase (CMP)	Nucleotide Salvage Pathway	1.0 cmp_c + 1.0 h2o_c = 1.0 cytd_c + 1.0 pi_c	1.0 CMP C9H12N3O8P + 1.0 H2O H2O = 1.0 Cytidine + 1.0 Phosphate	1.0 CHEBI:60377 + 1.0 CHEBI:13352 = 1.0 CHEBI:41686 + 1.0 CHEBI:26078	{'cmp', 'cytd', 'pi', 'h2o'}	umpG, umpH	P0A840, P0AF24
NTD5	5'-nucleotidase (dTMP)	Nucleotide Salvage Pathway	1.0 dtmp_c + 1.0 h2o_c = 1.0 pi_c + 1.0 thymd_c	1.0 DTMP C10H13N2O8P + 1.0 H2O H2O = 1.0 Phosphate + 1.0 Thymidine C10H14N2O5	1.0 CHEBI:47711 + 1.0 CHEBI:13352 = 1.0 CHEBI:26078 + 1.0 CHEBI:45834	{'dtmp', 'pi', 'thymd', 'h2o'}	umpG, yjjG, yfbR, yfdR	P0A840, P0A8Y1, P76491, P76514
EX_fmn_e	FMN exchange	Extracellular exchange	1.0 fmn_e = 	1.0 FMN C17H19N4O9P = 	1.0 CHEBI:58210 = 	{'fmn'}	Unknown	Unknown
EX_gthox_e	Oxidized glutathione exchange	Extracellular exchange	1.0 gthox_e = 	1.0 Oxidized glutathione = 	1.0 CHEBI:42832 = 	{'gthox'}	Unknown	Unknown
KAS14	Beta-ketoacyl-ACP synthase	Membrane Lipid Metabolism	1.0 acACP_c + 1.0 h_c + 1.0 malACP_c = 1.0 ACP_c + 1.0 actACP_c + 1.0 co2_c	1.0 Acetyl-ACP + 1.0 H+ + 1.0 Malonyl-[acyl-carrier protein] = 1.0 Acyl carrier protein + 1.0 Acetoacetyl-ACP + 1.0 CO2 CO2	1.0 CHEBI:13713 + 1.0 CHEBI:5584 + 1.0 CHEBI:6662 = 1.0 CHEBI:14405 + 1.0 CHEBI:2393 + 1.0 CHEBI:23011	{'malACP', 'acACP', 'ACP', 'co2', 'actACP', 'h'}	fabB, fabF	P0A953, P0AAI5
HEMEOS	Heme O synthase	Cofactor and Prosthetic Group Biosynthesis	1.0 frdp_c + 1.0 h2o_c + 1.0 pheme_c = 1.0 hemeO_c + 1.0 ppi_c	1.0 Farnesyl diphosphate + 1.0 H2O H2O + 1.0 Protoheme C34H30FeN4O4 = 1.0 Heme O C49H56FeN4O5 + 1.0 Diphosphate	1.0 CHEBI:50277 + 1.0 CHEBI:13352 + 1.0 CHEBI:60344 = 1.0 CHEBI:24480 + 1.0 CHEBI:45212	{'frdp', 'ppi', 'h2o', 'hemeO', 'pheme'}	cyoE	P0AEA5
ADMDC	Adenosylmethionine decarboxylase	Arginine and Proline Metabolism	1.0 amet_c + 1.0 h_c = 1.0 ametam_c + 1.0 co2_c	1.0 S-Adenosyl-L-methionine + 1.0 H+ = 1.0 S-Adenosylmethioninamine + 1.0 CO2 CO2	1.0 CHEBI:33442 + 1.0 CHEBI:5584 = 1.0 CHEBI:22035 + 1.0 CHEBI:23011	{'amet', 'ametam', 'h', 'co2'}	speD	P0A7F6
AGMT	Agmatinase	Arginine and Proline Metabolism	1.0 agm_c + 1.0 h2o_c = 1.0 ptrc_c + 1.0 urea_c	1.0 Agmatine + 1.0 H2O H2O = 1.0 Putrescine + 1.0 Urea CH4N2O	1.0 CHEBI:17431 + 1.0 CHEBI:13352 = 1.0 CHEBI:8650 + 1.0 CHEBI:134711	{'agm', 'urea', 'ptrc', 'h2o'}	speB	P60651
NTD6	5'-nucleotidase (dAMP)	Nucleotide Salvage Pathway	1.0 damp_c + 1.0 h2o_c = 1.0 dad_2_c + 1.0 pi_c	1.0 DAMP C10H12N5O6P + 1.0 H2O H2O = 1.0 Deoxyadenosine + 1.0 Phosphate	1.0 CHEBI:17713 + 1.0 CHEBI:13352 = 1.0 CHEBI:19234 + 1.0 CHEBI:26078	{'pi', 'damp', 'dad_2', 'h2o'}	umpG, yfbR, yfdR	P0A840, P76491, P76514
LGTHL	Lactoylglutathione lyase	Methylglyoxal Metabolism	1.0 gthrd_c + 1.0 mthgxl_c = 1.0 lgt__S_c	1.0 Reduced glutathione + 1.0 Methylglyoxal = 1.0 (R)-S-Lactoylglutathione	1.0 CHEBI:43049 + 1.0 CHEBI:14599 = 1.0 CHEBI:57474	{'lgt__S', 'gthrd', 'mthgxl'}	gloA	P0AC81
PYDXPP	Pyridoxal 5-phosphate phosphatase	Cofactor and Prosthetic Group Biosynthesis	1.0 h2o_c + 1.0 pydx5p_c = 1.0 pi_c + 1.0 pydx_c	1.0 H2O H2O + 1.0 Pyridoxal 5'-phosphate = 1.0 Phosphate + 1.0 Pyridoxal	1.0 CHEBI:13352 + 1.0 CHEBI:8668 = 1.0 CHEBI:26078 + 1.0 CHEBI:45112	{'pydx5p', 'pi', 'pydx', 'h2o'}	cof, yigL, ybhA, umpH	P46891, P27848, P21829, P0AF24
PDXPP	Pyridoxine 5-phosphate phosphatase	Cofactor and Prosthetic Group Biosynthesis	1.0 h2o_c + 1.0 pdx5p_c = 1.0 pi_c + 1.0 pydxn_c	1.0 H2O H2O + 1.0 Pyridoxine 5'-phosphate = 1.0 Phosphate + 1.0 Pyridoxine	1.0 CHEBI:13352 + 1.0 CHEBI:26430 = 1.0 CHEBI:26078 + 1.0 CHEBI:14981	{'pdx5p', 'pydxn', 'pi', 'h2o'}	ybhA	P21829
ARGDC	Arginine decarboxylase	Arginine and Proline Metabolism	1.0 arg__L_c + 1.0 h_c = 1.0 agm_c + 1.0 co2_c	1.0 L-Arginine + 1.0 H+ = 1.0 Agmatine + 1.0 CO2 CO2	1.0 CHEBI:32683 + 1.0 CHEBI:5584 = 1.0 CHEBI:17431 + 1.0 CHEBI:23011	{'agm', 'arg__L', 'h', 'co2'}	adiA	P28629
HACD6	3-hydroxyacyl-CoA dehydrogenase (3-oxotetradecanoyl-CoA)	Membrane Lipid Metabolism	1.0 3otdcoa_c + 1.0 h_c + 1.0 nadh_c = 1.0 3htdcoa_c + 1.0 nad_c	1.0 3-Oxotetradecanoyl-CoA + 1.0 H+ + 1.0 Nicotinamide adenine dinucleotide - reduced = 1.0 (S)-3-Hydroxytetradecanoyl-CoA + 1.0 Nicotinamide adenine dinucleotide	1.0 CHEBI:62543 + 1.0 CHEBI:5584 + 1.0 CHEBI:13395 = 1.0 CHEBI:400 + 1.0 CHEBI:7422	{'3htdcoa', '3otdcoa', 'nad', 'nadh', 'h'}	fadB, fadJ	P21177, P77399
ECOAH1	3-hydroxyacyl-CoA dehydratase (3-hydroxybutanoyl-CoA)	Membrane Lipid Metabolism	1.0 3hbcoa_c = 1.0 b2coa_c + 1.0 h2o_c	1.0 (S)-3-Hydroxybutanoyl-CoA = 1.0 Crotonoyl-CoA + 1.0 H2O H2O	1.0 CHEBI:18749 = 1.0 CHEBI:3928 + 1.0 CHEBI:13352	{'b2coa', '3hbcoa', 'h2o'}	fadJ, fadB	P77399, P21177
ECOAH2	3-hydroxyacyl-CoA dehydratase (3-hydroxyhexanoyl-CoA)	Membrane Lipid Metabolism	1.0 3hhcoa_c = 1.0 h2o_c + 1.0 hx2coa_c	1.0 (S)-3-Hydroxyhexanoyl-CoA = 1.0 H2O H2O + 1.0 Trans-Hex-2-enoyl-CoA	1.0 CHEBI:62075 = 1.0 CHEBI:13352 + 1.0 CHEBI:27076	{'3hhcoa', 'hx2coa', 'h2o'}	fadJ, fadB	P77399, P21177
ARGSS	Argininosuccinate synthase	Arginine and Proline Metabolism	1.0 asp__L_c + 1.0 atp_c + 1.0 citr__L_c = 1.0 amp_c + 1.0 argsuc_c + 1.0 h_c + 1.0 ppi_c	1.0 L-Aspartate + 1.0 ATP C10H12N5O13P3 + 1.0 L-Citrulline = 1.0 AMP C10H12N5O7P + 1.0 N(omega)-(L-Arginino)succinate + 1.0 H+ + 1.0 Diphosphate	1.0 CHEBI:17053 + 1.0 CHEBI:15422 + 1.0 CHEBI:41489 = 1.0 CHEBI:13736 + 1.0 CHEBI:7098 + 1.0 CHEBI:5584 + 1.0 CHEBI:45212	{'atp', 'asp__L', 'ppi', 'argsuc', 'citr__L', 'amp', 'h'}	argG	P0A6E4
AGPR	N-acetyl-g-glutamyl-phosphate reductase	Arginine and Proline Metabolism	1.0 acg5sa_c + 1.0 nadp_c + 1.0 pi_c = 1.0 acg5p_c + 1.0 h_c + 1.0 nadph_c	1.0 N-Acetyl-L-glutamate 5-semialdehyde + 1.0 Nicotinamide adenine dinucleotide phosphate + 1.0 Phosphate = 1.0 N-Acetyl-L-glutamyl 5-phosphate + 1.0 H+ + 1.0 Nicotinamide adenine dinucleotide phosphate - reduced	1.0 CHEBI:16319 + 1.0 CHEBI:29868 + 1.0 CHEBI:26078 = 1.0 CHEBI:21550 + 1.0 CHEBI:5584 + 1.0 CHEBI:16474	{'nadp', 'nadph', 'pi', 'acg5p', 'acg5sa', 'h'}	argC	P11446
SPMS	Spermidine synthase	Arginine and Proline Metabolism	1.0 ametam_c + 1.0 ptrc_c = 1.0 5mta_c + 1.0 h_c + 1.0 spmd_c	1.0 S-Adenosylmethioninamine + 1.0 Putrescine = 1.0 5-Methylthioadenosine + 1.0 H+ + 1.0 Spermidine	1.0 CHEBI:22035 + 1.0 CHEBI:8650 = 1.0 CHEBI:1966 + 1.0 CHEBI:5584 + 1.0 CHEBI:57834	{'ametam', '5mta', 'spmd', 'ptrc', 'h'}	speE	P09158
G1SAT	Glutamate-1-semialdehyde aminotransferase	Cofactor and Prosthetic Group Biosynthesis	1.0 glu1sa_c = 1.0 5aop_c	1.0 L-Glutamate 1-semialdehyde = 1.0 5-Amino-4-oxopentanoate	1.0 CHEBI:24312 = 1.0 CHEBI:20547	{'5aop', 'glu1sa'}	hemL	P23893
KDOCT2	3-deoxy-manno-octulosonate cytidylyltransferase	Lipopolysaccharide Biosynthesis / Recycling	1.0 ctp_c + 1.0 kdo_c = 1.0 ckdo_c + 1.0 ppi_c	1.0 CTP C9H12N3O14P3 + 1.0 3-Deoxy-D-manno-2-octulosonate = 1.0 CMP-3-deoxy-D-manno-octulosonate + 1.0 Diphosphate	1.0 CHEBI:3285 + 1.0 CHEBI:43577 = 1.0 CHEBI:59825 + 1.0 CHEBI:45212	{'ctp', 'kdo', 'ckdo', 'ppi'}	kdsB	P04951
ECOAH3	3-hydroxyacyl-CoA dehydratase (3-hydroxyoctanoyl-CoA)	Membrane Lipid Metabolism	1.0 3hocoa_c = 1.0 h2o_c + 1.0 oc2coa_c	1.0 (S)-3-Hydroxyoctanoyl-CoA = 1.0 H2O H2O + 1.0 Trans-Oct-2-enoyl-CoA	1.0 CHEBI:395 = 1.0 CHEBI:13352 + 1.0 CHEBI:62242	{'oc2coa', '3hocoa', 'h2o'}	fadJ, fadB	P77399, P21177
UGLT	UDPglucose--hexose-1-phosphate uridylyltransferase	Alternate Carbon Metabolism	1.0 gal1p_c + 1.0 udpg_c = 1.0 g1p_c + 1.0 udpgal_c	1.0 Alpha-D-Galactose 1-phosphate + 1.0 UDPglucose = 1.0 D-Glucose 1-phosphate + 1.0 UDPgalactose	1.0 CHEBI:42878 + 1.0 CHEBI:13505 = 1.0 CHEBI:10246 + 1.0 CHEBI:22100	{'udpgal', 'g1p', 'udpg', 'gal1p'}	galT	P09148
EDTXS1	Endotoxin Synthesis (lauroyl transferase)	Lipopolysaccharide Biosynthesis / Recycling	1.0 ddcaACP_c + 1.0 kdo2lipid4_c = 1.0 ACP_c + 1.0 kdo2lipid4L_c	1.0 Dodecanoyl-ACP (n-C12:0ACP) + 1.0 KDO(2)-lipid IV(A) = 1.0 Acyl carrier protein + 1.0 KDO(2)-lipid IV(A) with laurate	1.0 Unknown + 1.0 CHEBI:28526 = 1.0 CHEBI:14405 + 1.0 CHEBI:6393	{'kdo2lipid4L', 'ddcaACP', 'ACP', 'kdo2lipid4'}	lpxL	P0ACV0
DXPS	1-deoxy-D-xylulose 5-phosphate synthase	Cofactor and Prosthetic Group Biosynthesis	1.0 g3p_c + 1.0 h_c + 1.0 pyr_c = 1.0 co2_c + 1.0 dxyl5p_c	1.0 Glyceraldehyde 3-phosphate + 1.0 H+ + 1.0 Pyruvate = 1.0 CO2 CO2 + 1.0 1-deoxy-D-xylulose 5-phosphate	1.0 CHEBI:5446 + 1.0 CHEBI:5584 + 1.0 CHEBI:26462 = 1.0 CHEBI:23011 + 1.0 CHEBI:57792	{'dxyl5p', 'co2', 'pyr', 'g3p', 'h'}	dxs	P77488
OAADC	Oxaloacetate decarboxylase	Pyruvate Metabolism	1.0 h_c + 1.0 oaa_c = 1.0 co2_c + 1.0 pyr_c	1.0 H+ + 1.0 Oxaloacetate = 1.0 CO2 CO2 + 1.0 Pyruvate	1.0 CHEBI:5584 + 1.0 CHEBI:25731 = 1.0 CHEBI:23011 + 1.0 CHEBI:26462	{'pyr', 'h', 'oaa', 'co2'}	eda	P0A955
MNNH	D-mannonate hydrolyase	Alternate Carbon Metabolism	1.0 mana_c = 1.0 2ddglcn_c + 1.0 h2o_c	1.0 D-Mannonate = 1.0 2-Dehydro-3-deoxy-D-gluconate + 1.0 H2O H2O	1.0 CHEBI:21053 = 1.0 CHEBI:1059 + 1.0 CHEBI:13352	{'mana', '2ddglcn', 'h2o'}	uxuA	P24215
CDPMEK	4-(cytidine 5'-diphospho)-2-C-methyl-D-erythritol kinase	Cofactor and Prosthetic Group Biosynthesis	1.0 4c2me_c + 1.0 atp_c = 1.0 2p4c2me_c + 1.0 adp_c + 1.0 h_c	1.0 4-(cytidine 5'-diphospho)-2-C-methyl-D-erythritol + 1.0 ATP C10H12N5O13P3 = 1.0 2-phospho-4-(cytidine 5'-diphospho)-2-C-methyl-D-erythritol + 1.0 ADP C10H12N5O10P2 + 1.0 H+	1.0 CHEBI:16578 + 1.0 CHEBI:15422 = 1.0 CHEBI:57919 + 1.0 CHEBI:2342 + 1.0 CHEBI:5584	{'atp', 'adp', '2p4c2me', '4c2me', 'h'}	ispE	P62615
EDTXS2	Endotoxin Synthesis (myristoyl transferase)	Lipopolysaccharide Biosynthesis / Recycling	1.0 kdo2lipid4L_c + 1.0 myrsACP_c = 1.0 ACP_c + 1.0 lipa_c	1.0 KDO(2)-lipid IV(A) with laurate + 1.0 Myristoyl-ACP (n-C14:0ACP) = 1.0 Acyl carrier protein + 1.0 KDO(2)-lipid (A)	1.0 CHEBI:6393 + 1.0 Unknown = 1.0 CHEBI:14405 + 1.0 CHEBI:27963	{'myrsACP', 'kdo2lipid4L', 'ACP', 'lipa'}	lpxM	P24205
ALTRH	Altronate hydrolase	Alternate Carbon Metabolism	1.0 altrn_c = 1.0 2ddglcn_c + 1.0 h2o_c	1.0 D-Altronate = 1.0 2-Dehydro-3-deoxy-D-gluconate + 1.0 H2O H2O	1.0 CHEBI:46644 = 1.0 CHEBI:1059 + 1.0 CHEBI:13352	{'h2o', '2ddglcn', 'altrn'}	uxaA	P42604
MECDPS	2-C-methyl-D-erythritol 2,4-cyclodiphosphate synthase	Cofactor and Prosthetic Group Biosynthesis	1.0 2p4c2me_c = 1.0 2mecdp_c + 1.0 cmp_c	1.0 2-phospho-4-(cytidine 5'-diphospho)-2-C-methyl-D-erythritol = 1.0 2-C-methyl-D-erythritol 2,4-cyclodiphosphate + 1.0 CMP C9H12N3O8P	1.0 CHEBI:57919 = 1.0 CHEBI:1029 + 1.0 CHEBI:60377	{'cmp', '2p4c2me', '2mecdp'}	ispF	P62617
GUI1	Glucuronate isomerase (D-glucuronate)	Alternate Carbon Metabolism	1.0 glcur_c = 1.0 fruur_c	1.0 D-Glucuronate = 1.0 D-Fructuronate	1.0 CHEBI:12975 = 1.0 CHEBI:47950	{'fruur', 'glcur'}	uxaC	P0A8G3
EDTXS3	Endotoxin Synthesis (palmitoleoyl ACP)	Lipopolysaccharide Biosynthesis / Recycling	1.0 hdeACP_c + 1.0 kdo2lipid4_c = 1.0 ACP_c + 1.0 kdo2lipid4p_c	1.0 Cis-hexadec-9-enoyl-[acyl-carrier protein] (n-C16:1) + 1.0 KDO(2)-lipid IV(A) = 1.0 Acyl carrier protein + 1.0 KDO(2)-lipid IV(A) with palmitoleoyl	1.0 Unknown + 1.0 CHEBI:28526 = 1.0 CHEBI:14405 + 1.0 Unknown	{'kdo2lipid4p', 'hdeACP', 'ACP', 'kdo2lipid4'}	lpxP	P0ACV2
PGAMT	Phosphoglucosamine mutase	Cell Envelope Biosynthesis	1.0 gam1p_c = 1.0 gam6p_c	1.0 D-Glucosamine 1-phosphate = 1.0 D-Glucosamine 6-phosphate	1.0 CHEBI:12316 = 1.0 CHEBI:12962	{'gam1p', 'gam6p'}	glmM	P31120
DDGLK	2-dehydro-3-deoxygluconokinase	Alternate Carbon Metabolism	1.0 2ddglcn_c + 1.0 atp_c = 1.0 2ddg6p_c + 1.0 adp_c + 1.0 h_c	1.0 2-Dehydro-3-deoxy-D-gluconate + 1.0 ATP C10H12N5O13P3 = 1.0 2-Dehydro-3-deoxy-D-gluconate 6-phosphate + 1.0 ADP C10H12N5O10P2 + 1.0 H+	1.0 CHEBI:1059 + 1.0 CHEBI:15422 = 1.0 CHEBI:57569 + 1.0 CHEBI:2342 + 1.0 CHEBI:5584	{'2ddg6p', 'atp', 'adp', '2ddglcn', 'h'}	kdgK	P37647
EDTXS4	Endotoxin Synthesis (myristoyl transferase)	Lipopolysaccharide Biosynthesis / Recycling	1.0 kdo2lipid4p_c + 1.0 myrsACP_c = 1.0 ACP_c + 1.0 lipa_cold_c	1.0 KDO(2)-lipid IV(A) with palmitoleoyl + 1.0 Myristoyl-ACP (n-C14:0ACP) = 1.0 Acyl carrier protein + 1.0 Cold adapted KDO(2)-lipid (A)	1.0 Unknown + 1.0 Unknown = 1.0 CHEBI:14405 + 1.0 CHEBI:61556	{'lipa_cold', 'kdo2lipid4p', 'ACP', 'myrsACP'}	lpxM	P24205
XYLI2	Xylose isomerase	Alternate Carbon Metabolism	1.0 glc__D_c = 1.0 fru_c	1.0 D-Glucose = 1.0 D-Fructose	1.0 CHEBI:12965 = 1.0 CHEBI:47424	{'fru', 'glc__D'}	xylA	P00944
PMANM	Phosphomannomutase	Alternate Carbon Metabolism	1.0 man1p_c = 1.0 man6p_c	1.0 D-Mannose 1-phosphate = 1.0 D-Mannose 6-phosphate	1.0 CHEBI:35374 = 1.0 CHEBI:58735	{'man6p', 'man1p'}	cpsG	P24175
ICL	Isocitrate lyase	Anaplerotic Reactions	1.0 icit_c = 1.0 glx_c + 1.0 succ_c	1.0 Isocitrate = 1.0 Glyoxylate + 1.0 Succinate	1.0 CHEBI:16087 = 1.0 CHEBI:24420 + 1.0 CHEBI:22941	{'glx', 'succ', 'icit'}	aceA	P0A9G6
UAGDP	UDP-N-acetylglucosamine diphosphorylase	Cell Envelope Biosynthesis	1.0 acgam1p_c + 1.0 h_c + 1.0 utp_c = 1.0 ppi_c + 1.0 uacgam_c	1.0 N-Acetyl-D-glucosamine 1-phosphate + 1.0 H+ + 1.0 UTP C9H11N2O15P3 = 1.0 Diphosphate + 1.0 UDP-N-acetyl-D-glucosamine	1.0 CHEBI:7125 + 1.0 CHEBI:5584 + 1.0 CHEBI:9850 = 1.0 CHEBI:45212 + 1.0 CHEBI:13473	{'utp', 'acgam1p', 'ppi', 'uacgam', 'h'}	glmU	P0ACC7
UAGCVT	UDP-N-acetylglucosamine 1-carboxyvinyltransferase	Cell Envelope Biosynthesis	1.0 pep_c + 1.0 uacgam_c = 1.0 pi_c + 1.0 uaccg_c	1.0 Phosphoenolpyruvate + 1.0 UDP-N-acetyl-D-glucosamine = 1.0 Phosphate + 1.0 UDP-N-acetyl-3-O-(1-carboxyvinyl)-D-glucosamine	1.0 CHEBI:18021 + 1.0 CHEBI:13473 = 1.0 CHEBI:26078 + 1.0 CHEBI:68507	{'uaccg', 'pi', 'pep', 'uacgam'}	murA	P0A749
GLUR	Glutamate racemase	Cell Envelope Biosynthesis	1.0 glu__D_c = 1.0 glu__L_c	1.0 D-Glutamate = 1.0 L-Glutamate	1.0 CHEBI:29986 = 1.0 CHEBI:76051	{'glu__L', 'glu__D'}	murI	P22634
EX_tmao_e	Trimethylamine N-oxide exchange	Extracellular exchange	1.0 tmao_e = 	1.0 Trimethylamine N-oxide = 	1.0 CHEBI:15724 = 	{'tmao'}	Unknown	Unknown
UAG2E	UDP-N-acetylglucosamine 2-epimerase	Cell Envelope Biosynthesis	1.0 uacgam_c = 1.0 uacmam_c	1.0 UDP-N-acetyl-D-glucosamine = 1.0 UDP-N-acetyl-D-mannosamine	1.0 CHEBI:13473 = 1.0 CHEBI:13474	{'uacmam', 'uacgam'}	wecB	P27828
EX_acald_e	Acetaldehyde exchange	Extracellular exchange	1.0 acald_e = 	1.0 Acetaldehyde = 	1.0 CHEBI:40533 = 	{'acald'}	Unknown	Unknown
GLYCL	Glycine Cleavage System	Folate Metabolism	1.0 gly_c + 1.0 nad_c + 1.0 thf_c = 1.0 co2_c + 1.0 mlthf_c + 1.0 nadh_c + 1.0 nh4_c	1.0 Glycine + 1.0 Nicotinamide adenine dinucleotide + 1.0 5,6,7,8-Tetrahydrofolate = 1.0 CO2 CO2 + 1.0 5,10-Methylenetetrahydrofolate + 1.0 Nicotinamide adenine dinucleotide - reduced + 1.0 Ammonium	1.0 CHEBI:32508 + 1.0 CHEBI:7422 + 1.0 CHEBI:57453 = 1.0 CHEBI:23011 + 1.0 CHEBI:10925 + 1.0 CHEBI:13395 + 1.0 CHEBI:44284	{'nh4', 'thf', 'co2', 'gly', 'nad', 'mlthf', 'nadh'}	gcvH, gcvP, lpd, gcvT	P0A6T9, P33195, P0A9P0, P27248
CMPN	CMP nucleosidase	Nucleotide Salvage Pathway	1.0 cmp_c + 1.0 h2o_c = 1.0 csn_c + 1.0 r5p_c	1.0 CMP C9H12N3O8P + 1.0 H2O H2O = 1.0 Cytosine + 1.0 Alpha-D-Ribose 5-phosphate	1.0 CHEBI:60377 + 1.0 CHEBI:13352 = 1.0 CHEBI:23531 + 1.0 CHEBI:18189	{'cmp', 'csn', 'r5p', 'h2o'}	Unknown	Unknown
NNDPR	Nicotinate-nucleotide diphosphorylase (carboxylating)	Cofactor and Prosthetic Group Biosynthesis	2.0 h_c + 1.0 prpp_c + 1.0 quln_c = 1.0 co2_c + 1.0 nicrnt_c + 1.0 ppi_c	2.0 H+ + 1.0 5-Phospho-alpha-D-ribose 1-diphosphate + 1.0 Quinolinate = 1.0 CO2 CO2 + 1.0 Nicotinate D-ribonucleotide + 1.0 Diphosphate	2.0 CHEBI:5584 + 1.0 CHEBI:2121 + 1.0 CHEBI:14975 = 1.0 CHEBI:23011 + 1.0 CHEBI:7561 + 1.0 CHEBI:45212	{'prpp', 'quln', 'ppi', 'nicrnt', 'co2', 'h'}	nadC	P30011
HCYSMT	Homocysteine S-methyltransferase	Methionine Metabolism	1.0 amet_c + 1.0 hcys__L_c = 1.0 ahcys_c + 1.0 h_c + 1.0 met__L_c	1.0 S-Adenosyl-L-methionine + 1.0 L-Homocysteine = 1.0 S-Adenosyl-L-homocysteine + 1.0 H+ + 1.0 L-Methionine	1.0 CHEBI:33442 + 1.0 CHEBI:43117 = 1.0 CHEBI:12741 + 1.0 CHEBI:5584 + 1.0 CHEBI:32644	{'met__L', 'amet', 'ahcys', 'hcys__L', 'h'}	mmuM	Q47690
EX_melib_e	Melibiose exchange	Extracellular exchange	1.0 melib_e = 	1.0 Melibiose C12H22O11 = 	1.0 CHEBI:61827 = 	{'melib'}	Unknown	Unknown
MACPD	Malonyl-ACP decarboxylase	Membrane Lipid Metabolism	1.0 h_c + 1.0 malACP_c = 1.0 acACP_c + 1.0 co2_c	1.0 H+ + 1.0 Malonyl-[acyl-carrier protein] = 1.0 Acetyl-ACP + 1.0 CO2 CO2	1.0 CHEBI:5584 + 1.0 CHEBI:6662 = 1.0 CHEBI:13713 + 1.0 CHEBI:23011	{'malACP', 'h', 'acACP', 'co2'}	fabB	P0A953
DMQMT	3-Dimethylubiquinonol 3-methyltransferase	Cofactor and Prosthetic Group Biosynthesis	1.0 2omhmbl_c + 1.0 amet_c = 1.0 ahcys_c + 1.0 h_c + 1.0 q8h2_c	1.0 2-Octaprenyl-3-methyl-5-hydroxy-6-methoxy-1,4-benzoquinol + 1.0 S-Adenosyl-L-methionine = 1.0 S-Adenosyl-L-homocysteine + 1.0 H+ + 1.0 Ubiquinol-8	1.0 CHEBI:61705 + 1.0 CHEBI:33442 = 1.0 CHEBI:12741 + 1.0 CHEBI:5584 + 1.0 CHEBI:61682	{'2omhmbl', 'amet', 'q8h2', 'ahcys', 'h'}	ubiG	P17993
UDPG4E	UDPglucose 4-epimerase	Alternate Carbon Metabolism	1.0 udpg_c = 1.0 udpgal_c	1.0 UDPglucose = 1.0 UDPgalactose	1.0 CHEBI:13505 = 1.0 CHEBI:22100	{'udpgal', 'udpg'}	galE	P09147
LACZ	B-galactosidase	Alternate Carbon Metabolism	1.0 h2o_c + 1.0 lcts_c = 1.0 gal_c + 1.0 glc__D_c	1.0 H2O H2O + 1.0 Lactose C12H22O11 = 1.0 D-Galactose + 1.0 D-Glucose	1.0 CHEBI:13352 + 1.0 CHEBI:14497 = 1.0 CHEBI:12936 + 1.0 CHEBI:12965	{'lcts', 'glc__D', 'gal', 'h2o'}	lacZ	P00722
TRE6PH	Trehalose-6-phosphate hydrolase	Alternate Carbon Metabolism	1.0 h2o_c + 1.0 tre6p_c = 1.0 g6p_c + 1.0 glc__D_c	1.0 H2O H2O + 1.0 Alpha,alpha'-Trehalose 6-phosphate = 1.0 D-Glucose 6-phosphate + 1.0 D-Glucose	1.0 CHEBI:13352 + 1.0 CHEBI:12285 = 1.0 CHEBI:61548 + 1.0 CHEBI:12965	{'glc__D', 'tre6p', 'g6p', 'h2o'}	treC	P28904
XYLI1	Xylose isomerase	Alternate Carbon Metabolism	1.0 xyl__D_c = 1.0 xylu__D_c	1.0 D-Xylose = 1.0 D-Xylulose	1.0 CHEBI:65327 = 1.0 CHEBI:4268	{'xylu__D', 'xyl__D'}	xylA	P00944
PPC	Phosphoenolpyruvate carboxylase	Anaplerotic Reactions	1.0 co2_c + 1.0 h2o_c + 1.0 pep_c = 1.0 h_c + 1.0 oaa_c + 1.0 pi_c	1.0 CO2 CO2 + 1.0 H2O H2O + 1.0 Phosphoenolpyruvate = 1.0 H+ + 1.0 Oxaloacetate + 1.0 Phosphate	1.0 CHEBI:23011 + 1.0 CHEBI:13352 + 1.0 CHEBI:18021 = 1.0 CHEBI:5584 + 1.0 CHEBI:25731 + 1.0 CHEBI:26078	{'pep', 'oaa', 'h2o', 'co2', 'pi', 'h'}	ppc	P00864
ICHORS_copy1	Isochorismate synthase	Cofactor and Prosthetic Group Biosynthesis	1.0 chor_c = 1.0 ichor_c	1.0 Chorismate = 1.0 Isochorismate	1.0 CHEBI:23225 = 1.0 CHEBI:24883	{'ichor', 'chor'}	entC	P0AEJ2
EX_sucr_e	Sucrose exchange	Extracellular exchange	1.0 sucr_e = 	1.0 Sucrose C12H22O11 = 	1.0 CHEBI:9314 = 	{'sucr'}	Unknown	Unknown
ALDD4	Aldehyde dehydrogenase (butanal, NAD)	Alternate Carbon Metabolism	1.0 btal_c + 1.0 h2o_c + 1.0 nad_c = 1.0 but_c + 2.0 h_c + 1.0 nadh_c	1.0 Butanal C4H8O + 1.0 H2O H2O + 1.0 Nicotinamide adenine dinucleotide = 1.0 Butyrate (n-C4:0) + 2.0 H+ + 1.0 Nicotinamide adenine dinucleotide - reduced	1.0 CHEBI:22938 + 1.0 CHEBI:13352 + 1.0 CHEBI:7422 = 1.0 Unknown + 2.0 CHEBI:5584 + 1.0 CHEBI:13395	{'h2o', 'btal', 'nad', 'but', 'nadh', 'h'}	Unknown	Unknown
HACD4	3-hydroxyacyl-CoA dehydrogenase (3-oxodecanoyl-CoA)	Membrane Lipid Metabolism	1.0 3odcoa_c + 1.0 h_c + 1.0 nadh_c = 1.0 3hdcoa_c + 1.0 nad_c	1.0 3-Oxodecanoyl-CoA + 1.0 H+ + 1.0 Nicotinamide adenine dinucleotide - reduced = 1.0 (S)-3-Hydroxydecanoyl-CoA + 1.0 Nicotinamide adenine dinucleotide	1.0 CHEBI:1633 + 1.0 CHEBI:5584 + 1.0 CHEBI:13395 = 1.0 CHEBI:62616 + 1.0 CHEBI:7422	{'3odcoa', '3hdcoa', 'nad', 'nadh', 'h'}	fadB, fadJ	P21177, P77399
G3PT	Glycerol-3-phosphatase	Alternate Carbon Metabolism	1.0 glyc3p_c + 1.0 h2o_c = 1.0 glyc_c + 1.0 pi_c	1.0 Glycerol 3-phosphate + 1.0 H2O H2O = 1.0 Glycerol + 1.0 Phosphate	1.0 CHEBI:12843 + 1.0 CHEBI:13352 = 1.0 CHEBI:5448 + 1.0 CHEBI:26078	{'glyc', 'pi', 'glyc3p', 'h2o'}	ybiV, umpH	P75792, P0AF24
CINNDO	Cinnamate dioxygenase	Alternate Carbon Metabolism	1.0 cinnm_c + 1.0 h_c + 1.0 nadh_c + 1.0 o2_c = 1.0 cenchddd_c + 1.0 nad_c	1.0 Trans-Cinnamate + 1.0 H+ + 1.0 Nicotinamide adenine dinucleotide - reduced + 1.0 O2 O2 = 1.0 Cis-3-(3-carboxyethenyl)-3,5-cyclohexadiene-1,2-diol + 1.0 Nicotinamide adenine dinucleotide	1.0 CHEBI:23248 + 1.0 CHEBI:5584 + 1.0 CHEBI:13395 + 1.0 CHEBI:7860 = 1.0 CHEBI:61462 + 1.0 CHEBI:7422	{'cinnm', 'cenchddd', 'o2', 'nad', 'nadh', 'h'}	hcaD, hcaE, hcaC, hcaF	P77650, P0ABR5, P0ABW0, Q47140
DHPPD	2,3-dihydroxyphenylpropionate dehydrogenase	Alternate Carbon Metabolism	1.0 cechddd_c + 1.0 nad_c = 1.0 dhpppn_c + 1.0 h_c + 1.0 nadh_c	1.0 Cis-3-(3-carboxyethyl)-3,5-cyclohexadiene-1,2-diol + 1.0 Nicotinamide adenine dinucleotide = 1.0 3-(2,3-Dihydroxyphenyl)propanoate + 1.0 H+ + 1.0 Nicotinamide adenine dinucleotide - reduced	1.0 CHEBI:48691 + 1.0 CHEBI:7422 = 1.0 CHEBI:46951 + 1.0 CHEBI:5584 + 1.0 CHEBI:13395	{'dhpppn', 'cechddd', 'nad', 'nadh', 'h'}	hcaB	P0CI31
EX_tre_e	Trehalose exchange	Extracellular exchange	1.0 tre_e = 	1.0 Trehalose = 	1.0 CHEBI:46211 = 	{'tre'}	Unknown	Unknown
EX_zn2_e	Zinc exchange	Extracellular exchange	1.0 zn2_e = 	1.0 Zinc = 	1.0 CHEBI:49982 = 	{'zn2'}	Unknown	Unknown
HACD5	3-hydroxyacyl-CoA dehydrogenase (3-oxododecanoyl-CoA)	Membrane Lipid Metabolism	1.0 3oddcoa_c + 1.0 h_c + 1.0 nadh_c = 1.0 3hddcoa_c + 1.0 nad_c	1.0 3-Oxododecanoyl-CoA + 1.0 H+ + 1.0 Nicotinamide adenine dinucleotide - reduced = 1.0 (S)-3-Hydroxydodecanoyl-CoA + 1.0 Nicotinamide adenine dinucleotide	1.0 CHEBI:1636 + 1.0 CHEBI:5584 + 1.0 CHEBI:13395 = 1.0 CHEBI:396 + 1.0 CHEBI:7422	{'nad', '3hddcoa', '3oddcoa', 'nadh', 'h'}	fadB, fadJ	P21177, P77399
DHCIND	2,3-dihydroxycinnamate dehydrogenase	Alternate Carbon Metabolism	1.0 cenchddd_c + 1.0 nad_c = 1.0 dhcinnm_c + 1.0 h_c + 1.0 nadh_c	1.0 Cis-3-(3-carboxyethenyl)-3,5-cyclohexadiene-1,2-diol + 1.0 Nicotinamide adenine dinucleotide = 1.0 2,3-dihydroxicinnamic acid + 1.0 H+ + 1.0 Nicotinamide adenine dinucleotide - reduced	1.0 CHEBI:61462 + 1.0 CHEBI:7422 = 1.0 CHEBI:58642 + 1.0 CHEBI:5584 + 1.0 CHEBI:13395	{'dhcinnm', 'cenchddd', 'nad', 'nadh', 'h'}	hcaB	P0CI31
HACD7	3-hydroxyacyl-CoA dehydrogenase (3-oxohexadecanoyl-CoA)	Membrane Lipid Metabolism	1.0 3ohdcoa_c + 1.0 h_c + 1.0 nadh_c = 1.0 3hhdcoa_c + 1.0 nad_c	1.0 3-Oxohexadecanoyl-CoA + 1.0 H+ + 1.0 Nicotinamide adenine dinucleotide - reduced = 1.0 (S)-3-Hydroxyhexadecanoyl-CoA + 1.0 Nicotinamide adenine dinucleotide	1.0 CHEBI:1647 + 1.0 CHEBI:5584 + 1.0 CHEBI:13395 = 1.0 CHEBI:397 + 1.0 CHEBI:7422	{'3ohdcoa', '3hhdcoa', 'nad', 'nadh', 'h'}	fadJ, fadB	P77399, P21177
CITL	Citrate lyase	Citric Acid Cycle	1.0 cit_c = 1.0 ac_c + 1.0 oaa_c	1.0 Citrate = 1.0 Acetate + 1.0 Oxaloacetate	1.0 CHEBI:35802 = 1.0 CHEBI:13704 + 1.0 CHEBI:25731	{'cit', 'oaa', 'ac'}	citX, citD, citE, citF	P0A6G5, P69330, P0A9I1, P75726
GOFUCR	GDP-4-oxo-L-fucose reductase	Cell Envelope Biosynthesis	1.0 gdpofuc_c + 1.0 h_c + 1.0 nadph_c = 1.0 gdpfuc_c + 1.0 nadp_c	1.0 GDP-4-oxo-L-fucose + 1.0 H+ + 1.0 Nicotinamide adenine dinucleotide phosphate - reduced = 1.0 GDP-L-fucose + 1.0 Nicotinamide adenine dinucleotide phosphate	1.0 CHEBI:21155 + 1.0 CHEBI:5584 + 1.0 CHEBI:16474 = 1.0 CHEBI:13335 + 1.0 CHEBI:29868	{'nadp', 'nadph', 'gdpfuc', 'gdpofuc', 'h'}	wcaG	P32055
PYDXK	Pyridoxal kinase	Cofactor and Prosthetic Group Biosynthesis	1.0 atp_c + 1.0 pydx_c = 1.0 adp_c + 1.0 h_c + 1.0 pydx5p_c	1.0 ATP C10H12N5O13P3 + 1.0 Pyridoxal = 1.0 ADP C10H12N5O10P2 + 1.0 H+ + 1.0 Pyridoxal 5'-phosphate	1.0 CHEBI:15422 + 1.0 CHEBI:45112 = 1.0 CHEBI:2342 + 1.0 CHEBI:5584 + 1.0 CHEBI:8668	{'atp', 'pydx', 'adp', 'pydx5p', 'h'}	pdxK, pdxY	P40191, P77150
DNMPPA	Dihydroneopterin monophosphate dephosphorylase	Cofactor and Prosthetic Group Biosynthesis	1.0 dhpmp_c + 1.0 h2o_c = 1.0 dhnpt_c + 1.0 pi_c	1.0 Dihydroneopterin monophosphate + 1.0 H2O H2O = 1.0 Dihydroneopterin + 1.0 Phosphate	1.0 CHEBI:48954 + 1.0 CHEBI:13352 = 1.0 CHEBI:30567 + 1.0 CHEBI:26078	{'pi', 'dhnpt', 'h2o', 'dhpmp'}	Unknown	Unknown
HPPK2	6-hydroxymethyl-dihydropterin pyrophosphokinase	Cofactor and Prosthetic Group Biosynthesis	1.0 6hmhpt_c + 1.0 atp_c = 1.0 6hmhptpp_c + 1.0 amp_c + 1.0 h_c	1.0 6-hydroxymethyl dihydropterin + 1.0 ATP C10H12N5O13P3 = 1.0 6-hydroxymethyl-dihydropterin pyrophosphate + 1.0 AMP C10H12N5O7P + 1.0 H+	1.0 CHEBI:19456 + 1.0 CHEBI:15422 = 1.0 CHEBI:15998 + 1.0 CHEBI:13736 + 1.0 CHEBI:5584	{'atp', '6hmhptpp', '6hmhpt', 'amp', 'h'}	folK	P26281
PTPATi	Pantetheine-phosphate adenylyltransferase	Cofactor and Prosthetic Group Biosynthesis	1.0 atp_c + 1.0 h_c + 1.0 pan4p_c = 1.0 dpcoa_c + 1.0 ppi_c	1.0 ATP C10H12N5O13P3 + 1.0 H+ + 1.0 Pantetheine 4'-phosphate = 1.0 Dephospho-CoA + 1.0 Diphosphate	1.0 CHEBI:15422 + 1.0 CHEBI:5584 + 1.0 CHEBI:14738 = 1.0 CHEBI:14124 + 1.0 CHEBI:45212	{'pan4p', 'atp', 'ppi', 'dpcoa', 'h'}	coaD	P0A6I6
HEX7	Hexokinase (D-fructose:ATP)	Alternate Carbon Metabolism	1.0 atp_c + 1.0 fru_c = 1.0 adp_c + 1.0 f6p_c + 1.0 h_c	1.0 ATP C10H12N5O13P3 + 1.0 D-Fructose = 1.0 ADP C10H12N5O10P2 + 1.0 D-Fructose 6-phosphate + 1.0 H+	1.0 CHEBI:15422 + 1.0 CHEBI:47424 = 1.0 CHEBI:2342 + 1.0 CHEBI:16084 + 1.0 CHEBI:5584	{'atp', 'adp', 'f6p', 'fru', 'h'}	mak	P23917
DXPRIi	1-deoxy-D-xylulose reductoisomerase	Cofactor and Prosthetic Group Biosynthesis	1.0 dxyl5p_c + 1.0 h_c + 1.0 nadph_c = 1.0 2me4p_c + 1.0 nadp_c	1.0 1-deoxy-D-xylulose 5-phosphate + 1.0 H+ + 1.0 Nicotinamide adenine dinucleotide phosphate - reduced = 1.0 2-C-methyl-D-erythritol 4-phosphate + 1.0 Nicotinamide adenine dinucleotide phosphate	1.0 CHEBI:57792 + 1.0 CHEBI:5584 + 1.0 CHEBI:16474 = 1.0 CHEBI:58262 + 1.0 CHEBI:29868	{'dxyl5p', 'nadp', 'nadph', '2me4p', 'h'}	dxr	P45568
GTPCII2	GTP cyclohydrolase II (25drapp)	Cofactor and Prosthetic Group Biosynthesis	1.0 gtp_c + 3.0 h2o_c = 1.0 25drapp_c + 1.0 for_c + 2.0 h_c + 1.0 ppi_c	1.0 GTP C10H12N5O14P3 + 3.0 H2O H2O = 1.0 2,5-Diamino-6-(ribosylamino)-4-(3H)-pyrimidinone 5'-phosphate + 1.0 Formate + 2.0 H+ + 1.0 Diphosphate	1.0 CHEBI:37565 + 3.0 CHEBI:13352 = 1.0 CHEBI:19368 + 1.0 CHEBI:24081 + 2.0 CHEBI:5584 + 1.0 CHEBI:45212	{'for', '25drapp', 'ppi', 'h2o', 'gtp', 'h'}	ribA	P0A7I7
URIC	Uricase	Unassigned	2.0 h2o_c + 1.0 o2_c + 1.0 urate_c = 1.0 alltn_c + 1.0 co2_c + 1.0 h2o2_c	2.0 H2O H2O + 1.0 O2 O2 + 1.0 Urate C5H4N4O3 = 1.0 Allantoin + 1.0 CO2 CO2 + 1.0 Hydrogen peroxide	2.0 CHEBI:13352 + 1.0 CHEBI:7860 + 1.0 CHEBI:27216 = 1.0 CHEBI:15676 + 1.0 CHEBI:23011 + 1.0 CHEBI:29192	{'alltn', 'urate', 'h2o2', 'o2', 'h2o', 'co2'}	Unknown	Unknown
SADT2	Sulfate adenyltransferase	Cysteine Metabolism	1.0 atp_c + 1.0 gtp_c + 1.0 h2o_c + 1.0 so4_c = 1.0 aps_c + 1.0 gdp_c + 1.0 pi_c + 1.0 ppi_c	1.0 ATP C10H12N5O13P3 + 1.0 GTP C10H12N5O14P3 + 1.0 H2O H2O + 1.0 Sulfate = 1.0 Adenosine 5'-phosphosulfate + 1.0 GDP C10H12N5O11P2 + 1.0 Phosphate + 1.0 Diphosphate	1.0 CHEBI:15422 + 1.0 CHEBI:37565 + 1.0 CHEBI:13352 + 1.0 CHEBI:15135 = 1.0 CHEBI:22247 + 1.0 CHEBI:5212 + 1.0 CHEBI:26078 + 1.0 CHEBI:45212	{'atp', 'aps', 'gdp', 'ppi', 'h2o', 'gtp', 'pi', 'so4'}	cysD, cysN	P21156, P23845
OPHBDC	Octaprenyl-hydroxybenzoate decarboxylase	Cofactor and Prosthetic Group Biosynthesis	1.0 3ophb_c + 1.0 h_c = 1.0 2oph_c + 1.0 co2_c	1.0 3-Octaprenyl-4-hydroxybenzoate + 1.0 H+ = 1.0 2-Octaprenylphenol + 1.0 CO2 CO2	1.0 CHEBI:1617 + 1.0 CHEBI:5584 = 1.0 CHEBI:40407 + 1.0 CHEBI:23011	{'h', '3ophb', '2oph', 'co2'}	ubiD	P0AAB4
AACPS1	Acyl-[acyl-carrier-protein] synthetase (n-C14:0)	Cell Envelope Biosynthesis	1.0 ACP_c + 1.0 atp_c + 1.0 ttdca_c = 1.0 amp_c + 1.0 myrsACP_c + 1.0 ppi_c	1.0 Acyl carrier protein + 1.0 ATP C10H12N5O13P3 + 1.0 Tetradecanoate (n-C14:0) = 1.0 AMP C10H12N5O7P + 1.0 Myristoyl-ACP (n-C14:0ACP) + 1.0 Diphosphate	1.0 CHEBI:14405 + 1.0 CHEBI:15422 + 1.0 Unknown = 1.0 CHEBI:13736 + 1.0 Unknown + 1.0 CHEBI:45212	{'atp', 'myrsACP', 'ttdca', 'ACP', 'ppi', 'amp'}	acpP, aas	P0A6A8, P31119
OHPHM	2-octaprenyl-6-hydroxyphenol methylase	Cofactor and Prosthetic Group Biosynthesis	1.0 2ohph_c + 1.0 amet_c = 1.0 2omph_c + 1.0 ahcys_c + 1.0 h_c	1.0 2-Octaprenyl-6-hydroxyphenol + 1.0 S-Adenosyl-L-methionine = 1.0 2-Octaprenyl-6-methoxyphenol + 1.0 S-Adenosyl-L-homocysteine + 1.0 H+	1.0 CHEBI:62730 + 1.0 CHEBI:33442 = 1.0 CHEBI:1235 + 1.0 CHEBI:12741 + 1.0 CHEBI:5584	{'amet', 'ahcys', '2ohph', '2omph', 'h'}	ubiG	P17993
GHMT2r	Glycine hydroxymethyltransferase, reversible	Glycine and Serine Metabolism	1.0 ser__L_c + 1.0 thf_c = 1.0 gly_c + 1.0 h2o_c + 1.0 mlthf_c	1.0 L-Serine + 1.0 5,6,7,8-Tetrahydrofolate = 1.0 Glycine + 1.0 H2O H2O + 1.0 5,10-Methylenetetrahydrofolate	1.0 CHEBI:32845 + 1.0 CHEBI:57453 = 1.0 CHEBI:32508 + 1.0 CHEBI:13352 + 1.0 CHEBI:10925	{'ser__L', 'thf', 'h2o', 'gly', 'mlthf'}	glyA	P0A825
DHORD2	Dihydoorotic acid dehydrogenase (quinone8)	Purine and Pyrimidine Biosynthesis	1.0 dhor__S_c + 1.0 q8_c = 1.0 orot_c + 1.0 q8h2_c	1.0 (S)-Dihydroorotate + 1.0 Ubiquinone-8 = 1.0 Orotate C5H3N2O4 + 1.0 Ubiquinol-8	1.0 CHEBI:417 + 1.0 CHEBI:61683 = 1.0 CHEBI:14698 + 1.0 CHEBI:61682	{'orot', 'q8', 'dhor__S', 'q8h2'}	pyrD	P0A7E1
LCARS	Lacaldehyde reductase (S-propane-1,2-diol forming)	Alternate Carbon Metabolism	1.0 h_c + 1.0 lald__L_c + 1.0 nadh_c = 1.0 12ppd__S_c + 1.0 nad_c	1.0 H+ + 1.0 L-Lactaldehyde + 1.0 Nicotinamide adenine dinucleotide - reduced = 1.0 (S)-Propane-1,2-diol + 1.0 Nicotinamide adenine dinucleotide	1.0 CHEBI:5584 + 1.0 CHEBI:11064 + 1.0 CHEBI:13395 = 1.0 CHEBI:29002 + 1.0 CHEBI:7422	{'12ppd__S', 'lald__L', 'nad', 'nadh', 'h'}	fucO	P0A9S1
ALCD19	Alcohol dehydrogenase (glycerol)	Alternate Carbon Metabolism	1.0 glyald_c + 1.0 h_c + 1.0 nadh_c = 1.0 glyc_c + 1.0 nad_c	1.0 D-Glyceraldehyde + 1.0 H+ + 1.0 Nicotinamide adenine dinucleotide - reduced = 1.0 Glycerol + 1.0 Nicotinamide adenine dinucleotide	1.0 CHEBI:17378 + 1.0 CHEBI:5584 + 1.0 CHEBI:13395 = 1.0 CHEBI:5448 + 1.0 CHEBI:7422	{'glyald', 'nad', 'glyc', 'nadh', 'h'}	adhP, adhE	P39451, P0A9Q7
RMPA	Rhamnulose-1-phosphate aldolase	Alternate Carbon Metabolism	1.0 rml1p_c = 1.0 dhap_c + 1.0 lald__L_c	1.0 L-Rhamnulose 1-phosphate = 1.0 Dihydroxyacetone phosphate + 1.0 L-Lactaldehyde	1.0 CHEBI:58313 = 1.0 CHEBI:14341 + 1.0 CHEBI:11064	{'lald__L', 'rml1p', 'dhap'}	rhaD	P32169
SBTPD	Sorbitol-6-phosphate dehydrogenase	Alternate Carbon Metabolism	1.0 nad_c + 1.0 sbt6p_c = 1.0 f6p_c + 1.0 h_c + 1.0 nadh_c	1.0 Nicotinamide adenine dinucleotide + 1.0 D-Sorbitol 6-phosphate = 1.0 D-Fructose 6-phosphate + 1.0 H+ + 1.0 Nicotinamide adenine dinucleotide - reduced	1.0 CHEBI:7422 + 1.0 CHEBI:21093 = 1.0 CHEBI:16084 + 1.0 CHEBI:5584 + 1.0 CHEBI:13395	{'sbt6p', 'f6p', 'nad', 'nadh', 'h'}	srlD	P05707
PFK_2	Phosphofructokinase	Alternate Carbon Metabolism	1.0 atp_c + 1.0 tag6p__D_c = 1.0 adp_c + 1.0 h_c + 1.0 tagdp__D_c	1.0 ATP C10H12N5O13P3 + 1.0 D-Tagatose 6-phosphate = 1.0 ADP C10H12N5O10P2 + 1.0 H+ + 1.0 D-Tagatose 1,6-biphosphate	1.0 CHEBI:15422 + 1.0 CHEBI:4251 = 1.0 CHEBI:2342 + 1.0 CHEBI:5584 + 1.0 CHEBI:13024	{'atp', 'adp', 'tagdp__D', 'tag6p__D', 'h'}	pfkA	P0A796
GLTPD	Galactitol-1-phosphate dehydrogenase	Alternate Carbon Metabolism	1.0 galt1p_c + 1.0 nad_c = 1.0 h_c + 1.0 nadh_c + 1.0 tag6p__D_c	1.0 Galactitol 1-phosphate + 1.0 Nicotinamide adenine dinucleotide = 1.0 H+ + 1.0 Nicotinamide adenine dinucleotide - reduced + 1.0 D-Tagatose 6-phosphate	1.0 CHEBI:24140 + 1.0 CHEBI:7422 = 1.0 CHEBI:5584 + 1.0 CHEBI:13395 + 1.0 CHEBI:4251	{'galt1p', 'tag6p__D', 'nad', 'nadh', 'h'}	gatD	P0A9S3
EX_hdcea_e	Hexadecenoate (n-C16:1) exchange	Extracellular exchange	1.0 hdcea_e = 	1.0 Hexadecenoate (n-C16:1) = 	1.0 Unknown = 	{'hdcea'}	Unknown	Unknown
ACACCT	Acetyl-CoA:acetoacetyl-CoA transferase	Alternate Carbon Metabolism	1.0 acac_c + 1.0 accoa_c = 1.0 aacoa_c + 1.0 ac_c	1.0 Acetoacetate + 1.0 Acetyl-CoA = 1.0 Acetoacetyl-CoA + 1.0 Acetate	1.0 CHEBI:40507 + 1.0 CHEBI:57288 = 1.0 CHEBI:22173 + 1.0 CHEBI:13704	{'aacoa', 'acac', 'accoa', 'ac'}	atoA, atoD, ydiF	P76459, P76458, P37766
SDPDS	Succinyl-diaminopimelate desuccinylase	Threonine and Lysine Metabolism	1.0 h2o_c + 1.0 sl26da_c = 1.0 26dap_LL_c + 1.0 succ_c	1.0 H2O H2O + 1.0 N-Succinyl-LL-2,6-diaminoheptanedioate = 1.0 LL-2,6-Diaminoheptanedioate + 1.0 Succinate	1.0 CHEBI:13352 + 1.0 CHEBI:21791 = 1.0 CHEBI:21428 + 1.0 CHEBI:22941	{'succ', 'sl26da', '26dap_LL', 'h2o'}	dapE	P0AED7
BUTCT	Acetyl-CoA:butyrate-CoA transferase	Alternate Carbon Metabolism	1.0 accoa_c + 1.0 but_c = 1.0 ac_c + 1.0 btcoa_c	1.0 Acetyl-CoA + 1.0 Butyrate (n-C4:0) = 1.0 Acetate + 1.0 Butanoyl-CoA	1.0 CHEBI:57288 + 1.0 Unknown = 1.0 CHEBI:13704 + 1.0 CHEBI:57371	{'btcoa', 'but', 'accoa', 'ac'}	atoA, atoD	P76459, P76458
TGBPA	Tagatose-bisphosphate aldolase	Alternate Carbon Metabolism	1.0 tagdp__D_c = 1.0 dhap_c + 1.0 g3p_c	1.0 D-Tagatose 1,6-biphosphate = 1.0 Dihydroxyacetone phosphate + 1.0 Glyceraldehyde 3-phosphate	1.0 CHEBI:13024 = 1.0 CHEBI:14341 + 1.0 CHEBI:5446	{'tagdp__D', 'g3p', 'dhap'}	kbaZ, kbaY, gatZ, gatY	P0C8K0, P0AB74, P0C8J8, P0C8J6
MANAO	Mannonate oxidoreductase	Alternate Carbon Metabolism	1.0 mana_c + 1.0 nad_c = 1.0 fruur_c + 1.0 h_c + 1.0 nadh_c	1.0 D-Mannonate + 1.0 Nicotinamide adenine dinucleotide = 1.0 D-Fructuronate + 1.0 H+ + 1.0 Nicotinamide adenine dinucleotide - reduced	1.0 CHEBI:21053 + 1.0 CHEBI:7422 = 1.0 CHEBI:47950 + 1.0 CHEBI:5584 + 1.0 CHEBI:13395	{'mana', 'fruur', 'nad', 'nadh', 'h'}	uxuB	P39160
TAGURr	Tagaturonate reductase	Alternate Carbon Metabolism	1.0 altrn_c + 1.0 nad_c = 1.0 h_c + 1.0 nadh_c + 1.0 tagur_c	1.0 D-Altronate + 1.0 Nicotinamide adenine dinucleotide = 1.0 H+ + 1.0 Nicotinamide adenine dinucleotide - reduced + 1.0 D-Tagaturonate	1.0 CHEBI:46644 + 1.0 CHEBI:7422 = 1.0 CHEBI:5584 + 1.0 CHEBI:13395 + 1.0 CHEBI:58493	{'tagur', 'altrn', 'nad', 'nadh', 'h'}	uxaB	P0A6L7
DMSOR1	Dimethyl sulfoxide reductase (Menaquinol 8)	Oxidative Phosphorylation	1.0 dmso_c + 1.0 mql8_c = 1.0 dms_c + 1.0 h2o_c + 1.0 mqn8_c	1.0 Dimethyl sulfoxide + 1.0 Menaquinol 8 = 1.0 Dimethyl sulfide + 1.0 H2O H2O + 1.0 Menaquinone 8	1.0 CHEBI:23801 + 1.0 CHEBI:61684 = 1.0 CHEBI:17437 + 1.0 CHEBI:13352 + 1.0 CHEBI:44027	{'mqn8', 'dms', 'h2o', 'dmso', 'mql8'}	ynfG, ynfH, ynfF, ynfE, dmsB, dmsC, dmsA	P0AAJ1, P76173, P77783, P77374, P18776, P18777, P18775
PGLYCP	Phosphoglycolate phosphatase	Alternate Carbon Metabolism	1.0 2pglyc_c + 1.0 h2o_c = 1.0 glyclt_c + 1.0 pi_c	1.0 2-Phosphoglycolate + 1.0 H2O H2O = 1.0 Glycolate C2H3O3 + 1.0 Phosphate	1.0 CHEBI:1268 + 1.0 CHEBI:13352 = 1.0 CHEBI:24388 + 1.0 CHEBI:26078	{'2pglyc', 'glyclt', 'pi', 'h2o'}	gph	P32662
2DGULRx	2-dehydro-L-gulonate reductase (NADH)	Alternate Carbon Metabolism	1.0 2dhguln_c + 1.0 h_c + 1.0 nadh_c = 1.0 idon__L_c + 1.0 nad_c	1.0 2-Dehydro-L-gulonate + 1.0 H+ + 1.0 Nicotinamide adenine dinucleotide - reduced = 1.0 L-Idonate + 1.0 Nicotinamide adenine dinucleotide	1.0 Unknown + 1.0 CHEBI:5584 + 1.0 CHEBI:13395 = 1.0 CHEBI:13126 + 1.0 CHEBI:7422	{'idon__L', '2dhguln', 'nad', 'nadh', 'h'}	ghrB	P37666
DKGLCNR2y	2,5-diketo-D-gluconate reductase (NADPH)	Alternate Carbon Metabolism	1.0 25dkglcn_c + 1.0 h_c + 1.0 nadph_c = 1.0 5dglcn_c + 1.0 nadp_c	1.0 2,5-diketo-D-gluconate + 1.0 H+ + 1.0 Nicotinamide adenine dinucleotide phosphate - reduced = 1.0 5-Dehydro-D-gluconate + 1.0 Nicotinamide adenine dinucleotide phosphate	1.0 CHEBI:1070 + 1.0 CHEBI:5584 + 1.0 CHEBI:16474 = 1.0 CHEBI:12121 + 1.0 CHEBI:29868	{'nadp', 'nadph', '25dkglcn', '5dglcn', 'h'}	ghrB	P37666
G1PTT	Glucose-1-phosphate thymidylyltransferase	Cell Envelope Biosynthesis	1.0 dttp_c + 1.0 g1p_c + 1.0 h_c = 1.0 dtdpglu_c + 1.0 ppi_c	1.0 DTTP C10H13N2O14P3 + 1.0 D-Glucose 1-phosphate + 1.0 H+ = 1.0 DTDPglucose + 1.0 Diphosphate	1.0 CHEBI:27000 + 1.0 CHEBI:10246 + 1.0 CHEBI:5584 = 1.0 CHEBI:57477 + 1.0 CHEBI:45212	{'dttp', 'ppi', 'g1p', 'dtdpglu', 'h'}	rfbA, rffH	P37744, P61887
TDPGDH	DTDPglucose 4,6-dehydratase	Cell Envelope Biosynthesis	1.0 dtdpglu_c = 1.0 dtdp4d6dg_c + 1.0 h2o_c	1.0 DTDPglucose = 1.0 DTDP-4-dehydro-6-deoxy-D-glucose + 1.0 H2O H2O	1.0 CHEBI:57477 = 1.0 CHEBI:14081 + 1.0 CHEBI:13352	{'h2o', 'dtdp4d6dg', 'dtdpglu'}	rffG, rfbB	P27830, P37759
ADCS	4-amino-4-deoxychorismate synthase	Cofactor and Prosthetic Group Biosynthesis	1.0 chor_c + 1.0 gln__L_c = 1.0 4adcho_c + 1.0 glu__L_c	1.0 Chorismate + 1.0 L-Glutamine = 1.0 4-amino-4-deoxychorismate + 1.0 L-Glutamate	1.0 CHEBI:23225 + 1.0 CHEBI:42943 = 1.0 CHEBI:35181 + 1.0 CHEBI:76051	{'4adcho', 'gln__L', 'chor', 'glu__L'}	pabB, pabA	P05041, P00903
ADCL	4-aminobenzoate synthase	Cofactor and Prosthetic Group Biosynthesis	1.0 4adcho_c = 1.0 4abz_c + 1.0 h_c + 1.0 pyr_c	1.0 4-amino-4-deoxychorismate = 1.0 4-Aminobenzoate + 1.0 H+ + 1.0 Pyruvate	1.0 CHEBI:35181 = 1.0 CHEBI:30753 + 1.0 CHEBI:5584 + 1.0 CHEBI:26462	{'4adcho', 'pyr', '4abz', 'h'}	pabC, ubiC	P28305, P26602
2DGULRy	2-dehydro-L-gulonate reductase (NADPH)	Alternate Carbon Metabolism	1.0 2dhguln_c + 1.0 h_c + 1.0 nadph_c = 1.0 idon__L_c + 1.0 nadp_c	1.0 2-Dehydro-L-gulonate + 1.0 H+ + 1.0 Nicotinamide adenine dinucleotide phosphate - reduced = 1.0 L-Idonate + 1.0 Nicotinamide adenine dinucleotide phosphate	1.0 Unknown + 1.0 CHEBI:5584 + 1.0 CHEBI:16474 = 1.0 CHEBI:13126 + 1.0 CHEBI:29868	{'nadp', 'nadph', 'idon__L', '2dhguln', 'h'}	ghrB	P37666
DHAPT	Dihydroxyacetone phosphotransferase	Alternate Carbon Metabolism	1.0 dha_c + 1.0 pep_c = 1.0 dhap_c + 1.0 pyr_c	1.0 Dihydroxyacetone + 1.0 Phosphoenolpyruvate = 1.0 Dihydroxyacetone phosphate + 1.0 Pyruvate	1.0 CHEBI:14340 + 1.0 CHEBI:18021 = 1.0 CHEBI:14341 + 1.0 CHEBI:26462	{'pyr', 'dha', 'pep', 'dhap'}	dhaK, dhaM, ptsI, ptsH, dhaL	P76015, P37349, P08839, P0AA04, P76014
EX_lac__D_e	D-lactate exchange	Extracellular exchange	1.0 lac__D_e = 	1.0 D-Lactate = 	1.0 CHEBI:16004 = 	{'lac__D'}	Unknown	Unknown
UDPGALM	UDPgalactopyranose mutase	Cell Envelope Biosynthesis	1.0 udpgal_c = 1.0 udpgalfur_c	1.0 UDPgalactose = 1.0 UDP-D-galacto-1,4-furanose	1.0 CHEBI:22100 = 1.0 CHEBI:67118	{'udpgal', 'udpgalfur'}	glf	P37747
TDPDRE	DTDP-4-dehydrorhamnose 3,5-epimerase	Cell Envelope Biosynthesis	1.0 dtdp4d6dg_c = 1.0 dtdp4d6dm_c	1.0 DTDP-4-dehydro-6-deoxy-D-glucose = 1.0 DTDP-4-dehydro-6-deoxy-L-mannose	1.0 CHEBI:14081 = 1.0 CHEBI:10511	{'dtdp4d6dm', 'dtdp4d6dg'}	rfbC	P37745
TDPDRR	DTDP-4-dehydrorhamnose reductase	Cell Envelope Biosynthesis	1.0 dtdp4d6dm_c + 1.0 h_c + 1.0 nadph_c = 1.0 dtdprmn_c + 1.0 nadp_c	1.0 DTDP-4-dehydro-6-deoxy-L-mannose + 1.0 H+ + 1.0 Nicotinamide adenine dinucleotide phosphate - reduced = 1.0 DTDP-L-rhamnose + 1.0 Nicotinamide adenine dinucleotide phosphate	1.0 CHEBI:10511 + 1.0 CHEBI:5584 + 1.0 CHEBI:16474 = 1.0 CHEBI:15774 + 1.0 CHEBI:29868	{'dtdprmn', 'dtdp4d6dm', 'nadp', 'nadph', 'h'}	rfbD	P37760
UMPK	UMP kinase	Nucleotide Salvage Pathway	1.0 atp_c + 1.0 ump_c = 1.0 adp_c + 1.0 udp_c	1.0 ATP C10H12N5O13P3 + 1.0 UMP C9H11N2O9P = 1.0 ADP C10H12N5O10P2 + 1.0 UDP C9H11N2O12P2	1.0 CHEBI:15422 + 1.0 CHEBI:47721 = 1.0 CHEBI:2342 + 1.0 CHEBI:13445	{'atp', 'ump', 'adp', 'udp'}	cmk, pyrH	P0A6I0, P0A7E9
RZ5PP	Alpha-ribazole 5-phosphate phosphatase	Cofactor and Prosthetic Group Biosynthesis	1.0 5prdmbz_c + 1.0 h2o_c = 1.0 pi_c + 1.0 rdmbzi_c	1.0 N1-(5-Phospho-alpha-D-ribosyl)-5,6-dimethylbenzimidazole + 1.0 H2O H2O = 1.0 Phosphate + 1.0 N1-(alpha-D-ribosyl)-5,6-dimethylbenzimidazole	1.0 CHEBI:45256 + 1.0 CHEBI:13352 = 1.0 CHEBI:26078 + 1.0 CHEBI:10329	{'rdmbzi', 'pi', '5prdmbz', 'h2o'}	cobC	P52086
DDPGALA	2-dehydro-3-deoxy-6-phosphogalactonate aldolase	Alternate Carbon Metabolism	1.0 2dh3dgal6p_c = 1.0 g3p_c + 1.0 pyr_c	1.0 2-Dehydro-3-deoxy-D-galactonate 6-phosphate = 1.0 Glyceraldehyde 3-phosphate + 1.0 Pyruvate	1.0 CHEBI:11548 = 1.0 CHEBI:5446 + 1.0 CHEBI:26462	{'pyr', '2dh3dgal6p', 'g3p'}	dgoA	Q6BF16
DURIK1	Deoxyuridine kinase (ATP:Deoxyuridine)	Nucleotide Salvage Pathway	1.0 atp_c + 1.0 duri_c = 1.0 adp_c + 1.0 dump_c + 1.0 h_c	1.0 ATP C10H12N5O13P3 + 1.0 Deoxyuridine = 1.0 ADP C10H12N5O10P2 + 1.0 DUMP C9H11N2O8P + 1.0 H+	1.0 CHEBI:15422 + 1.0 CHEBI:46293 = 1.0 CHEBI:2342 + 1.0 CHEBI:19263 + 1.0 CHEBI:5584	{'atp', 'adp', 'dump', 'duri', 'h'}	tdk	P23331
G3PD6	Glycerol-3-phosphate dehydrogenase (menaquinone-8)	Oxidative Phosphorylation	1.0 glyc3p_c + 1.0 mqn8_c = 1.0 dhap_c + 1.0 mql8_c	1.0 Glycerol 3-phosphate + 1.0 Menaquinone 8 = 1.0 Dihydroxyacetone phosphate + 1.0 Menaquinol 8	1.0 CHEBI:12843 + 1.0 CHEBI:44027 = 1.0 CHEBI:14341 + 1.0 CHEBI:61684	{'mqn8', 'glyc3p', 'mql8', 'dhap'}	glpC, glpB, glpA	P0A996, P13033, P0A9C0
ALLTN	Allantoinase	Nitrogen Metabolism	1.0 alltn_c + 1.0 h2o_c = 1.0 alltt_c + 1.0 h_c	1.0 Allantoin + 1.0 H2O H2O = 1.0 Allantoate + 1.0 H+	1.0 CHEBI:15676 + 1.0 CHEBI:13352 = 1.0 CHEBI:22353 + 1.0 CHEBI:5584	{'h', 'h2o', 'alltt', 'alltn'}	allB	P77671
UAPGR	UDP-N-acetylenolpyruvoylglucosamine reductase	Cell Envelope Biosynthesis	1.0 h_c + 1.0 nadph_c + 1.0 uaccg_c = 1.0 nadp_c + 1.0 uamr_c	1.0 H+ + 1.0 Nicotinamide adenine dinucleotide phosphate - reduced + 1.0 UDP-N-acetyl-3-O-(1-carboxyvinyl)-D-glucosamine = 1.0 Nicotinamide adenine dinucleotide phosphate + 1.0 UDP-N-acetylmuramate	1.0 CHEBI:5584 + 1.0 CHEBI:16474 + 1.0 CHEBI:68507 = 1.0 CHEBI:29868 + 1.0 CHEBI:70757	{'uaccg', 'nadp', 'nadph', 'uamr', 'h'}	murB	P08373
UPPRT	Uracil phosphoribosyltransferase	Nucleotide Salvage Pathway	1.0 prpp_c + 1.0 ura_c = 1.0 ppi_c + 1.0 ump_c	1.0 5-Phospho-alpha-D-ribose 1-diphosphate + 1.0 Uracil = 1.0 Diphosphate + 1.0 UMP C9H11N2O9P	1.0 CHEBI:2121 + 1.0 CHEBI:27210 = 1.0 CHEBI:45212 + 1.0 CHEBI:47721	{'prpp', 'ump', 'ppi', 'ura'}	upp	P0A8F0
NTD9	5'-nucleotidase (GMP)	Nucleotide Salvage Pathway	1.0 gmp_c + 1.0 h2o_c = 1.0 gsn_c + 1.0 pi_c	1.0 GMP C10H12N5O8P + 1.0 H2O H2O = 1.0 Guanosine + 1.0 Phosphate	1.0 CHEBI:24449 + 1.0 CHEBI:13352 = 1.0 CHEBI:14375 + 1.0 CHEBI:26078	{'pi', 'h2o', 'gmp', 'gsn'}	umpG, yrfG, yfdR, umpH	P0A840, P64636, P76514, P0AF24
CTPS2	CTP synthase (glutamine)	Purine and Pyrimidine Biosynthesis	1.0 atp_c + 1.0 gln__L_c + 1.0 h2o_c + 1.0 utp_c = 1.0 adp_c + 1.0 ctp_c + 1.0 glu__L_c + 2.0 h_c + 1.0 pi_c	1.0 ATP C10H12N5O13P3 + 1.0 L-Glutamine + 1.0 H2O H2O + 1.0 UTP C9H11N2O15P3 = 1.0 ADP C10H12N5O10P2 + 1.0 CTP C9H12N3O14P3 + 1.0 L-Glutamate + 2.0 H+ + 1.0 Phosphate	1.0 CHEBI:15422 + 1.0 CHEBI:42943 + 1.0 CHEBI:13352 + 1.0 CHEBI:9850 = 1.0 CHEBI:2342 + 1.0 CHEBI:3285 + 1.0 CHEBI:76051 + 2.0 CHEBI:5584 + 1.0 CHEBI:26078	{'atp', 'utp', 'adp', 'h2o', 'glu__L', 'pi', 'gln__L', 'ctp', 'h'}	pyrG	P0A7E5
NTD1	5'-nucleotidase (dUMP)	Nucleotide Salvage Pathway	1.0 dump_c + 1.0 h2o_c = 1.0 duri_c + 1.0 pi_c	1.0 DUMP C9H11N2O8P + 1.0 H2O H2O = 1.0 Deoxyuridine + 1.0 Phosphate	1.0 CHEBI:19263 + 1.0 CHEBI:13352 = 1.0 CHEBI:46293 + 1.0 CHEBI:26078	{'duri', 'pi', 'dump', 'h2o'}	umpG, yjjG, yfbR, yfdR	P0A840, P0A8Y1, P76491, P76514
NTD7	5'-nucleotidase (AMP)	Nucleotide Salvage Pathway	1.0 amp_c + 1.0 h2o_c = 1.0 adn_c + 1.0 pi_c	1.0 AMP C10H12N5O7P + 1.0 H2O H2O = 1.0 Adenosine + 1.0 Phosphate	1.0 CHEBI:13736 + 1.0 CHEBI:13352 = 1.0 CHEBI:22237 + 1.0 CHEBI:26078	{'adn', 'amp', 'pi', 'h2o'}	umpG, yfdR, yrfG, umpH	P0A840, P76514, P64636, P0AF24
PAPPT3	Phospho-N-acetylmuramoyl-pentapeptide-transferase (meso-2,6-diaminopimelate)	Cell Envelope Biosynthesis	1.0 udcpp_c + 1.0 ugmda_c = 1.0 uagmda_c + 1.0 ump_c	1.0 Undecaprenyl phosphate + 1.0 UDP-N-acetylmuramoyl-L-alanyl-D-glutamyl-meso-2,6-diaminopimeloyl-D-alanyl-D-alanine = 1.0 Undecaprenyl-diphospho-N-acetylmuramoyl-L-alanyl-D-glutamyl-meso-2,6-diaminopimeloyl-D-alanyl-D-alanine + 1.0 UMP C9H11N2O9P	1.0 CHEBI:15286 + 1.0 CHEBI:61386 = 1.0 CHEBI:61387 + 1.0 CHEBI:47721	{'udcpp', 'uagmda', 'ump', 'ugmda'}	mraY	P0A6W3
UAGPT3	UDP-N-acetylglucosamine-N-acetylmuramyl-(pentapeptide)pyrophosphoryl-undecaprenol N-acetylglucosamine transferase	Cell Envelope Biosynthesis	1.0 uacgam_c + 1.0 uagmda_c = 1.0 h_c + 1.0 uaagmda_c + 1.0 udp_c	1.0 UDP-N-acetyl-D-glucosamine + 1.0 Undecaprenyl-diphospho-N-acetylmuramoyl-L-alanyl-D-glutamyl-meso-2,6-diaminopimeloyl-D-alanyl-D-alanine = 1.0 H+ + 1.0 Undecaprenyl-diphospho-N-acetylmuramoyl-(N-acetylglucosamine)-L-ala-D-glu-meso-2,6-diaminopimeloyl-D-ala-D-ala + 1.0 UDP C9H11N2O12P2	1.0 CHEBI:13473 + 1.0 CHEBI:61387 = 1.0 CHEBI:5584 + 1.0 CHEBI:28138 + 1.0 CHEBI:13445	{'uaagmda', 'udp', 'uagmda', 'uacgam', 'h'}	murG	P17443
NDPK7	Nucleoside-diphosphate kinase (ATP:dCDP)	Nucleotide Salvage Pathway	1.0 atp_c + 1.0 dcdp_c = 1.0 adp_c + 1.0 dctp_c	1.0 ATP C10H12N5O13P3 + 1.0 DCDP C9H12N3O10P2 = 1.0 ADP C10H12N5O10P2 + 1.0 DCTP C9H12N3O13P3	1.0 CHEBI:15422 + 1.0 CHEBI:19241 = 1.0 CHEBI:2342 + 1.0 CHEBI:19243	{'dcdp', 'atp', 'adp', 'dctp'}	adk, ndk	P69441, P0A763
AOBUTDs	L-2-amino-3-oxobutanoate decarboxylation (spontaneous)	Threonine and Lysine Metabolism	1.0 2aobut_c + 1.0 h_c = 1.0 aact_c + 1.0 co2_c	1.0 L-2-Amino-3-oxobutanoate + 1.0 H+ = 1.0 Aminoacetone + 1.0 CO2 CO2	1.0 CHEBI:6156 + 1.0 CHEBI:5584 = 1.0 CHEBI:42749 + 1.0 CHEBI:23011	{'aact', 'h', '2aobut', 'co2'}		Unknown
GLYAT	Glycine C-acetyltransferase	Glycine and Serine Metabolism	1.0 accoa_c + 1.0 gly_c = 1.0 2aobut_c + 1.0 coa_c	1.0 Acetyl-CoA + 1.0 Glycine = 1.0 L-2-Amino-3-oxobutanoate + 1.0 Coenzyme A	1.0 CHEBI:57288 + 1.0 CHEBI:32508 = 1.0 CHEBI:6156 + 1.0 CHEBI:41631	{'coa', 'gly', 'accoa', '2aobut'}	kbl	P0AB77
ADNUC	Adenosine hydrolase	Alternate Carbon Metabolism	1.0 adn_c + 1.0 h2o_c = 1.0 ade_c + 1.0 rib__D_c	1.0 Adenosine + 1.0 H2O H2O = 1.0 Adenine + 1.0 D-Ribose	1.0 CHEBI:22237 + 1.0 CHEBI:13352 = 1.0 CHEBI:16708 + 1.0 CHEBI:13011	{'adn', 'ade', 'rib__D', 'h2o'}	rihC	P22564
GMHEPPA	D-glycero-D-manno-heptose 1,7-bisphosphate phosphatase	Lipopolysaccharide Biosynthesis / Recycling	1.0 gmhep17bp_c + 1.0 h2o_c = 1.0 gmhep1p_c + 1.0 pi_c	1.0 D-Glycero-D-manno-heptose 1,7-bisphosphate + 1.0 H2O H2O = 1.0 D-Glycero-D-manno-heptose 1-phosphate + 1.0 Phosphate	1.0 CHEBI:59957 + 1.0 CHEBI:13352 = 1.0 CHEBI:21031 + 1.0 CHEBI:26078	{'pi', 'gmhep17bp', 'gmhep1p', 'h2o'}	gmhB	P63228
S7PI	Sedoheptulose 7-phosphate isomerase	Lipopolysaccharide Biosynthesis / Recycling	1.0 s7p_c = 1.0 gmhep7p_c	1.0 Sedoheptulose 7-phosphate = 1.0 D-Glycero-D-manno-heptose 7-phosphate	1.0 CHEBI:4244 = 1.0 CHEBI:28723	{'gmhep7p', 's7p'}	gmhA	P63224
TRPS3	Tryptophan synthase (indoleglycerol phosphate)	Tyrosine, Tryptophan, and Phenylalanine Metabolism	1.0 3ig3p_c = 1.0 g3p_c + 1.0 indole_c	1.0 C'-(3-Indolyl)-glycerol 3-phosphate = 1.0 Glyceraldehyde 3-phosphate + 1.0 Indole	1.0 CHEBI:58866 = 1.0 CHEBI:5446 + 1.0 CHEBI:43537	{'indole', '3ig3p', 'g3p'}	trpA, trpB	P0A877, P0A879
EX_ttdcea_e	Tetradecenoate (n-C14:1) exchange	Extracellular exchange	1.0 ttdcea_e = 	1.0 Tetradecenoate (n-C14:1) = 	1.0 Unknown = 	{'ttdcea'}	Unknown	Unknown
F6PA	Fructose 6-phosphate aldolase	Glycolysis/Gluconeogenesis	1.0 f6p_c = 1.0 dha_c + 1.0 g3p_c	1.0 D-Fructose 6-phosphate = 1.0 Dihydroxyacetone + 1.0 Glyceraldehyde 3-phosphate	1.0 CHEBI:16084 = 1.0 CHEBI:14340 + 1.0 CHEBI:5446	{'dha', 'f6p', 'g3p'}	fsaA, fsaB	P78055, P32669
AGMHE	ADP-D-glycero-D-manno-heptose epimerase	Lipopolysaccharide Biosynthesis / Recycling	1.0 adphep_DD_c = 1.0 adphep_LD_c	1.0 ADP-D-glycero-D-manno-heptose = 1.0 ADP-L-glycero-D-manno-heptose	1.0 CHEBI:57863 = 1.0 CHEBI:57564	{'adphep_DD', 'adphep_LD'}	hldD	P67910
CRNBTCT	Gamma-butyrobetainyl-CoA: carnitine CoA transferase	Oxidative Phosphorylation	1.0 bbtcoa_c + 1.0 crn_c = 1.0 crncoa_c + 1.0 gbbtn_c	1.0 Gamma-butyrobetainyl-CoA + 1.0 L-Carnitine = 1.0 L-Carnitinyl-CoA + 1.0 Gamma-butyrobetaine	1.0 CHEBI:61513 + 1.0 CHEBI:29085 = 1.0 CHEBI:41482 + 1.0 CHEBI:1941	{'bbtcoa', 'crn', 'crncoa', 'gbbtn'}	caiB	P31572
CRNCBCT	Crotonobetainyl-CoA: carnitine CoA transferase	Oxidative Phosphorylation	1.0 crn_c + 1.0 ctbtcoa_c = 1.0 crncoa_c + 1.0 ctbt_c	1.0 L-Carnitine + 1.0 Crotonobetainyl-CoA = 1.0 L-Carnitinyl-CoA + 1.0 Crotonobetaine	1.0 CHEBI:29085 + 1.0 CHEBI:60933 = 1.0 CHEBI:41482 + 1.0 CHEBI:48867	{'ctbt', 'ctbtcoa', 'crn', 'crncoa'}	caiB	P31572
NTD10	5'-nucleotidase (XMP)	Nucleotide Salvage Pathway	1.0 h2o_c + 1.0 xmp_c = 1.0 pi_c + 1.0 xtsn_c	1.0 H2O H2O + 1.0 Xanthosine 5'-phosphate = 1.0 Phosphate + 1.0 Xanthosine	1.0 CHEBI:13352 + 1.0 CHEBI:10938 = 1.0 CHEBI:26078 + 1.0 CHEBI:15323	{'xmp', 'xtsn', 'pi', 'h2o'}	umpG	P0A840
CRNCDH	Carnityl-CoA dehydratse	Oxidative Phosphorylation	1.0 crncoa_c = 1.0 ctbtcoa_c + 1.0 h2o_c	1.0 L-Carnitinyl-CoA = 1.0 Crotonobetainyl-CoA + 1.0 H2O H2O	1.0 CHEBI:41482 = 1.0 CHEBI:60933 + 1.0 CHEBI:13352	{'ctbtcoa', 'crncoa', 'h2o'}	caiD	P31551
GMHEPAT	D-glycero-D-manno-hepose 1-phosphate adenyltransferase	Lipopolysaccharide Biosynthesis / Recycling	1.0 atp_c + 1.0 gmhep1p_c + 1.0 h_c = 1.0 adphep_DD_c + 1.0 ppi_c	1.0 ATP C10H12N5O13P3 + 1.0 D-Glycero-D-manno-heptose 1-phosphate + 1.0 H+ = 1.0 ADP-D-glycero-D-manno-heptose + 1.0 Diphosphate	1.0 CHEBI:15422 + 1.0 CHEBI:21031 + 1.0 CHEBI:5584 = 1.0 CHEBI:57863 + 1.0 CHEBI:45212	{'atp', 'ppi', 'adphep_DD', 'gmhep1p', 'h'}	hldE	P76658
EX_h2s_e	Hydrogen sulfide exchange	Extracellular exchange	1.0 h2s_e = 	1.0 Hydrogen sulfide = 	1.0 CHEBI:14414 = 	{'h2s'}	Unknown	Unknown
ADPT	Adenine phosphoribosyltransferase	Nucleotide Salvage Pathway	1.0 ade_c + 1.0 prpp_c = 1.0 amp_c + 1.0 ppi_c	1.0 Adenine + 1.0 5-Phospho-alpha-D-ribose 1-diphosphate = 1.0 AMP C10H12N5O7P + 1.0 Diphosphate	1.0 CHEBI:16708 + 1.0 CHEBI:2121 = 1.0 CHEBI:13736 + 1.0 CHEBI:45212	{'prpp', 'ade', 'amp', 'ppi'}	apt	P69503
EX_gthrd_e	Reduced glutathione exchange	Extracellular exchange	1.0 gthrd_e = 	1.0 Reduced glutathione = 	1.0 CHEBI:43049 = 	{'gthrd'}	Unknown	Unknown
IDOND	L-idonate 5-dehydrogenase	Alternate Carbon Metabolism	1.0 5dglcn_c + 1.0 h_c + 1.0 nadh_c = 1.0 idon__L_c + 1.0 nad_c	1.0 5-Dehydro-D-gluconate + 1.0 H+ + 1.0 Nicotinamide adenine dinucleotide - reduced = 1.0 L-Idonate + 1.0 Nicotinamide adenine dinucleotide	1.0 CHEBI:12121 + 1.0 CHEBI:5584 + 1.0 CHEBI:13395 = 1.0 CHEBI:13126 + 1.0 CHEBI:7422	{'idon__L', 'nad', '5dglcn', 'nadh', 'h'}	idnD	P39346
IDOND2	L-indonate 5-dehydrogenase (NADP)	Alternate Carbon Metabolism	1.0 5dglcn_c + 1.0 h_c + 1.0 nadph_c = 1.0 idon__L_c + 1.0 nadp_c	1.0 5-Dehydro-D-gluconate + 1.0 H+ + 1.0 Nicotinamide adenine dinucleotide phosphate - reduced = 1.0 L-Idonate + 1.0 Nicotinamide adenine dinucleotide phosphate	1.0 CHEBI:12121 + 1.0 CHEBI:5584 + 1.0 CHEBI:16474 = 1.0 CHEBI:13126 + 1.0 CHEBI:29868	{'nadp', 'nadph', 'idon__L', '5dglcn', 'h'}	idnD	P39346
FADRx	FAD reductase	Cofactor and Prosthetic Group Biosynthesis	1.0 fad_c + 1.0 h_c + 1.0 nadh_c = 1.0 fadh2_c + 1.0 nad_c	1.0 Flavin adenine dinucleotide oxidized + 1.0 H+ + 1.0 Nicotinamide adenine dinucleotide - reduced = 1.0 Flavin adenine dinucleotide reduced + 1.0 Nicotinamide adenine dinucleotide	1.0 CHEBI:16238 + 1.0 CHEBI:5584 + 1.0 CHEBI:13395 = 1.0 CHEBI:13316 + 1.0 CHEBI:7422	{'fad', 'fadh2', 'nad', 'nadh', 'h'}	fre	P0AEN1
GTPDPK	GTP diphosphokinase	Cofactor and Prosthetic Group Biosynthesis	1.0 atp_c + 1.0 gtp_c = 1.0 amp_c + 1.0 gdptp_c + 1.0 h_c	1.0 ATP C10H12N5O13P3 + 1.0 GTP C10H12N5O14P3 = 1.0 AMP C10H12N5O7P + 1.0 Guanosine 3'-diphosphate 5'-triphosphate + 1.0 H+	1.0 CHEBI:15422 + 1.0 CHEBI:37565 = 1.0 CHEBI:13736 + 1.0 CHEBI:14382 + 1.0 CHEBI:5584	{'atp', 'gdptp', 'gtp', 'amp', 'h'}	relA	P0AG20
NADN	NAD nucleosidase	Cofactor and Prosthetic Group Biosynthesis	1.0 h2o_c + 1.0 nad_c = 1.0 adprib_c + 1.0 h_c + 1.0 ncam_c	1.0 H2O H2O + 1.0 Nicotinamide adenine dinucleotide = 1.0 ADPribose C15H21N5O14P2 + 1.0 H+ + 1.0 Nicotinamide	1.0 CHEBI:13352 + 1.0 CHEBI:7422 = 1.0 CHEBI:20850 + 1.0 CHEBI:5584 + 1.0 CHEBI:14645	{'adprib', 'ncam', 'h2o', 'nad', 'h'}	Unknown	Unknown
GLYCLTDx	Glycolate dehydrogenase (NAD)	Glyoxylate Metabolism	1.0 glx_c + 1.0 h_c + 1.0 nadh_c = 1.0 glyclt_c + 1.0 nad_c	1.0 Glyoxylate + 1.0 H+ + 1.0 Nicotinamide adenine dinucleotide - reduced = 1.0 Glycolate C2H3O3 + 1.0 Nicotinamide adenine dinucleotide	1.0 CHEBI:24420 + 1.0 CHEBI:5584 + 1.0 CHEBI:13395 = 1.0 CHEBI:24388 + 1.0 CHEBI:7422	{'glx', 'glyclt', 'nad', 'nadh', 'h'}	ghrB, ghrA	P37666, P75913
ADK1	Adenylate kinase	Nucleotide Salvage Pathway	1.0 amp_c + 1.0 atp_c = 2.0 adp_c	1.0 AMP C10H12N5O7P + 1.0 ATP C10H12N5O13P3 = 2.0 ADP C10H12N5O10P2	1.0 CHEBI:13736 + 1.0 CHEBI:15422 = 2.0 CHEBI:2342	{'atp', 'amp', 'adp'}	adk	P69441
NDPK2	Nucleoside-diphosphate kinase (ATP:UDP)	Nucleotide Salvage Pathway	1.0 atp_c + 1.0 udp_c = 1.0 adp_c + 1.0 utp_c	1.0 ATP C10H12N5O13P3 + 1.0 UDP C9H11N2O12P2 = 1.0 ADP C10H12N5O10P2 + 1.0 UTP C9H11N2O15P3	1.0 CHEBI:15422 + 1.0 CHEBI:13445 = 1.0 CHEBI:2342 + 1.0 CHEBI:9850	{'utp', 'atp', 'adp', 'udp'}	adk, ndk	P69441, P0A763
NDPK3	Nucleoside-diphosphate kinase (ATP:CDP)	Nucleotide Salvage Pathway	1.0 atp_c + 1.0 cdp_c = 1.0 adp_c + 1.0 ctp_c	1.0 ATP C10H12N5O13P3 + 1.0 CDP C9H12N3O11P2 = 1.0 ADP C10H12N5O10P2 + 1.0 CTP C9H12N3O14P3	1.0 CHEBI:15422 + 1.0 CHEBI:41451 = 1.0 CHEBI:2342 + 1.0 CHEBI:3285	{'atp', 'ctp', 'cdp', 'adp'}	ndk, adk	P0A763, P69441
HPYRRy	Hydroxypyruvate reductase (NADPH)	Alternate Carbon Metabolism	1.0 h_c + 1.0 hpyr_c + 1.0 nadph_c = 1.0 glyc__R_c + 1.0 nadp_c	1.0 H+ + 1.0 Hydroxypyruvate + 1.0 Nicotinamide adenine dinucleotide phosphate - reduced = 1.0 (R)-Glycerate + 1.0 Nicotinamide adenine dinucleotide phosphate	1.0 CHEBI:5584 + 1.0 CHEBI:20083 + 1.0 CHEBI:16474 = 1.0 CHEBI:21030 + 1.0 CHEBI:29868	{'glyc__R', 'nadp', 'nadph', 'hpyr', 'h'}	ghrA, ghrB	P75913, P37666
NDPK4	Nucleoside-diphosphate kinase (ATP:dTDP)	Nucleotide Salvage Pathway	1.0 atp_c + 1.0 dtdp_c = 1.0 adp_c + 1.0 dttp_c	1.0 ATP C10H12N5O13P3 + 1.0 DTDP C10H13N2O11P2 = 1.0 ADP C10H12N5O10P2 + 1.0 DTTP C10H13N2O14P3	1.0 CHEBI:15422 + 1.0 CHEBI:58369 = 1.0 CHEBI:2342 + 1.0 CHEBI:27000	{'atp', 'dtdp', 'adp', 'dttp'}	adk, ndk	P69441, P0A763
ACODA	Acetylornithine deacetylase	Arginine and Proline Metabolism	1.0 acorn_c + 1.0 h2o_c = 1.0 ac_c + 1.0 orn_c	1.0 N2-Acetyl-L-ornithine + 1.0 H2O H2O = 1.0 Acetate + 1.0 Ornithine	1.0 CHEBI:21814 + 1.0 CHEBI:13352 = 1.0 CHEBI:13704 + 1.0 CHEBI:21367	{'orn', 'h2o', 'acorn', 'ac'}	argE	P23908
ADA	Adenosine deaminase	Nucleotide Salvage Pathway	1.0 adn_c + 1.0 h2o_c + 1.0 h_c = 1.0 ins_c + 1.0 nh4_c	1.0 Adenosine + 1.0 H2O H2O + 1.0 H+ = 1.0 Inosine + 1.0 Ammonium	1.0 CHEBI:22237 + 1.0 CHEBI:13352 + 1.0 CHEBI:5584 = 1.0 CHEBI:17596 + 1.0 CHEBI:44284	{'nh4', 'ins', 'h2o', 'adn', 'h'}	add	P22333
DADA	Deoxyadenosine deaminase	Nucleotide Salvage Pathway	1.0 dad_2_c + 1.0 h2o_c + 1.0 h_c = 1.0 din_c + 1.0 nh4_c	1.0 Deoxyadenosine + 1.0 H2O H2O + 1.0 H+ = 1.0 Deoxyinosine + 1.0 Ammonium	1.0 CHEBI:19234 + 1.0 CHEBI:13352 + 1.0 CHEBI:5584 = 1.0 CHEBI:43437 + 1.0 CHEBI:44284	{'nh4', 'din', 'dad_2', 'h2o', 'h'}	add	P22333
ADD	Adenine deaminase	Nucleotide Salvage Pathway	1.0 ade_c + 1.0 h2o_c + 1.0 h_c = 1.0 hxan_c + 1.0 nh4_c	1.0 Adenine + 1.0 H2O H2O + 1.0 H+ = 1.0 Hypoxanthine + 1.0 Ammonium	1.0 CHEBI:16708 + 1.0 CHEBI:13352 + 1.0 CHEBI:5584 = 1.0 CHEBI:14431 + 1.0 CHEBI:44284	{'nh4', 'ade', 'h2o', 'hxan', 'h'}	adeD	P31441
FCLT	Ferrochelatase	Cofactor and Prosthetic Group Biosynthesis	1.0 fe2_c + 1.0 ppp9_c = 2.0 h_c + 1.0 pheme_c	1.0 Fe2+ mitochondria + 1.0 Protoporphyrin = 2.0 H+ + 1.0 Protoheme C34H30FeN4O4	1.0 CHEBI:29033 + 1.0 CHEBI:15430 = 2.0 CHEBI:5584 + 1.0 CHEBI:60344	{'ppp9', 'h', 'pheme', 'fe2'}	hemH, yfeX, efeB	P23871, P76536, P31545
HBZOPT	Hydroxybenzoate octaprenyltransferase	Cofactor and Prosthetic Group Biosynthesis	1.0 4hbz_c + 1.0 octdp_c = 1.0 3ophb_c + 1.0 ppi_c	1.0 4-Hydroxybenzoate + 1.0 All-trans-Octaprenyl diphosphate = 1.0 3-Octaprenyl-4-hydroxybenzoate + 1.0 Diphosphate	1.0 CHEBI:20397 + 1.0 CHEBI:12781 = 1.0 CHEBI:1617 + 1.0 CHEBI:45212	{'octdp', '4hbz', '3ophb', 'ppi'}	ubiA	P0AGK1
PNTK	Pantothenate kinase	Cofactor and Prosthetic Group Biosynthesis	1.0 atp_c + 1.0 pnto__R_c = 1.0 4ppan_c + 1.0 adp_c + 1.0 h_c	1.0 ATP C10H12N5O13P3 + 1.0 (R)-Pantothenate = 1.0 D-4'-Phosphopantothenate + 1.0 ADP C10H12N5O10P2 + 1.0 H+	1.0 CHEBI:15422 + 1.0 CHEBI:29032 = 1.0 CHEBI:20891 + 1.0 CHEBI:2342 + 1.0 CHEBI:5584	{'atp', 'adp', '4ppan', 'pnto__R', 'h'}	coaA	P0A6I3
ADSS	Adenylosuccinate synthase	Purine and Pyrimidine Biosynthesis	1.0 asp__L_c + 1.0 gtp_c + 1.0 imp_c = 1.0 dcamp_c + 1.0 gdp_c + 2.0 h_c + 1.0 pi_c	1.0 L-Aspartate + 1.0 GTP C10H12N5O14P3 + 1.0 IMP C10H11N4O8P = 1.0 N6-(1,2-Dicarboxyethyl)-AMP + 1.0 GDP C10H12N5O11P2 + 2.0 H+ + 1.0 Phosphate	1.0 CHEBI:17053 + 1.0 CHEBI:37565 + 1.0 CHEBI:43524 = 1.0 CHEBI:12657 + 1.0 CHEBI:5212 + 2.0 CHEBI:5584 + 1.0 CHEBI:26078	{'asp__L', 'gdp', 'imp', 'gtp', 'pi', 'dcamp', 'h'}	purA	P0A7D4
AGDC	N-acetylglucosamine-6-phosphate deacetylase	Alternate Carbon Metabolism	1.0 acgam6p_c + 1.0 h2o_c = 1.0 ac_c + 1.0 gam6p_c	1.0 N-Acetyl-D-glucosamine 6-phosphate + 1.0 H2O H2O = 1.0 Acetate + 1.0 D-Glucosamine 6-phosphate	1.0 CHEBI:49353 + 1.0 CHEBI:13352 = 1.0 CHEBI:13704 + 1.0 CHEBI:12962	{'h2o', 'gam6p', 'acgam6p', 'ac'}	nagA	P0AF18
OCTDPS	Octaprenyl pyrophosphate synthase	Cofactor and Prosthetic Group Biosynthesis	1.0 frdp_c + 5.0 ipdp_c = 1.0 octdp_c + 5.0 ppi_c	1.0 Farnesyl diphosphate + 5.0 Isopentenyl diphosphate = 1.0 All-trans-Octaprenyl diphosphate + 5.0 Diphosphate	1.0 CHEBI:50277 + 5.0 CHEBI:128769 = 1.0 CHEBI:12781 + 5.0 CHEBI:45212	{'octdp', 'ipdp', 'frdp', 'ppi'}	ispB	P0AD57
ASNN	L-asparaginase	Alanine and Aspartate Metabolism	1.0 asn__L_c + 1.0 h2o_c = 1.0 asp__L_c + 1.0 nh4_c	1.0 L-Asparagine + 1.0 H2O H2O = 1.0 L-Aspartate + 1.0 Ammonium	1.0 CHEBI:6191 + 1.0 CHEBI:13352 = 1.0 CHEBI:17053 + 1.0 CHEBI:44284	{'asn__L', 'asp__L', 'nh4', 'h2o'}	ansA, iaaA	P0A962, P37595
DPCOAK	Dephospho-CoA kinase	Cofactor and Prosthetic Group Biosynthesis	1.0 atp_c + 1.0 dpcoa_c = 1.0 adp_c + 1.0 coa_c + 1.0 h_c	1.0 ATP C10H12N5O13P3 + 1.0 Dephospho-CoA = 1.0 ADP C10H12N5O10P2 + 1.0 Coenzyme A + 1.0 H+	1.0 CHEBI:15422 + 1.0 CHEBI:14124 = 1.0 CHEBI:2342 + 1.0 CHEBI:41631 + 1.0 CHEBI:5584	{'atp', 'coa', 'adp', 'dpcoa', 'h'}	coaE	P0A6I9
HETZK	Hydroxyethylthiazole kinase	Cofactor and Prosthetic Group Biosynthesis	1.0 4mhetz_c + 1.0 atp_c = 1.0 4mpetz_c + 1.0 adp_c + 1.0 h_c	1.0 4-Methyl-5-(2-hydroxyethyl)-thiazole + 1.0 ATP C10H12N5O13P3 = 1.0 4-Methyl-5-(2-phosphoethyl)-thiazole + 1.0 ADP C10H12N5O10P2 + 1.0 H+	1.0 CHEBI:46320 + 1.0 CHEBI:15422 = 1.0 CHEBI:12024 + 1.0 CHEBI:2342 + 1.0 CHEBI:5584	{'atp', '4mpetz', 'adp', '4mhetz', 'h'}	thiM	P76423
ASNS2	Asparagine synthetase	Alanine and Aspartate Metabolism	1.0 asp__L_c + 1.0 atp_c + 1.0 nh4_c = 1.0 amp_c + 1.0 asn__L_c + 1.0 h_c + 1.0 ppi_c	1.0 L-Aspartate + 1.0 ATP C10H12N5O13P3 + 1.0 Ammonium = 1.0 AMP C10H12N5O7P + 1.0 L-Asparagine + 1.0 H+ + 1.0 Diphosphate	1.0 CHEBI:17053 + 1.0 CHEBI:15422 + 1.0 CHEBI:44284 = 1.0 CHEBI:13736 + 1.0 CHEBI:6191 + 1.0 CHEBI:5584 + 1.0 CHEBI:45212	{'asn__L', 'atp', 'asp__L', 'nh4', 'ppi', 'amp', 'h'}	asnA, asnB	P00963, P22106
ASPCT	Aspartate carbamoyltransferase	Purine and Pyrimidine Biosynthesis	1.0 asp__L_c + 1.0 cbp_c = 1.0 cbasp_c + 1.0 h_c + 1.0 pi_c	1.0 L-Aspartate + 1.0 Carbamoyl phosphate = 1.0 N-Carbamoyl-L-aspartate + 1.0 H+ + 1.0 Phosphate	1.0 CHEBI:17053 + 1.0 CHEBI:13942 = 1.0 CHEBI:12593 + 1.0 CHEBI:5584 + 1.0 CHEBI:26078	{'asp__L', 'cbp', 'pi', 'cbasp', 'h'}	pyrI, pyrB, pyrB	P0A7F3, P0A786
KDOPS	3-deoxy -D-manno-octulosonic -acid 8-phosphate synthase	Lipopolysaccharide Biosynthesis / Recycling	1.0 ara5p_c + 1.0 h2o_c + 1.0 pep_c = 1.0 kdo8p_c + 1.0 pi_c	1.0 D-Arabinose 5-phosphate + 1.0 H2O H2O + 1.0 Phosphoenolpyruvate = 1.0 3-Deoxy-D-manno-octulosonate 8-phosphate + 1.0 Phosphate	1.0 CHEBI:12916 + 1.0 CHEBI:13352 + 1.0 CHEBI:18021 = 1.0 CHEBI:18069 + 1.0 CHEBI:26078	{'ara5p', 'pep', 'kdo8p', 'h2o', 'pi'}	kdsA	P0A715
KDOPP	3-deoxy-manno-octulosonate-8-phosphatase	Lipopolysaccharide Biosynthesis / Recycling	1.0 h2o_c + 1.0 kdo8p_c = 1.0 kdo_c + 1.0 pi_c	1.0 H2O H2O + 1.0 3-Deoxy-D-manno-octulosonate 8-phosphate = 1.0 3-Deoxy-D-manno-2-octulosonate + 1.0 Phosphate	1.0 CHEBI:13352 + 1.0 CHEBI:18069 = 1.0 CHEBI:43577 + 1.0 CHEBI:26078	{'pi', 'kdo', 'kdo8p', 'h2o'}	kdsC	P0ABZ4
DMPPS	1-hydroxy-2-methyl-2-(E)-butenyl 4-diphosphate reductase (dmpp)	Cofactor and Prosthetic Group Biosynthesis	1.0 h2mb4p_c + 1.0 h_c + 1.0 nadh_c = 1.0 dmpp_c + 1.0 h2o_c + 1.0 nad_c	1.0 1-hydroxy-2-methyl-2-(E)-butenyl 4-diphosphate + 1.0 H+ + 1.0 Nicotinamide adenine dinucleotide - reduced = 1.0 Dimethylallyl diphosphate + 1.0 H2O H2O + 1.0 Nicotinamide adenine dinucleotide	1.0 CHEBI:10952 + 1.0 CHEBI:5584 + 1.0 CHEBI:13395 = 1.0 CHEBI:14883 + 1.0 CHEBI:13352 + 1.0 CHEBI:7422	{'dmpp', 'h2o', 'h2mb4p', 'nad', 'nadh', 'h'}	ispH	P62623
EX_26dap__M_e	Meso-2,6-Diaminoheptanedioate exchange	Extracellular exchange	1.0 26dap__M_e = 	1.0 Meso-2,6-Diaminoheptanedioate = 	1.0 CHEBI:40838 = 	{'26dap__M'}	Unknown	Unknown
MCOATA	Malonyl-CoA-ACP transacylase	Membrane Lipid Metabolism	1.0 ACP_c + 1.0 malcoa_c = 1.0 coa_c + 1.0 malACP_c	1.0 Acyl carrier protein + 1.0 Malonyl CoA C24H33N7O19P3S = 1.0 Coenzyme A + 1.0 Malonyl-[acyl-carrier protein]	1.0 CHEBI:14405 + 1.0 CHEBI:25135 = 1.0 CHEBI:41631 + 1.0 CHEBI:6662	{'coa', 'malACP', 'ACP', 'malcoa'}	acpP, fabD	P0A6A8, P0AAI9
IPDPS	1-hydroxy-2-methyl-2-(E)-butenyl 4-diphosphate reductase (ipdp)	Cofactor and Prosthetic Group Biosynthesis	1.0 h2mb4p_c + 1.0 h_c + 1.0 nadh_c = 1.0 h2o_c + 1.0 ipdp_c + 1.0 nad_c	1.0 1-hydroxy-2-methyl-2-(E)-butenyl 4-diphosphate + 1.0 H+ + 1.0 Nicotinamide adenine dinucleotide - reduced = 1.0 H2O H2O + 1.0 Isopentenyl diphosphate + 1.0 Nicotinamide adenine dinucleotide	1.0 CHEBI:10952 + 1.0 CHEBI:5584 + 1.0 CHEBI:13395 = 1.0 CHEBI:13352 + 1.0 CHEBI:128769 + 1.0 CHEBI:7422	{'ipdp', 'h2o', 'h2mb4p', 'nad', 'nadh', 'h'}	ispH	P62623
AST	Arginine succinyltransferase	Arginine and Proline Metabolism	1.0 arg__L_c + 1.0 succoa_c = 1.0 coa_c + 1.0 h_c + 1.0 sucarg_c	1.0 L-Arginine + 1.0 Succinyl-CoA = 1.0 Coenzyme A + 1.0 H+ + 1.0 N2-Succinyl-L-arginine	1.0 CHEBI:32683 + 1.0 CHEBI:57292 = 1.0 CHEBI:41631 + 1.0 CHEBI:5584 + 1.0 CHEBI:21819	{'succoa', 'coa', 'sucarg', 'arg__L', 'h'}	astA	P0AE37
SGDS	Succinylglutamate desuccinylase	Arginine and Proline Metabolism	1.0 h2o_c + 1.0 sucglu_c = 1.0 glu__L_c + 1.0 succ_c	1.0 H2O H2O + 1.0 N2-Succinyl-L-glutamate = 1.0 L-Glutamate + 1.0 Succinate	1.0 CHEBI:13352 + 1.0 CHEBI:48957 = 1.0 CHEBI:76051 + 1.0 CHEBI:22941	{'glu__L', 'succ', 'sucglu', 'h2o'}	astE	P76215
CYNTAH	Cyanate aminohydrolase	Nitrogen Metabolism	1.0 cynt_c + 3.0 h_c + 1.0 hco3_c = 2.0 co2_c + 1.0 nh4_c	1.0 Cyanate + 3.0 H+ + 1.0 Bicarbonate = 2.0 CO2 CO2 + 1.0 Ammonium	1.0 CHEBI:29202 + 3.0 CHEBI:5584 + 1.0 CHEBI:13363 = 2.0 CHEBI:23011 + 1.0 CHEBI:44284	{'nh4', 'hco3', 'cynt', 'co2', 'h'}	cynS	P00816
DAPE	Diaminopimelate epimerase	Threonine and Lysine Metabolism	1.0 26dap_LL_c = 1.0 26dap__M_c	1.0 LL-2,6-Diaminoheptanedioate = 1.0 Meso-2,6-Diaminoheptanedioate	1.0 CHEBI:21428 = 1.0 CHEBI:40838	{'26dap__M', '26dap_LL'}	dapF	P0A6K1
DHDPRy	Dihydrodipicolinate reductase (NADPH)	Threonine and Lysine Metabolism	1.0 23dhdp_c + 1.0 h_c + 1.0 nadph_c = 1.0 nadp_c + 1.0 thdp_c	1.0 2,3-Dihydrodipicolinate + 1.0 H+ + 1.0 Nicotinamide adenine dinucleotide phosphate - reduced = 1.0 Nicotinamide adenine dinucleotide phosphate + 1.0 2,3,4,5-Tetrahydrodipicolinate	1.0 CHEBI:18042 + 1.0 CHEBI:5584 + 1.0 CHEBI:16474 = 1.0 CHEBI:29868 + 1.0 CHEBI:11408	{'23dhdp', 'nadp', 'nadph', 'thdp', 'h'}	dapB	P04036
EX_acnam_e	N-Acetylneuraminate exchange	Extracellular exchange	1.0 acnam_e = 	1.0 N-Acetylneuraminate = 	1.0 CHEBI:12471 = 	{'acnam'}	Unknown	Unknown
HSK	Homoserine kinase	Threonine and Lysine Metabolism	1.0 atp_c + 1.0 hom__L_c = 1.0 adp_c + 1.0 h_c + 1.0 phom_c	1.0 ATP C10H12N5O13P3 + 1.0 L-Homoserine = 1.0 ADP C10H12N5O10P2 + 1.0 H+ + 1.0 O-Phospho-L-homoserine	1.0 CHEBI:15422 + 1.0 CHEBI:57476 = 1.0 CHEBI:2342 + 1.0 CHEBI:5584 + 1.0 CHEBI:21965	{'atp', 'phom', 'adp', 'hom__L', 'h'}	thrB	P00547
SDPTA	Succinyldiaminopimelate transaminase	Threonine and Lysine Metabolism	1.0 akg_c + 1.0 sl26da_c = 1.0 glu__L_c + 1.0 sl2a6o_c	1.0 2-Oxoglutarate + 1.0 N-Succinyl-LL-2,6-diaminoheptanedioate = 1.0 L-Glutamate + 1.0 N-Succinyl-2-L-amino-6-oxoheptanedioate	1.0 CHEBI:40661 + 1.0 CHEBI:21791 = 1.0 CHEBI:76051 + 1.0 CHEBI:21790	{'akg', 'glu__L', 'sl2a6o', 'sl26da'}	argD, puuE, astC, gabT, serC	P18335, P50457, P77581, P22256, P23721
GSPMDA	Glutathionylspermidine amidase	Arginine and Proline Metabolism	1.0 gtspmd_c + 1.0 h2o_c = 1.0 gthrd_c + 1.0 spmd_c	1.0 Glutathionylspermidine + 1.0 H2O H2O = 1.0 Reduced glutathione + 1.0 Spermidine	1.0 CHEBI:16613 + 1.0 CHEBI:13352 = 1.0 CHEBI:43049 + 1.0 CHEBI:57834	{'spmd', 'gthrd', 'h2o', 'gtspmd'}	gss	P0AES0
GSPMDS	Glutathionylspermidine synthetase	Arginine and Proline Metabolism	1.0 atp_c + 1.0 gthrd_c + 1.0 spmd_c = 1.0 adp_c + 1.0 gtspmd_c + 1.0 h_c + 1.0 pi_c	1.0 ATP C10H12N5O13P3 + 1.0 Reduced glutathione + 1.0 Spermidine = 1.0 ADP C10H12N5O10P2 + 1.0 Glutathionylspermidine + 1.0 H+ + 1.0 Phosphate	1.0 CHEBI:15422 + 1.0 CHEBI:43049 + 1.0 CHEBI:57834 = 1.0 CHEBI:2342 + 1.0 CHEBI:16613 + 1.0 CHEBI:5584 + 1.0 CHEBI:26078	{'atp', 'adp', 'gtspmd', 'spmd', 'pi', 'gthrd', 'h'}	gss	P0AES0
GUAD	Guanine deaminase	Nucleotide Salvage Pathway	1.0 gua_c + 1.0 h2o_c + 1.0 h_c = 1.0 nh4_c + 1.0 xan_c	1.0 Guanine + 1.0 H2O H2O + 1.0 H+ = 1.0 Ammonium + 1.0 Xanthine	1.0 CHEBI:16235 + 1.0 CHEBI:13352 + 1.0 CHEBI:5584 = 1.0 CHEBI:44284 + 1.0 CHEBI:15318	{'nh4', 'gua', 'xan', 'h2o', 'h'}	guaD	P76641
THRS	Threonine synthase	Threonine and Lysine Metabolism	1.0 h2o_c + 1.0 phom_c = 1.0 pi_c + 1.0 thr__L_c	1.0 H2O H2O + 1.0 O-Phospho-L-homoserine = 1.0 Phosphate + 1.0 L-Threonine	1.0 CHEBI:13352 + 1.0 CHEBI:21965 = 1.0 CHEBI:26078 + 1.0 CHEBI:16857	{'phom', 'thr__L', 'pi', 'h2o'}	thrC	P00934
EX_amp_e	AMP exchange	Extracellular exchange	1.0 amp_e = 	1.0 AMP C10H12N5O7P = 	1.0 CHEBI:13736 = 	{'amp'}	Unknown	Unknown
HSST	Homoserine O-succinyltransferase	Methionine Metabolism	1.0 hom__L_c + 1.0 succoa_c = 1.0 coa_c + 1.0 suchms_c	1.0 L-Homoserine + 1.0 Succinyl-CoA = 1.0 Coenzyme A + 1.0 O-Succinyl-L-homoserine	1.0 CHEBI:57476 + 1.0 CHEBI:57292 = 1.0 CHEBI:41631 + 1.0 CHEBI:16160	{'coa', 'suchms', 'succoa', 'hom__L'}	metA	P07623
PPNDH	Prephenate dehydratase	Tyrosine, Tryptophan, and Phenylalanine Metabolism	1.0 h_c + 1.0 pphn_c = 1.0 co2_c + 1.0 h2o_c + 1.0 phpyr_c	1.0 H+ + 1.0 Prephenate = 1.0 CO2 CO2 + 1.0 H2O H2O + 1.0 Phenylpyruvate	1.0 CHEBI:5584 + 1.0 CHEBI:8399 = 1.0 CHEBI:23011 + 1.0 CHEBI:13352 + 1.0 CHEBI:14784	{'h2o', 'co2', 'phpyr', 'pphn', 'h'}	pheA	P0A9J8
TMAOR1	Trimethylamine N-oxide reductase (menaquinol 8)	Oxidative Phosphorylation	1.0 h_c + 1.0 mql8_c + 1.0 tmao_c = 1.0 h2o_c + 1.0 mqn8_c + 1.0 tma_c	1.0 H+ + 1.0 Menaquinol 8 + 1.0 Trimethylamine N-oxide = 1.0 H2O H2O + 1.0 Menaquinone 8 + 1.0 Trimethylamine	1.0 CHEBI:5584 + 1.0 CHEBI:61684 + 1.0 CHEBI:15724 = 1.0 CHEBI:13352 + 1.0 CHEBI:44027 + 1.0 CHEBI:9732	{'mqn8', 'tmao', 'h2o', 'mql8', 'tma', 'h'}	dmsB, dmsC, dmsA, ynfG, ynfH, ynfF, ynfE	P18776, P18777, P18775, P0AAJ1, P76173, P77783, P77374
TMAOR2	Trimethylamine N-oxide reductase (demethylmenaquinol 8)	Oxidative Phosphorylation	1.0 2dmmql8_c + 1.0 h_c + 1.0 tmao_c = 1.0 2dmmq8_c + 1.0 h2o_c + 1.0 tma_c	1.0 2-Demethylmenaquinol 8 + 1.0 H+ + 1.0 Trimethylamine N-oxide = 1.0 2-Demethylmenaquinone 8 + 1.0 H2O H2O + 1.0 Trimethylamine	1.0 CHEBI:61873 + 1.0 CHEBI:5584 + 1.0 CHEBI:15724 = 1.0 CHEBI:48455 + 1.0 CHEBI:13352 + 1.0 CHEBI:9732	{'tmao', '2dmmq8', '2dmmql8', 'h2o', 'tma', 'h'}	dmsB, dmsC, dmsA	P18776, P18777, P18775
DGK1	Deoxyguanylate kinase (dGMP:ATP)	Nucleotide Salvage Pathway	1.0 atp_c + 1.0 dgmp_c = 1.0 adp_c + 1.0 dgdp_c	1.0 ATP C10H12N5O13P3 + 1.0 DGMP C10H12N5O7P = 1.0 ADP C10H12N5O10P2 + 1.0 DGDP C10H12N5O10P2	1.0 CHEBI:15422 + 1.0 CHEBI:57673 = 1.0 CHEBI:2342 + 1.0 CHEBI:58595	{'atp', 'dgmp', 'adp', 'dgdp'}	gmk	P60546
DTMPK	DTMP kinase	Nucleotide Salvage Pathway	1.0 atp_c + 1.0 dtmp_c = 1.0 adp_c + 1.0 dtdp_c	1.0 ATP C10H12N5O13P3 + 1.0 DTMP C10H13N2O8P = 1.0 ADP C10H12N5O10P2 + 1.0 DTDP C10H13N2O11P2	1.0 CHEBI:15422 + 1.0 CHEBI:47711 = 1.0 CHEBI:2342 + 1.0 CHEBI:58369	{'dtmp', 'atp', 'dtdp', 'adp'}	tmk	P0A720
NDPK1	Nucleoside-diphosphate kinase (ATP:GDP)	Nucleotide Salvage Pathway	1.0 atp_c + 1.0 gdp_c = 1.0 adp_c + 1.0 gtp_c	1.0 ATP C10H12N5O13P3 + 1.0 GDP C10H12N5O11P2 = 1.0 ADP C10H12N5O10P2 + 1.0 GTP C10H12N5O14P3	1.0 CHEBI:15422 + 1.0 CHEBI:5212 = 1.0 CHEBI:2342 + 1.0 CHEBI:37565	{'gtp', 'atp', 'gdp', 'adp'}	adk, ndk	P69441, P0A763
TRDR	Thioredoxin reductase (NADPH)	Oxidative Phosphorylation	1.0 h_c + 1.0 nadph_c + 1.0 trdox_c = 1.0 nadp_c + 1.0 trdrd_c	1.0 H+ + 1.0 Nicotinamide adenine dinucleotide phosphate - reduced + 1.0 Oxidized thioredoxin = 1.0 Nicotinamide adenine dinucleotide phosphate + 1.0 Reduced thioredoxin	1.0 CHEBI:5584 + 1.0 CHEBI:16474 + 1.0 CHEBI:14726 = 1.0 CHEBI:29868 + 1.0 CHEBI:15033	{'nadp', 'nadph', 'trdrd', 'trdox', 'h'}	trxB, trxA, trxC, trxB	P0A9P4, P0AA25, P0AGG4
DDPA	3-deoxy-D-arabino-heptulosonate 7-phosphate synthetase	Tyrosine, Tryptophan, and Phenylalanine Metabolism	1.0 e4p_c + 1.0 h2o_c + 1.0 pep_c = 1.0 2dda7p_c + 1.0 pi_c	1.0 D-Erythrose 4-phosphate + 1.0 H2O H2O + 1.0 Phosphoenolpyruvate = 1.0 2-Dehydro-3-deoxy-D-arabino-heptonate 7-phosphate + 1.0 Phosphate	1.0 CHEBI:4114 + 1.0 CHEBI:13352 + 1.0 CHEBI:18021 = 1.0 CHEBI:1053 + 1.0 CHEBI:26078	{'e4p', 'pep', 'h2o', 'pi', '2dda7p'}	aroF, aroG, aroH	P00888, P0AB91, P00887
NMNDA	Nicotinamide-nucleotide amidase	Cofactor and Prosthetic Group Biosynthesis	1.0 h2o_c + 1.0 nmn_c = 1.0 nh4_c + 1.0 nicrnt_c	1.0 H2O H2O + 1.0 NMN C11H14N2O8P = 1.0 Ammonium + 1.0 Nicotinate D-ribonucleotide	1.0 CHEBI:13352 + 1.0 CHEBI:14648 = 1.0 CHEBI:44284 + 1.0 CHEBI:7561	{'nmn', 'nh4', 'nicrnt', 'h2o'}	pncC	P0A6G3
NNAM	Nicotinamidase	Cofactor and Prosthetic Group Biosynthesis	1.0 h2o_c + 1.0 ncam_c = 1.0 nac_c + 1.0 nh4_c	1.0 H2O H2O + 1.0 Nicotinamide = 1.0 Nicotinate + 1.0 Ammonium	1.0 CHEBI:13352 + 1.0 CHEBI:14645 = 1.0 CHEBI:7559 + 1.0 CHEBI:44284	{'ncam', 'nac', 'nh4', 'h2o'}	pncA	P21369
P5CD	1-pyrroline-5-carboxylate dehydrogenase	Arginine and Proline Metabolism	1.0 1pyr5c_c + 2.0 h2o_c + 1.0 nad_c = 1.0 glu__L_c + 1.0 h_c + 1.0 nadh_c	1.0 1-Pyrroline-5-carboxylate + 2.0 H2O H2O + 1.0 Nicotinamide adenine dinucleotide = 1.0 L-Glutamate + 1.0 H+ + 1.0 Nicotinamide adenine dinucleotide - reduced	1.0 CHEBI:11297 + 2.0 CHEBI:13352 + 1.0 CHEBI:7422 = 1.0 CHEBI:76051 + 1.0 CHEBI:5584 + 1.0 CHEBI:13395	{'h2o', 'glu__L', 'nad', '1pyr5c', 'nadh', 'h'}	putA	P09546
PGMT	Phosphoglucomutase	Alternate Carbon Metabolism	1.0 g1p_c = 1.0 g6p_c	1.0 D-Glucose 1-phosphate = 1.0 D-Glucose 6-phosphate	1.0 CHEBI:10246 = 1.0 CHEBI:61548	{'g6p', 'g1p'}	yqaB, pgm, ycjU	P77475, P36938, P77366
FRUK	Fructose-1-phosphate kinase	Alternate Carbon Metabolism	1.0 atp_c + 1.0 f1p_c = 1.0 adp_c + 1.0 fdp_c + 1.0 h_c	1.0 ATP C10H12N5O13P3 + 1.0 D-Fructose 1-phosphate = 1.0 ADP C10H12N5O10P2 + 1.0 D-Fructose 1,6-bisphosphate + 1.0 H+	1.0 CHEBI:15422 + 1.0 CHEBI:37515 = 1.0 CHEBI:2342 + 1.0 CHEBI:37736 + 1.0 CHEBI:5584	{'fdp', 'atp', 'adp', 'f1p', 'h'}	fruK	P0AEW9
SPMDAT1	Spermidine acetyltransferase	Arginine and Proline Metabolism	1.0 accoa_c + 1.0 spmd_c = 1.0 N1aspmd_c + 1.0 coa_c + 1.0 h_c	1.0 Acetyl-CoA + 1.0 Spermidine = 1.0 N1-Acetylspermidine + 1.0 Coenzyme A + 1.0 H+	1.0 CHEBI:57288 + 1.0 CHEBI:57834 = 1.0 CHEBI:12625 + 1.0 CHEBI:41631 + 1.0 CHEBI:5584	{'coa', 'accoa', 'N1aspmd', 'spmd', 'h'}	speG	P0A951
RHCCE	S-ribosylhomocysteine cleavage enzyme	Methionine Metabolism	1.0 rhcys_c = 1.0 dhptd_c + 1.0 hcys__L_c	1.0 S-Ribosyl-L-homocysteine = 1.0 4,5-dihydroxy-2,3-pentanedione + 1.0 L-Homocysteine	1.0 CHEBI:17575 = 1.0 CHEBI:29484 + 1.0 CHEBI:43117	{'hcys__L', 'rhcys', 'dhptd'}	luxS	P45578
EX_dha_e	Dihydroxyacetone exchange	Extracellular exchange	1.0 dha_e = 	1.0 Dihydroxyacetone = 	1.0 CHEBI:14340 = 	{'dha'}	Unknown	Unknown
KG6PDC	3-keto-L-gulonate 6-phosphate decarboxylase	Alternate Carbon Metabolism	1.0 3dhgulnp_c + 1.0 h_c = 1.0 co2_c + 1.0 xu5p__L_c	1.0 3-keto-L-gulonate-6-phosphate + 1.0 H+ = 1.0 CO2 CO2 + 1.0 L-Xylulose 5-phosphate	1.0 CHEBI:58774 + 1.0 CHEBI:5584 = 1.0 CHEBI:23011 + 1.0 CHEBI:21427	{'3dhgulnp', 'h', 'xu5p__L', 'co2'}	ulaD, sgbH	P39304, P37678
SPMDAT2	Spermidine acetyltransferase (N8)	Arginine and Proline Metabolism	1.0 accoa_c + 1.0 spmd_c = 1.0 coa_c + 1.0 h_c + 1.0 n8aspmd_c	1.0 Acetyl-CoA + 1.0 Spermidine = 1.0 Coenzyme A + 1.0 H+ + 1.0 N8-Acetylspermidine	1.0 CHEBI:57288 + 1.0 CHEBI:57834 = 1.0 CHEBI:41631 + 1.0 CHEBI:5584 + 1.0 CHEBI:58535	{'coa', 'accoa', 'spmd', 'n8aspmd', 'h'}	speG	P0A951
TDPADGAT	DTDP-4-amino-4,6-dideoxy-D-glucose acetyltransferase	Cell Envelope Biosynthesis	1.0 accoa_c + 1.0 dtdp4addg_c = 1.0 coa_c + 1.0 dtdp4aaddg_c + 1.0 h_c	1.0 Acetyl-CoA + 1.0 DTDP-4-amino-4,6-dideoxy-D-galactose = 1.0 Coenzyme A + 1.0 DTDP-4-acetamido-4,6-dideoxy-D-galactose + 1.0 H+	1.0 CHEBI:57288 + 1.0 CHEBI:23539 = 1.0 CHEBI:41631 + 1.0 CHEBI:68493 + 1.0 CHEBI:5584	{'coa', 'dtdp4aaddg', 'dtdp4addg', 'accoa', 'h'}	wecD	P27832
MALS	Malate synthase	Anaplerotic Reactions	1.0 accoa_c + 1.0 glx_c + 1.0 h2o_c = 1.0 coa_c + 1.0 h_c + 1.0 mal__L_c	1.0 Acetyl-CoA + 1.0 Glyoxylate + 1.0 H2O H2O = 1.0 Coenzyme A + 1.0 H+ + 1.0 L-Malate	1.0 CHEBI:57288 + 1.0 CHEBI:24420 + 1.0 CHEBI:13352 = 1.0 CHEBI:41631 + 1.0 CHEBI:5584 + 1.0 CHEBI:15589	{'glx', 'coa', 'accoa', 'h2o', 'mal__L', 'h'}	aceB, glcB	P08997, P37330
X5PL3E	L-xylulose 5-phosphate 3-epimerase	Alternate Carbon Metabolism	1.0 xu5p__L_c = 1.0 ru5p__L_c	1.0 L-Xylulose 5-phosphate = 1.0 L-Ribulose 5-phosphate	1.0 CHEBI:21427 = 1.0 CHEBI:21383	{'ru5p__L', 'xu5p__L'}	ulaE, sgbU	P39305, P37679
DOGULNR	2,3 dioxo-L-gulonate reductase	Alternate Carbon Metabolism	1.0 23doguln_c + 1.0 h_c + 1.0 nadh_c = 1.0 3dhguln_c + 1.0 nad_c	1.0 2,3-Dioxo-L-gulonate + 1.0 H+ + 1.0 Nicotinamide adenine dinucleotide - reduced = 1.0 3-Dehydro-L-gulonate + 1.0 Nicotinamide adenine dinucleotide	1.0 CHEBI:57441 + 1.0 CHEBI:5584 + 1.0 CHEBI:13395 = 1.0 CHEBI:16142 + 1.0 CHEBI:7422	{'23doguln', '3dhguln', 'nad', 'nadh', 'h'}	yiaK	P37672
TRE6PP	Trehalose-phosphatase	Alternate Carbon Metabolism	1.0 h2o_c + 1.0 tre6p_c = 1.0 pi_c + 1.0 tre_c	1.0 H2O H2O + 1.0 Alpha,alpha'-Trehalose 6-phosphate = 1.0 Phosphate + 1.0 Trehalose	1.0 CHEBI:13352 + 1.0 CHEBI:12285 = 1.0 CHEBI:26078 + 1.0 CHEBI:46211	{'tre6p', 'pi', 'tre', 'h2o'}	otsB	P31678
EX_fuc__L_e	L-Fucose exchange	Extracellular exchange	1.0 fuc__L_e = 	1.0 L-Fucose = 	1.0 CHEBI:48204 = 	{'fuc__L'}	Unknown	Unknown
EX_met__D_e	D-Methionine exchange	Extracellular exchange	1.0 met__D_e = 	1.0 D-Methionine = 	1.0 CHEBI:57932 = 	{'met__D'}	Unknown	Unknown
EX_tartr__L_e	L-tartrate exchange	Extracellular exchange	1.0 tartr__L_e = 	1.0 L-tartrate = 	1.0 CHEBI:15193 = 	{'tartr__L'}	Unknown	Unknown
BETALDHx	Betaine-aldehyde dehydrogenase	Unassigned	1.0 betald_c + 1.0 h2o_c + 1.0 nad_c = 1.0 glyb_c + 2.0 h_c + 1.0 nadh_c	1.0 Betaine aldehyde + 1.0 H2O H2O + 1.0 Nicotinamide adenine dinucleotide = 1.0 Glycine betaine + 2.0 H+ + 1.0 Nicotinamide adenine dinucleotide - reduced	1.0 CHEBI:22859 + 1.0 CHEBI:13352 + 1.0 CHEBI:7422 = 1.0 CHEBI:27128 + 2.0 CHEBI:5584 + 1.0 CHEBI:13395	{'betald', 'glyb', 'h2o', 'nad', 'nadh', 'h'}	betB	P17445
BETALDHy	Betaine-aldehyde dehydrogenase	Unassigned	1.0 betald_c + 1.0 h2o_c + 1.0 nadp_c = 1.0 glyb_c + 2.0 h_c + 1.0 nadph_c	1.0 Betaine aldehyde + 1.0 H2O H2O + 1.0 Nicotinamide adenine dinucleotide phosphate = 1.0 Glycine betaine + 2.0 H+ + 1.0 Nicotinamide adenine dinucleotide phosphate - reduced	1.0 CHEBI:22859 + 1.0 CHEBI:13352 + 1.0 CHEBI:29868 = 1.0 CHEBI:27128 + 2.0 CHEBI:5584 + 1.0 CHEBI:16474	{'nadp', 'betald', 'nadph', 'glyb', 'h2o', 'h'}	betB	P17445
MLTG3	Maltodextrin glucosidase (maltopentaose)	Alternate Carbon Metabolism	1.0 h2o_c + 1.0 maltpt_c = 1.0 glc__D_c + 1.0 maltttr_c	1.0 H2O H2O + 1.0 Maltopentaose = 1.0 D-Glucose + 1.0 Maltotetraose	1.0 CHEBI:13352 + 1.0 CHEBI:61952 = 1.0 CHEBI:12965 + 1.0 CHEBI:6671	{'maltttr', 'glc__D', 'maltpt', 'h2o'}	malZ	P21517
EX_taur_e	Taurine exchange	Extracellular exchange	1.0 taur_e = 	1.0 Taurine C2H7NO3S = 	1.0 CHEBI:32970 = 	{'taur'}	Unknown	Unknown
EX_maltpt_e	Maltopentaose exchange	Extracellular exchange	1.0 maltpt_e = 	1.0 Maltopentaose = 	1.0 CHEBI:61952 = 	{'maltpt'}	Unknown	Unknown
EX_glyald_e	D-Glyceraldehyde exchange	Extracellular exchange	1.0 glyald_e = 	1.0 D-Glyceraldehyde = 	1.0 CHEBI:17378 = 	{'glyald'}	Unknown	Unknown
EX_glcur_e	D-Glucuronate exchange	Extracellular exchange	1.0 glcur_e = 	1.0 D-Glucuronate = 	1.0 CHEBI:12975 = 	{'glcur'}	Unknown	Unknown
ADPRDP	ADPribose diphosphatase	Nucleotide Salvage Pathway	1.0 adprib_c + 1.0 h2o_c = 1.0 amp_c + 2.0 h_c + 1.0 r5p_c	1.0 ADPribose C15H21N5O14P2 + 1.0 H2O H2O = 1.0 AMP C10H12N5O7P + 2.0 H+ + 1.0 Alpha-D-Ribose 5-phosphate	1.0 CHEBI:20850 + 1.0 CHEBI:13352 = 1.0 CHEBI:13736 + 2.0 CHEBI:5584 + 1.0 CHEBI:18189	{'adprib', 'h2o', 'r5p', 'amp', 'h'}	nudE, nudF	P45799, Q93K97
DKGLCNR1	2,5-diketo-D-gluconate reductase	Alternate Carbon Metabolism	1.0 25dkglcn_c + 1.0 h_c + 1.0 nadph_c = 1.0 2dhguln_c + 1.0 nadp_c	1.0 2,5-diketo-D-gluconate + 1.0 H+ + 1.0 Nicotinamide adenine dinucleotide phosphate - reduced = 1.0 2-Dehydro-L-gulonate + 1.0 Nicotinamide adenine dinucleotide phosphate	1.0 CHEBI:1070 + 1.0 CHEBI:5584 + 1.0 CHEBI:16474 = 1.0 Unknown + 1.0 CHEBI:29868	{'nadp', 'nadph', '25dkglcn', '2dhguln', 'h'}	dkgA, dkgB	Q46857, P30863
NADTRHD	NAD transhydrogenase	Oxidative Phosphorylation	1.0 nad_c + 1.0 nadph_c = 1.0 nadh_c + 1.0 nadp_c	1.0 Nicotinamide adenine dinucleotide + 1.0 Nicotinamide adenine dinucleotide phosphate - reduced = 1.0 Nicotinamide adenine dinucleotide - reduced + 1.0 Nicotinamide adenine dinucleotide phosphate	1.0 CHEBI:7422 + 1.0 CHEBI:16474 = 1.0 CHEBI:13395 + 1.0 CHEBI:29868	{'nad', 'nadp', 'nadph', 'nadh'}	sthA	P27306
AACPS2	Acyl-[acyl-carrier-protein] synthetase  (n-C14:1)	Cell Envelope Biosynthesis	1.0 ACP_c + 1.0 atp_c + 1.0 ttdcea_c = 1.0 amp_c + 1.0 ppi_c + 1.0 tdeACP_c	1.0 Acyl carrier protein + 1.0 ATP C10H12N5O13P3 + 1.0 Tetradecenoate (n-C14:1) = 1.0 AMP C10H12N5O7P + 1.0 Diphosphate + 1.0 Cis-tetradec-7-enoyl-[acyl-carrier protein] (n-C14:1)	1.0 CHEBI:14405 + 1.0 CHEBI:15422 + 1.0 Unknown = 1.0 CHEBI:13736 + 1.0 CHEBI:45212 + 1.0 Unknown	{'atp', 'ACP', 'ppi', 'ttdcea', 'tdeACP', 'amp'}	acpP, aas	P0A6A8, P31119
FMNRx2	FMN reductase	Cofactor and Prosthetic Group Biosynthesis	1.0 fmn_c + 1.0 h_c + 1.0 nadph_c = 1.0 fmnh2_c + 1.0 nadp_c	1.0 FMN C17H19N4O9P + 1.0 H+ + 1.0 Nicotinamide adenine dinucleotide phosphate - reduced = 1.0 Reduced FMN + 1.0 Nicotinamide adenine dinucleotide phosphate	1.0 CHEBI:58210 + 1.0 CHEBI:5584 + 1.0 CHEBI:16474 = 1.0 CHEBI:133886 + 1.0 CHEBI:29868	{'nadp', 'nadph', 'fmn', 'fmnh2', 'h'}	fre, ssuE, cysJ, cysI	P0AEN1, P80644, P38038, P17846
ACPS1	Acyl-carrier protein synthase	Cofactor and Prosthetic Group Biosynthesis	1.0 apoACP_c + 1.0 coa_c = 1.0 ACP_c + 1.0 h_c + 1.0 pap_c	1.0 Apoprotein [acyl carrier protein] + 1.0 Coenzyme A = 1.0 Acyl carrier protein + 1.0 H+ + 1.0 Adenosine 3',5'-bisphosphate	1.0 Unknown + 1.0 CHEBI:41631 = 1.0 CHEBI:14405 + 1.0 CHEBI:5584 + 1.0 CHEBI:17985	{'apoACP', 'coa', 'ACP', 'pap', 'h'}	acpS, acpT	P24224, P37623
EX_nmn_e	NMN exchange	Extracellular exchange	1.0 nmn_e = 	1.0 NMN C11H14N2O8P = 	1.0 CHEBI:14648 = 	{'nmn'}	Unknown	Unknown
EX_urea_e	Urea exchange	Extracellular exchange	1.0 urea_e = 	1.0 Urea CH4N2O = 	1.0 CHEBI:134711 = 	{'urea'}	Unknown	Unknown
ARAI	L-arabinose isomerase	Alternate Carbon Metabolism	1.0 arab__L_c = 1.0 rbl__L_c	1.0 L-Arabinose = 1.0 L-Ribulose	1.0 CHEBI:6182 = 1.0 CHEBI:16880	{'arab__L', 'rbl__L'}	araA	P08202
M1PD	Mannitol-1-phosphate 5-dehydrogenase	Alternate Carbon Metabolism	1.0 mnl1p_c + 1.0 nad_c = 1.0 f6p_c + 1.0 h_c + 1.0 nadh_c	1.0 D-Mannitol 1-phosphate + 1.0 Nicotinamide adenine dinucleotide = 1.0 D-Fructose 6-phosphate + 1.0 H+ + 1.0 Nicotinamide adenine dinucleotide - reduced	1.0 CHEBI:21051 + 1.0 CHEBI:7422 = 1.0 CHEBI:16084 + 1.0 CHEBI:5584 + 1.0 CHEBI:13395	{'mnl1p', 'f6p', 'nad', 'nadh', 'h'}	mtlD	P09424
G3PD2	Glycerol-3-phosphate dehydrogenase (NADP)	Alternate Carbon Metabolism	1.0 glyc3p_c + 1.0 nadp_c = 1.0 dhap_c + 1.0 h_c + 1.0 nadph_c	1.0 Glycerol 3-phosphate + 1.0 Nicotinamide adenine dinucleotide phosphate = 1.0 Dihydroxyacetone phosphate + 1.0 H+ + 1.0 Nicotinamide adenine dinucleotide phosphate - reduced	1.0 CHEBI:12843 + 1.0 CHEBI:29868 = 1.0 CHEBI:14341 + 1.0 CHEBI:5584 + 1.0 CHEBI:16474	{'nadp', 'nadph', 'dhap', 'glyc3p', 'h'}	gpsA	P0A6S7
GALS3	A-galactosidase (melibiose)	Alternate Carbon Metabolism	1.0 h2o_c + 1.0 melib_c = 1.0 gal_c + 1.0 glc__D_c	1.0 H2O H2O + 1.0 Melibiose C12H22O11 = 1.0 D-Galactose + 1.0 D-Glucose	1.0 CHEBI:13352 + 1.0 CHEBI:61827 = 1.0 CHEBI:12936 + 1.0 CHEBI:12965	{'melib', 'glc__D', 'gal', 'h2o'}	melA	P06720
FCI	L-fucose isomerase	Alternate Carbon Metabolism	1.0 fuc__L_c = 1.0 fcl__L_c	1.0 L-Fucose = 1.0 L-fuculose	1.0 CHEBI:48204 = 1.0 CHEBI:21295	{'fuc__L', 'fcl__L'}	fucI	P69922
FCLK	L-fuculokinase	Alternate Carbon Metabolism	1.0 atp_c + 1.0 fcl__L_c = 1.0 adp_c + 1.0 fc1p_c + 1.0 h_c	1.0 ATP C10H12N5O13P3 + 1.0 L-fuculose = 1.0 ADP C10H12N5O10P2 + 1.0 L-Fuculose 1-phosphate + 1.0 H+	1.0 CHEBI:15422 + 1.0 CHEBI:21295 = 1.0 CHEBI:2342 + 1.0 CHEBI:16647 + 1.0 CHEBI:5584	{'atp', 'adp', 'fcl__L', 'fc1p', 'h'}	fucK	P11553
FCLPA	L-fuculose 1-phosphate aldolase	Alternate Carbon Metabolism	1.0 fc1p_c = 1.0 dhap_c + 1.0 lald__L_c	1.0 L-Fuculose 1-phosphate = 1.0 Dihydroxyacetone phosphate + 1.0 L-Lactaldehyde	1.0 CHEBI:16647 = 1.0 CHEBI:14341 + 1.0 CHEBI:11064	{'lald__L', 'fc1p', 'dhap'}	ygbL, fucA	Q46890, P0AB87
GMPS2	GMP synthase	Purine and Pyrimidine Biosynthesis	1.0 atp_c + 1.0 gln__L_c + 1.0 h2o_c + 1.0 xmp_c = 1.0 amp_c + 1.0 glu__L_c + 1.0 gmp_c + 2.0 h_c + 1.0 ppi_c	1.0 ATP C10H12N5O13P3 + 1.0 L-Glutamine + 1.0 H2O H2O + 1.0 Xanthosine 5'-phosphate = 1.0 AMP C10H12N5O7P + 1.0 L-Glutamate + 1.0 GMP C10H12N5O8P + 2.0 H+ + 1.0 Diphosphate	1.0 CHEBI:15422 + 1.0 CHEBI:42943 + 1.0 CHEBI:13352 + 1.0 CHEBI:10938 = 1.0 CHEBI:13736 + 1.0 CHEBI:76051 + 1.0 CHEBI:24449 + 2.0 CHEBI:5584 + 1.0 CHEBI:45212	{'atp', 'xmp', 'gmp', 'ppi', 'h2o', 'glu__L', 'gln__L', 'amp', 'h'}	guaA	P04079
AMPN	AMP nucleosidase	Nucleotide Salvage Pathway	1.0 amp_c + 1.0 h2o_c = 1.0 ade_c + 1.0 r5p_c	1.0 AMP C10H12N5O7P + 1.0 H2O H2O = 1.0 Adenine + 1.0 Alpha-D-Ribose 5-phosphate	1.0 CHEBI:13736 + 1.0 CHEBI:13352 = 1.0 CHEBI:16708 + 1.0 CHEBI:18189	{'r5p', 'ade', 'amp', 'h2o'}	amn	P0AE12
GSNK	Guanosine kinase	Nucleotide Salvage Pathway	1.0 atp_c + 1.0 gsn_c = 1.0 adp_c + 1.0 gmp_c + 1.0 h_c	1.0 ATP C10H12N5O13P3 + 1.0 Guanosine = 1.0 ADP C10H12N5O10P2 + 1.0 GMP C10H12N5O8P + 1.0 H+	1.0 CHEBI:15422 + 1.0 CHEBI:14375 = 1.0 CHEBI:2342 + 1.0 CHEBI:24449 + 1.0 CHEBI:5584	{'atp', 'gmp', 'adp', 'gsn', 'h'}	gsk	P0AEW6
ACCOAL	Acetate-CoA ligase (ADP-forming)	Alternate Carbon Metabolism	1.0 atp_c + 1.0 coa_c + 1.0 ppa_c = 1.0 adp_c + 1.0 pi_c + 1.0 ppcoa_c	1.0 ATP C10H12N5O13P3 + 1.0 Coenzyme A + 1.0 Propionate (n-C3:0) = 1.0 ADP C10H12N5O10P2 + 1.0 Phosphate + 1.0 Propanoyl-CoA	1.0 CHEBI:15422 + 1.0 CHEBI:41631 + 1.0 Unknown = 1.0 CHEBI:2342 + 1.0 CHEBI:26078 + 1.0 CHEBI:14907	{'atp', 'coa', 'adp', 'ppcoa', 'pi', 'ppa'}	acs, prpE	P27550, P77495
GALUi	UTP-glucose-1-phosphate uridylyltransferase (irreversible)	Cell Envelope Biosynthesis	1.0 g1p_c + 1.0 h_c + 1.0 utp_c = 1.0 ppi_c + 1.0 udpg_c	1.0 D-Glucose 1-phosphate + 1.0 H+ + 1.0 UTP C9H11N2O15P3 = 1.0 Diphosphate + 1.0 UDPglucose	1.0 CHEBI:10246 + 1.0 CHEBI:5584 + 1.0 CHEBI:9850 = 1.0 CHEBI:45212 + 1.0 CHEBI:13505	{'utp', 'ppi', 'g1p', 'udpg', 'h'}	galU	P0AEP3
AACPS3	Acyl-[acyl-carrier-protein] synthetase  (n-C16:0)	Cell Envelope Biosynthesis	1.0 ACP_c + 1.0 atp_c + 1.0 hdca_c = 1.0 amp_c + 1.0 palmACP_c + 1.0 ppi_c	1.0 Acyl carrier protein + 1.0 ATP C10H12N5O13P3 + 1.0 Hexadecanoate (n-C16:0) = 1.0 AMP C10H12N5O7P + 1.0 Palmitoyl-ACP (n-C16:0ACP) + 1.0 Diphosphate	1.0 CHEBI:14405 + 1.0 CHEBI:15422 + 1.0 CHEBI:7896 = 1.0 CHEBI:13736 + 1.0 Unknown + 1.0 CHEBI:45212	{'atp', 'hdca', 'ACP', 'ppi', 'palmACP', 'amp'}	acpP, aas	P0A6A8, P31119
U23GAAT	UDP-3-O-(3-hydroxymyristoyl)glucosamine acyltransferase	Lipopolysaccharide Biosynthesis / Recycling	1.0 3hmrsACP_c + 1.0 u3hga_c = 1.0 ACP_c + 1.0 h_c + 1.0 u23ga_c	1.0 (R)-3-Hydroxytetradecanoyl-[acyl-carrier protein] + 1.0 UDP-3-O-(3-hydroxytetradecanoyl)-D-glucosamine = 1.0 Acyl carrier protein + 1.0 H+ + 1.0 UDP-2,3-bis(3-hydroxytetradecanoyl)glucosamine	1.0 Unknown + 1.0 CHEBI:27392 = 1.0 CHEBI:14405 + 1.0 CHEBI:5584 + 1.0 CHEBI:78847	{'u3hga', 'u23ga', 'ACP', '3hmrsACP', 'h'}	lpxD	P21645
EX_f6p_e	D-fructose 6-phosphate exchange	Extracellular exchange	1.0 f6p_e = 	1.0 D-Fructose 6-phosphate = 	1.0 CHEBI:16084 = 	{'f6p'}	Unknown	Unknown
UAAGDS	UDP-N-acetylmuramoyl-L-alanyl-D-glutamyl-meso-2,6-diaminopimelate synthetase	Cell Envelope Biosynthesis	1.0 26dap__M_c + 1.0 atp_c + 1.0 uamag_c = 1.0 adp_c + 1.0 h_c + 1.0 pi_c + 1.0 ugmd_c	1.0 Meso-2,6-Diaminoheptanedioate + 1.0 ATP C10H12N5O13P3 + 1.0 UDP-N-acetylmuramoyl-L-alanyl-D-glutamate = 1.0 ADP C10H12N5O10P2 + 1.0 H+ + 1.0 Phosphate + 1.0 UDP-N-acetylmuramoyl-L-alanyl-D-gamma-glutamyl-meso-2,6-diaminopimelate	1.0 CHEBI:40838 + 1.0 CHEBI:15422 + 1.0 CHEBI:16970 = 1.0 CHEBI:2342 + 1.0 CHEBI:5584 + 1.0 CHEBI:26078 + 1.0 CHEBI:9831	{'26dap__M', 'atp', 'uamag', 'adp', 'pi', 'ugmd', 'h'}	murE	P22188
AACPS4	Acyl-[acyl-carrier-protein] synthetase  (n-C16:1)	Cell Envelope Biosynthesis	1.0 ACP_c + 1.0 atp_c + 1.0 hdcea_c = 1.0 amp_c + 1.0 hdeACP_c + 1.0 ppi_c	1.0 Acyl carrier protein + 1.0 ATP C10H12N5O13P3 + 1.0 Hexadecenoate (n-C16:1) = 1.0 AMP C10H12N5O7P + 1.0 Cis-hexadec-9-enoyl-[acyl-carrier protein] (n-C16:1) + 1.0 Diphosphate	1.0 CHEBI:14405 + 1.0 CHEBI:15422 + 1.0 Unknown = 1.0 CHEBI:13736 + 1.0 Unknown + 1.0 CHEBI:45212	{'hdcea', 'atp', 'hdeACP', 'ACP', 'ppi', 'amp'}	aas, acpP	P31119, P0A6A8
UAMAS	UDP-N-acetylmuramoyl-L-alanine synthetase	Cell Envelope Biosynthesis	1.0 ala__L_c + 1.0 atp_c + 1.0 uamr_c = 1.0 adp_c + 1.0 h_c + 1.0 pi_c + 1.0 uama_c	1.0 L-Alanine + 1.0 ATP C10H12N5O13P3 + 1.0 UDP-N-acetylmuramate = 1.0 ADP C10H12N5O10P2 + 1.0 H+ + 1.0 Phosphate + 1.0 UDP-N-acetylmuramoyl-L-alanine	1.0 CHEBI:21216 + 1.0 CHEBI:15422 + 1.0 CHEBI:70757 = 1.0 CHEBI:2342 + 1.0 CHEBI:5584 + 1.0 CHEBI:26078 + 1.0 CHEBI:22123	{'atp', 'ala__L', 'adp', 'uamr', 'pi', 'uama', 'h'}	murC	P17952
UAMAGS	UDP-N-acetylmuramoyl-L-alanyl-D-glutamate synthetase	Cell Envelope Biosynthesis	1.0 atp_c + 1.0 glu__D_c + 1.0 uama_c = 1.0 adp_c + 1.0 h_c + 1.0 pi_c + 1.0 uamag_c	1.0 ATP C10H12N5O13P3 + 1.0 D-Glutamate + 1.0 UDP-N-acetylmuramoyl-L-alanine = 1.0 ADP C10H12N5O10P2 + 1.0 H+ + 1.0 Phosphate + 1.0 UDP-N-acetylmuramoyl-L-alanyl-D-glutamate	1.0 CHEBI:15422 + 1.0 CHEBI:29986 + 1.0 CHEBI:22123 = 1.0 CHEBI:2342 + 1.0 CHEBI:5584 + 1.0 CHEBI:26078 + 1.0 CHEBI:16970	{'atp', 'uamag', 'adp', 'pi', 'uama', 'glu__D', 'h'}	murD	P14900
UGLYCH	Ureidoglycolate hydrolase	Nitrogen Metabolism	1.0 h2o_c + 2.0 h_c + 1.0 urdglyc_c = 1.0 co2_c + 1.0 glx_c + 2.0 nh4_c	1.0 H2O H2O + 2.0 H+ + 1.0 (-)-Ureidoglycolate = 1.0 CO2 CO2 + 1.0 Glyoxylate + 2.0 Ammonium	1.0 CHEBI:13352 + 2.0 CHEBI:5584 + 1.0 CHEBI:18499 = 1.0 CHEBI:23011 + 1.0 CHEBI:24420 + 2.0 CHEBI:44284	{'glx', 'nh4', 'h2o', 'co2', 'urdglyc', 'h'}	allA	P77731
NTPP3	Nucleoside triphosphate pyrophosphorylase (dctp)	Nucleotide Salvage Pathway	1.0 dctp_c + 1.0 h2o_c = 1.0 dcmp_c + 1.0 h_c + 1.0 ppi_c	1.0 DCTP C9H12N3O13P3 + 1.0 H2O H2O = 1.0 DCMP C9H12N3O7P + 1.0 H+ + 1.0 Diphosphate	1.0 CHEBI:19243 + 1.0 CHEBI:13352 = 1.0 CHEBI:15918 + 1.0 CHEBI:5584 + 1.0 CHEBI:45212	{'dctp', 'ppi', 'h2o', 'dcmp', 'h'}	nudI, mazG, nudG	P52006, P0AEY3, P77788
NTPP6	Nucleoside triphosphate pyrophosphorylase (atp)	Nucleotide Salvage Pathway	1.0 atp_c + 1.0 h2o_c = 1.0 amp_c + 1.0 h_c + 1.0 ppi_c	1.0 ATP C10H12N5O13P3 + 1.0 H2O H2O = 1.0 AMP C10H12N5O7P + 1.0 H+ + 1.0 Diphosphate	1.0 CHEBI:15422 + 1.0 CHEBI:13352 = 1.0 CHEBI:13736 + 1.0 CHEBI:5584 + 1.0 CHEBI:45212	{'atp', 'ppi', 'h2o', 'amp', 'h'}	mazG, ycaO	P0AEY3, P75838
NTPP7	Nucleoside triphosphate pyrophosphorylase (dttp)	Nucleotide Salvage Pathway	1.0 dttp_c + 1.0 h2o_c = 1.0 dtmp_c + 1.0 h_c + 1.0 ppi_c	1.0 DTTP C10H13N2O14P3 + 1.0 H2O H2O = 1.0 DTMP C10H13N2O8P + 1.0 H+ + 1.0 Diphosphate	1.0 CHEBI:27000 + 1.0 CHEBI:13352 = 1.0 CHEBI:47711 + 1.0 CHEBI:5584 + 1.0 CHEBI:45212	{'dtmp', 'dttp', 'ppi', 'h2o', 'h'}	mazG, nudI, yhdE	P0AEY3, P52006, P25536
OP4ENH	2-oxopent-4-enoate hydratase	Alternate Carbon Metabolism	1.0 h2o_c + 1.0 op4en_c = 1.0 4h2opntn_c	1.0 H2O H2O + 1.0 2-Oxopent-4-enoate = 1.0 4-Hydroxy-2-oxopentanoate	1.0 CHEBI:13352 + 1.0 CHEBI:11641 = 1.0 CHEBI:58222	{'op4en', 'h2o', '4h2opntn'}	mhpD	P77608
EX_rmn_e	L-Rhamnose exchange	Extracellular exchange	1.0 rmn_e = 	1.0 L-Rhamnose = 	1.0 CHEBI:45427 = 	{'rmn'}	Unknown	Unknown
HOPNTAL	4-hydroxy-2-oxopentanoate aldolase	Alternate Carbon Metabolism	1.0 4h2opntn_c = 1.0 acald_c + 1.0 pyr_c	1.0 4-Hydroxy-2-oxopentanoate = 1.0 Acetaldehyde + 1.0 Pyruvate	1.0 CHEBI:58222 = 1.0 CHEBI:40533 + 1.0 CHEBI:26462	{'pyr', 'acald', '4h2opntn'}	mhpE	P51020
NTPP8	Nucleoside triphosphate pyrophosphorylase (utp)	Nucleotide Salvage Pathway	1.0 h2o_c + 1.0 utp_c = 1.0 h_c + 1.0 ppi_c + 1.0 ump_c	1.0 H2O H2O + 1.0 UTP C9H11N2O15P3 = 1.0 H+ + 1.0 Diphosphate + 1.0 UMP C9H11N2O9P	1.0 CHEBI:13352 + 1.0 CHEBI:9850 = 1.0 CHEBI:5584 + 1.0 CHEBI:45212 + 1.0 CHEBI:47721	{'utp', 'ppi', 'h2o', 'ump', 'h'}	mazG, yhdE	P0AEY3, P25536
P5CR	Pyrroline-5-carboxylate reductase	Arginine and Proline Metabolism	1.0 1pyr5c_c + 2.0 h_c + 1.0 nadph_c = 1.0 nadp_c + 1.0 pro__L_c	1.0 1-Pyrroline-5-carboxylate + 2.0 H+ + 1.0 Nicotinamide adenine dinucleotide phosphate - reduced = 1.0 Nicotinamide adenine dinucleotide phosphate + 1.0 L-Proline	1.0 CHEBI:11297 + 2.0 CHEBI:5584 + 1.0 CHEBI:16474 = 1.0 CHEBI:29868 + 1.0 CHEBI:26271	{'nadp', 'nadph', 'pro__L', '1pyr5c', 'h'}	proC	P0A9L8
CYANST	Cyanide sulfurtransferase	Unassigned	1.0 cyan_c + 1.0 tsul_c = 1.0 h_c + 1.0 so3_c + 1.0 tcynt_c	1.0 Hydrogen cyanide + 1.0 Thiosulfate = 1.0 H+ + 1.0 Sulfite + 1.0 Thiocyanate	1.0 CHEBI:18407 + 1.0 CHEBI:33540 = 1.0 CHEBI:5584 + 1.0 CHEBI:15139 + 1.0 CHEBI:29200	{'h', 'tsul', 'tcynt', 'cyan', 'so3'}	glpE, ygaP, sseA	P0A6V5, P55734, P31142
EX_ttdca_e	Tetradecanoate (n-C14:0) exchange	Extracellular exchange	1.0 ttdca_e = 	1.0 Tetradecanoate (n-C14:0) = 	1.0 Unknown = 	{'ttdca'}	Unknown	Unknown
DHPPDA2	Diaminohydroxyphosphoribosylaminopryrimidine deaminase (25drapp)	Cofactor and Prosthetic Group Biosynthesis	1.0 25drapp_c + 1.0 h2o_c + 1.0 h_c = 1.0 5apru_c + 1.0 nh4_c	1.0 2,5-Diamino-6-(ribosylamino)-4-(3H)-pyrimidinone 5'-phosphate + 1.0 H2O H2O + 1.0 H+ = 1.0 5-Amino-6-(5'-phosphoribosylamino)uracil + 1.0 Ammonium	1.0 CHEBI:19368 + 1.0 CHEBI:13352 + 1.0 CHEBI:5584 = 1.0 CHEBI:12108 + 1.0 CHEBI:44284	{'nh4', '25drapp', 'h2o', '5apru', 'h'}	ribD	P25539
3HPPPNH	3-(3-hydroxy-phenyl)propionate hydroxylase	Alternate Carbon Metabolism	1.0 3hpppn_c + 1.0 h_c + 1.0 nadh_c + 1.0 o2_c = 1.0 dhpppn_c + 1.0 h2o_c + 1.0 nad_c	1.0 3-(3-hydroxy-phenyl)propionate + 1.0 H+ + 1.0 Nicotinamide adenine dinucleotide - reduced + 1.0 O2 O2 = 1.0 3-(2,3-Dihydroxyphenyl)propanoate + 1.0 H2O H2O + 1.0 Nicotinamide adenine dinucleotide	1.0 CHEBI:57277 + 1.0 CHEBI:5584 + 1.0 CHEBI:13395 + 1.0 CHEBI:7860 = 1.0 CHEBI:46951 + 1.0 CHEBI:13352 + 1.0 CHEBI:7422	{'dhpppn', '3hpppn', 'h2o', 'o2', 'nad', 'nadh', 'h'}	mhpA	P77397
G5SADs	L-glutamate 5-semialdehyde dehydratase (spontaneous)	Arginine and Proline Metabolism	1.0 glu5sa_c = 1.0 1pyr5c_c + 1.0 h2o_c + 1.0 h_c	1.0 L-Glutamate 5-semialdehyde = 1.0 1-Pyrroline-5-carboxylate + 1.0 H2O H2O + 1.0 H+	1.0 CHEBI:21302 = 1.0 CHEBI:11297 + 1.0 CHEBI:13352 + 1.0 CHEBI:5584	{'glu5sa', '1pyr5c', 'h', 'h2o'}		Unknown
GMAND	GDP-D-mannose dehydratase	Cell Envelope Biosynthesis	1.0 gdpmann_c = 1.0 gdpddman_c + 1.0 h2o_c	1.0 GDP-D-mannose = 1.0 GDP-4-dehydro-6-deoxy-D-mannose + 1.0 H2O H2O	1.0 CHEBI:13328 = 1.0 CHEBI:13329 + 1.0 CHEBI:13352	{'gdpddman', 'gdpmann', 'h2o'}	gmd	P0AC88
PPCSCT	Propanoyl-CoA: succinate CoA-transferase	Alternate Carbon Metabolism	1.0 ppcoa_c + 1.0 succ_c = 1.0 ppa_c + 1.0 succoa_c	1.0 Propanoyl-CoA + 1.0 Succinate = 1.0 Propionate (n-C3:0) + 1.0 Succinyl-CoA	1.0 CHEBI:14907 + 1.0 CHEBI:22941 = 1.0 Unknown + 1.0 CHEBI:57292	{'succoa', 'ppcoa', 'succ', 'ppa'}	scpC	P52043
CYTD	Cytidine deaminase	Nucleotide Salvage Pathway	1.0 cytd_c + 1.0 h2o_c + 1.0 h_c = 1.0 nh4_c + 1.0 uri_c	1.0 Cytidine + 1.0 H2O H2O + 1.0 H+ = 1.0 Ammonium + 1.0 Uridine	1.0 CHEBI:41686 + 1.0 CHEBI:13352 + 1.0 CHEBI:5584 = 1.0 CHEBI:44284 + 1.0 CHEBI:46386	{'nh4', 'uri', 'h2o', 'cytd', 'h'}	cdd	P0ABF6
AKGDH	2-Oxogluterate dehydrogenase	Citric Acid Cycle	1.0 akg_c + 1.0 coa_c + 1.0 nad_c = 1.0 co2_c + 1.0 nadh_c + 1.0 succoa_c	1.0 2-Oxoglutarate + 1.0 Coenzyme A + 1.0 Nicotinamide adenine dinucleotide = 1.0 CO2 CO2 + 1.0 Nicotinamide adenine dinucleotide - reduced + 1.0 Succinyl-CoA	1.0 CHEBI:40661 + 1.0 CHEBI:41631 + 1.0 CHEBI:7422 = 1.0 CHEBI:23011 + 1.0 CHEBI:13395 + 1.0 CHEBI:57292	{'succoa', 'coa', 'co2', 'nad', 'akg', 'nadh'}	sucB, lpd, sucA	P0AFG6, P0A9P0, P0AFG3
HPYRRx	Hydroxypyruvate reductase (NADH)	Alternate Carbon Metabolism	1.0 h_c + 1.0 hpyr_c + 1.0 nadh_c = 1.0 glyc__R_c + 1.0 nad_c	1.0 H+ + 1.0 Hydroxypyruvate + 1.0 Nicotinamide adenine dinucleotide - reduced = 1.0 (R)-Glycerate + 1.0 Nicotinamide adenine dinucleotide	1.0 CHEBI:5584 + 1.0 CHEBI:20083 + 1.0 CHEBI:13395 = 1.0 CHEBI:21030 + 1.0 CHEBI:7422	{'glyc__R', 'nad', 'hpyr', 'nadh', 'h'}	ghrA, ghrB	P75913, P37666
GLYCDx	Glycerol dehydrogenase	Alternate Carbon Metabolism	1.0 glyc_c + 1.0 nad_c = 1.0 dha_c + 1.0 h_c + 1.0 nadh_c	1.0 Glycerol + 1.0 Nicotinamide adenine dinucleotide = 1.0 Dihydroxyacetone + 1.0 H+ + 1.0 Nicotinamide adenine dinucleotide - reduced	1.0 CHEBI:5448 + 1.0 CHEBI:7422 = 1.0 CHEBI:14340 + 1.0 CHEBI:5584 + 1.0 CHEBI:13395	{'dha', 'nad', 'glyc', 'nadh', 'h'}	gldA	P0A9S5
ASP1DC	Aspartate 1-decarboxylase	Cofactor and Prosthetic Group Biosynthesis	1.0 asp__L_c + 1.0 h_c = 1.0 ala_B_c + 1.0 co2_c	1.0 L-Aspartate + 1.0 H+ = 1.0 Beta-Alanine + 1.0 CO2 CO2	1.0 CHEBI:17053 + 1.0 CHEBI:5584 = 1.0 CHEBI:12389 + 1.0 CHEBI:23011	{'h', 'ala_B', 'asp__L', 'co2'}	panD	P0A790
UGMDDS	UDP-N-acetylmuramoyl-L-alanyl-D-glutamyl-meso-2,6-diaminopimeloyl-D-alanyl-D-alanine synthetase	Cell Envelope Biosynthesis	1.0 alaala_c + 1.0 atp_c + 1.0 ugmd_c = 1.0 adp_c + 1.0 h_c + 1.0 pi_c + 1.0 ugmda_c	1.0 D-Alanyl-D-alanine + 1.0 ATP C10H12N5O13P3 + 1.0 UDP-N-acetylmuramoyl-L-alanyl-D-gamma-glutamyl-meso-2,6-diaminopimelate = 1.0 ADP C10H12N5O10P2 + 1.0 H+ + 1.0 Phosphate + 1.0 UDP-N-acetylmuramoyl-L-alanyl-D-glutamyl-meso-2,6-diaminopimeloyl-D-alanyl-D-alanine	1.0 CHEBI:13749 + 1.0 CHEBI:15422 + 1.0 CHEBI:9831 = 1.0 CHEBI:2342 + 1.0 CHEBI:5584 + 1.0 CHEBI:26078 + 1.0 CHEBI:61386	{'atp', 'adp', 'ugmda', 'alaala', 'pi', 'ugmd', 'h'}	murF	P11880
DCYTD	Deoxycytidine deaminase	Nucleotide Salvage Pathway	1.0 dcyt_c + 1.0 h2o_c + 1.0 h_c = 1.0 duri_c + 1.0 nh4_c	1.0 Deoxycytidine + 1.0 H2O H2O + 1.0 H+ = 1.0 Deoxyuridine + 1.0 Ammonium	1.0 CHEBI:41434 + 1.0 CHEBI:13352 + 1.0 CHEBI:5584 = 1.0 CHEBI:46293 + 1.0 CHEBI:44284	{'nh4', 'dcyt', 'h2o', 'duri', 'h'}	cdd	P0ABF6
DBTS	Dethiobiotin synthase	Cofactor and Prosthetic Group Biosynthesis	1.0 atp_c + 1.0 co2_c + 1.0 dann_c = 1.0 adp_c + 1.0 dtbt_c + 3.0 h_c + 1.0 pi_c	1.0 ATP C10H12N5O13P3 + 1.0 CO2 CO2 + 1.0 7,8-Diaminononanoate = 1.0 ADP C10H12N5O10P2 + 1.0 Dethiobiotin + 3.0 H+ + 1.0 Phosphate	1.0 CHEBI:15422 + 1.0 CHEBI:23011 + 1.0 CHEBI:12242 = 1.0 CHEBI:2342 + 1.0 CHEBI:42280 + 3.0 CHEBI:5584 + 1.0 CHEBI:26078	{'atp', 'dann', 'adp', 'co2', 'pi', 'dtbt', 'h'}	bioD	P13000
DCTPD	DCTP deaminase	Nucleotide Salvage Pathway	1.0 dctp_c + 1.0 h2o_c + 1.0 h_c = 1.0 dutp_c + 1.0 nh4_c	1.0 DCTP C9H12N3O13P3 + 1.0 H2O H2O + 1.0 H+ = 1.0 DUTP C9H11N2O14P3 + 1.0 Ammonium	1.0 CHEBI:19243 + 1.0 CHEBI:13352 + 1.0 CHEBI:5584 = 1.0 CHEBI:17625 + 1.0 CHEBI:44284	{'nh4', 'dctp', 'h2o', 'dutp', 'h'}	dcd	P28248
UHGADA	UDP-3-O-acetylglucosamine deacetylase	Lipopolysaccharide Biosynthesis / Recycling	1.0 h2o_c + 1.0 u3aga_c = 1.0 ac_c + 1.0 u3hga_c	1.0 H2O H2O + 1.0 UDP-3-O-(3-hydroxytetradecanoyl)-N-acetylglucosamine = 1.0 Acetate + 1.0 UDP-3-O-(3-hydroxytetradecanoyl)-D-glucosamine	1.0 CHEBI:13352 + 1.0 CHEBI:61537 = 1.0 CHEBI:13704 + 1.0 CHEBI:27392	{'u3aga', 'h2o', 'u3hga', 'ac'}	lpxC	P0A725
AMANK	N-acetyl-D-mannosamine kinase	Alternate Carbon Metabolism	1.0 acmana_c + 1.0 atp_c = 1.0 acmanap_c + 1.0 adp_c + 1.0 h_c	1.0 N-Acetyl-D-mannosamine + 1.0 ATP C10H12N5O13P3 = 1.0 N-Acetyl-D-mannosamine 6-phosphate + 1.0 ADP C10H12N5O10P2 + 1.0 H+	1.0 CHEBI:7141 + 1.0 CHEBI:15422 = 1.0 CHEBI:62165 + 1.0 CHEBI:2342 + 1.0 CHEBI:5584	{'atp', 'adp', 'acmanap', 'acmana', 'h'}	nanK	P45425
UAGAAT	UDP-N-acetylglucosamine acyltransferase	Lipopolysaccharide Biosynthesis / Recycling	1.0 3hmrsACP_c + 1.0 uacgam_c = 1.0 ACP_c + 1.0 u3aga_c	1.0 (R)-3-Hydroxytetradecanoyl-[acyl-carrier protein] + 1.0 UDP-N-acetyl-D-glucosamine = 1.0 Acyl carrier protein + 1.0 UDP-3-O-(3-hydroxytetradecanoyl)-N-acetylglucosamine	1.0 Unknown + 1.0 CHEBI:13473 = 1.0 CHEBI:14405 + 1.0 CHEBI:61537	{'u3aga', 'ACP', 'uacgam', '3hmrsACP'}	acpP, lpxA	P0A6A8, P0A722
ATPPRT	ATP phosphoribosyltransferase	Histidine Metabolism	1.0 atp_c + 1.0 prpp_c = 1.0 ppi_c + 1.0 prbatp_c	1.0 ATP C10H12N5O13P3 + 1.0 5-Phospho-alpha-D-ribose 1-diphosphate = 1.0 Diphosphate + 1.0 1-(5-Phosphoribosyl)-ATP	1.0 CHEBI:15422 + 1.0 CHEBI:2121 = 1.0 CHEBI:45212 + 1.0 CHEBI:73200	{'prbatp', 'atp', 'prpp', 'ppi'}	hisG	P60757
HISTD	Histidinol dehydrogenase	Histidine Metabolism	1.0 h2o_c + 1.0 histd_c + 2.0 nad_c = 3.0 h_c + 1.0 his__L_c + 2.0 nadh_c	1.0 H2O H2O + 1.0 L-Histidinol + 2.0 Nicotinamide adenine dinucleotide = 3.0 H+ + 1.0 L-Histidine + 2.0 Nicotinamide adenine dinucleotide - reduced	1.0 CHEBI:13352 + 1.0 CHEBI:13118 + 2.0 CHEBI:7422 = 3.0 CHEBI:5584 + 1.0 CHEBI:43239 + 2.0 CHEBI:13395	{'his__L', 'h2o', 'histd', 'nad', 'nadh', 'h'}	hisD	P06988
DHDPS	Dihydrodipicolinate synthase	Threonine and Lysine Metabolism	1.0 aspsa_c + 1.0 pyr_c = 1.0 23dhdp_c + 2.0 h2o_c + 1.0 h_c	1.0 L-Aspartate 4-semialdehyde + 1.0 Pyruvate = 1.0 2,3-Dihydrodipicolinate + 2.0 H2O H2O + 1.0 H+	1.0 CHEBI:40847 + 1.0 CHEBI:26462 = 1.0 CHEBI:18042 + 2.0 CHEBI:13352 + 1.0 CHEBI:5584	{'aspsa', '23dhdp', 'h2o', 'pyr', 'h'}	dapA	P0A6L2
G1PACT	Glucosamine-1-phosphate N-acetyltransferase	Cell Envelope Biosynthesis	1.0 accoa_c + 1.0 gam1p_c = 1.0 acgam1p_c + 1.0 coa_c + 1.0 h_c	1.0 Acetyl-CoA + 1.0 D-Glucosamine 1-phosphate = 1.0 N-Acetyl-D-glucosamine 1-phosphate + 1.0 Coenzyme A + 1.0 H+	1.0 CHEBI:57288 + 1.0 CHEBI:12316 = 1.0 CHEBI:7125 + 1.0 CHEBI:41631 + 1.0 CHEBI:5584	{'gam1p', 'acgam1p', 'coa', 'accoa', 'h'}	glmU	P0ACC7
GART	GAR transformylase-T	Purine and Pyrimidine Biosynthesis	1.0 atp_c + 1.0 for_c + 1.0 gar_c = 1.0 adp_c + 1.0 fgam_c + 1.0 h_c + 1.0 pi_c	1.0 ATP C10H12N5O13P3 + 1.0 Formate + 1.0 N1-(5-Phospho-D-ribosyl)glycinamide = 1.0 ADP C10H12N5O10P2 + 1.0 N2-Formyl-N1-(5-phospho-D-ribosyl)glycinamide + 1.0 H+ + 1.0 Phosphate	1.0 CHEBI:15422 + 1.0 CHEBI:24081 + 1.0 CHEBI:20499 = 1.0 CHEBI:2342 + 1.0 CHEBI:12635 + 1.0 CHEBI:5584 + 1.0 CHEBI:26078	{'for', 'atp', 'fgam', 'adp', 'gar', 'pi', 'h'}	purT	P33221
CSND	Cytosine deaminase	Nucleotide Salvage Pathway	1.0 csn_c + 1.0 h2o_c + 1.0 h_c = 1.0 nh4_c + 1.0 ura_c	1.0 Cytosine + 1.0 H2O H2O + 1.0 H+ = 1.0 Ammonium + 1.0 Uracil	1.0 CHEBI:23531 + 1.0 CHEBI:13352 + 1.0 CHEBI:5584 = 1.0 CHEBI:44284 + 1.0 CHEBI:27210	{'csn', 'nh4', 'h2o', 'ura', 'h'}	codA	P25524
GF6PTA	Glutamine-fructose-6-phosphate transaminase	Cell Envelope Biosynthesis	1.0 f6p_c + 1.0 gln__L_c = 1.0 gam6p_c + 1.0 glu__L_c	1.0 D-Fructose 6-phosphate + 1.0 L-Glutamine = 1.0 D-Glucosamine 6-phosphate + 1.0 L-Glutamate	1.0 CHEBI:16084 + 1.0 CHEBI:42943 = 1.0 CHEBI:12962 + 1.0 CHEBI:76051	{'gln__L', 'glu__L', 'gam6p', 'f6p'}	glmS	P17169
IGPDH	Imidazoleglycerol-phosphate dehydratase	Histidine Metabolism	1.0 eig3p_c = 1.0 h2o_c + 1.0 imacp_c	1.0 D-erythro-1-(Imidazol-4-yl)glycerol 3-phosphate = 1.0 H2O H2O + 1.0 3-(Imidazol-4-yl)-2-oxopropyl phosphate	1.0 CHEBI:12888 = 1.0 CHEBI:13352 + 1.0 CHEBI:57766	{'imacp', 'eig3p', 'h2o'}	hisB	P06987
EX_glyclt_e	Glycolate exchange	Extracellular exchange	1.0 glyclt_e = 	1.0 Glycolate C2H3O3 = 	1.0 CHEBI:24388 = 	{'glyclt'}	Unknown	Unknown
PRPPS	Phosphoribosylpyrophosphate synthetase	Histidine Metabolism	1.0 atp_c + 1.0 r5p_c = 1.0 amp_c + 1.0 h_c + 1.0 prpp_c	1.0 ATP C10H12N5O13P3 + 1.0 Alpha-D-Ribose 5-phosphate = 1.0 AMP C10H12N5O7P + 1.0 H+ + 1.0 5-Phospho-alpha-D-ribose 1-diphosphate	1.0 CHEBI:15422 + 1.0 CHEBI:18189 = 1.0 CHEBI:13736 + 1.0 CHEBI:5584 + 1.0 CHEBI:2121	{'prpp', 'atp', 'r5p', 'amp', 'h'}	prs	P0A717
GLUCYS	Gamma-glutamylcysteine synthetase	Cofactor and Prosthetic Group Biosynthesis	1.0 atp_c + 1.0 cys__L_c + 1.0 glu__L_c = 1.0 adp_c + 1.0 glucys_c + 1.0 h_c + 1.0 pi_c	1.0 ATP C10H12N5O13P3 + 1.0 L-Cysteine + 1.0 L-Glutamate = 1.0 ADP C10H12N5O10P2 + 1.0 Gamma-L-Glutamyl-L-cysteine + 1.0 H+ + 1.0 Phosphate	1.0 CHEBI:15422 + 1.0 CHEBI:32457 + 1.0 CHEBI:76051 = 1.0 CHEBI:2342 + 1.0 CHEBI:24194 + 1.0 CHEBI:5584 + 1.0 CHEBI:26078	{'atp', 'cys__L', 'adp', 'glu__L', 'pi', 'glucys', 'h'}	gshA	P0A6W9
PRATPP	Phosphoribosyl-ATP pyrophosphatase	Histidine Metabolism	1.0 h2o_c + 1.0 prbatp_c = 1.0 h_c + 1.0 ppi_c + 1.0 prbamp_c	1.0 H2O H2O + 1.0 1-(5-Phosphoribosyl)-ATP = 1.0 H+ + 1.0 Diphosphate + 1.0 1-(5-Phosphoribosyl)-AMP	1.0 CHEBI:13352 + 1.0 CHEBI:73200 = 1.0 CHEBI:5584 + 1.0 CHEBI:45212 + 1.0 CHEBI:7354	{'ppi', 'h2o', 'prbatp', 'prbamp', 'h'}	hisI	P06989
GLUN	Glutaminase	Glutamate Metabolism	1.0 gln__L_c + 1.0 h2o_c = 1.0 glu__L_c + 1.0 nh4_c	1.0 L-Glutamine + 1.0 H2O H2O = 1.0 L-Glutamate + 1.0 Ammonium	1.0 CHEBI:42943 + 1.0 CHEBI:13352 = 1.0 CHEBI:76051 + 1.0 CHEBI:44284	{'gln__L', 'glu__L', 'nh4', 'h2o'}	glsA, glsB	P77454, P0A6W0
PRMICI	1-(5-phosphoribosyl)-5-[(5-phosphoribosylamino)methylideneamino)imidazole-4-carboxamide isomerase	Histidine Metabolism	1.0 prfp_c = 1.0 prlp_c	1.0 1-(5-Phosphoribosyl)-5-[(5-phosphoribosylamino)methylideneamino]imidazole-4-carboxamide = 1.0 5-[(5-phospho-1-deoxyribulos-1-ylamino)methylideneamino]-1-(5-phosphoribosyl)imidazole-4-carboxamide	1.0 CHEBI:11194 = 1.0 CHEBI:39698	{'prfp', 'prlp'}	hisA	P10371
GLUPRT	Glutamine phosphoribosyldiphosphate amidotransferase	Purine and Pyrimidine Biosynthesis	1.0 gln__L_c + 1.0 h2o_c + 1.0 prpp_c = 1.0 glu__L_c + 1.0 ppi_c + 1.0 pram_c	1.0 L-Glutamine + 1.0 H2O H2O + 1.0 5-Phospho-alpha-D-ribose 1-diphosphate = 1.0 L-Glutamate + 1.0 Diphosphate + 1.0 5-Phospho-beta-D-ribosylamine	1.0 CHEBI:42943 + 1.0 CHEBI:13352 + 1.0 CHEBI:2121 = 1.0 CHEBI:76051 + 1.0 CHEBI:45212 + 1.0 CHEBI:12161	{'prpp', 'ppi', 'h2o', 'pram', 'glu__L', 'gln__L'}	purF	P0AG16
EX_g6p_e	D-Glucose 6-phosphate exchange	Extracellular exchange	1.0 g6p_e = 	1.0 D-Glucose 6-phosphate = 	1.0 CHEBI:61548 = 	{'g6p'}	Unknown	Unknown
GMPR	GMP reductase	Purine and Pyrimidine Biosynthesis	1.0 gmp_c + 2.0 h_c + 1.0 nadph_c = 1.0 imp_c + 1.0 nadp_c + 1.0 nh4_c	1.0 GMP C10H12N5O8P + 2.0 H+ + 1.0 Nicotinamide adenine dinucleotide phosphate - reduced = 1.0 IMP C10H11N4O8P + 1.0 Nicotinamide adenine dinucleotide phosphate + 1.0 Ammonium	1.0 CHEBI:24449 + 2.0 CHEBI:5584 + 1.0 CHEBI:16474 = 1.0 CHEBI:43524 + 1.0 CHEBI:29868 + 1.0 CHEBI:44284	{'nh4', 'nadp', 'nadph', 'gmp', 'imp', 'h'}	guaC	P60560
SERAT	Serine O-acetyltransferase	Cysteine Metabolism	1.0 accoa_c + 1.0 ser__L_c = 1.0 acser_c + 1.0 coa_c	1.0 Acetyl-CoA + 1.0 L-Serine = 1.0 O-Acetyl-L-serine + 1.0 Coenzyme A	1.0 CHEBI:57288 + 1.0 CHEBI:32845 = 1.0 CHEBI:44568 + 1.0 CHEBI:41631	{'acser', 'ser__L', 'coa', 'accoa'}	cysE	P0A9D4
CYSS	Cysteine synthase	Cysteine Metabolism	1.0 acser_c + 1.0 h2s_c = 1.0 ac_c + 1.0 cys__L_c + 1.0 h_c	1.0 O-Acetyl-L-serine + 1.0 Hydrogen sulfide = 1.0 Acetate + 1.0 L-Cysteine + 1.0 H+	1.0 CHEBI:44568 + 1.0 CHEBI:14414 = 1.0 CHEBI:13704 + 1.0 CHEBI:32457 + 1.0 CHEBI:5584	{'h2s', 'cys__L', 'acser', 'ac', 'h'}	cysM, cysK	P16703, P0ABK5
NADS1	NAD synthase (nh3)	Cofactor and Prosthetic Group Biosynthesis	1.0 atp_c + 1.0 dnad_c + 1.0 nh4_c = 1.0 amp_c + 1.0 h_c + 1.0 nad_c + 1.0 ppi_c	1.0 ATP C10H12N5O13P3 + 1.0 Deamino-NAD+ + 1.0 Ammonium = 1.0 AMP C10H12N5O7P + 1.0 H+ + 1.0 Nicotinamide adenine dinucleotide + 1.0 Diphosphate	1.0 CHEBI:15422 + 1.0 CHEBI:14104 + 1.0 CHEBI:44284 = 1.0 CHEBI:13736 + 1.0 CHEBI:5584 + 1.0 CHEBI:7422 + 1.0 CHEBI:45212	{'atp', 'nh4', 'dnad', 'ppi', 'nad', 'amp', 'h'}	nadE	P18843
BPNT	3',5'-bisphosphate nucleotidase	Cysteine Metabolism	1.0 h2o_c + 1.0 pap_c = 1.0 amp_c + 1.0 pi_c	1.0 H2O H2O + 1.0 Adenosine 3',5'-bisphosphate = 1.0 AMP C10H12N5O7P + 1.0 Phosphate	1.0 CHEBI:13352 + 1.0 CHEBI:17985 = 1.0 CHEBI:13736 + 1.0 CHEBI:26078	{'amp', 'pi', 'pap', 'h2o'}	cysQ	P22255
EX_2ddglcn_e	2-Dehydro-3-deoxy-D-gluconate exchange	Extracellular exchange	1.0 2ddglcn_e = 	1.0 2-Dehydro-3-deoxy-D-gluconate = 	1.0 CHEBI:1059 = 	{'2ddglcn'}	Unknown	Unknown
PAPSR	Phosphoadenylyl-sulfate reductase (thioredoxin)	Cysteine Metabolism	1.0 paps_c + 1.0 trdrd_c = 2.0 h_c + 1.0 pap_c + 1.0 so3_c + 1.0 trdox_c	1.0 3'-Phosphoadenylyl sulfate + 1.0 Reduced thioredoxin = 2.0 H+ + 1.0 Adenosine 3',5'-bisphosphate + 1.0 Sulfite + 1.0 Oxidized thioredoxin	1.0 CHEBI:17980 + 1.0 CHEBI:15033 = 2.0 CHEBI:5584 + 1.0 CHEBI:17985 + 1.0 CHEBI:15139 + 1.0 CHEBI:14726	{'h', 'trdrd', 'trdox', 'pap', 'paps', 'so3'}	trxC, cysH, trxA, cysH	P0AGG4, P17854, P0AA25
ASPK	Aspartate kinase	Threonine and Lysine Metabolism	1.0 asp__L_c + 1.0 atp_c = 1.0 4pasp_c + 1.0 adp_c	1.0 L-Aspartate + 1.0 ATP C10H12N5O13P3 = 1.0 4-Phospho-L-aspartate + 1.0 ADP C10H12N5O10P2	1.0 CHEBI:17053 + 1.0 CHEBI:15422 = 1.0 CHEBI:13062 + 1.0 CHEBI:2342	{'atp', '4pasp', 'adp', 'asp__L'}	thrA, metL, lysC	P00561, P00562, P08660
ASAD	Aspartate-semialdehyde dehydrogenase	Threonine and Lysine Metabolism	1.0 aspsa_c + 1.0 nadp_c + 1.0 pi_c = 1.0 4pasp_c + 1.0 h_c + 1.0 nadph_c	1.0 L-Aspartate 4-semialdehyde + 1.0 Nicotinamide adenine dinucleotide phosphate + 1.0 Phosphate = 1.0 4-Phospho-L-aspartate + 1.0 H+ + 1.0 Nicotinamide adenine dinucleotide phosphate - reduced	1.0 CHEBI:40847 + 1.0 CHEBI:29868 + 1.0 CHEBI:26078 = 1.0 CHEBI:13062 + 1.0 CHEBI:5584 + 1.0 CHEBI:16474	{'aspsa', 'nadp', 'nadph', '4pasp', 'pi', 'h'}	asd	P0A9Q9
DAPDC	Diaminopimelate decarboxylase	Threonine and Lysine Metabolism	1.0 26dap__M_c + 1.0 h_c = 1.0 co2_c + 1.0 lys__L_c	1.0 Meso-2,6-Diaminoheptanedioate + 1.0 H+ = 1.0 CO2 CO2 + 1.0 L-Lysine	1.0 CHEBI:40838 + 1.0 CHEBI:5584 = 1.0 CHEBI:23011 + 1.0 CHEBI:6264	{'26dap__M', 'h', 'lys__L', 'co2'}	lysA	P00861
EX_mmet_e	S-Methyl-L-methionine exchange	Extracellular exchange	1.0 mmet_e = 	1.0 S-Methyl-L-methionine = 	1.0 CHEBI:17728 = 	{'mmet'}	Unknown	Unknown
NTRIR2x	Nitrite Reductase (NADH)	Oxidative Phosphorylation	5.0 h_c + 3.0 nadh_c + 1.0 no2_c = 2.0 h2o_c + 3.0 nad_c + 1.0 nh4_c	5.0 H+ + 3.0 Nicotinamide adenine dinucleotide - reduced + 1.0 Nitrite = 2.0 H2O H2O + 3.0 Nicotinamide adenine dinucleotide + 1.0 Ammonium	5.0 CHEBI:5584 + 3.0 CHEBI:13395 + 1.0 CHEBI:16301 = 2.0 CHEBI:13352 + 3.0 CHEBI:7422 + 1.0 CHEBI:44284	{'nh4', 'h2o', 'nad', 'no2', 'nadh', 'h'}	nirD, nirB	P0A9I8, P08201
OCBT	Ornithine carbamoyltransferase	Arginine and Proline Metabolism	1.0 cbp_c + 1.0 orn_c = 1.0 citr__L_c + 1.0 h_c + 1.0 pi_c	1.0 Carbamoyl phosphate + 1.0 Ornithine = 1.0 L-Citrulline + 1.0 H+ + 1.0 Phosphate	1.0 CHEBI:13942 + 1.0 CHEBI:21367 = 1.0 CHEBI:41489 + 1.0 CHEBI:5584 + 1.0 CHEBI:26078	{'cbp', 'citr__L', 'orn', 'pi', 'h'}	argI, argF	P04391, P06960
GARFT	Phosphoribosylglycinamide formyltransferase	Purine and Pyrimidine Biosynthesis	1.0 10fthf_c + 1.0 gar_c = 1.0 fgam_c + 1.0 h_c + 1.0 thf_c	1.0 10-Formyltetrahydrofolate + 1.0 N1-(5-Phospho-D-ribosyl)glycinamide = 1.0 N2-Formyl-N1-(5-phospho-D-ribosyl)glycinamide + 1.0 H+ + 1.0 5,6,7,8-Tetrahydrofolate	1.0 CHEBI:19108 + 1.0 CHEBI:20499 = 1.0 CHEBI:12635 + 1.0 CHEBI:5584 + 1.0 CHEBI:57453	{'fgam', '10fthf', 'thf', 'gar', 'h'}	purN	P08179
GPDDA1	Glycerophosphodiester phosphodiesterase (Glycerophosphocholine)	Glycerophospholipid Metabolism	1.0 g3pc_c + 1.0 h2o_c = 1.0 chol_c + 1.0 glyc3p_c + 1.0 h_c	1.0 Sn-Glycero-3-phosphocholine + 1.0 H2O H2O = 1.0 Choline C5H14NO + 1.0 Glycerol 3-phosphate + 1.0 H+	1.0 CHEBI:55397 + 1.0 CHEBI:13352 = 1.0 CHEBI:41524 + 1.0 CHEBI:12843 + 1.0 CHEBI:5584	{'h2o', 'chol', 'glyc3p', 'g3pc', 'h'}	ugpQ	P10908
GPDDA2	Glycerophosphodiester phosphodiesterase (Glycerophosphoethanolamine)	Glycerophospholipid Metabolism	1.0 g3pe_c + 1.0 h2o_c = 1.0 etha_c + 1.0 glyc3p_c + 1.0 h_c	1.0 Sn-Glycero-3-phosphoethanolamine + 1.0 H2O H2O = 1.0 Ethanolamine + 1.0 Glycerol 3-phosphate + 1.0 H+	1.0 CHEBI:57952 + 1.0 CHEBI:13352 = 1.0 CHEBI:57603 + 1.0 CHEBI:12843 + 1.0 CHEBI:5584	{'etha', 'h2o', 'glyc3p', 'g3pe', 'h'}	ugpQ	P10908
PHETA1	Phenylalanine transaminase	Tyrosine, Tryptophan, and Phenylalanine Metabolism	1.0 akg_c + 1.0 phe__L_c = 1.0 glu__L_c + 1.0 phpyr_c	1.0 2-Oxoglutarate + 1.0 L-Phenylalanine = 1.0 L-Glutamate + 1.0 Phenylpyruvate	1.0 CHEBI:40661 + 1.0 CHEBI:21370 = 1.0 CHEBI:76051 + 1.0 CHEBI:14784	{'phpyr', 'akg', 'glu__L', 'phe__L'}	tyrB, aspC, ilvE	P04693, P00509, P0AB80
PPND	Prephenate dehydrogenase	Tyrosine, Tryptophan, and Phenylalanine Metabolism	1.0 nad_c + 1.0 pphn_c = 1.0 34hpp_c + 1.0 co2_c + 1.0 nadh_c	1.0 Nicotinamide adenine dinucleotide + 1.0 Prephenate = 1.0 3-(4-Hydroxyphenyl)pyruvate + 1.0 CO2 CO2 + 1.0 Nicotinamide adenine dinucleotide - reduced	1.0 CHEBI:7422 + 1.0 CHEBI:8399 = 1.0 CHEBI:36242 + 1.0 CHEBI:23011 + 1.0 CHEBI:13395	{'34hpp', 'co2', 'pphn', 'nad', 'nadh'}	tyrA	P07023
METAT	Methionine adenosyltransferase	Methionine Metabolism	1.0 atp_c + 1.0 h2o_c + 1.0 met__L_c = 1.0 amet_c + 1.0 pi_c + 1.0 ppi_c	1.0 ATP C10H12N5O13P3 + 1.0 H2O H2O + 1.0 L-Methionine = 1.0 S-Adenosyl-L-methionine + 1.0 Phosphate + 1.0 Diphosphate	1.0 CHEBI:15422 + 1.0 CHEBI:13352 + 1.0 CHEBI:32644 = 1.0 CHEBI:33442 + 1.0 CHEBI:26078 + 1.0 CHEBI:45212	{'atp', 'met__L', 'ppi', 'h2o', 'amet', 'pi'}	metK	P0A817
ASCBPL	L-ascorbate 6-phosphate lactonase	Alternate Carbon Metabolism	1.0 ascb6p_c + 1.0 h2o_c = 1.0 3dhgulnp_c + 1.0 h_c	1.0 L-ascorbate-6-phosphate + 1.0 H2O H2O = 1.0 3-keto-L-gulonate-6-phosphate + 1.0 H+	1.0 CHEBI:80368 + 1.0 CHEBI:13352 = 1.0 CHEBI:58774 + 1.0 CHEBI:5584	{'3dhgulnp', 'h', 'ascb6p', 'h2o'}	ulaG	P39300
ACBIPGT	Adenosyl cobinamide phosphate guanyltransferase	Cofactor and Prosthetic Group Biosynthesis	1.0 adocbip_c + 1.0 gtp_c + 1.0 h_c = 1.0 agdpcbi_c + 1.0 ppi_c	1.0 Adenosyl cobinamide phosphate + 1.0 GTP C10H12N5O14P3 + 1.0 H+ = 1.0 Adenosine-GDP-cobinamide + 1.0 Diphosphate	1.0 CHEBI:2481 + 1.0 CHEBI:37565 + 1.0 CHEBI:5584 = 1.0 CHEBI:2479 + 1.0 CHEBI:45212	{'agdpcbi', 'ppi', 'adocbip', 'gtp', 'h'}	cobU	P0AE76
TRPS1	Tryptophan synthase (indoleglycerol phosphate)	Tyrosine, Tryptophan, and Phenylalanine Metabolism	1.0 3ig3p_c + 1.0 ser__L_c = 1.0 g3p_c + 1.0 h2o_c + 1.0 trp__L_c	1.0 C'-(3-Indolyl)-glycerol 3-phosphate + 1.0 L-Serine = 1.0 Glyceraldehyde 3-phosphate + 1.0 H2O H2O + 1.0 L-Tryptophan	1.0 CHEBI:58866 + 1.0 CHEBI:32845 = 1.0 CHEBI:5446 + 1.0 CHEBI:13352 + 1.0 CHEBI:13178	{'ser__L', 'h2o', '3ig3p', 'trp__L', 'g3p'}	trpA, trpB	P0A877, P0A879
PRAMPC	Phosphoribosyl-AMP cyclohydrolase	Histidine Metabolism	1.0 h2o_c + 1.0 prbamp_c = 1.0 prfp_c	1.0 H2O H2O + 1.0 1-(5-Phosphoribosyl)-AMP = 1.0 1-(5-Phosphoribosyl)-5-[(5-phosphoribosylamino)methylideneamino]imidazole-4-carboxamide	1.0 CHEBI:13352 + 1.0 CHEBI:7354 = 1.0 CHEBI:11194	{'prbamp', 'prfp', 'h2o'}	hisI	P06989
ADOCBLS	Adenosylcobalamin 5'-phosphate synthase	Cofactor and Prosthetic Group Biosynthesis	1.0 agdpcbi_c + 1.0 rdmbzi_c = 1.0 adocbl_c + 1.0 gmp_c + 1.0 h_c	1.0 Adenosine-GDP-cobinamide + 1.0 N1-(alpha-D-ribosyl)-5,6-dimethylbenzimidazole = 1.0 Adenosylcobalamin + 1.0 GMP C10H12N5O8P + 1.0 H+	1.0 CHEBI:2479 + 1.0 CHEBI:10329 = 1.0 Unknown + 1.0 CHEBI:24449 + 1.0 CHEBI:5584	{'agdpcbi', 'gmp', 'rdmbzi', 'adocbl', 'h'}	cobS	P36561
EX_galct__D_e	D-Galactarate exchange	Extracellular exchange	1.0 galct__D_e = 	1.0 D-Galactarate = 	1.0 CHEBI:33799 = 	{'galct__D'}	Unknown	Unknown
ADOCBIK	Adenosyl cobinamide kinase	Cofactor and Prosthetic Group Biosynthesis	1.0 adocbi_c + 1.0 atp_c = 1.0 adocbip_c + 1.0 adp_c + 1.0 h_c	1.0 Adenosyl cobinamide + 1.0 ATP C10H12N5O13P3 = 1.0 Adenosyl cobinamide phosphate + 1.0 ADP C10H12N5O10P2 + 1.0 H+	1.0 Unknown + 1.0 CHEBI:15422 = 1.0 CHEBI:2481 + 1.0 CHEBI:2342 + 1.0 CHEBI:5584	{'atp', 'adocbi', 'adp', 'adocbip', 'h'}	cobU	P0AE76
TMPK	Thiamine-phosphate kinase	Cofactor and Prosthetic Group Biosynthesis	1.0 atp_c + 1.0 thmmp_c = 1.0 adp_c + 1.0 thmpp_c	1.0 ATP C10H12N5O13P3 + 1.0 Thiamin monophosphate = 1.0 ADP C10H12N5O10P2 + 1.0 Thiamine diphosphate	1.0 CHEBI:15422 + 1.0 CHEBI:9533 = 1.0 CHEBI:2342 + 1.0 CHEBI:15229	{'thmpp', 'atp', 'thmmp', 'adp'}	thiL	P0AGG0
HPPPNDO	2,3-dihydroxypheylpropionate 1,2-dioxygenase	Alternate Carbon Metabolism	1.0 dhpppn_c + 1.0 o2_c = 1.0 h_c + 1.0 hkndd_c	1.0 3-(2,3-Dihydroxyphenyl)propanoate + 1.0 O2 O2 = 1.0 H+ + 1.0 2-Hydroxy-6-oxonona-2,4-diene-1,9-dioate	1.0 CHEBI:46951 + 1.0 CHEBI:7860 = 1.0 CHEBI:5584 + 1.0 CHEBI:66887	{'hkndd', 'o2', 'dhpppn', 'h'}	mhpB	P0ABR9
MCITL2	Methylisocitrate lyase	Alternate Carbon Metabolism	1.0 micit_c = 1.0 pyr_c + 1.0 succ_c	1.0 Methylisocitrate = 1.0 Pyruvate + 1.0 Succinate	1.0 CHEBI:57429 = 1.0 CHEBI:26462 + 1.0 CHEBI:22941	{'pyr', 'micit', 'succ'}	prpB	P77541
DXYLK	1-Deoxy-D-xylulose kinase	Cofactor and Prosthetic Group Biosynthesis	1.0 atp_c + 1.0 dxyl_c = 1.0 adp_c + 1.0 dxyl5p_c + 1.0 h_c	1.0 ATP C10H12N5O13P3 + 1.0 1-deoxy-D-xylulose = 1.0 ADP C10H12N5O10P2 + 1.0 1-deoxy-D-xylulose 5-phosphate + 1.0 H+	1.0 CHEBI:15422 + 1.0 CHEBI:19038 = 1.0 CHEBI:2342 + 1.0 CHEBI:57792 + 1.0 CHEBI:5584	{'atp', 'dxyl', 'dxyl5p', 'adp', 'h'}	xylB	P09099
MDH3	Malate dehydrogenase (menaquinone 8 as acceptor)	Citric Acid Cycle	1.0 mal__L_c + 1.0 mqn8_c = 1.0 mql8_c + 1.0 oaa_c	1.0 L-Malate + 1.0 Menaquinone 8 = 1.0 Menaquinol 8 + 1.0 Oxaloacetate	1.0 CHEBI:15589 + 1.0 CHEBI:44027 = 1.0 CHEBI:61684 + 1.0 CHEBI:25731	{'mal__L', 'mqn8', 'oaa', 'mql8'}	mqo	P33940
SOTA	Succinylornithine transaminase	Arginine and Proline Metabolism	1.0 akg_c + 1.0 sucorn_c = 1.0 glu__L_c + 1.0 sucgsa_c	1.0 2-Oxoglutarate + 1.0 N2-Succinyl-L-ornithine = 1.0 L-Glutamate + 1.0 N2-Succinyl-L-glutamate 5-semialdehyde	1.0 CHEBI:40661 + 1.0 CHEBI:21822 = 1.0 CHEBI:76051 + 1.0 CHEBI:7374	{'akg', 'glu__L', 'sucgsa', 'sucorn'}	astC	P77581
DHCINDO	2,3-dihydroxycinnamate 1,2-dioxygenase	Alternate Carbon Metabolism	1.0 dhcinnm_c + 1.0 o2_c = 1.0 h_c + 1.0 hkntd_c	1.0 2,3-dihydroxicinnamic acid + 1.0 O2 O2 = 1.0 H+ + 1.0 2-hydroxy-6-ketononatrienedioate	1.0 CHEBI:58642 + 1.0 CHEBI:7860 = 1.0 CHEBI:5584 + 1.0 CHEBI:61450	{'o2', 'h', 'hkntd', 'dhcinnm'}	mhpB	P0ABR9
SGSAD	Succinylglutamic semialdehyde dehydrogenase	Arginine and Proline Metabolism	1.0 h2o_c + 1.0 nad_c + 1.0 sucgsa_c = 2.0 h_c + 1.0 nadh_c + 1.0 sucglu_c	1.0 H2O H2O + 1.0 Nicotinamide adenine dinucleotide + 1.0 N2-Succinyl-L-glutamate 5-semialdehyde = 2.0 H+ + 1.0 Nicotinamide adenine dinucleotide - reduced + 1.0 N2-Succinyl-L-glutamate	1.0 CHEBI:13352 + 1.0 CHEBI:7422 + 1.0 CHEBI:7374 = 2.0 CHEBI:5584 + 1.0 CHEBI:13395 + 1.0 CHEBI:48957	{'sucgsa', 'sucglu', 'h2o', 'nad', 'nadh', 'h'}	astD	P76217
HKNDDH	2-hydroxy-6-ketonona-2,4-dienedioic acid hydrolase	Alternate Carbon Metabolism	1.0 h2o_c + 1.0 hkndd_c = 1.0 h_c + 1.0 op4en_c + 1.0 succ_c	1.0 H2O H2O + 1.0 2-Hydroxy-6-oxonona-2,4-diene-1,9-dioate = 1.0 H+ + 1.0 2-Oxopent-4-enoate + 1.0 Succinate	1.0 CHEBI:13352 + 1.0 CHEBI:66887 = 1.0 CHEBI:5584 + 1.0 CHEBI:11641 + 1.0 CHEBI:22941	{'succ', 'h2o', 'hkndd', 'op4en', 'h'}	mhpC	P77044
EX_idon__L_e	L-Idonate exchange	Extracellular exchange	1.0 idon__L_e = 	1.0 L-Idonate = 	1.0 CHEBI:13126 = 	{'idon__L'}	Unknown	Unknown
HKNTDH	2-hydroxy-6-ketononotrienedioate hydrolase	Alternate Carbon Metabolism	1.0 h2o_c + 1.0 hkntd_c = 1.0 fum_c + 1.0 h_c + 1.0 op4en_c	1.0 H2O H2O + 1.0 2-hydroxy-6-ketononatrienedioate = 1.0 Fumarate + 1.0 H+ + 1.0 2-Oxopent-4-enoate	1.0 CHEBI:13352 + 1.0 CHEBI:61450 = 1.0 CHEBI:36180 + 1.0 CHEBI:5584 + 1.0 CHEBI:11641	{'hkntd', 'fum', 'h2o', 'op4en', 'h'}	mhpC	P77044
GLYCK2	Glycerate kinase	Glycine and Serine Metabolism	1.0 atp_c + 1.0 glyc__R_c = 1.0 2pg_c + 1.0 adp_c + 1.0 h_c	1.0 ATP C10H12N5O13P3 + 1.0 (R)-Glycerate = 1.0 D-Glycerate 2-phosphate + 1.0 ADP C10H12N5O10P2 + 1.0 H+	1.0 CHEBI:15422 + 1.0 CHEBI:21030 = 1.0 CHEBI:39868 + 1.0 CHEBI:2342 + 1.0 CHEBI:5584	{'atp', 'glyc__R', 'adp', '2pg', 'h'}	garK	P23524
PTA2	Phosphate acetyltransferase	Alternate Carbon Metabolism	1.0 pi_c + 1.0 ppcoa_c = 1.0 coa_c + 1.0 ppap_c	1.0 Phosphate + 1.0 Propanoyl-CoA = 1.0 Coenzyme A + 1.0 Propanoyl phosphate	1.0 CHEBI:26078 + 1.0 CHEBI:14907 = 1.0 CHEBI:41631 + 1.0 CHEBI:58933	{'coa', 'ppcoa', 'pi', 'ppap'}	pta	P0A9M8
MDH2	Malate dehydrogenase (ubiquinone 8 as acceptor)	Citric Acid Cycle	1.0 mal__L_c + 1.0 q8_c = 1.0 oaa_c + 1.0 q8h2_c	1.0 L-Malate + 1.0 Ubiquinone-8 = 1.0 Oxaloacetate + 1.0 Ubiquinol-8	1.0 CHEBI:15589 + 1.0 CHEBI:61683 = 1.0 CHEBI:25731 + 1.0 CHEBI:61682	{'mal__L', 'q8h2', 'oaa', 'q8'}	mqo	P33940
EX_indole_e	Indole exchange	Extracellular exchange	1.0 indole_e = 	1.0 Indole = 	1.0 CHEBI:43537 = 	{'indole'}	Unknown	Unknown
ACOTA	Acetylornithine transaminase	Arginine and Proline Metabolism	1.0 acorn_c + 1.0 akg_c = 1.0 acg5sa_c + 1.0 glu__L_c	1.0 N2-Acetyl-L-ornithine + 1.0 2-Oxoglutarate = 1.0 N-Acetyl-L-glutamate 5-semialdehyde + 1.0 L-Glutamate	1.0 CHEBI:21814 + 1.0 CHEBI:40661 = 1.0 CHEBI:16319 + 1.0 CHEBI:76051	{'glu__L', 'akg', 'acg5sa', 'acorn'}	astC, argD, gabT, puuE	P77581, P18335, P22256, P50457
GPDDA5	Glycerophosphodiester phosphodiesterase (Glycerophosphoinositol)	Glycerophospholipid Metabolism	1.0 g3pi_c + 1.0 h2o_c = 1.0 glyc3p_c + 1.0 h_c + 1.0 inost_c	1.0 Sn-Glycero-3-phospho-1-inositol + 1.0 H2O H2O = 1.0 Glycerol 3-phosphate + 1.0 H+ + 1.0 Myo-Inositol	1.0 CHEBI:26695 + 1.0 CHEBI:13352 = 1.0 CHEBI:12843 + 1.0 CHEBI:5584 + 1.0 CHEBI:4200	{'h2o', 'g3pi', 'glyc3p', 'inost', 'h'}	ugpQ	P10908
PDX5PS	Pyridoxine 5'-phosphate synthase	Cofactor and Prosthetic Group Biosynthesis	1.0 dxyl5p_c + 1.0 nad_c + 1.0 phthr_c = 1.0 co2_c + 2.0 h2o_c + 1.0 h_c + 1.0 nadh_c + 1.0 pdx5p_c + 1.0 pi_c	1.0 1-deoxy-D-xylulose 5-phosphate + 1.0 Nicotinamide adenine dinucleotide + 1.0 O-Phospho-4-hydroxy-L-threonine = 1.0 CO2 CO2 + 2.0 H2O H2O + 1.0 H+ + 1.0 Nicotinamide adenine dinucleotide - reduced + 1.0 Pyridoxine 5'-phosphate + 1.0 Phosphate	1.0 CHEBI:57792 + 1.0 CHEBI:7422 + 1.0 CHEBI:58452 = 1.0 CHEBI:23011 + 2.0 CHEBI:13352 + 1.0 CHEBI:5584 + 1.0 CHEBI:13395 + 1.0 CHEBI:26430 + 1.0 CHEBI:26078	{'dxyl5p', 'h2o', 'co2', 'pdx5p', 'pi', 'nad', 'phthr', 'nadh', 'h'}	pdxJ, pdxA	P0A794, P19624
PPBNGS	Porphobilinogen synthase	Cofactor and Prosthetic Group Biosynthesis	2.0 5aop_c = 2.0 h2o_c + 1.0 h_c + 1.0 ppbng_c	2.0 5-Amino-4-oxopentanoate = 2.0 H2O H2O + 1.0 H+ + 1.0 Porphobilinogen	2.0 CHEBI:20547 = 2.0 CHEBI:13352 + 1.0 CHEBI:5584 + 1.0 CHEBI:58126	{'h', '5aop', 'ppbng', 'h2o'}	hemB	P0ACB2
ENTCS	Enterochelin synthase	Cofactor and Prosthetic Group Biosynthesis	3.0 23dhba_c + 3.0 seramp_c = 6.0 amp_c + 1.0 enter_c + 9.0 h_c	3.0 (2,3-Dihydroxybenzoyl)adenylate + 3.0 L-seryl-AMP = 6.0 AMP C10H12N5O7P + 1.0 Enterochelin + 9.0 H+	3.0 CHEBI:57417 + 3.0 CHEBI:61231 = 6.0 CHEBI:13736 + 1.0 CHEBI:4799 + 9.0 CHEBI:5584	{'seramp', 'enter', '23dhba', 'amp', 'h'}	entD	P19925
SULR	Sulfite reductase (NADPH2)	Cysteine Metabolism	5.0 h_c + 3.0 nadph_c + 1.0 so3_c = 3.0 h2o_c + 1.0 h2s_c + 3.0 nadp_c	5.0 H+ + 3.0 Nicotinamide adenine dinucleotide phosphate - reduced + 1.0 Sulfite = 3.0 H2O H2O + 1.0 Hydrogen sulfide + 3.0 Nicotinamide adenine dinucleotide phosphate	5.0 CHEBI:5584 + 3.0 CHEBI:16474 + 1.0 CHEBI:15139 = 3.0 CHEBI:13352 + 1.0 CHEBI:14414 + 3.0 CHEBI:29868	{'nadp', 'h2s', 'nadph', 'so3', 'h2o', 'h'}	cysJ, cysI	P38038, P17846
MANPGH	2-O-alpha-mannosyl-6-phosphate-D-glycerate hydrolase	Alternate Carbon Metabolism	1.0 h2o_c + 1.0 man6pglyc_c = 1.0 glyc__R_c + 1.0 man6p_c	1.0 H2O H2O + 1.0 2(alpha-D-Mannosyl-6-phosphate)-D-glycerate = 1.0 (R)-Glycerate + 1.0 D-Mannose 6-phosphate	1.0 CHEBI:13352 + 1.0 CHEBI:61001 = 1.0 CHEBI:21030 + 1.0 CHEBI:58735	{'man6p', 'man6pglyc', 'glyc__R', 'h2o'}	mngB	P54746
URDGLYCD	Ureidoglycolate dehydrogenase	Alternate Carbon Metabolism	1.0 nad_c + 1.0 urdglyc_c = 1.0 h_c + 1.0 nadh_c + 1.0 oxur_c	1.0 Nicotinamide adenine dinucleotide + 1.0 (-)-Ureidoglycolate = 1.0 H+ + 1.0 Nicotinamide adenine dinucleotide - reduced + 1.0 Oxalureate	1.0 CHEBI:7422 + 1.0 CHEBI:18499 = 1.0 CHEBI:5584 + 1.0 CHEBI:13395 + 1.0 CHEBI:57824	{'urdglyc', 'oxur', 'nad', 'nadh', 'h'}	allD	P77555
CBMKr	Carbamate kinase	Nitrogen Metabolism	1.0 atp_c + 1.0 co2_c + 1.0 nh4_c = 1.0 adp_c + 1.0 cbp_c + 2.0 h_c	1.0 ATP C10H12N5O13P3 + 1.0 CO2 CO2 + 1.0 Ammonium = 1.0 ADP C10H12N5O10P2 + 1.0 Carbamoyl phosphate + 2.0 H+	1.0 CHEBI:15422 + 1.0 CHEBI:23011 + 1.0 CHEBI:44284 = 1.0 CHEBI:2342 + 1.0 CHEBI:13942 + 2.0 CHEBI:5584	{'atp', 'cbp', 'nh4', 'adp', 'co2', 'h'}	ybcF	P37306
PPNCL2	Phosphopantothenate-cysteine ligase	Cofactor and Prosthetic Group Biosynthesis	1.0 4ppan_c + 1.0 ctp_c + 1.0 cys__L_c = 1.0 4ppcys_c + 1.0 cmp_c + 1.0 h_c + 1.0 ppi_c	1.0 D-4'-Phosphopantothenate + 1.0 CTP C9H12N3O14P3 + 1.0 L-Cysteine = 1.0 N-((R)-4-Phosphopantothenoyl)-L-cysteine + 1.0 CMP C9H12N3O8P + 1.0 H+ + 1.0 Diphosphate	1.0 CHEBI:20891 + 1.0 CHEBI:3285 + 1.0 CHEBI:32457 = 1.0 CHEBI:15769 + 1.0 CHEBI:60377 + 1.0 CHEBI:5584 + 1.0 CHEBI:45212	{'cmp', 'cys__L', '4ppan', 'ppi', '4ppcys', 'ctp', 'h'}	dfp	P0ABQ0
PRAGSr	Phosphoribosylglycinamide synthase	Purine and Pyrimidine Biosynthesis	1.0 atp_c + 1.0 gly_c + 1.0 pram_c = 1.0 adp_c + 1.0 gar_c + 1.0 h_c + 1.0 pi_c	1.0 ATP C10H12N5O13P3 + 1.0 Glycine + 1.0 5-Phospho-beta-D-ribosylamine = 1.0 ADP C10H12N5O10P2 + 1.0 N1-(5-Phospho-D-ribosyl)glycinamide + 1.0 H+ + 1.0 Phosphate	1.0 CHEBI:15422 + 1.0 CHEBI:32508 + 1.0 CHEBI:12161 = 1.0 CHEBI:2342 + 1.0 CHEBI:20499 + 1.0 CHEBI:5584 + 1.0 CHEBI:26078	{'atp', 'adp', 'gar', 'pram', 'gly', 'pi', 'h'}	purD	P15640
PRFGS	Phosphoribosylformylglycinamidine synthase	Purine and Pyrimidine Biosynthesis	1.0 atp_c + 1.0 fgam_c + 1.0 gln__L_c + 1.0 h2o_c = 1.0 adp_c + 1.0 fpram_c + 1.0 glu__L_c + 1.0 h_c + 1.0 pi_c	1.0 ATP C10H12N5O13P3 + 1.0 N2-Formyl-N1-(5-phospho-D-ribosyl)glycinamide + 1.0 L-Glutamine + 1.0 H2O H2O = 1.0 ADP C10H12N5O10P2 + 1.0 2-(Formamido)-N1-(5-phospho-D-ribosyl)acetamidine + 1.0 L-Glutamate + 1.0 H+ + 1.0 Phosphate	1.0 CHEBI:15422 + 1.0 CHEBI:12635 + 1.0 CHEBI:42943 + 1.0 CHEBI:13352 = 1.0 CHEBI:2342 + 1.0 CHEBI:18413 + 1.0 CHEBI:76051 + 1.0 CHEBI:5584 + 1.0 CHEBI:26078	{'atp', 'fgam', 'adp', 'h2o', 'glu__L', 'pi', 'gln__L', 'fpram', 'h'}	purL	P15254
AMANAPEr	N-acetylmannosamine 6-phosphate epimerase	Alternate Carbon Metabolism	1.0 acmanap_c = 1.0 acgam6p_c	1.0 N-Acetyl-D-mannosamine 6-phosphate = 1.0 N-Acetyl-D-glucosamine 6-phosphate	1.0 CHEBI:62165 = 1.0 CHEBI:49353	{'acgam6p', 'acmanap'}	nanE	P0A761
EX_3hcinnm_e	3-hydroxycinnamic acid exchange	Extracellular exchange	1.0 3hcinnm_e = 	1.0 3-hydroxycinnamic acid = 	1.0 CHEBI:47925 = 	{'3hcinnm'}	Unknown	Unknown
ACM6PH	N-acetylmuramate 6-phosphate hydrolase	Alternate Carbon Metabolism	1.0 acmum6p_c + 1.0 h2o_c = 1.0 acgam6p_c + 1.0 lac__D_c	1.0 N-acetylmuramate 6-phosphate + 1.0 H2O H2O = 1.0 N-Acetyl-D-glucosamine 6-phosphate + 1.0 D-Lactate	1.0 CHEBI:47968 + 1.0 CHEBI:13352 = 1.0 CHEBI:49353 + 1.0 CHEBI:16004	{'lac__D', 'acmum6p', 'acgam6p', 'h2o'}	murQ	P76535
NNATr	Nicotinate-nucleotide adenylyltransferase	Nucleotide Salvage Pathway	1.0 atp_c + 1.0 h_c + 1.0 nicrnt_c = 1.0 dnad_c + 1.0 ppi_c	1.0 ATP C10H12N5O13P3 + 1.0 H+ + 1.0 Nicotinate D-ribonucleotide = 1.0 Deamino-NAD+ + 1.0 Diphosphate	1.0 CHEBI:15422 + 1.0 CHEBI:5584 + 1.0 CHEBI:7561 = 1.0 CHEBI:14104 + 1.0 CHEBI:45212	{'atp', 'dnad', 'ppi', 'nicrnt', 'h'}	nadD	P0A752
CYTDH	Cytidine hydrolase	Alternate Carbon Metabolism	1.0 cytd_c + 1.0 h2o_c = 1.0 csn_c + 1.0 rib__D_c	1.0 Cytidine + 1.0 H2O H2O = 1.0 Cytosine + 1.0 D-Ribose	1.0 CHEBI:41686 + 1.0 CHEBI:13352 = 1.0 CHEBI:23531 + 1.0 CHEBI:13011	{'csn', 'cytd', 'rib__D', 'h2o'}	rihB, rihA, rihC	P33022, P41409, P22564
EX_acac_e	Acetoacetate exchange	Extracellular exchange	1.0 acac_e = 	1.0 Acetoacetate = 	1.0 CHEBI:40507 = 	{'acac'}	Unknown	Unknown
ETHAAL	Ethanolamine ammonia-lyase	Cell Envelope Biosynthesis	1.0 etha_c = 1.0 acald_c + 1.0 nh4_c	1.0 Ethanolamine = 1.0 Acetaldehyde + 1.0 Ammonium	1.0 CHEBI:57603 = 1.0 CHEBI:40533 + 1.0 CHEBI:44284	{'acald', 'etha', 'nh4'}	eutB, eutC	P0AEJ6, P19636
MAN1PT2	Mannose-1-phosphate guanylyltransferase (GDP)	Cell Envelope Biosynthesis	1.0 gdp_c + 1.0 h_c + 1.0 man1p_c = 1.0 gdpmann_c + 1.0 pi_c	1.0 GDP C10H12N5O11P2 + 1.0 H+ + 1.0 D-Mannose 1-phosphate = 1.0 GDP-D-mannose + 1.0 Phosphate	1.0 CHEBI:5212 + 1.0 CHEBI:5584 + 1.0 CHEBI:35374 = 1.0 CHEBI:13328 + 1.0 CHEBI:26078	{'man1p', 'gdp', 'pi', 'gdpmann', 'h'}	cpsB	P24174
PSERT	Phosphoserine transaminase	Glycine and Serine Metabolism	1.0 3php_c + 1.0 glu__L_c = 1.0 akg_c + 1.0 pser__L_c	1.0 3-Phosphohydroxypyruvate + 1.0 L-Glutamate = 1.0 2-Oxoglutarate + 1.0 O-Phospho-L-serine	1.0 CHEBI:11883 + 1.0 CHEBI:76051 = 1.0 CHEBI:40661 + 1.0 CHEBI:57524	{'pser__L', '3php', 'glu__L', 'akg'}	serC	P23721
AP4AH	Ap4A hydrolase	Nucleotide Salvage Pathway	1.0 ap4a_c + 1.0 h2o_c = 2.0 adp_c + 2.0 h_c	1.0 P1,P4-Bis(5'-adenosyl) tetraphosphate + 1.0 H2O H2O = 2.0 ADP C10H12N5O10P2 + 2.0 H+	1.0 CHEBI:58141 + 1.0 CHEBI:13352 = 2.0 CHEBI:2342 + 2.0 CHEBI:5584	{'h', 'h2o', 'adp', 'ap4a'}	apaH	P05637
EX_acmana_e	N-Acetyl-D-mannosamine exchange	Extracellular exchange	1.0 acmana_e = 	1.0 N-Acetyl-D-mannosamine = 	1.0 CHEBI:7141 = 	{'acmana'}	Unknown	Unknown
AP5AH	Ap5A hydrolase	Nucleotide Salvage Pathway	1.0 ap5a_c + 1.0 h2o_c = 1.0 adp_c + 1.0 atp_c + 2.0 h_c	1.0 P1,P5-Bis(5'-adenosyl) pentaphosphate + 1.0 H2O H2O = 1.0 ADP C10H12N5O10P2 + 1.0 ATP C10H12N5O13P3 + 2.0 H+	1.0 CHEBI:22002 + 1.0 CHEBI:13352 = 1.0 CHEBI:2342 + 1.0 CHEBI:15422 + 2.0 CHEBI:5584	{'atp', 'ap5a', 'adp', 'h2o', 'h'}	apaH	P05637
ADNCYC	Adenylate cyclase	Nucleotide Salvage Pathway	1.0 atp_c = 1.0 camp_c + 1.0 ppi_c	1.0 ATP C10H12N5O13P3 = 1.0 CAMP C10H11N5O6P + 1.0 Diphosphate	1.0 CHEBI:15422 = 1.0 CHEBI:19827 + 1.0 CHEBI:45212	{'camp', 'atp', 'ppi'}	cyaA	P00936
AIRC2	Phosphoribosylaminoimidazole carboxylase	Purine and Pyrimidine Biosynthesis	1.0 air_c + 1.0 atp_c + 1.0 hco3_c = 1.0 5caiz_c + 1.0 adp_c + 1.0 h_c + 1.0 pi_c	1.0 5-amino-1-(5-phospho-D-ribosyl)imidazole + 1.0 ATP C10H12N5O13P3 + 1.0 Bicarbonate = 1.0 5-phosphoribosyl-5-carboxyaminoimidazole + 1.0 ADP C10H12N5O10P2 + 1.0 H+ + 1.0 Phosphate	1.0 CHEBI:28843 + 1.0 CHEBI:15422 + 1.0 CHEBI:13363 = 1.0 CHEBI:48000 + 1.0 CHEBI:2342 + 1.0 CHEBI:5584 + 1.0 CHEBI:26078	{'air', 'atp', 'hco3', 'adp', 'pi', '5caiz', 'h'}	purK	P09029
GAPD	Glyceraldehyde-3-phosphate dehydrogenase	Glycolysis/Gluconeogenesis	1.0 g3p_c + 1.0 nad_c + 1.0 pi_c = 1.0 13dpg_c + 1.0 h_c + 1.0 nadh_c	1.0 Glyceraldehyde 3-phosphate + 1.0 Nicotinamide adenine dinucleotide + 1.0 Phosphate = 1.0 3-Phospho-D-glyceroyl phosphate + 1.0 H+ + 1.0 Nicotinamide adenine dinucleotide - reduced	1.0 CHEBI:5446 + 1.0 CHEBI:7422 + 1.0 CHEBI:26078 = 1.0 CHEBI:57604 + 1.0 CHEBI:5584 + 1.0 CHEBI:13395	{'13dpg', 'g3p', 'pi', 'nad', 'nadh', 'h'}	gapA	P0A9B2
MI1PP	Myo-inositol 1-phosphatase	Cell Envelope Biosynthesis	1.0 h2o_c + 1.0 mi1p__D_c = 1.0 inost_c + 1.0 pi_c	1.0 H2O H2O + 1.0 1D-myo-Inositol 1-phosphate = 1.0 Myo-Inositol + 1.0 Phosphate	1.0 CHEBI:13352 + 1.0 CHEBI:58433 = 1.0 CHEBI:4200 + 1.0 CHEBI:26078	{'mi1p__D', 'pi', 'inost', 'h2o'}	suhB	P0ADG4
EX_galur_e	D-Galacturonate exchange	Extracellular exchange	1.0 galur_e = 	1.0 D-Galacturonate = 	1.0 CHEBI:20978 = 	{'galur'}	Unknown	Unknown
MCITS	2-methylcitrate synthase	Alternate Carbon Metabolism	1.0 h2o_c + 1.0 oaa_c + 1.0 ppcoa_c = 1.0 2mcit_c + 1.0 coa_c + 1.0 h_c	1.0 H2O H2O + 1.0 Oxaloacetate + 1.0 Propanoyl-CoA = 1.0 2-Methylcitrate + 1.0 Coenzyme A + 1.0 H+	1.0 CHEBI:13352 + 1.0 CHEBI:25731 + 1.0 CHEBI:14907 = 1.0 CHEBI:30836 + 1.0 CHEBI:41631 + 1.0 CHEBI:5584	{'2mcit', 'coa', 'oaa', 'ppcoa', 'h2o', 'h'}	prpC	P31660
PPAKr	Propionate kinase	Alternate Carbon Metabolism	1.0 adp_c + 1.0 ppap_c = 1.0 atp_c + 1.0 ppa_c	1.0 ADP C10H12N5O10P2 + 1.0 Propanoyl phosphate = 1.0 ATP C10H12N5O13P3 + 1.0 Propionate (n-C3:0)	1.0 CHEBI:2342 + 1.0 CHEBI:58933 = 1.0 CHEBI:15422 + 1.0 Unknown	{'atp', 'ppap', 'adp', 'ppa'}	tdcD	P11868
HEX1	Hexokinase (D-glucose:ATP)	Glycolysis/Gluconeogenesis	1.0 atp_c + 1.0 glc__D_c = 1.0 adp_c + 1.0 g6p_c + 1.0 h_c	1.0 ATP C10H12N5O13P3 + 1.0 D-Glucose = 1.0 ADP C10H12N5O10P2 + 1.0 D-Glucose 6-phosphate + 1.0 H+	1.0 CHEBI:15422 + 1.0 CHEBI:12965 = 1.0 CHEBI:2342 + 1.0 CHEBI:61548 + 1.0 CHEBI:5584	{'atp', 'adp', 'glc__D', 'g6p', 'h'}	glk	P0A6V8
GND	Phosphogluconate dehydrogenase	Pentose Phosphate Pathway	1.0 6pgc_c + 1.0 nadp_c = 1.0 co2_c + 1.0 nadph_c + 1.0 ru5p__D_c	1.0 6-Phospho-D-gluconate + 1.0 Nicotinamide adenine dinucleotide phosphate = 1.0 CO2 CO2 + 1.0 Nicotinamide adenine dinucleotide phosphate - reduced + 1.0 D-Ribulose 5-phosphate	1.0 CHEBI:33851 + 1.0 CHEBI:29868 = 1.0 CHEBI:23011 + 1.0 CHEBI:16474 + 1.0 CHEBI:40192	{'ru5p__D', '6pgc', 'nadp', 'nadph', 'co2'}	gnd	P00350
TAUDO	Taurine dioxygenase	Alternate Carbon Metabolism	1.0 akg_c + 1.0 o2_c + 1.0 taur_c = 1.0 aacald_c + 1.0 co2_c + 1.0 h_c + 1.0 so3_c + 1.0 succ_c	1.0 2-Oxoglutarate + 1.0 O2 O2 + 1.0 Taurine C2H7NO3S = 1.0 Aminoacetaldehyde + 1.0 CO2 CO2 + 1.0 H+ + 1.0 Sulfite + 1.0 Succinate	1.0 CHEBI:40661 + 1.0 CHEBI:7860 + 1.0 CHEBI:32970 = 1.0 CHEBI:58213 + 1.0 CHEBI:23011 + 1.0 CHEBI:5584 + 1.0 CHEBI:15139 + 1.0 CHEBI:22941	{'succ', 'so3', 'taur', 'o2', 'co2', 'aacald', 'akg', 'h'}	tauD	P37610
DM_amob_c	Sink needed to allow S-Adenosyl-4-methylthio-2-oxobutanoate to leave system	Intracellular demand	1.0 amob_c = 	1.0 S-Adenosyl-4-methylthio-2-oxobutanoate = 	1.0 CHEBI:12758 = 	{'amob'}	Unknown	Unknown
NTP3	Nucleoside-triphosphatase (GTP)	Nucleotide Salvage Pathway	1.0 gtp_c + 1.0 h2o_c = 1.0 gdp_c + 1.0 h_c + 1.0 pi_c	1.0 GTP C10H12N5O14P3 + 1.0 H2O H2O = 1.0 GDP C10H12N5O11P2 + 1.0 H+ + 1.0 Phosphate	1.0 CHEBI:37565 + 1.0 CHEBI:13352 = 1.0 CHEBI:5212 + 1.0 CHEBI:5584 + 1.0 CHEBI:26078	{'gdp', 'h2o', 'gtp', 'pi', 'h'}	rsgA, yjiA, hypB, argK, yeiR, selB, hflX	P39286, P24203, P0AAN3, P27254, P33030, P14081, P25519
PPM2	Phosphopentomutase 2 (deoxyribose)	Alternate Carbon Metabolism	1.0 2dr1p_c = 1.0 2dr5p_c	1.0 2-Deoxy-D-ribose 1-phosphate = 1.0 2-Deoxy-D-ribose 5-phosphate	1.0 CHEBI:28542 = 1.0 CHEBI:40516	{'2dr5p', '2dr1p'}	deoB	P0A6K6
MOAT2	3-deoxy-D-manno-octulosonic acid transferase	Lipopolysaccharide Biosynthesis / Recycling	1.0 ckdo_c + 1.0 kdolipid4_c = 1.0 cmp_c + 1.0 h_c + 1.0 kdo2lipid4_c	1.0 CMP-3-deoxy-D-manno-octulosonate + 1.0 KDO-lipid IV(A) = 1.0 CMP C9H12N3O8P + 1.0 H+ + 1.0 KDO(2)-lipid IV(A)	1.0 CHEBI:59825 + 1.0 CHEBI:20009 = 1.0 CHEBI:60377 + 1.0 CHEBI:5584 + 1.0 CHEBI:28526	{'cmp', 'kdo2lipid4', 'kdolipid4', 'ckdo', 'h'}	waaA	P0AC75
EX_adn_e	Adenosine exchange	Extracellular exchange	1.0 adn_e = 	1.0 Adenosine = 	1.0 CHEBI:22237 = 	{'adn'}	Unknown	Unknown
EX_ins_e	Inosine exchange	Extracellular exchange	1.0 ins_e = 	1.0 Inosine = 	1.0 CHEBI:17596 = 	{'ins'}	Unknown	Unknown
G6PDH2r	Glucose 6-phosphate dehydrogenase	Pentose Phosphate Pathway	1.0 g6p_c + 1.0 nadp_c = 1.0 6pgl_c + 1.0 h_c + 1.0 nadph_c	1.0 D-Glucose 6-phosphate + 1.0 Nicotinamide adenine dinucleotide phosphate = 1.0 6-phospho-D-glucono-1,5-lactone + 1.0 H+ + 1.0 Nicotinamide adenine dinucleotide phosphate - reduced	1.0 CHEBI:61548 + 1.0 CHEBI:29868 = 1.0 CHEBI:12233 + 1.0 CHEBI:5584 + 1.0 CHEBI:16474	{'nadp', 'nadph', '6pgl', 'g6p', 'h'}	zwf	P0AC53
ME2	Malic enzyme (NADP)	Anaplerotic Reactions	1.0 mal__L_c + 1.0 nadp_c = 1.0 co2_c + 1.0 nadph_c + 1.0 pyr_c	1.0 L-Malate + 1.0 Nicotinamide adenine dinucleotide phosphate = 1.0 CO2 CO2 + 1.0 Nicotinamide adenine dinucleotide phosphate - reduced + 1.0 Pyruvate	1.0 CHEBI:15589 + 1.0 CHEBI:29868 = 1.0 CHEBI:23011 + 1.0 CHEBI:16474 + 1.0 CHEBI:26462	{'nadp', 'nadph', 'co2', 'pyr', 'mal__L'}	maeB	P76558
ARGSL	Argininosuccinate lyase	Arginine and Proline Metabolism	1.0 argsuc_c = 1.0 arg__L_c + 1.0 fum_c	1.0 N(omega)-(L-Arginino)succinate = 1.0 L-Arginine + 1.0 Fumarate	1.0 CHEBI:7098 = 1.0 CHEBI:32683 + 1.0 CHEBI:36180	{'arg__L', 'fum', 'argsuc'}	argH	P11447
CBPS	Carbamoyl-phosphate synthase (glutamine-hydrolysing)	Arginine and Proline Metabolism	2.0 atp_c + 1.0 gln__L_c + 1.0 h2o_c + 1.0 hco3_c = 2.0 adp_c + 1.0 cbp_c + 1.0 glu__L_c + 2.0 h_c + 1.0 pi_c	2.0 ATP C10H12N5O13P3 + 1.0 L-Glutamine + 1.0 H2O H2O + 1.0 Bicarbonate = 2.0 ADP C10H12N5O10P2 + 1.0 Carbamoyl phosphate + 1.0 L-Glutamate + 2.0 H+ + 1.0 Phosphate	2.0 CHEBI:15422 + 1.0 CHEBI:42943 + 1.0 CHEBI:13352 + 1.0 CHEBI:13363 = 2.0 CHEBI:2342 + 1.0 CHEBI:13942 + 1.0 CHEBI:76051 + 2.0 CHEBI:5584 + 1.0 CHEBI:26078	{'atp', 'cbp', 'hco3', 'adp', 'h2o', 'glu__L', 'pi', 'gln__L', 'h'}	carA, carB	P0A6F1, P00968
GLU5K	Glutamate 5-kinase	Arginine and Proline Metabolism	1.0 atp_c + 1.0 glu__L_c = 1.0 adp_c + 1.0 glu5p_c	1.0 ATP C10H12N5O13P3 + 1.0 L-Glutamate = 1.0 ADP C10H12N5O10P2 + 1.0 L-Glutamate 5-phosphate	1.0 CHEBI:15422 + 1.0 CHEBI:76051 = 1.0 CHEBI:2342 + 1.0 CHEBI:6230	{'atp', 'glu__L', 'adp', 'glu5p'}	proB	P0A7B5
IPPS	2-isopropylmalate synthase	Valine, Leucine, and Isoleucine Metabolism	1.0 3mob_c + 1.0 accoa_c + 1.0 h2o_c = 1.0 3c3hmp_c + 1.0 coa_c + 1.0 h_c	1.0 3-Methyl-2-oxobutanoate + 1.0 Acetyl-CoA + 1.0 H2O H2O = 1.0 3-Carboxy-3-hydroxy-4-methylpentanoate + 1.0 Coenzyme A + 1.0 H+	1.0 CHEBI:11851 + 1.0 CHEBI:57288 + 1.0 CHEBI:13352 = 1.0 CHEBI:35128 + 1.0 CHEBI:41631 + 1.0 CHEBI:5584	{'coa', 'accoa', 'h2o', '3mob', '3c3hmp', 'h'}	leuA	P09151
EX_mg2_e	Mg exchange	Extracellular exchange	1.0 mg2_e = 	1.0 Magnesium = 	1.0 CHEBI:6635 = 	{'mg2'}	Unknown	Unknown
ACOATA	Acetyl-CoA ACP transacylase	Membrane Lipid Metabolism	1.0 ACP_c + 1.0 accoa_c = 1.0 acACP_c + 1.0 coa_c	1.0 Acyl carrier protein + 1.0 Acetyl-CoA = 1.0 Acetyl-ACP + 1.0 Coenzyme A	1.0 CHEBI:14405 + 1.0 CHEBI:57288 = 1.0 CHEBI:13713 + 1.0 CHEBI:41631	{'coa', 'acACP', 'accoa', 'ACP'}	acpP, fabH	P0A6A8, P0A6R0
NADH5	NADH dehydrogenase (ubiquinone-8 )	Oxidative Phosphorylation	1.0 h_c + 1.0 nadh_c + 1.0 q8_c = 1.0 nad_c + 1.0 q8h2_c	1.0 H+ + 1.0 Nicotinamide adenine dinucleotide - reduced + 1.0 Ubiquinone-8 = 1.0 Nicotinamide adenine dinucleotide + 1.0 Ubiquinol-8	1.0 CHEBI:5584 + 1.0 CHEBI:13395 + 1.0 CHEBI:61683 = 1.0 CHEBI:7422 + 1.0 CHEBI:61682	{'q8', 'q8h2', 'nad', 'nadh', 'h'}	ndh, kefF, chrR, wrbA	P00393, P0A754, P0AGE6, P0A8G6
MOHMT	3-methyl-2-oxobutanoate hydroxymethyltransferase	Cofactor and Prosthetic Group Biosynthesis	1.0 3mob_c + 1.0 h2o_c + 1.0 mlthf_c = 1.0 2dhp_c + 1.0 thf_c	1.0 3-Methyl-2-oxobutanoate + 1.0 H2O H2O + 1.0 5,10-Methylenetetrahydrofolate = 1.0 2-Dehydropantoate + 1.0 5,6,7,8-Tetrahydrofolate	1.0 CHEBI:11851 + 1.0 CHEBI:13352 + 1.0 CHEBI:10925 = 1.0 CHEBI:1071 + 1.0 CHEBI:57453	{'2dhp', 'thf', 'h2o', '3mob', 'mlthf'}	panB	P31057
EX_glyc3p_e	Glycerol 3-phosphate exchange	Extracellular exchange	1.0 glyc3p_e = 	1.0 Glycerol 3-phosphate = 	1.0 CHEBI:12843 = 	{'glyc3p'}	Unknown	Unknown
MLTG2	Maltodextrin glucosidase (maltotetraose)	Alternate Carbon Metabolism	1.0 h2o_c + 1.0 maltttr_c = 1.0 glc__D_c + 1.0 malttr_c	1.0 H2O H2O + 1.0 Maltotetraose = 1.0 D-Glucose + 1.0 Maltotriose C18H32O16	1.0 CHEBI:13352 + 1.0 CHEBI:6671 = 1.0 CHEBI:12965 + 1.0 CHEBI:61993	{'maltttr', 'malttr', 'glc__D', 'h2o'}	malZ	P21517
EX_but_e	Butyrate (n-C4:0) exchange	Extracellular exchange	1.0 but_e = 	1.0 Butyrate (n-C4:0) = 	1.0 Unknown = 	{'but'}	Unknown	Unknown
MLTG1	Maltodextrin glucosidase (maltotriose)	Alternate Carbon Metabolism	1.0 h2o_c + 1.0 malttr_c = 1.0 glc__D_c + 1.0 malt_c	1.0 H2O H2O + 1.0 Maltotriose C18H32O16 = 1.0 D-Glucose + 1.0 Maltose C12H22O11	1.0 CHEBI:13352 + 1.0 CHEBI:61993 = 1.0 CHEBI:12965 + 1.0 CHEBI:6668	{'malt', 'glc__D', 'malttr', 'h2o'}	malZ	P21517
AMALT3	Amylomaltase (maltopentaose)	Alternate Carbon Metabolism	1.0 malt_c + 1.0 maltpt_c = 1.0 glc__D_c + 1.0 malthx_c	1.0 Maltose C12H22O11 + 1.0 Maltopentaose = 1.0 D-Glucose + 1.0 Maltohexaose	1.0 CHEBI:6668 + 1.0 CHEBI:61952 = 1.0 CHEBI:12965 + 1.0 CHEBI:61953	{'malthx', 'glc__D', 'maltpt', 'malt'}	malQ	P15977
MLTP3	Maltodextrin phosphorylase (maltoheptaose)	Alternate Carbon Metabolism	1.0 malthp_c + 1.0 pi_c = 1.0 g1p_c + 1.0 malthx_c	1.0 Maltoheptaose + 1.0 Phosphate = 1.0 D-Glucose 1-phosphate + 1.0 Maltohexaose	1.0 CHEBI:62010 + 1.0 CHEBI:26078 = 1.0 CHEBI:10246 + 1.0 CHEBI:61953	{'pi', 'malthx', 'malthp', 'g1p'}	malP	P00490
EX_lcts_e	Lactose exchange	Extracellular exchange	1.0 lcts_e = 	1.0 Lactose C12H22O11 = 	1.0 CHEBI:14497 = 	{'lcts'}	Unknown	Unknown
EX_ocdca_e	Octadecanoate (n-C18:0) exchange	Extracellular exchange	1.0 ocdca_e = 	1.0 Octadecanoate (n-C18:0) = 	1.0 CHEBI:25631 = 	{'ocdca'}	Unknown	Unknown
EX_cbl1_e	Cob(I)alamin exchange	Extracellular exchange	1.0 cbl1_e = 	1.0 Cob(I)alamin = 	1.0 CHEBI:60488 = 	{'cbl1'}	Unknown	Unknown
SPODM	Superoxide dismutase	Unassigned	2.0 h_c + 2.0 o2s_c = 1.0 h2o2_c + 1.0 o2_c	2.0 H+ + 2.0 Superoxide anion = 1.0 Hydrogen peroxide + 1.0 O2 O2	2.0 CHEBI:5584 + 2.0 CHEBI:25935 = 1.0 CHEBI:29192 + 1.0 CHEBI:7860	{'o2', 'o2s', 'h2o2', 'h'}	sodA, sodB	P00448, P0AGD3
AHCYSNS	S-adenosylhomocysteine nucleosidase	Methionine Metabolism	1.0 ahcys_c + 1.0 h2o_c = 1.0 ade_c + 1.0 rhcys_c	1.0 S-Adenosyl-L-homocysteine + 1.0 H2O H2O = 1.0 Adenine + 1.0 S-Ribosyl-L-homocysteine	1.0 CHEBI:12741 + 1.0 CHEBI:13352 = 1.0 CHEBI:16708 + 1.0 CHEBI:17575	{'rhcys', 'ade', 'h2o', 'ahcys'}	mtn	P0AF12
ACNML	N-Acetylneuraminate lyase	Alternate Carbon Metabolism	1.0 acnam_c = 1.0 acmana_c + 1.0 pyr_c	1.0 N-Acetylneuraminate = 1.0 N-Acetyl-D-mannosamine + 1.0 Pyruvate	1.0 CHEBI:12471 = 1.0 CHEBI:7141 + 1.0 CHEBI:26462	{'pyr', 'acmana', 'acnam'}	nanA	P0A6L4
TMK	Thiamine kinase	Cofactor and Prosthetic Group Biosynthesis	1.0 atp_c + 1.0 thm_c = 1.0 adp_c + 1.0 h_c + 1.0 thmmp_c	1.0 ATP C10H12N5O13P3 + 1.0 Thiamin = 1.0 ADP C10H12N5O10P2 + 1.0 H+ + 1.0 Thiamin monophosphate	1.0 CHEBI:15422 + 1.0 CHEBI:33283 = 1.0 CHEBI:2342 + 1.0 CHEBI:5584 + 1.0 CHEBI:9533	{'atp', 'thmmp', 'thm', 'adp', 'h'}	thiK	P75948
NTPP4	Nucleoside triphosphate pyrophosphorylase (ctp)	Nucleotide Salvage Pathway	1.0 ctp_c + 1.0 h2o_c = 1.0 cmp_c + 1.0 h_c + 1.0 ppi_c	1.0 CTP C9H12N3O14P3 + 1.0 H2O H2O = 1.0 CMP C9H12N3O8P + 1.0 H+ + 1.0 Diphosphate	1.0 CHEBI:3285 + 1.0 CHEBI:13352 = 1.0 CHEBI:60377 + 1.0 CHEBI:5584 + 1.0 CHEBI:45212	{'cmp', 'ppi', 'h2o', 'ctp', 'h'}	nudG, mazG	P77788, P0AEY3
GMPS	GMP synthase	Purine and Pyrimidine Biosynthesis	1.0 atp_c + 1.0 nh4_c + 1.0 xmp_c = 1.0 amp_c + 1.0 gmp_c + 2.0 h_c + 1.0 ppi_c	1.0 ATP C10H12N5O13P3 + 1.0 Ammonium + 1.0 Xanthosine 5'-phosphate = 1.0 AMP C10H12N5O7P + 1.0 GMP C10H12N5O8P + 2.0 H+ + 1.0 Diphosphate	1.0 CHEBI:15422 + 1.0 CHEBI:44284 + 1.0 CHEBI:10938 = 1.0 CHEBI:13736 + 1.0 CHEBI:24449 + 2.0 CHEBI:5584 + 1.0 CHEBI:45212	{'atp', 'nh4', 'xmp', 'gmp', 'ppi', 'amp', 'h'}	guaA	P04079
CAT	Catalase	Unassigned	2.0 h2o2_c = 2.0 h2o_c + 1.0 o2_c	2.0 Hydrogen peroxide = 2.0 H2O H2O + 1.0 O2 O2	2.0 CHEBI:29192 = 2.0 CHEBI:13352 + 1.0 CHEBI:7860	{'o2', 'h2o2', 'h2o'}	katE, katG	P21179, P13029
FTHFLi	Formate-tetrahydrofolate ligase	Folate Metabolism	1.0 atp_c + 1.0 for_c + 1.0 thf_c = 1.0 10fthf_c + 1.0 adp_c + 1.0 pi_c	1.0 ATP C10H12N5O13P3 + 1.0 Formate + 1.0 5,6,7,8-Tetrahydrofolate = 1.0 10-Formyltetrahydrofolate + 1.0 ADP C10H12N5O10P2 + 1.0 Phosphate	1.0 CHEBI:15422 + 1.0 CHEBI:24081 + 1.0 CHEBI:57453 = 1.0 CHEBI:19108 + 1.0 CHEBI:2342 + 1.0 CHEBI:26078	{'for', 'atp', '10fthf', 'thf', 'adp', 'pi'}	Unknown	Unknown
EX_nac_e	Nicotinate exchange	Extracellular exchange	1.0 nac_e = 	1.0 Nicotinate = 	1.0 CHEBI:7559 = 	{'nac'}	Unknown	Unknown
UDPGD	UDPglucose 6-dehydrogenase	Cell Envelope Biosynthesis	1.0 h2o_c + 2.0 nad_c + 1.0 udpg_c = 3.0 h_c + 2.0 nadh_c + 1.0 udpglcur_c	1.0 H2O H2O + 2.0 Nicotinamide adenine dinucleotide + 1.0 UDPglucose = 3.0 H+ + 2.0 Nicotinamide adenine dinucleotide - reduced + 1.0 UDP-D-glucuronate	1.0 CHEBI:13352 + 2.0 CHEBI:7422 + 1.0 CHEBI:13505 = 3.0 CHEBI:5584 + 2.0 CHEBI:13395 + 1.0 CHEBI:46309	{'h2o', 'udpglcur', 'udpg', 'nad', 'nadh', 'h'}	ugd	P76373
SERASr	(L-seryl)adenylate synthase	Cofactor and Prosthetic Group Biosynthesis	1.0 atp_c + 1.0 h_c + 1.0 ser__L_c = 1.0 ppi_c + 1.0 seramp_c	1.0 ATP C10H12N5O13P3 + 1.0 H+ + 1.0 L-Serine = 1.0 Diphosphate + 1.0 L-seryl-AMP	1.0 CHEBI:15422 + 1.0 CHEBI:5584 + 1.0 CHEBI:32845 = 1.0 CHEBI:45212 + 1.0 CHEBI:61231	{'atp', 'ser__L', 'seramp', 'ppi', 'h'}	entF	P11454
GLCRD	Glucarate dehydratase	Alternate Carbon Metabolism	1.0 glcr_c = 1.0 5dh4dglc_c + 1.0 h2o_c	1.0 D-Glucarate = 1.0 5-Dehydro-4-deoxy-D-glucarate + 1.0 H2O H2O	1.0 CHEBI:42731 = 1.0 CHEBI:35453 + 1.0 CHEBI:13352	{'glcr', '5dh4dglc', 'h2o'}	gudX, gudD	Q46915, P0AES2
PPPNDO	Phenylpropanoate Dioxygenase	Alternate Carbon Metabolism	1.0 h_c + 1.0 nadh_c + 1.0 o2_c + 1.0 pppn_c = 1.0 cechddd_c + 1.0 nad_c	1.0 H+ + 1.0 Nicotinamide adenine dinucleotide - reduced + 1.0 O2 O2 + 1.0 Phenylpropanoate = 1.0 Cis-3-(3-carboxyethyl)-3,5-cyclohexadiene-1,2-diol + 1.0 Nicotinamide adenine dinucleotide	1.0 CHEBI:5584 + 1.0 CHEBI:13395 + 1.0 CHEBI:7860 + 1.0 CHEBI:20187 = 1.0 CHEBI:48691 + 1.0 CHEBI:7422	{'o2', 'pppn', 'cechddd', 'nad', 'nadh', 'h'}	hcaD, hcaE, hcaC, hcaF	P77650, P0ABR5, P0ABW0, Q47140
CHRPL	Chorismate pyruvate lyase	Cofactor and Prosthetic Group Biosynthesis	1.0 chor_c = 1.0 4hbz_c + 1.0 pyr_c	1.0 Chorismate = 1.0 4-Hydroxybenzoate + 1.0 Pyruvate	1.0 CHEBI:23225 = 1.0 CHEBI:20397 + 1.0 CHEBI:26462	{'pyr', '4hbz', 'chor'}	ubiC, pabC	P26602, P28305
TDPAGTA	DTDP-4-amino-4,6-dideoxy-D-glucose transaminase	Cell Envelope Biosynthesis	1.0 dtdp4d6dg_c + 1.0 glu__L_c = 1.0 akg_c + 1.0 dtdp4addg_c	1.0 DTDP-4-dehydro-6-deoxy-D-glucose + 1.0 L-Glutamate = 1.0 2-Oxoglutarate + 1.0 DTDP-4-amino-4,6-dideoxy-D-galactose	1.0 CHEBI:14081 + 1.0 CHEBI:76051 = 1.0 CHEBI:40661 + 1.0 CHEBI:23539	{'dtdp4addg', 'akg', 'glu__L', 'dtdp4d6dg'}	wecE	P27833
UACMAMO	UDP-N-acetyl-D-mannosamine oxidoreductase	Cell Envelope Biosynthesis	1.0 h2o_c + 2.0 nad_c + 1.0 uacmam_c = 3.0 h_c + 2.0 nadh_c + 1.0 uacmamu_c	1.0 H2O H2O + 2.0 Nicotinamide adenine dinucleotide + 1.0 UDP-N-acetyl-D-mannosamine = 3.0 H+ + 2.0 Nicotinamide adenine dinucleotide - reduced + 1.0 UDP-N-acetyl-D-mannosaminouronate	1.0 CHEBI:13352 + 2.0 CHEBI:7422 + 1.0 CHEBI:13474 = 3.0 CHEBI:5584 + 2.0 CHEBI:13395 + 1.0 CHEBI:70731	{'uacmam', 'uacmamu', 'h2o', 'nad', 'nadh', 'h'}	wecC	P27829
FBA3	Sedoheptulose 1,7-bisphosphate D-glyceraldehyde-3-phosphate-lyase	Pentose Phosphate Pathway	1.0 s17bp_c = 1.0 dhap_c + 1.0 e4p_c	1.0 Sedoheptulose 1,7-bisphosphate = 1.0 Dihydroxyacetone phosphate + 1.0 D-Erythrose 4-phosphate	1.0 CHEBI:17969 = 1.0 CHEBI:14341 + 1.0 CHEBI:4114	{'s17bp', 'e4p', 'dhap'}	fbaA	P0AB71
PMPK	Phosphomethylpyrimidine kinase	Cofactor and Prosthetic Group Biosynthesis	1.0 4ampm_c + 1.0 atp_c = 1.0 2mahmp_c + 1.0 adp_c	1.0 4-Amino-2-methyl-5-phosphomethylpyrimidine + 1.0 ATP C10H12N5O13P3 = 1.0 2-Methyl-4-amino-5-hydroxymethylpyrimidine diphosphate + 1.0 ADP C10H12N5O10P2	1.0 CHEBI:44219 + 1.0 CHEBI:15422 = 1.0 CHEBI:16629 + 1.0 CHEBI:2342	{'4ampm', 'atp', 'adp', '2mahmp'}	thiD	P76422
LCADi	Lactaldehyde dehydrogenase	Alternate Carbon Metabolism	1.0 h2o_c + 1.0 lald__L_c + 1.0 nad_c = 2.0 h_c + 1.0 lac__L_c + 1.0 nadh_c	1.0 H2O H2O + 1.0 L-Lactaldehyde + 1.0 Nicotinamide adenine dinucleotide = 2.0 H+ + 1.0 L-Lactate + 1.0 Nicotinamide adenine dinucleotide - reduced	1.0 CHEBI:13352 + 1.0 CHEBI:11064 + 1.0 CHEBI:7422 = 2.0 CHEBI:5584 + 1.0 CHEBI:11065 + 1.0 CHEBI:13395	{'lald__L', 'h2o', 'lac__L', 'nad', 'nadh', 'h'}	aldA	P25553
ACACT7r	Acetyl-CoA C-acyltransferase (tetradecanoyl-CoA) (r)	Membrane Lipid Metabolism	1.0 accoa_c + 1.0 tdcoa_c = 1.0 3ohdcoa_c + 1.0 coa_c	1.0 Acetyl-CoA + 1.0 Tetradecanoyl-CoA (n-C14:0CoA) = 1.0 3-Oxohexadecanoyl-CoA + 1.0 Coenzyme A	1.0 CHEBI:57288 + 1.0 CHEBI:15532 = 1.0 CHEBI:1647 + 1.0 CHEBI:41631	{'coa', '3ohdcoa', 'accoa', 'tdcoa'}	fadI, fadA	P76503, P21151
PSP_L	Phosphoserine phosphatase (L-serine)	Glycine and Serine Metabolism	1.0 h2o_c + 1.0 pser__L_c = 1.0 pi_c + 1.0 ser__L_c	1.0 H2O H2O + 1.0 O-Phospho-L-serine = 1.0 Phosphate + 1.0 L-Serine	1.0 CHEBI:13352 + 1.0 CHEBI:57524 = 1.0 CHEBI:26078 + 1.0 CHEBI:32845	{'pser__L', 'ser__L', 'pi', 'h2o'}	serB	P0AGB0
ADK3	Adentylate kinase (GTP)	Nucleotide Salvage Pathway	1.0 amp_c + 1.0 gtp_c = 1.0 adp_c + 1.0 gdp_c	1.0 AMP C10H12N5O7P + 1.0 GTP C10H12N5O14P3 = 1.0 ADP C10H12N5O10P2 + 1.0 GDP C10H12N5O11P2	1.0 CHEBI:13736 + 1.0 CHEBI:37565 = 1.0 CHEBI:2342 + 1.0 CHEBI:5212	{'gtp', 'gdp', 'amp', 'adp'}	adk	P69441
GLUDC	Glutamate Decarboxylase	Glutamate Metabolism	1.0 glu__L_c + 1.0 h_c = 1.0 4abut_c + 1.0 co2_c	1.0 L-Glutamate + 1.0 H+ = 1.0 4-Aminobutanoate + 1.0 CO2 CO2	1.0 CHEBI:76051 + 1.0 CHEBI:5584 = 1.0 CHEBI:40483 + 1.0 CHEBI:23011	{'4abut', 'glu__L', 'h', 'co2'}	gadA, gadB	P69908, P69910
ACACT2r	Acetyl-CoA C-acyltransferase (butanoyl-CoA) (r)	Membrane Lipid Metabolism	1.0 accoa_c + 1.0 btcoa_c = 1.0 3ohcoa_c + 1.0 coa_c	1.0 Acetyl-CoA + 1.0 Butanoyl-CoA = 1.0 3-Oxohexanoyl-CoA + 1.0 Coenzyme A	1.0 CHEBI:57288 + 1.0 CHEBI:57371 = 1.0 CHEBI:27648 + 1.0 CHEBI:41631	{'coa', 'btcoa', 'accoa', '3ohcoa'}	fadI, fadA	P76503, P21151
BSORy	Biotin sulfoxide reductase	Cofactor and Prosthetic Group Biosynthesis	1.0 btnso_c + 1.0 h_c + 1.0 nadph_c = 1.0 btn_c + 1.0 h2o_c + 1.0 nadp_c	1.0 D-biotin d-sulfoxide + 1.0 H+ + 1.0 Nicotinamide adenine dinucleotide phosphate - reduced = 1.0 Biotin + 1.0 H2O H2O + 1.0 Nicotinamide adenine dinucleotide phosphate	1.0 CHEBI:62046 + 1.0 CHEBI:5584 + 1.0 CHEBI:16474 = 1.0 CHEBI:13905 + 1.0 CHEBI:13352 + 1.0 CHEBI:29868	{'btn', 'nadp', 'nadph', 'h2o', 'btnso', 'h'}	bisC	P20099
DMSOR2	Dimethyl sulfoxide reductase (Demethylmenaquinol 8)	Oxidative Phosphorylation	1.0 2dmmql8_c + 1.0 dmso_c = 1.0 2dmmq8_c + 1.0 dms_c + 1.0 h2o_c	1.0 2-Demethylmenaquinol 8 + 1.0 Dimethyl sulfoxide = 1.0 2-Demethylmenaquinone 8 + 1.0 Dimethyl sulfide + 1.0 H2O H2O	1.0 CHEBI:61873 + 1.0 CHEBI:23801 = 1.0 CHEBI:48455 + 1.0 CHEBI:17437 + 1.0 CHEBI:13352	{'dms', '2dmmq8', '2dmmql8', 'h2o', 'dmso'}	dmsB, dmsC, dmsA	P18776, P18777, P18775
ADSK	Adenylyl-sulfate kinase	Cysteine Metabolism	1.0 aps_c + 1.0 atp_c = 1.0 adp_c + 1.0 h_c + 1.0 paps_c	1.0 Adenosine 5'-phosphosulfate + 1.0 ATP C10H12N5O13P3 = 1.0 ADP C10H12N5O10P2 + 1.0 H+ + 1.0 3'-Phosphoadenylyl sulfate	1.0 CHEBI:22247 + 1.0 CHEBI:15422 = 1.0 CHEBI:2342 + 1.0 CHEBI:5584 + 1.0 CHEBI:17980	{'atp', 'aps', 'adp', 'paps', 'h'}	cysC	P0A6J1
ACACT3r	Acetyl-CoA C-acyltransferase (hexanoyl-CoA) (r)	Membrane Lipid Metabolism	1.0 accoa_c + 1.0 hxcoa_c = 1.0 3oocoa_c + 1.0 coa_c	1.0 Acetyl-CoA + 1.0 Hexanoyl-CoA (n-C6:0CoA) = 1.0 3-Oxooctanoyl-CoA + 1.0 Coenzyme A	1.0 CHEBI:57288 + 1.0 Unknown = 1.0 CHEBI:20175 + 1.0 CHEBI:41631	{'coa', 'hxcoa', '3oocoa', 'accoa'}	fadI, fadA	P76503, P21151
ACACT4r	Acetyl-CoA C-acyltransferase (octanoyl-CoA) (r)	Membrane Lipid Metabolism	1.0 accoa_c + 1.0 occoa_c = 1.0 3odcoa_c + 1.0 coa_c	1.0 Acetyl-CoA + 1.0 Octanoyl-CoA (n-C8:0CoA) = 1.0 3-Oxodecanoyl-CoA + 1.0 Coenzyme A	1.0 CHEBI:57288 + 1.0 CHEBI:41542 = 1.0 CHEBI:1633 + 1.0 CHEBI:41631	{'3odcoa', 'coa', 'accoa', 'occoa'}	fadI, fadA	P76503, P21151
HSDy	Homoserine dehydrogenase (NADPH)	Threonine and Lysine Metabolism	1.0 hom__L_c + 1.0 nadp_c = 1.0 aspsa_c + 1.0 h_c + 1.0 nadph_c	1.0 L-Homoserine + 1.0 Nicotinamide adenine dinucleotide phosphate = 1.0 L-Aspartate 4-semialdehyde + 1.0 H+ + 1.0 Nicotinamide adenine dinucleotide phosphate - reduced	1.0 CHEBI:57476 + 1.0 CHEBI:29868 = 1.0 CHEBI:40847 + 1.0 CHEBI:5584 + 1.0 CHEBI:16474	{'aspsa', 'nadp', 'nadph', 'hom__L', 'h'}	metL, thrA	P00562, P00561
CYSTL	Cystathionine b-lyase	Methionine Metabolism	1.0 cyst__L_c + 1.0 h2o_c = 1.0 hcys__L_c + 1.0 nh4_c + 1.0 pyr_c	1.0 L-Cystathionine + 1.0 H2O H2O = 1.0 L-Homocysteine + 1.0 Ammonium + 1.0 Pyruvate	1.0 CHEBI:13093 + 1.0 CHEBI:13352 = 1.0 CHEBI:43117 + 1.0 CHEBI:44284 + 1.0 CHEBI:26462	{'nh4', 'h2o', 'pyr', 'cyst__L', 'hcys__L'}	metC, malY	P06721, P23256
ACMAMUT	UDP-N-acetyl-D-mannosaminuronic acid transferase	Cell Envelope Biosynthesis	1.0 uacmamu_c + 1.0 unaga_c = 1.0 h_c + 1.0 udp_c + 1.0 unagamu_c	1.0 UDP-N-acetyl-D-mannosaminouronate + 1.0 Undecaprenyl diphospho N-acetyl-glucosamine = 1.0 H+ + 1.0 UDP C9H11N2O12P2 + 1.0 Undecaprenyl-diphospho-N-acetylglucosamine-N-acetylmannosaminuronate	1.0 CHEBI:70731 + 1.0 CHEBI:62958 = 1.0 CHEBI:5584 + 1.0 CHEBI:13445 + 1.0 CHEBI:62960	{'uacmamu', 'unagamu', 'unaga', 'udp', 'h'}	wecG	P27836
SHSL1	O-succinylhomoserine lyase (L-cysteine)	Methionine Metabolism	1.0 cys__L_c + 1.0 suchms_c = 1.0 cyst__L_c + 1.0 h_c + 1.0 succ_c	1.0 L-Cysteine + 1.0 O-Succinyl-L-homoserine = 1.0 L-Cystathionine + 1.0 H+ + 1.0 Succinate	1.0 CHEBI:32457 + 1.0 CHEBI:16160 = 1.0 CHEBI:13093 + 1.0 CHEBI:5584 + 1.0 CHEBI:22941	{'h', 'succ', 'cys__L', 'cyst__L', 'suchms'}	metB	P00935
SSALy	Succinate-semialdehyde dehydrogenase (NADP)	Arginine and Proline Metabolism	1.0 h2o_c + 1.0 nadp_c + 1.0 sucsal_c = 2.0 h_c + 1.0 nadph_c + 1.0 succ_c	1.0 H2O H2O + 1.0 Nicotinamide adenine dinucleotide phosphate + 1.0 Succinic semialdehyde = 2.0 H+ + 1.0 Nicotinamide adenine dinucleotide phosphate - reduced + 1.0 Succinate	1.0 CHEBI:13352 + 1.0 CHEBI:29868 + 1.0 CHEBI:26805 = 2.0 CHEBI:5584 + 1.0 CHEBI:16474 + 1.0 CHEBI:22941	{'sucsal', 'succ', 'nadp', 'nadph', 'h2o', 'h'}	sad, gabD	P76149, P25526
EX_dad_2_e	Deoxyadenosine exchange	Extracellular exchange	1.0 dad_2_e = 	1.0 Deoxyadenosine = 	1.0 CHEBI:19234 = 	{'dad_2'}	Unknown	Unknown
EX_ser__D_e	D-Serine exchange	Extracellular exchange	1.0 ser__D_e = 	1.0 D-Serine = 	1.0 CHEBI:35247 = 	{'ser__D'}	Unknown	Unknown
DDGALK	2-dehydro-3-deoxygalactonokinase	Alternate Carbon Metabolism	1.0 2dh3dgal_c + 1.0 atp_c = 1.0 2dh3dgal6p_c + 1.0 adp_c + 1.0 h_c	1.0 2-Dehydro-3-deoxy-D-galactonate + 1.0 ATP C10H12N5O13P3 = 1.0 2-Dehydro-3-deoxy-D-galactonate 6-phosphate + 1.0 ADP C10H12N5O10P2 + 1.0 H+	1.0 CHEBI:1056 + 1.0 CHEBI:15422 = 1.0 CHEBI:11548 + 1.0 CHEBI:2342 + 1.0 CHEBI:5584	{'atp', '2dh3dgal', 'adp', '2dh3dgal6p', 'h'}	dgoK	P31459
EX_gam6p_e	D-Glucosamine 6-phosphate exchange	Extracellular exchange	1.0 gam6p_e = 	1.0 D-Glucosamine 6-phosphate = 	1.0 CHEBI:12962 = 	{'gam6p'}	Unknown	Unknown
EX_15dap_e	1,5-Diaminopentane exchange	Extracellular exchange	1.0 15dap_e = 	1.0 1,5-Diaminopentane = 	1.0 CHEBI:58384 = 	{'15dap'}	Unknown	Unknown
AB6PGH	Arbutin 6-phosphate glucohydrolase	Alternate Carbon Metabolism	1.0 arbt6p_c + 1.0 h2o_c = 1.0 g6p_c + 1.0 hqn_c	1.0 Arbutin 6-phosphate + 1.0 H2O H2O = 1.0 D-Glucose 6-phosphate + 1.0 Hydroquinone	1.0 CHEBI:2807 + 1.0 CHEBI:13352 = 1.0 CHEBI:61548 + 1.0 CHEBI:17594	{'g6p', 'arbt6p', 'hqn', 'h2o'}	bglA, bglB, ascB	Q46829, P11988, P24240
EX_ocdcea_e	Octadecenoate (n-C18:1) exchange	Extracellular exchange	1.0 ocdcea_e = 	1.0 Octadecenoate (n-C18:1) = 	1.0 CHEBI:30823 = 	{'ocdcea'}	Unknown	Unknown
EX_cynt_e	Cyanate exchange	Extracellular exchange	1.0 cynt_e = 	1.0 Cyanate = 	1.0 CHEBI:29202 = 	{'cynt'}	Unknown	Unknown
EX_galctn__D_e	D-Galactonate exchange	Extracellular exchange	1.0 galctn__D_e = 	1.0 D-Galactonate = 	1.0 CHEBI:12931 = 	{'galctn__D'}	Unknown	Unknown
AMALT1	Amylomaltase (maltotriose)	Alternate Carbon Metabolism	1.0 malt_c + 1.0 malttr_c = 1.0 glc__D_c + 1.0 maltttr_c	1.0 Maltose C12H22O11 + 1.0 Maltotriose C18H32O16 = 1.0 D-Glucose + 1.0 Maltotetraose	1.0 CHEBI:6668 + 1.0 CHEBI:61993 = 1.0 CHEBI:12965 + 1.0 CHEBI:6671	{'maltttr', 'malttr', 'glc__D', 'malt'}	malQ	P15977
EX_glyb_e	Glycine betaine exchange	Extracellular exchange	1.0 glyb_e = 	1.0 Glycine betaine = 	1.0 CHEBI:27128 = 	{'glyb'}	Unknown	Unknown
AHGDx	(S)-alpha-hydroxyglutarate dehydrogenase	Glycine and Serine Metabolism	1.0 S2hglut_c + 1.0 nad_c = 1.0 akg_c + 1.0 h_c + 1.0 nadh_c	1.0 (S)-2-Hydroxyglutarate + 1.0 Nicotinamide adenine dinucleotide = 1.0 2-Oxoglutarate + 1.0 H+ + 1.0 Nicotinamide adenine dinucleotide - reduced	1.0 CHEBI:11036 + 1.0 CHEBI:7422 = 1.0 CHEBI:40661 + 1.0 CHEBI:5584 + 1.0 CHEBI:13395	{'S2hglut', 'nad', 'akg', 'nadh', 'h'}	serA	P0A9T0
MLTP2	Maltodextrin phosphorylase (maltohexaose)	Alternate Carbon Metabolism	1.0 malthx_c + 1.0 pi_c = 1.0 g1p_c + 1.0 maltpt_c	1.0 Maltohexaose + 1.0 Phosphate = 1.0 D-Glucose 1-phosphate + 1.0 Maltopentaose	1.0 CHEBI:61953 + 1.0 CHEBI:26078 = 1.0 CHEBI:10246 + 1.0 CHEBI:61952	{'malthx', 'pi', 'g1p', 'maltpt'}	malP	P00490
3HCINNMH	3-hydroxycinnamate hydroxylase	Alternate Carbon Metabolism	1.0 3hcinnm_c + 1.0 h_c + 1.0 nadh_c + 1.0 o2_c = 1.0 dhcinnm_c + 1.0 h2o_c + 1.0 nad_c	1.0 3-hydroxycinnamic acid + 1.0 H+ + 1.0 Nicotinamide adenine dinucleotide - reduced + 1.0 O2 O2 = 1.0 2,3-dihydroxicinnamic acid + 1.0 H2O H2O + 1.0 Nicotinamide adenine dinucleotide	1.0 CHEBI:47925 + 1.0 CHEBI:5584 + 1.0 CHEBI:13395 + 1.0 CHEBI:7860 = 1.0 CHEBI:58642 + 1.0 CHEBI:13352 + 1.0 CHEBI:7422	{'dhcinnm', 'h2o', 'o2', 'nad', '3hcinnm', 'nadh', 'h'}	mhpA	P77397
BSORx	Biotin sulfoxide reductase	Cofactor and Prosthetic Group Biosynthesis	1.0 btnso_c + 1.0 h_c + 1.0 nadh_c = 1.0 btn_c + 1.0 h2o_c + 1.0 nad_c	1.0 D-biotin d-sulfoxide + 1.0 H+ + 1.0 Nicotinamide adenine dinucleotide - reduced = 1.0 Biotin + 1.0 H2O H2O + 1.0 Nicotinamide adenine dinucleotide	1.0 CHEBI:62046 + 1.0 CHEBI:5584 + 1.0 CHEBI:13395 = 1.0 CHEBI:13905 + 1.0 CHEBI:13352 + 1.0 CHEBI:7422	{'btn', 'h2o', 'btnso', 'nad', 'nadh', 'h'}	bisC	P20099
PACCOAL	Phenylacetate-CoA ligase	Alternate Carbon Metabolism	1.0 atp_c + 1.0 coa_c + 1.0 pac_c = 1.0 amp_c + 1.0 phaccoa_c + 1.0 ppi_c	1.0 ATP C10H12N5O13P3 + 1.0 Coenzyme A + 1.0 Phenylacetic acid = 1.0 AMP C10H12N5O7P + 1.0 Phenylacetyl-CoA + 1.0 Diphosphate	1.0 CHEBI:15422 + 1.0 CHEBI:41631 + 1.0 CHEBI:25977 = 1.0 CHEBI:13736 + 1.0 CHEBI:25980 + 1.0 CHEBI:45212	{'atp', 'pac', 'coa', 'ppi', 'phaccoa', 'amp'}	paaK	P76085
EX_ca2_e	Calcium exchange	Extracellular exchange	1.0 ca2_e = 	1.0 Calcium = 	1.0 CHEBI:29108 = 	{'ca2'}	Unknown	Unknown
EX_so3_e	Sulfite exchange	Extracellular exchange	1.0 so3_e = 	1.0 Sulfite = 	1.0 CHEBI:15139 = 	{'so3'}	Unknown	Unknown
GP4GH	Gp4G hydrolase	Nucleotide Salvage Pathway	1.0 gp4g_c + 1.0 h2o_c = 2.0 gdp_c + 2.0 h_c	1.0 P1,P4-Bis(5'-guanosyl) tetraphosphate + 1.0 H2O H2O = 2.0 GDP C10H12N5O11P2 + 2.0 H+	1.0 CHEBI:21999 + 1.0 CHEBI:13352 = 2.0 CHEBI:5212 + 2.0 CHEBI:5584	{'h', 'gp4g', 'gdp', 'h2o'}	apaH	P05637
ACGAMT	UDP-N-acetylglucosamine:undecaprenylphosphate N-acetylglucosamine -1-phosphate transferase	Cell Envelope Biosynthesis	1.0 uacgam_c + 1.0 udcpp_c = 1.0 ump_c + 1.0 unaga_c	1.0 UDP-N-acetyl-D-glucosamine + 1.0 Undecaprenyl phosphate = 1.0 UMP C9H11N2O9P + 1.0 Undecaprenyl diphospho N-acetyl-glucosamine	1.0 CHEBI:13473 + 1.0 CHEBI:15286 = 1.0 CHEBI:47721 + 1.0 CHEBI:62958	{'udcpp', 'ump', 'uacgam', 'unaga'}	wecA	P0AC78
EX_ascb__L_e	L-Ascorbate exchange	Extracellular exchange	1.0 ascb__L_e = 	1.0 L-Ascorbate = 	1.0 CHEBI:29073 = 	{'ascb__L'}	Unknown	Unknown
EX_ala_B_e	Beta-Alanine exchange	Extracellular exchange	1.0 ala_B_e = 	1.0 Beta-Alanine = 	1.0 CHEBI:12389 = 	{'ala_B'}	Unknown	Unknown
EX_agm_e	Agmatine exchange	Extracellular exchange	1.0 agm_e = 	1.0 Agmatine = 	1.0 CHEBI:17431 = 	{'agm'}	Unknown	Unknown
EX_minohp_e	Myo-Inositol hexakisphosphate exchange	Extracellular exchange	1.0 minohp_e = 	1.0 Myo-Inositol hexakisphosphate = 	1.0 CHEBI:19200 = 	{'minohp'}	Unknown	Unknown
EX_ppt_e	Phosphonate exchange	Extracellular exchange	1.0 ppt_e = 	1.0 Phosphonate = 	1.0 CHEBI:29196 = 	{'ppt'}	Unknown	Unknown
EX_hxa_e	Hexanoate (n-C6:0) exchange	Extracellular exchange	1.0 hxa_e = 	1.0 Hexanoate (n-C6:0) = 	1.0 CHEBI:14398 = 	{'hxa'}	Unknown	Unknown
AADDGT	DTDP-N-4-acetamido-4,6-dideoxy-D-galactose transferase	Cell Envelope Biosynthesis	1.0 dtdp4aaddg_c + 1.0 unagamu_c = 1.0 dtdp_c + 1.0 h_c + 1.0 unagamuf_c	1.0 DTDP-4-acetamido-4,6-dideoxy-D-galactose + 1.0 Undecaprenyl-diphospho-N-acetylglucosamine-N-acetylmannosaminuronate = 1.0 DTDP C10H13N2O11P2 + 1.0 H+ + 1.0 Undecaprenyl-diphospho N-acetylglucosamine-N-acetylmannosaminuronate-N-acetamido-4,6-dideoxy-D-galactose	1.0 CHEBI:68493 + 1.0 CHEBI:62960 = 1.0 CHEBI:58369 + 1.0 CHEBI:5584 + 1.0 Unknown	{'unagamuf', 'dtdp4aaddg', 'unagamu', 'dtdp', 'h'}	wecF	P56258
FACOAL160t2pp	Fatty-acid-CoA ligase (hexadecanoate transport via vectoral Co-A coupling)	Cell Envelope Biosynthesis	1.0 atp_c + 1.0 coa_c + 1.0 h_p + 1.0 hdca_p = 1.0 amp_c + 1.0 h_c + 1.0 pmtcoa_c + 1.0 ppi_c	1.0 ATP C10H12N5O13P3 + 1.0 Coenzyme A + 1.0 H+ + 1.0 Hexadecanoate (n-C16:0) = 1.0 AMP C10H12N5O7P + 1.0 H+ + 1.0 Palmitoyl-CoA (n-C16:0CoA) + 1.0 Diphosphate	1.0 CHEBI:15422 + 1.0 CHEBI:41631 + 1.0 CHEBI:5584 + 1.0 CHEBI:7896 = 1.0 CHEBI:13736 + 1.0 CHEBI:5584 + 1.0 CHEBI:14397 + 1.0 CHEBI:45212	{'atp', 'hdca', 'coa', 'ppi', 'pmtcoa', 'amp', 'h'}	fadK, fadD	P38135, P69451
FACOAL180t2pp	Fatty-acid-CoA ligase (octadecanoate transport via vectoral Co-A coupling)	Cell Envelope Biosynthesis	1.0 atp_c + 1.0 coa_c + 1.0 h_p + 1.0 ocdca_p = 1.0 amp_c + 1.0 h_c + 1.0 ppi_c + 1.0 stcoa_c	1.0 ATP C10H12N5O13P3 + 1.0 Coenzyme A + 1.0 H+ + 1.0 Octadecanoate (n-C18:0) = 1.0 AMP C10H12N5O7P + 1.0 H+ + 1.0 Diphosphate + 1.0 Stearoyl-CoA (n-C18:0CoA)	1.0 CHEBI:15422 + 1.0 CHEBI:41631 + 1.0 CHEBI:5584 + 1.0 CHEBI:25631 = 1.0 CHEBI:13736 + 1.0 CHEBI:5584 + 1.0 CHEBI:45212 + 1.0 CHEBI:15107	{'atp', 'coa', 'ppi', 'stcoa', 'amp', 'ocdca', 'h'}	fadK, fadD	P38135, P69451
SPODMpp	Superoxide dismutase	Unassigned	2.0 h_p + 2.0 o2s_p = 1.0 h2o2_p + 1.0 o2_p	2.0 H+ + 2.0 Superoxide anion = 1.0 Hydrogen peroxide + 1.0 O2 O2	2.0 CHEBI:5584 + 2.0 CHEBI:25935 = 1.0 CHEBI:29192 + 1.0 CHEBI:7860	{'o2', 'o2s', 'h2o2', 'h'}	sodC	P0AGD1
EX_lyx__L_e	L-Lyxose exchange	Extracellular exchange	1.0 lyx__L_e = 	1.0 L-Lyxose = 	1.0 CHEBI:62321 = 	{'lyx__L'}	Unknown	Unknown
EX_acmum_e	N-Acetylmuramate exchange	Extracellular exchange	1.0 acmum_e = 	1.0 N-Acetylmuramate = 	1.0 CHEBI:47978 = 	{'acmum'}	Unknown	Unknown
EX_dca_e	Decanoate (n-C10:0) exchange	Extracellular exchange	1.0 dca_e = 	1.0 Decanoate (n-C10:0) = 	1.0 Unknown = 	{'dca'}	Unknown	Unknown
EX_all__D_e	D-Allose exchange	Extracellular exchange	1.0 all__D_e = 	1.0 D-Allose = 	1.0 CHEBI:4093 = 	{'all__D'}	Unknown	Unknown
NO3R1bpp	Nitrate reductase (Ubiquinol-8)	Nitrogen Metabolism	1.0 no3_p + 1.0 q8h2_c = 1.0 h2o_p + 1.0 no2_p + 1.0 q8_c	1.0 Nitrate + 1.0 Ubiquinol-8 = 1.0 H2O H2O + 1.0 Nitrite + 1.0 Ubiquinone-8	1.0 CHEBI:44487 + 1.0 CHEBI:61682 = 1.0 CHEBI:13352 + 1.0 CHEBI:16301 + 1.0 CHEBI:61683	{'q8', 'h2o', 'q8h2', 'no3', 'no2'}	napG, napC, napH, napA, napB	P0AAL3, P0ABL5, P33934, P33937, P0ABL3
EX_octa_e	Octanoate (n-C8:0) exchange	Extracellular exchange	1.0 octa_e = 	1.0 Octanoate (n-C8:0) = 	1.0 CHEBI:25648 = 	{'octa'}	Unknown	Unknown
PHYTSpp	Phytase (periplasm)	Alternate Carbon Metabolism	6.0 h2o_p + 1.0 minohp_p = 1.0 inost_p + 6.0 pi_p	6.0 H2O H2O + 1.0 Myo-Inositol hexakisphosphate = 1.0 Myo-Inositol + 6.0 Phosphate	6.0 CHEBI:13352 + 1.0 CHEBI:19200 = 1.0 CHEBI:4200 + 6.0 CHEBI:26078	{'pi', 'minohp', 'inost', 'h2o'}	appA	P07102
EX_gbbtn_e	Gamma-butyrobetaine exchange	Extracellular exchange	1.0 gbbtn_e = 	1.0 Gamma-butyrobetaine = 	1.0 CHEBI:1941 = 	{'gbbtn'}	Unknown	Unknown
PPTHpp	Phosphonate hydrogenase (periplasm)	Unassigned	1.0 h2o_p + 1.0 ppt_p = 1.0 h2_p + 1.0 pi_p	1.0 H2O H2O + 1.0 Phosphonate = 1.0 Hydrogen + 1.0 Phosphate	1.0 CHEBI:13352 + 1.0 CHEBI:29196 = 1.0 CHEBI:18276 + 1.0 CHEBI:26078	{'ppt', 'pi', 'h2', 'h2o'}	phoA	P00634
NO3R2pp	Nitrate reductase (Menaquinol-8) (periplasm)	Oxidative Phosphorylation	2.0 h_c + 1.0 mql8_c + 1.0 no3_c = 1.0 h2o_c + 2.0 h_p + 1.0 mqn8_c + 1.0 no2_c	2.0 H+ + 1.0 Menaquinol 8 + 1.0 Nitrate = 1.0 H2O H2O + 2.0 H+ + 1.0 Menaquinone 8 + 1.0 Nitrite	2.0 CHEBI:5584 + 1.0 CHEBI:61684 + 1.0 CHEBI:44487 = 1.0 CHEBI:13352 + 2.0 CHEBI:5584 + 1.0 CHEBI:44027 + 1.0 CHEBI:16301	{'mqn8', 'h2o', 'mql8', 'no3', 'no2', 'h'}	narY, narZ, narW, narV, narG, narI, narJ, narH	P19318, P19319, P19317, P0AF32, P09152, P11350, P0AF26, P11349
EX_xylu__L_e	L-Xylulose exchange	Extracellular exchange	1.0 xylu__L_e = 	1.0 L-Xylulose = 	1.0 CHEBI:13190 = 	{'xylu__L'}	Unknown	Unknown
EX_gdp_e	GDP exchange	Extracellular exchange	1.0 gdp_e = 	1.0 GDP C10H12N5O11P2 = 	1.0 CHEBI:5212 = 	{'gdp'}	Unknown	Unknown
EX_gtp_e	GTP exchange	Extracellular exchange	1.0 gtp_e = 	1.0 GTP C10H12N5O14P3 = 	1.0 CHEBI:37565 = 	{'gtp'}	Unknown	Unknown
NTP3pp	Nucleoside-triphosphatase (GTP) (periplasm)	Nucleotide Salvage Pathway	1.0 gtp_p + 1.0 h2o_p = 1.0 gdp_p + 1.0 h_p + 1.0 pi_p	1.0 GTP C10H12N5O14P3 + 1.0 H2O H2O = 1.0 GDP C10H12N5O11P2 + 1.0 H+ + 1.0 Phosphate	1.0 CHEBI:37565 + 1.0 CHEBI:13352 = 1.0 CHEBI:5212 + 1.0 CHEBI:5584 + 1.0 CHEBI:26078	{'gdp', 'h2o', 'gtp', 'pi', 'h'}	appA	P07102
NO3R2bpp	Nitrate reductase (Menaquinol-8) (periplasm)	Nitrogen Metabolism	1.0 mql8_c + 1.0 no3_p = 1.0 h2o_p + 1.0 mqn8_c + 1.0 no2_p	1.0 Menaquinol 8 + 1.0 Nitrate = 1.0 H2O H2O + 1.0 Menaquinone 8 + 1.0 Nitrite	1.0 CHEBI:61684 + 1.0 CHEBI:44487 = 1.0 CHEBI:13352 + 1.0 CHEBI:44027 + 1.0 CHEBI:16301	{'mqn8', 'h2o', 'mql8', 'no3', 'no2'}	napA, napB, napC	P33937, P0ABL3, P0ABL5
THD2pp	NAD(P) transhydrogenase (periplasm)	Oxidative Phosphorylation	2.0 h_p + 1.0 nadh_c + 1.0 nadp_c = 2.0 h_c + 1.0 nad_c + 1.0 nadph_c	2.0 H+ + 1.0 Nicotinamide adenine dinucleotide - reduced + 1.0 Nicotinamide adenine dinucleotide phosphate = 2.0 H+ + 1.0 Nicotinamide adenine dinucleotide + 1.0 Nicotinamide adenine dinucleotide phosphate - reduced	2.0 CHEBI:5584 + 1.0 CHEBI:13395 + 1.0 CHEBI:29868 = 2.0 CHEBI:5584 + 1.0 CHEBI:7422 + 1.0 CHEBI:16474	{'nadp', 'nadph', 'nad', 'nadh', 'h'}	pntB, pntA	P0AB67, P07001
TMAOR1pp	Trimethylamine N-oxide reductase (menaquinol 8) (periplasm)	Oxidative Phosphorylation	1.0 h_p + 1.0 mql8_c + 1.0 tmao_p = 1.0 h2o_p + 1.0 mqn8_c + 1.0 tma_p	1.0 H+ + 1.0 Menaquinol 8 + 1.0 Trimethylamine N-oxide = 1.0 H2O H2O + 1.0 Menaquinone 8 + 1.0 Trimethylamine	1.0 CHEBI:5584 + 1.0 CHEBI:61684 + 1.0 CHEBI:15724 = 1.0 CHEBI:13352 + 1.0 CHEBI:44027 + 1.0 CHEBI:9732	{'mqn8', 'tmao', 'h2o', 'mql8', 'tma', 'h'}	torA, torC, torZ, torY	P33225, P33226, P46923, P52005
TMAOR2pp	Trimethylamine N-oxide reductase (demethylmenaquinol 8) (periplasm)	Oxidative Phosphorylation	1.0 2dmmql8_c + 1.0 h_p + 1.0 tmao_p = 1.0 2dmmq8_c + 1.0 h2o_p + 1.0 tma_p	1.0 2-Demethylmenaquinol 8 + 1.0 H+ + 1.0 Trimethylamine N-oxide = 1.0 2-Demethylmenaquinone 8 + 1.0 H2O H2O + 1.0 Trimethylamine	1.0 CHEBI:61873 + 1.0 CHEBI:5584 + 1.0 CHEBI:15724 = 1.0 CHEBI:48455 + 1.0 CHEBI:13352 + 1.0 CHEBI:9732	{'tmao', '2dmmq8', '2dmmql8', 'h2o', 'tma', 'h'}	torA, torC, torZ, torY	P33225, P33226, P46923, P52005
EX_tma_e	Trimethylamine exchange	Extracellular exchange	1.0 tma_e = 	1.0 Trimethylamine = 	1.0 CHEBI:9732 = 	{'tma'}	Unknown	Unknown
GMHEPK	D-glycero-D-manno-heptose 7-phosphate kinase	Lipopolysaccharide Biosynthesis / Recycling	1.0 atp_c + 1.0 gmhep7p_c = 1.0 adp_c + 1.0 gmhep17bp_c + 1.0 h_c	1.0 ATP C10H12N5O13P3 + 1.0 D-Glycero-D-manno-heptose 7-phosphate = 1.0 ADP C10H12N5O10P2 + 1.0 D-Glycero-D-manno-heptose 1,7-bisphosphate + 1.0 H+	1.0 CHEBI:15422 + 1.0 CHEBI:28723 = 1.0 CHEBI:2342 + 1.0 CHEBI:59957 + 1.0 CHEBI:5584	{'atp', 'gmhep17bp', 'adp', 'gmhep7p', 'h'}	hldE	P76658
GTPCI	GTP cyclohydrolase I	Cofactor and Prosthetic Group Biosynthesis	1.0 gtp_c + 1.0 h2o_c = 1.0 ahdt_c + 1.0 for_c + 1.0 h_c	1.0 GTP C10H12N5O14P3 + 1.0 H2O H2O = 1.0 2-Amino-4-hydroxy-6-(erythro-1,2,3-trihydroxypropyl)dihydropteridine triphosphate + 1.0 Formate + 1.0 H+	1.0 CHEBI:37565 + 1.0 CHEBI:13352 = 1.0 CHEBI:19455 + 1.0 CHEBI:24081 + 1.0 CHEBI:5584	{'for', 'h2o', 'gtp', 'ahdt', 'h'}	folE	P0A6T5
EX_fruur_e	D-Fructuronate exchange	Extracellular exchange	1.0 fruur_e = 	1.0 D-Fructuronate = 	1.0 CHEBI:47950 = 	{'fruur'}	Unknown	Unknown
EX_malttr_e	Maltotriose exchange	Extracellular exchange	1.0 malttr_e = 	1.0 Maltotriose C18H32O16 = 	1.0 CHEBI:61993 = 	{'malttr'}	Unknown	Unknown
EX_cbi_e	Cobinamide exchange	Extracellular exchange	1.0 cbi_e = 	1.0 Cobinamide = 	1.0 CHEBI:48529 = 	{'cbi'}	Unknown	Unknown
CHOLD	Choline dehydrogenase	Unassigned	1.0 chol_c + 1.0 nad_c = 1.0 betald_c + 1.0 h_c + 1.0 nadh_c	1.0 Choline C5H14NO + 1.0 Nicotinamide adenine dinucleotide = 1.0 Betaine aldehyde + 1.0 H+ + 1.0 Nicotinamide adenine dinucleotide - reduced	1.0 CHEBI:41524 + 1.0 CHEBI:7422 = 1.0 CHEBI:22859 + 1.0 CHEBI:5584 + 1.0 CHEBI:13395	{'betald', 'chol', 'nad', 'nadh', 'h'}	betA	P17444
TRE6PS	Alpha,alpha-trehalose-phosphate synthase (UDP-forming)	Alternate Carbon Metabolism	1.0 g6p_c + 1.0 udpg_c = 1.0 h_c + 1.0 tre6p_c + 1.0 udp_c	1.0 D-Glucose 6-phosphate + 1.0 UDPglucose = 1.0 H+ + 1.0 Alpha,alpha'-Trehalose 6-phosphate + 1.0 UDP C9H11N2O12P2	1.0 CHEBI:61548 + 1.0 CHEBI:13505 = 1.0 CHEBI:5584 + 1.0 CHEBI:12285 + 1.0 CHEBI:13445	{'udpg', 'udp', 'tre6p', 'g6p', 'h'}	otsA	P31677
DRPA	Deoxyribose-phosphate aldolase	Alternate Carbon Metabolism	1.0 2dr5p_c = 1.0 acald_c + 1.0 g3p_c	1.0 2-Deoxy-D-ribose 5-phosphate = 1.0 Acetaldehyde + 1.0 Glyceraldehyde 3-phosphate	1.0 CHEBI:40516 = 1.0 CHEBI:40533 + 1.0 CHEBI:5446	{'acald', '2dr5p', 'g3p'}	deoC	P0A6L0
TKT2	Transketolase	Pentose Phosphate Pathway	1.0 e4p_c + 1.0 xu5p__D_c = 1.0 f6p_c + 1.0 g3p_c	1.0 D-Erythrose 4-phosphate + 1.0 D-Xylulose 5-phosphate = 1.0 D-Fructose 6-phosphate + 1.0 Glyceraldehyde 3-phosphate	1.0 CHEBI:4114 + 1.0 CHEBI:13036 = 1.0 CHEBI:16084 + 1.0 CHEBI:5446	{'g3p', 'xu5p__D', 'f6p', 'e4p'}	tktA, tktB	P27302, P33570
EX_arbtn_fe3_e	Aerobactin exchange	Extracellular exchange	1.0 arbtn_fe3_e = 	1.0 Aerobactin = 	1.0 CHEBI:18157 = 	{'arbtn_fe3'}	Unknown	Unknown
UDCPDP	Undecaprenyl-diphosphatase	Cell Envelope Biosynthesis	1.0 h2o_c + 1.0 udcpdp_c = 1.0 h_c + 1.0 pi_c + 1.0 udcpp_c	1.0 H2O H2O + 1.0 Undecaprenyl diphosphate = 1.0 H+ + 1.0 Phosphate + 1.0 Undecaprenyl phosphate	1.0 CHEBI:13352 + 1.0 CHEBI:27192 = 1.0 CHEBI:5584 + 1.0 CHEBI:26078 + 1.0 CHEBI:15286	{'h', 'h2o', 'pi', 'udcpp', 'udcpdp'}	ybjG, pgpB, bacA	P75806, P0A924, P60932
EX_cpgn_e	Coprogen exchange	Extracellular exchange	1.0 cpgn_e = 	1.0 Coprogen = 	1.0 CHEBI:83101 = 	{'cpgn'}	Unknown	Unknown
EX_ch4_e	EX ch4 LPAREN e RPAREN 	Extracellular exchange	1.0 ch4_e = 	1.0 Methane = 	1.0 CHEBI:25220 = 	{'ch4'}	Unknown	Unknown
EX_adocbl_e	Adenosylcobalamin exchange	Extracellular exchange	1.0 adocbl_e = 	1.0 Adenosylcobalamin = 	1.0 Unknown = 	{'adocbl'}	Unknown	Unknown
TREH	Alpha,alpha-trehalase	Alternate Carbon Metabolism	1.0 h2o_c + 1.0 tre_c = 2.0 glc__D_c	1.0 H2O H2O + 1.0 Trehalose = 2.0 D-Glucose	1.0 CHEBI:13352 + 1.0 CHEBI:46211 = 2.0 CHEBI:12965	{'glc__D', 'tre', 'h2o'}	treF	P62601
ATPS4rpp	ATP synthase (four protons for one ATP) (periplasm)	Oxidative Phosphorylation	1.0 adp_c + 4.0 h_p + 1.0 pi_c = 1.0 atp_c + 1.0 h2o_c + 3.0 h_c	1.0 ADP C10H12N5O10P2 + 4.0 H+ + 1.0 Phosphate = 1.0 ATP C10H12N5O13P3 + 1.0 H2O H2O + 3.0 H+	1.0 CHEBI:2342 + 4.0 CHEBI:5584 + 1.0 CHEBI:26078 = 1.0 CHEBI:15422 + 1.0 CHEBI:13352 + 3.0 CHEBI:5584	{'atp', 'adp', 'h2o', 'pi', 'h'}	atpI, atpC, atpG, atpH, atpA, atpD, atpB, atpF, atpE, atpC, atpG, atpH, atpA, atpD, atpB, atpF, atpE	P0ABC0, P0A6E6, P0ABA6, P0ABA4, P0ABB0, P0ABB4, P0AB98, P0ABA0, P68699
CYTK1	Cytidylate kinase (CMP)	Nucleotide Salvage Pathway	1.0 atp_c + 1.0 cmp_c = 1.0 adp_c + 1.0 cdp_c	1.0 ATP C10H12N5O13P3 + 1.0 CMP C9H12N3O8P = 1.0 ADP C10H12N5O10P2 + 1.0 CDP C9H12N3O11P2	1.0 CHEBI:15422 + 1.0 CHEBI:60377 = 1.0 CHEBI:2342 + 1.0 CHEBI:41451	{'cmp', 'atp', 'cdp', 'adp'}	cmk	P0A6I0
DMSOR1pp	Dimethyl sulfoxide reductase (Menaquinol 8) (periplasm)	Oxidative Phosphorylation	1.0 dmso_p + 1.0 mql8_c = 1.0 dms_p + 1.0 h2o_p + 1.0 mqn8_c	1.0 Dimethyl sulfoxide + 1.0 Menaquinol 8 = 1.0 Dimethyl sulfide + 1.0 H2O H2O + 1.0 Menaquinone 8	1.0 CHEBI:23801 + 1.0 CHEBI:61684 = 1.0 CHEBI:17437 + 1.0 CHEBI:13352 + 1.0 CHEBI:44027	{'mqn8', 'dms', 'h2o', 'dmso', 'mql8'}	torZ, torY	P46923, P52005
CYTK2	Cytidylate kinase (dCMP)	Nucleotide Salvage Pathway	1.0 atp_c + 1.0 dcmp_c = 1.0 adp_c + 1.0 dcdp_c	1.0 ATP C10H12N5O13P3 + 1.0 DCMP C9H12N3O7P = 1.0 ADP C10H12N5O10P2 + 1.0 DCDP C9H12N3O10P2	1.0 CHEBI:15422 + 1.0 CHEBI:15918 = 1.0 CHEBI:2342 + 1.0 CHEBI:19241	{'dcdp', 'atp', 'dcmp', 'adp'}	cmk	P0A6I0
ECOAH8	3-hydroxyacyl-CoA dehydratase (3-hydroxyoctadecanoyl-CoA)	Membrane Lipid Metabolism	1.0 3hodcoa_c = 1.0 h2o_c + 1.0 od2coa_c	1.0 (S)-3-Hydroxyoctadecanoyl-CoA = 1.0 H2O H2O + 1.0 Trans-Octadec-2-enoyl-CoA	1.0 CHEBI:87561 = 1.0 CHEBI:13352 + 1.0 CHEBI:50570	{'3hodcoa', 'od2coa', 'h2o'}	fadJ, fadB	P77399, P21177
GLCDpp	Glucose dehydrogenase (ubiquinone-8 as acceptor) (periplasm)	Oxidative Phosphorylation	1.0 glc__D_p + 1.0 h2o_p + 1.0 q8_c = 1.0 glcn_p + 1.0 h_p + 1.0 q8h2_c	1.0 D-Glucose + 1.0 H2O H2O + 1.0 Ubiquinone-8 = 1.0 D-Gluconate + 1.0 H+ + 1.0 Ubiquinol-8	1.0 CHEBI:12965 + 1.0 CHEBI:13352 + 1.0 CHEBI:61683 = 1.0 CHEBI:20983 + 1.0 CHEBI:5584 + 1.0 CHEBI:61682	{'q8', 'glcn', 'h2o', 'glc__D', 'q8h2', 'h'}	gcd, yliI	P15877, P75804
HYD2pp	Hydrogenase (menaquinone8: 2 protons) (periplasm)	Oxidative Phosphorylation	1.0 h2_c + 2.0 h_c + 1.0 mqn8_c = 2.0 h_p + 1.0 mql8_c	1.0 Hydrogen + 2.0 H+ + 1.0 Menaquinone 8 = 2.0 H+ + 1.0 Menaquinol 8	1.0 CHEBI:18276 + 2.0 CHEBI:5584 + 1.0 CHEBI:44027 = 2.0 CHEBI:5584 + 1.0 CHEBI:61684	{'mqn8', 'h2', 'mql8', 'h'}	hyaB, hyaC, hyaA, hybC, hybO, hybA, hybB	P0ACD8, P0AAM1, P69739, P0ACE0, P69741, P0AAJ8, P37180
GK1	Guanylate kinase (GMP:ATP)	Nucleotide Salvage Pathway	1.0 atp_c + 1.0 gmp_c = 1.0 adp_c + 1.0 gdp_c	1.0 ATP C10H12N5O13P3 + 1.0 GMP C10H12N5O8P = 1.0 ADP C10H12N5O10P2 + 1.0 GDP C10H12N5O11P2	1.0 CHEBI:15422 + 1.0 CHEBI:24449 = 1.0 CHEBI:2342 + 1.0 CHEBI:5212	{'atp', 'gdp', 'gmp', 'adp'}	gmk	P60546
HACD1	3-hydroxyacyl-CoA dehydrogenase (acetoacetyl-CoA)	Membrane Lipid Metabolism	1.0 aacoa_c + 1.0 h_c + 1.0 nadh_c = 1.0 3hbcoa_c + 1.0 nad_c	1.0 Acetoacetyl-CoA + 1.0 H+ + 1.0 Nicotinamide adenine dinucleotide - reduced = 1.0 (S)-3-Hydroxybutanoyl-CoA + 1.0 Nicotinamide adenine dinucleotide	1.0 CHEBI:22173 + 1.0 CHEBI:5584 + 1.0 CHEBI:13395 = 1.0 CHEBI:18749 + 1.0 CHEBI:7422	{'3hbcoa', 'aacoa', 'nad', 'nadh', 'h'}	fadB, fadJ	P21177, P77399
EX_ppa_e	Propionate exchange	Extracellular exchange	1.0 ppa_e = 	1.0 Propionate (n-C3:0) = 	1.0 Unknown = 	{'ppa'}	Unknown	Unknown
HACD2	3-hydroxyacyl-CoA dehydrogenase (3-oxohexanoyl-CoA)	Membrane Lipid Metabolism	1.0 3ohcoa_c + 1.0 h_c + 1.0 nadh_c = 1.0 3hhcoa_c + 1.0 nad_c	1.0 3-Oxohexanoyl-CoA + 1.0 H+ + 1.0 Nicotinamide adenine dinucleotide - reduced = 1.0 (S)-3-Hydroxyhexanoyl-CoA + 1.0 Nicotinamide adenine dinucleotide	1.0 CHEBI:27648 + 1.0 CHEBI:5584 + 1.0 CHEBI:13395 = 1.0 CHEBI:62075 + 1.0 CHEBI:7422	{'3ohcoa', '3hhcoa', 'nad', 'nadh', 'h'}	fadB, fadJ	P21177, P77399
NTD8pp	5'-nucleotidase (dGMP)	Nucleotide Salvage Pathway	1.0 dgmp_p + 1.0 h2o_p = 1.0 dgsn_p + 1.0 pi_p	1.0 DGMP C10H12N5O7P + 1.0 H2O H2O = 1.0 Deoxyguanosine + 1.0 Phosphate	1.0 CHEBI:57673 + 1.0 CHEBI:13352 = 1.0 CHEBI:14116 + 1.0 CHEBI:26078	{'dgmp', 'pi', 'dgsn', 'h2o'}	aphA, ushA	P0AE22, P07024
ECOAH5	3-hydroxyacyl-CoA dehydratase (3-hydroxydodecanoyl-CoA)	Membrane Lipid Metabolism	1.0 3hddcoa_c = 1.0 dd2coa_c + 1.0 h2o_c	1.0 (S)-3-Hydroxydodecanoyl-CoA = 1.0 Trans-Dodec-2-enoyl-CoA + 1.0 H2O H2O	1.0 CHEBI:396 = 1.0 CHEBI:1287 + 1.0 CHEBI:13352	{'3hddcoa', 'dd2coa', 'h2o'}	fadJ, fadB	P77399, P21177
DHFS	Dihydrofolate synthase	Cofactor and Prosthetic Group Biosynthesis	1.0 atp_c + 1.0 dhpt_c + 1.0 glu__L_c = 1.0 adp_c + 1.0 dhf_c + 1.0 h_c + 1.0 pi_c	1.0 ATP C10H12N5O13P3 + 1.0 Dihydropteroate + 1.0 L-Glutamate = 1.0 ADP C10H12N5O10P2 + 1.0 7,8-Dihydrofolate + 1.0 H+ + 1.0 Phosphate	1.0 CHEBI:15422 + 1.0 CHEBI:23762 + 1.0 CHEBI:76051 = 1.0 CHEBI:2342 + 1.0 CHEBI:42000 + 1.0 CHEBI:5584 + 1.0 CHEBI:26078	{'atp', 'adp', 'glu__L', 'dhf', 'pi', 'dhpt', 'h'}	folC	P08192
EX_ni2_e	Ni2+ exchange	Extracellular exchange	1.0 ni2_e = 	1.0 Nickel = 	1.0 CHEBI:25517 = 	{'ni2'}	Unknown	Unknown
EX_no_e	Nitric oxide exchange	Extracellular exchange	1.0 no_e = 	1.0 Nitric oxide = 	1.0 CHEBI:16480 = 	{'no'}	Unknown	Unknown
EX_fad_e	Exchange of Flavin adenine dinucleotide oxidized	Extracellular exchange	1.0 fad_e = 	1.0 Flavin adenine dinucleotide oxidized = 	1.0 CHEBI:16238 = 	{'fad'}	Unknown	Unknown
TREHpp	Alpha,alpha-trehalase (periplasm)	Alternate Carbon Metabolism	1.0 h2o_p + 1.0 tre_p = 2.0 glc__D_p	1.0 H2O H2O + 1.0 Trehalose = 2.0 D-Glucose	1.0 CHEBI:13352 + 1.0 CHEBI:46211 = 2.0 CHEBI:12965	{'glc__D', 'tre', 'h2o'}	treA	P13482
CYTBDpp	Cytochrome oxidase bd (ubiquinol-8: 2 protons) (periplasm)	Oxidative Phosphorylation	2.0 h_c + 0.5 o2_c + 1.0 q8h2_c = 1.0 h2o_c + 2.0 h_p + 1.0 q8_c	2.0 H+ + 0.5 O2 O2 + 1.0 Ubiquinol-8 = 1.0 H2O H2O + 2.0 H+ + 1.0 Ubiquinone-8	2.0 CHEBI:5584 + 0.5 CHEBI:7860 + 1.0 CHEBI:61682 = 1.0 CHEBI:13352 + 2.0 CHEBI:5584 + 1.0 CHEBI:61683	{'q8', 'o2', 'h2o', 'q8h2', 'h'}	cbdA, cbdB, cydB, cydA, cydX	P26459, P26458, P0ABK2, P0ABJ9, P56100
CYTBD2pp	Cytochrome oxidase bd (menaquinol-8: 2 protons) (periplasm)	Oxidative Phosphorylation	2.0 h_c + 1.0 mql8_c + 0.5 o2_c = 1.0 h2o_c + 2.0 h_p + 1.0 mqn8_c	2.0 H+ + 1.0 Menaquinol 8 + 0.5 O2 O2 = 1.0 H2O H2O + 2.0 H+ + 1.0 Menaquinone 8	2.0 CHEBI:5584 + 1.0 CHEBI:61684 + 0.5 CHEBI:7860 = 1.0 CHEBI:13352 + 2.0 CHEBI:5584 + 1.0 CHEBI:44027	{'mqn8', 'o2', 'h2o', 'mql8', 'h'}	cbdA, cbdB	P26459, P26458
ACGAMK	N-acetylglucosamine kinase	Murein Recycling	1.0 acgam_c + 1.0 atp_c = 1.0 acgam6p_c + 1.0 adp_c + 1.0 h_c	1.0 N-Acetyl-D-glucosamine + 1.0 ATP C10H12N5O13P3 = 1.0 N-Acetyl-D-glucosamine 6-phosphate + 1.0 ADP C10H12N5O10P2 + 1.0 H+	1.0 CHEBI:21517 + 1.0 CHEBI:15422 = 1.0 CHEBI:49353 + 1.0 CHEBI:2342 + 1.0 CHEBI:5584	{'atp', 'acgam6p', 'adp', 'acgam', 'h'}	nagK	P75959
EX_meoh_e	Methanol exchange	Extracellular exchange	1.0 meoh_e = 	1.0 Methanol = 	1.0 CHEBI:52090 = 	{'meoh'}	Unknown	Unknown
EX_fe3dcit_e	Fe(III)dicitrate exchange	Extracellular exchange	1.0 fe3dcit_e = 	1.0 Fe(III)dicitrate = 	1.0 Unknown = 	{'fe3dcit'}	Unknown	Unknown
EX_fe3hox_e	Fe(III)hydroxamate exchange	Extracellular exchange	1.0 fe3hox_e = 	1.0 Fe(III)hydroxamate = 	1.0 CHEBI:21131 = 	{'fe3hox'}	Unknown	Unknown
EX_fecrm_e	Ferrichrome exchange	Extracellular exchange	1.0 fecrm_e = 	1.0 Ferrichrome = 	1.0 CHEBI:5019 = 	{'fecrm'}	Unknown	Unknown
EX_feenter_e	Fe-enterobactin exchange	Extracellular exchange	1.0 feenter_e = 	1.0 Fe-enterobactin = 	1.0 CHEBI:4993 = 	{'feenter'}	Unknown	Unknown
EX_feoxam_e	Ferroxamine exchange	Extracellular exchange	1.0 feoxam_e = 	1.0 Generic ferrioxamine-Fe-III = 	1.0 CHEBI:5044 = 	{'feoxam'}	Unknown	Unknown
METS	Methionine synthase	Methionine Metabolism	1.0 5mthf_c + 1.0 hcys__L_c = 1.0 h_c + 1.0 met__L_c + 1.0 thf_c	1.0 5-Methyltetrahydrofolate + 1.0 L-Homocysteine = 1.0 H+ + 1.0 L-Methionine + 1.0 5,6,7,8-Tetrahydrofolate	1.0 CHEBI:18608 + 1.0 CHEBI:43117 = 1.0 CHEBI:5584 + 1.0 CHEBI:32644 + 1.0 CHEBI:57453	{'met__L', 'thf', 'hcys__L', '5mthf', 'h'}	metH, metE	P13009, P25665
ASPO3	L-aspartate oxidase	Cofactor and Prosthetic Group Biosynthesis	1.0 asp__L_c + 1.0 q8_c = 1.0 h_c + 1.0 iasp_c + 1.0 q8h2_c	1.0 L-Aspartate + 1.0 Ubiquinone-8 = 1.0 H+ + 1.0 Iminoaspartate + 1.0 Ubiquinol-8	1.0 CHEBI:17053 + 1.0 CHEBI:61683 = 1.0 CHEBI:5584 + 1.0 CHEBI:5878 + 1.0 CHEBI:61682	{'iasp', 'q8', 'asp__L', 'q8h2', 'h'}	nadB	P10902
ASPO5	L-aspartate oxidase	Cofactor and Prosthetic Group Biosynthesis	1.0 asp__L_c + 1.0 fum_c = 1.0 h_c + 1.0 iasp_c + 1.0 succ_c	1.0 L-Aspartate + 1.0 Fumarate = 1.0 H+ + 1.0 Iminoaspartate + 1.0 Succinate	1.0 CHEBI:17053 + 1.0 CHEBI:36180 = 1.0 CHEBI:5584 + 1.0 CHEBI:5878 + 1.0 CHEBI:22941	{'iasp', 'asp__L', 'succ', 'fum', 'h'}	nadB	P10902
ASPO4	L-aspartate oxidase	Cofactor and Prosthetic Group Biosynthesis	1.0 asp__L_c + 1.0 mqn8_c = 1.0 h_c + 1.0 iasp_c + 1.0 mql8_c	1.0 L-Aspartate + 1.0 Menaquinone 8 = 1.0 H+ + 1.0 Iminoaspartate + 1.0 Menaquinol 8	1.0 CHEBI:17053 + 1.0 CHEBI:44027 = 1.0 CHEBI:5584 + 1.0 CHEBI:5878 + 1.0 CHEBI:61684	{'iasp', 'mqn8', 'asp__L', 'mql8', 'h'}	nadB	P10902
EX_3amp_e	3'-AMP exchange	Extracellular exchange	1.0 3amp_e = 	1.0 3  AMP C10H12N5O7P = 	1.0 CHEBI:40872 = 	{'3amp'}	Unknown	Unknown
EX_3gmp_e	3'-GMP exchange	Extracellular exchange	1.0 3gmp_e = 	1.0 Guanosine 3  phosphate C10H12N5O8P = 	1.0 CHEBI:5567 = 	{'3gmp'}	Unknown	Unknown
EX_3ump_e	3'-UMP exchange	Extracellular exchange	1.0 3ump_e = 	1.0 3  UMP C9H11N2O9P = 	1.0 CHEBI:1361 = 	{'3ump'}	Unknown	Unknown
ASPO6	L-aspartate oxidase	Cofactor and Prosthetic Group Biosynthesis	1.0 asp__L_c + 1.0 o2_c = 1.0 h2o2_c + 1.0 h_c + 1.0 iasp_c	1.0 L-Aspartate + 1.0 O2 O2 = 1.0 Hydrogen peroxide + 1.0 H+ + 1.0 Iminoaspartate	1.0 CHEBI:17053 + 1.0 CHEBI:7860 = 1.0 CHEBI:29192 + 1.0 CHEBI:5584 + 1.0 CHEBI:5878	{'iasp', 'asp__L', 'h2o2', 'o2', 'h'}	nadB	P10902
EX_cu2_e	Cu2+ exchange	Extracellular exchange	1.0 cu2_e = 	1.0 Copper = 	1.0 CHEBI:29036 = 	{'cu2'}	Unknown	Unknown
EX_glyc__R_e	(R)-Glycerate exchange	Extracellular exchange	1.0 glyc__R_e = 	1.0 (R)-Glycerate = 	1.0 CHEBI:21030 = 	{'glyc__R'}	Unknown	Unknown
EX_eca4colipa_e	(enterobacterial common antigen)x4 core oligosaccharide lipid A exchange	Extracellular exchange	1.0 eca4colipa_e = 	1.0 (enterobacterial common antigen)x4 core oligosaccharide lipid A = 	1.0 Unknown = 	{'eca4colipa'}	Unknown	Unknown
GLYOX3	Glyoxalase III	Methylglyoxal Metabolism	1.0 h2o_c + 1.0 mthgxl_c = 1.0 h_c + 1.0 lac__D_c	1.0 H2O H2O + 1.0 Methylglyoxal = 1.0 H+ + 1.0 D-Lactate	1.0 CHEBI:13352 + 1.0 CHEBI:14599 = 1.0 CHEBI:5584 + 1.0 CHEBI:16004	{'h', 'mthgxl', 'lac__D', 'h2o'}	hchA	P31658
EX_mal__D_e	D-Malate exchange	Extracellular exchange	1.0 mal__D_e = 	1.0 D-Malate = 	1.0 CHEBI:44073 = 	{'mal__D'}	Unknown	Unknown
EX_sel_e	Selenate exchange	Extracellular exchange	1.0 sel_e = 	1.0 Selenate = 	1.0 CHEBI:26624 = 	{'sel'}	Unknown	Unknown
EX_hg2_e	Hg2+ exchange	Extracellular exchange	1.0 hg2_e = 	1.0 Mercury  charged 2  Hg = 	1.0 CHEBI:25200 = 	{'hg2'}	Unknown	Unknown
O16GLCT1	Glucosyltransferase I (LPS O16 antigen biosynthesis)	Lipopolysaccharide Biosynthesis / Recycling	1.0 aragund_c + 1.0 udpg_c = 1.0 garagund_c + 1.0 h_c + 1.0 udp_c	1.0 O-acetyl-rhamanosyl-N-acetylglucosamyl-undecaprenyl diphosphate + 1.0 UDPglucose = 1.0 Glucosyl-O-acetyl-rhamanosyl-N-acetylglucosamyl-undecaprenyl diphosphate + 1.0 H+ + 1.0 UDP C9H11N2O12P2	1.0 Unknown + 1.0 CHEBI:13505 = 1.0 Unknown + 1.0 CHEBI:5584 + 1.0 CHEBI:13445	{'aragund', 'garagund', 'udpg', 'udp', 'h'}	wbbK	P37751
O16AP2pp	O16 antigen polymerase (periplasm)	Lipopolysaccharide Biosynthesis / Recycling	1.0 o16a2und_p + 1.0 o16aund_p = 1.0 h_p + 1.0 o16a3und_p + 1.0 udcpdp_p	1.0 (O16 antigen)x2 undecaprenyl diphosphate + 1.0 O16 antigen undecaprenyl diphosphate = 1.0 H+ + 1.0 (O16 antigen)x3 undecaprenyl diphosphate + 1.0 Undecaprenyl diphosphate	1.0 Unknown + 1.0 Unknown = 1.0 CHEBI:5584 + 1.0 Unknown + 1.0 CHEBI:27192	{'udcpdp', 'o16aund', 'h', 'o16a2und', 'o16a3und'}	wzzB, wbbH	P76372, P37748
O16AP3pp	O16 antigen polymerase (periplasm)	Lipopolysaccharide Biosynthesis / Recycling	1.0 o16a3und_p + 1.0 o16aund_p = 1.0 h_p + 1.0 o16a4und_p + 1.0 udcpdp_p	1.0 (O16 antigen)x3 undecaprenyl diphosphate + 1.0 O16 antigen undecaprenyl diphosphate = 1.0 H+ + 1.0 (O16 antigen)x4 undecaprenyl diphosphate + 1.0 Undecaprenyl diphosphate	1.0 Unknown + 1.0 Unknown = 1.0 CHEBI:5584 + 1.0 Unknown + 1.0 CHEBI:27192	{'udcpdp', 'o16aund', 'h', 'o16a4und', 'o16a3und'}	wzzB, wbbH	P76372, P37748
ACACT5r	Acetyl-CoA C-acyltransferase (decanoyl-CoA) (r)	Membrane Lipid Metabolism	1.0 accoa_c + 1.0 dcacoa_c = 1.0 3oddcoa_c + 1.0 coa_c	1.0 Acetyl-CoA + 1.0 Decanoyl-CoA (n-C10:0CoA) = 1.0 3-Oxododecanoyl-CoA + 1.0 Coenzyme A	1.0 CHEBI:57288 + 1.0 Unknown = 1.0 CHEBI:1636 + 1.0 CHEBI:41631	{'coa', 'accoa', '3oddcoa', 'dcacoa'}	fadA, fadI	P21151, P76503
O16A4Lpp	O16 anitgen (x4) ligase (periplasm)	Lipopolysaccharide Biosynthesis / Recycling	1.0 colipa_p + 1.0 o16a4und_p = 1.0 h_p + 1.0 o16a4colipa_p + 1.0 udcpdp_p	1.0 Core oligosaccharide lipid A + 1.0 (O16 antigen)x4 undecaprenyl diphosphate = 1.0 H+ + 1.0 (O16 antigen)x4 core oligosaccharide lipid A + 1.0 Undecaprenyl diphosphate	1.0 Unknown + 1.0 Unknown = 1.0 CHEBI:5584 + 1.0 Unknown + 1.0 CHEBI:27192	{'udcpdp', 'o16a4colipa', 'colipa', 'o16a4und', 'h'}	waaL	P27243
PRASCSi	Phosphoribosylaminoimidazolesuccinocarboxamide synthase	Purine and Pyrimidine Biosynthesis	1.0 5aizc_c + 1.0 asp__L_c + 1.0 atp_c = 1.0 25aics_c + 1.0 adp_c + 1.0 h_c + 1.0 pi_c	1.0 5-amino-1-(5-phospho-D-ribosyl)imidazole-4-carboxylate + 1.0 L-Aspartate + 1.0 ATP C10H12N5O13P3 = 1.0 (S)-2-[5-Amino-1-(5-phospho-D-ribosyl)imidazole-4-carboxamido]succinate + 1.0 ADP C10H12N5O10P2 + 1.0 H+ + 1.0 Phosphate	1.0 CHEBI:77657 + 1.0 CHEBI:17053 + 1.0 CHEBI:15422 = 1.0 CHEBI:78110 + 1.0 CHEBI:2342 + 1.0 CHEBI:5584 + 1.0 CHEBI:26078	{'atp', 'asp__L', 'adp', '25aics', '5aizc', 'pi', 'h'}	purC	P0A7D7
MALTATr	Maltose O-acetyltransferase	Alternate Carbon Metabolism	1.0 accoa_c + 1.0 malt_c = 1.0 acmalt_c + 1.0 coa_c	1.0 Acetyl-CoA + 1.0 Maltose C12H22O11 = 1.0 Acetyl-maltose + 1.0 Coenzyme A	1.0 CHEBI:57288 + 1.0 CHEBI:6668 = 1.0 Unknown + 1.0 CHEBI:41631	{'coa', 'acmalt', 'accoa', 'malt'}	maa	P77791
DHBSH	2,3-dihydroxybenzoylserine hydrolase	Cofactor and Prosthetic Group Biosynthesis	1.0 23dhbzs_c + 1.0 h2o_c = 1.0 23dhb_c + 1.0 ser__L_c	1.0 2,3-dihydroxybenzoylserine + 1.0 H2O H2O = 1.0 2,3-Dihydroxybenzoate + 1.0 L-Serine	1.0 CHEBI:17455 + 1.0 CHEBI:13352 = 1.0 CHEBI:885 + 1.0 CHEBI:32845	{'ser__L', '23dhbzs', '23dhb', 'h2o'}	Unknown	Unknown
MALDDH	Malate decarboxylating oxidoreductase (decarboxylating)	Alternate Carbon Metabolism	1.0 mal__D_c + 1.0 nad_c = 1.0 co2_c + 1.0 nadh_c + 1.0 pyr_c	1.0 D-Malate + 1.0 Nicotinamide adenine dinucleotide = 1.0 CO2 CO2 + 1.0 Nicotinamide adenine dinucleotide - reduced + 1.0 Pyruvate	1.0 CHEBI:44073 + 1.0 CHEBI:7422 = 1.0 CHEBI:23011 + 1.0 CHEBI:13395 + 1.0 CHEBI:26462	{'co2', 'pyr', 'mal__D', 'nad', 'nadh'}	dmlA	P76251
TRSARr	Tartronate semialdehyde reductase	Alternate Carbon Metabolism	1.0 2h3oppan_c + 1.0 h_c + 1.0 nadh_c = 1.0 glyc__R_c + 1.0 nad_c	1.0 2-Hydroxy-3-oxopropanoate + 1.0 H+ + 1.0 Nicotinamide adenine dinucleotide - reduced = 1.0 (R)-Glycerate + 1.0 Nicotinamide adenine dinucleotide	1.0 CHEBI:57978 + 1.0 CHEBI:5584 + 1.0 CHEBI:13395 = 1.0 CHEBI:21030 + 1.0 CHEBI:7422	{'glyc__R', '2h3oppan', 'nad', 'nadh', 'h'}	glxR, garR	P77161, P0ABQ2
DHPS2	Dihydropteroate synthase	Cofactor and Prosthetic Group Biosynthesis	1.0 4abz_c + 1.0 6hmhptpp_c = 1.0 dhpt_c + 1.0 ppi_c	1.0 4-Aminobenzoate + 1.0 6-hydroxymethyl-dihydropterin pyrophosphate = 1.0 Dihydropteroate + 1.0 Diphosphate	1.0 CHEBI:30753 + 1.0 CHEBI:15998 = 1.0 CHEBI:23762 + 1.0 CHEBI:45212	{'6hmhptpp', 'dhpt', 'ppi', '4abz'}	folP	P0AC13
MTHFC	Methenyltetrahydrofolate cyclohydrolase	Folate Metabolism	1.0 h2o_c + 1.0 methf_c = 1.0 10fthf_c + 1.0 h_c	1.0 H2O H2O + 1.0 5,10-Methenyltetrahydrofolate = 1.0 10-Formyltetrahydrofolate + 1.0 H+	1.0 CHEBI:13352 + 1.0 CHEBI:12069 = 1.0 CHEBI:19108 + 1.0 CHEBI:5584	{'10fthf', 'h', 'methf', 'h2o'}	folD	P24186
MTHFD	Methylenetetrahydrofolate dehydrogenase (NADP)	Folate Metabolism	1.0 mlthf_c + 1.0 nadp_c = 1.0 methf_c + 1.0 nadph_c	1.0 5,10-Methylenetetrahydrofolate + 1.0 Nicotinamide adenine dinucleotide phosphate = 1.0 5,10-Methenyltetrahydrofolate + 1.0 Nicotinamide adenine dinucleotide phosphate - reduced	1.0 CHEBI:10925 + 1.0 CHEBI:29868 = 1.0 CHEBI:12069 + 1.0 CHEBI:16474	{'nadp', 'mlthf', 'methf', 'nadph'}	folD	P24186
LYXI	Lyxose isomerase	Alternate Carbon Metabolism	1.0 lyx__L_c = 1.0 xylu__L_c	1.0 L-Lyxose = 1.0 L-Xylulose	1.0 CHEBI:62321 = 1.0 CHEBI:13190	{'xylu__L', 'lyx__L'}	rhaA	P32170
QULNS	Quinolinate synthase	Cofactor and Prosthetic Group Biosynthesis	1.0 dhap_c + 1.0 iasp_c = 2.0 h2o_c + 1.0 pi_c + 1.0 quln_c	1.0 Dihydroxyacetone phosphate + 1.0 Iminoaspartate = 2.0 H2O H2O + 1.0 Phosphate + 1.0 Quinolinate	1.0 CHEBI:14341 + 1.0 CHEBI:5878 = 2.0 CHEBI:13352 + 1.0 CHEBI:26078 + 1.0 CHEBI:14975	{'iasp', 'quln', 'h2o', 'pi', 'dhap'}	nadA	P11458
LADGMDH	L-alanyl-gamma-D-glutamyl-meso-diaminopimelate hydrolase	Murein Recycling	1.0 LalaDgluMdap_c + 1.0 h2o_c = 1.0 26dap__M_c + 1.0 LalaDglu_c	1.0 L-alanine-D-glutamate-meso-2,6-diaminoheptanedioate + 1.0 H2O H2O = 1.0 Meso-2,6-Diaminoheptanedioate + 1.0 L-alanine-D-glutamate	1.0 Unknown + 1.0 CHEBI:13352 = 1.0 CHEBI:40838 + 1.0 CHEBI:61566	{'26dap__M', 'LalaDglu', 'h2o', 'LalaDgluMdap'}	mpaA	P0ACV6
ALKP	Alkaline phosphatase	Alternate Carbon Metabolism	1.0 dhap_c + 1.0 h2o_c = 1.0 dha_c + 1.0 pi_c	1.0 Dihydroxyacetone phosphate + 1.0 H2O H2O = 1.0 Dihydroxyacetone + 1.0 Phosphate	1.0 CHEBI:14341 + 1.0 CHEBI:13352 = 1.0 CHEBI:14340 + 1.0 CHEBI:26078	{'dha', 'h2o', 'pi', 'dhap'}	yqaB	P77475
EX_cobalt2_e	Co2+ exchange	Extracellular exchange	1.0 cobalt2_e = 	1.0 Co2+ = 	1.0 CHEBI:48828 = 	{'cobalt2'}	Unknown	Unknown
ALAGLUE	L-alanyl-gamma-glutamate epimerase	Murein Recycling	1.0 LalaDglu_c = 1.0 LalaLglu_c	1.0 L-alanine-D-glutamate = 1.0 L-alanine-L-glutamate	1.0 CHEBI:61566 = 1.0 CHEBI:61396	{'LalaLglu', 'LalaDglu'}	ycjG	P51981
EX_pheme_e	Protoheme exchange	Extracellular exchange	1.0 pheme_e = 	1.0 Protoheme C34H30FeN4O4 = 	1.0 CHEBI:60344 = 	{'pheme'}	Unknown	Unknown
L_LACD3	L-Lactate dehydrogenase (menaquinone)	Oxidative Phosphorylation	1.0 lac__L_c + 1.0 mqn8_c = 1.0 mql8_c + 1.0 pyr_c	1.0 L-Lactate + 1.0 Menaquinone 8 = 1.0 Menaquinol 8 + 1.0 Pyruvate	1.0 CHEBI:11065 + 1.0 CHEBI:44027 = 1.0 CHEBI:61684 + 1.0 CHEBI:26462	{'pyr', 'mqn8', 'lac__L', 'mql8'}	ykgE, ykgG, ykgF, lldD	P77252, P77433, P77536, P33232
L_LACD2	L-Lactate dehydrogenase (ubiquinone)	Oxidative Phosphorylation	1.0 lac__L_c + 1.0 q8_c = 1.0 pyr_c + 1.0 q8h2_c	1.0 L-Lactate + 1.0 Ubiquinone-8 = 1.0 Pyruvate + 1.0 Ubiquinol-8	1.0 CHEBI:11065 + 1.0 CHEBI:61683 = 1.0 CHEBI:26462 + 1.0 CHEBI:61682	{'pyr', 'q8', 'lac__L', 'q8h2'}	ykgG, ykgE, ykgF, lldD	P77433, P77252, P77536, P33232
ACACT6r	Acetyl-CoA C-acyltransferase (dodecanoyl-CoA) (r)	Membrane Lipid Metabolism	1.0 accoa_c + 1.0 ddcacoa_c = 1.0 3otdcoa_c + 1.0 coa_c	1.0 Acetyl-CoA + 1.0 Dodecanoyl-CoA (n-C12:0CoA) = 1.0 3-Oxotetradecanoyl-CoA + 1.0 Coenzyme A	1.0 CHEBI:57288 + 1.0 CHEBI:15521 = 1.0 CHEBI:62543 + 1.0 CHEBI:41631	{'coa', '3otdcoa', 'accoa', 'ddcacoa'}	fadI, fadA	P76503, P21151
GGGABAH	Gamma-glutamyl-gamma-aminobutyric acid hydrolase	Alternate Carbon Metabolism	1.0 gg4abut_c + 1.0 h2o_c = 1.0 4abut_c + 1.0 glu__L_c	1.0 Gamma-glutamyl-gamma aminobutyric acid + 1.0 H2O H2O = 1.0 4-Aminobutanoate + 1.0 L-Glutamate	1.0 CHEBI:49260 + 1.0 CHEBI:13352 = 1.0 CHEBI:40483 + 1.0 CHEBI:76051	{'gg4abut', '4abut', 'glu__L', 'h2o'}	puuD	P76038
FRULYSK	Fructoselysine Kinase	Alternate Carbon Metabolism	1.0 atp_c + 1.0 frulys_c = 1.0 adp_c + 1.0 frulysp_c + 1.0 h_c	1.0 ATP C10H12N5O13P3 + 1.0 Fructoselysine = 1.0 ADP C10H12N5O10P2 + 1.0 Fructoselysine Phosphate + 1.0 H+	1.0 CHEBI:15422 + 1.0 CHEBI:24109 = 1.0 CHEBI:2342 + 1.0 Unknown + 1.0 CHEBI:5584	{'atp', 'frulys', 'frulysp', 'adp', 'h'}	frlD	P45543
MCPST	3-mercaptopyruvate sulfurtransferase	Cysteine Metabolism	1.0 cyan_c + 1.0 mercppyr_c = 1.0 h_c + 1.0 pyr_c + 1.0 tcynt_c	1.0 Hydrogen cyanide + 1.0 Mercaptopyruvate = 1.0 H+ + 1.0 Pyruvate + 1.0 Thiocyanate	1.0 CHEBI:18407 + 1.0 CHEBI:6767 = 1.0 CHEBI:5584 + 1.0 CHEBI:26462 + 1.0 CHEBI:29200	{'mercppyr', 'tcynt', 'pyr', 'cyan', 'h'}	sseA	P31142
LIPAHT2ex	Core oligosaccharide lipid A:hexadecanoate transferase (n-C16:0) (extracellular membrane)	Lipopolysaccharide Biosynthesis / Recycling	1.0 colipa_e + 1.0 h_e + 1.0 hdca_e = 1.0 h2o_e + 1.0 hacolipa_e	1.0 Core oligosaccharide lipid A + 1.0 H+ + 1.0 Hexadecanoate (n-C16:0) = 1.0 H2O H2O + 1.0 Hepta-acylated core oligosaccharide lipid A (E. coli)	1.0 Unknown + 1.0 CHEBI:5584 + 1.0 CHEBI:7896 = 1.0 CHEBI:13352 + 1.0 Unknown	{'hdca', 'hacolipa', 'h2o', 'colipa', 'h'}	pagP	P37001
DATPHs	DATP amine hydrolysis (spontaneous)	Nucleotide Salvage Pathway	1.0 datp_c + 1.0 h2o_c + 1.0 h_c = 1.0 ditp_c + 1.0 nh4_c	1.0 DATP C10H12N5O12P3 + 1.0 H2O H2O + 1.0 H+ = 1.0 DITP(4-) + 1.0 Ammonium	1.0 CHEBI:495505 + 1.0 CHEBI:13352 + 1.0 CHEBI:5584 = 1.0 CHEBI:19251 + 1.0 CHEBI:44284	{'nh4', 'h2o', 'ditp', 'datp', 'h'}		Unknown
GLCTR1	Glucosyltransferase I (LPS core synthesis)	Lipopolysaccharide Biosynthesis / Recycling	1.0 icolipa_c + 1.0 udpg_c = 1.0 gicolipa_c + 1.0 h_c + 1.0 udp_c	1.0 Inner core oligosaccharide lipid A (E coli) + 1.0 UDPglucose = 1.0 Glucosyl-inner core oligosaccharide lipid A + 1.0 H+ + 1.0 UDP C9H11N2O12P2	1.0 Unknown + 1.0 CHEBI:13505 = 1.0 Unknown + 1.0 CHEBI:5584 + 1.0 CHEBI:13445	{'gicolipa', 'icolipa', 'udpg', 'udp', 'h'}	waaG	P25740
LIPAabcpp	Lipid A transport via ABC system (periplasm)	Lipopolysaccharide Biosynthesis / Recycling	1.0 atp_c + 1.0 h2o_c + 1.0 lipa_c = 1.0 adp_c + 1.0 h_c + 1.0 lipa_p + 1.0 pi_c	1.0 ATP C10H12N5O13P3 + 1.0 H2O H2O + 1.0 KDO(2)-lipid (A) = 1.0 ADP C10H12N5O10P2 + 1.0 H+ + 1.0 KDO(2)-lipid (A) + 1.0 Phosphate	1.0 CHEBI:15422 + 1.0 CHEBI:13352 + 1.0 CHEBI:27963 = 1.0 CHEBI:2342 + 1.0 CHEBI:5584 + 1.0 CHEBI:27963 + 1.0 CHEBI:26078	{'atp', 'h', 'adp', 'h2o', 'pi', 'lipa'}	msbA	P60752
LIPAHTex	Lipid A:hexadecanoate transferase (n-C16:0) (extracellular membrane)	Lipopolysaccharide Biosynthesis / Recycling	1.0 h_e + 1.0 hdca_e + 1.0 lipa_e = 1.0 h2o_e + 1.0 halipa_e	1.0 H+ + 1.0 Hexadecanoate (n-C16:0) + 1.0 KDO(2)-lipid (A) = 1.0 H2O H2O + 1.0 Hepta-acylated KDO(2)-lipid (A)	1.0 CHEBI:5584 + 1.0 CHEBI:7896 + 1.0 CHEBI:27963 = 1.0 CHEBI:13352 + 1.0 Unknown	{'hdca', 'lipa', 'h2o', 'halipa', 'h'}	pagP	P37001
LIPACabcpp	Lipid (cold) A transport via ABC system (periplasm)	Lipopolysaccharide Biosynthesis / Recycling	1.0 atp_c + 1.0 h2o_c + 1.0 lipa_cold_c = 1.0 adp_c + 1.0 h_c + 1.0 lipa_cold_p + 1.0 pi_c	1.0 ATP C10H12N5O13P3 + 1.0 H2O H2O + 1.0 Cold adapted KDO(2)-lipid (A) = 1.0 ADP C10H12N5O10P2 + 1.0 H+ + 1.0 Cold adapted KDO(2)-lipid (A) + 1.0 Phosphate	1.0 CHEBI:15422 + 1.0 CHEBI:13352 + 1.0 CHEBI:61556 = 1.0 CHEBI:2342 + 1.0 CHEBI:5584 + 1.0 CHEBI:61556 + 1.0 CHEBI:26078	{'atp', 'adp', 'h2o', 'pi', 'lipa_cold', 'h'}	msbA	P60752
ECAP1pp	Enterobacterial common antigen polymerase (periplasm)	Lipopolysaccharide Biosynthesis / Recycling	2.0 unagamuf_p = 1.0 eca2und_p + 1.0 h_p + 1.0 udcpdp_p	2.0 Undecaprenyl-diphospho N-acetylglucosamine-N-acetylmannosaminuronate-N-acetamido-4,6-dideoxy-D-galactose = 1.0 (enterobacterial common antigen)x2 undecaprenyl-diphosphate + 1.0 H+ + 1.0 Undecaprenyl diphosphate	2.0 Unknown = 1.0 Unknown + 1.0 CHEBI:5584 + 1.0 CHEBI:27192	{'udcpdp', 'unagamuf', 'eca2und', 'h'}	wzzE, wzyE	P0AG00, P27835
UDCPDPpp	Undecaprenyl-diphosphatase (periplasm)	Cell Envelope Biosynthesis	1.0 h2o_p + 1.0 udcpdp_p = 1.0 h_p + 1.0 pi_p + 1.0 udcpp_p	1.0 H2O H2O + 1.0 Undecaprenyl diphosphate = 1.0 H+ + 1.0 Phosphate + 1.0 Undecaprenyl phosphate	1.0 CHEBI:13352 + 1.0 CHEBI:27192 = 1.0 CHEBI:5584 + 1.0 CHEBI:26078 + 1.0 CHEBI:15286	{'h', 'h2o', 'pi', 'udcpp', 'udcpdp'}	pgpB, bacA, ybjG	P0A924, P60932, P75806
GGGABADr	Gamma-glutamyl-gamma aminobutyric acid dehydrogenase	Alternate Carbon Metabolism	1.0 ggbutal_c + 1.0 h2o_c + 1.0 nadp_c = 1.0 gg4abut_c + 2.0 h_c + 1.0 nadph_c	1.0 Gamma-glutamyl-gamma-butyraldehyde + 1.0 H2O H2O + 1.0 Nicotinamide adenine dinucleotide phosphate = 1.0 Gamma-glutamyl-gamma aminobutyric acid + 2.0 H+ + 1.0 Nicotinamide adenine dinucleotide phosphate - reduced	1.0 CHEBI:61508 + 1.0 CHEBI:13352 + 1.0 CHEBI:29868 = 1.0 CHEBI:49260 + 2.0 CHEBI:5584 + 1.0 CHEBI:16474	{'nadp', 'nadph', 'ggbutal', 'h2o', 'gg4abut', 'h'}	puuC	P23883
EX_mso3_e	Methanesulfonate exchange	Extracellular exchange	1.0 mso3_e = 	1.0 Methanesulfonate = 	1.0 CHEBI:6813 = 	{'mso3'}	Unknown	Unknown
EX_23camp_e	2',3'-Cyclic AMP exchange	Extracellular exchange	1.0 23camp_e = 	1.0 2',3'-Cyclic AMP = 	1.0 CHEBI:823 = 	{'23camp'}	Unknown	Unknown
EX_23cgmp_e	2',3'-Cyclic GMP exchange	Extracellular exchange	1.0 23cgmp_e = 	1.0 2',3'-Cyclic GMP = 	1.0 CHEBI:28181 = 	{'23cgmp'}	Unknown	Unknown
EX_23cump_e	2',3'-Cyclic UMP exchange	Extracellular exchange	1.0 23cump_e = 	1.0 2',3'-Cyclic UMP = 	1.0 CHEBI:28637 = 	{'23cump'}	Unknown	Unknown
ECAP2pp	Enterobacterial common antigen polymerase (periplasm)	Lipopolysaccharide Biosynthesis / Recycling	1.0 eca2und_p + 1.0 unagamuf_p = 1.0 eca3und_p + 1.0 h_p + 1.0 udcpdp_p	1.0 (enterobacterial common antigen)x2 undecaprenyl-diphosphate + 1.0 Undecaprenyl-diphospho N-acetylglucosamine-N-acetylmannosaminuronate-N-acetamido-4,6-dideoxy-D-galactose = 1.0 (enterobacterial common antigen)x3 undecaprenyl-diphosphate + 1.0 H+ + 1.0 Undecaprenyl diphosphate	1.0 Unknown + 1.0 Unknown = 1.0 Unknown + 1.0 CHEBI:5584 + 1.0 CHEBI:27192	{'h', 'unagamuf', 'eca3und', 'eca2und', 'udcpdp'}	wzzE, wzyE	P0AG00, P27835
ECA4OALpp	Enterobacterial common antigen (x4) O-antigen ligase (periplasm)	Lipopolysaccharide Biosynthesis / Recycling	1.0 colipa_p + 1.0 eca4und_p = 1.0 eca4colipa_p + 1.0 h_p + 1.0 udcpdp_p	1.0 Core oligosaccharide lipid A + 1.0 (enterobacterial common antigen)x4 undecaprenyl-diphosphate = 1.0 (enterobacterial common antigen)x4 core oligosaccharide lipid A + 1.0 H+ + 1.0 Undecaprenyl diphosphate	1.0 Unknown + 1.0 Unknown = 1.0 Unknown + 1.0 CHEBI:5584 + 1.0 CHEBI:27192	{'h', 'eca4und', 'colipa', 'eca4colipa', 'udcpdp'}	waaL	P27243
FE3Ri	Fe(III) reduction	Cofactor and Prosthetic Group Biosynthesis	1.0 fadh2_c + 2.0 fe3_c = 1.0 fad_c + 2.0 fe2_c + 2.0 h_c	1.0 Flavin adenine dinucleotide reduced + 2.0 Iron (Fe3+) = 1.0 Flavin adenine dinucleotide oxidized + 2.0 Fe2+ mitochondria + 2.0 H+	1.0 CHEBI:13316 + 2.0 CHEBI:49595 = 1.0 CHEBI:16238 + 2.0 CHEBI:29033 + 2.0 CHEBI:5584	{'fe3', 'fad', 'fe2', 'fadh2', 'h'}	fre	P0AEN1
NODOy	Nitric oxide dioxygenase	Nitrogen Metabolism	1.0 nadph_c + 2.0 no_c + 2.0 o2_c = 1.0 h_c + 1.0 nadp_c + 2.0 no3_c	1.0 Nicotinamide adenine dinucleotide phosphate - reduced + 2.0 Nitric oxide + 2.0 O2 O2 = 1.0 H+ + 1.0 Nicotinamide adenine dinucleotide phosphate + 2.0 Nitrate	1.0 CHEBI:16474 + 2.0 CHEBI:16480 + 2.0 CHEBI:7860 = 1.0 CHEBI:5584 + 1.0 CHEBI:29868 + 2.0 CHEBI:44487	{'nadp', 'nadph', 'o2', 'no', 'no3', 'h'}	hmp	P24232
GALM2pp	Aldose-1-epimerase	Alternate Carbon Metabolism	1.0 gal_bD_p = 1.0 gal_p	1.0 Beta D-Galactose = 1.0 D-Galactose	1.0 CHEBI:42776 = 1.0 CHEBI:12936	{'gal_bD', 'gal'}	galM	P0A9C3
EX_sulfac_e	Sulfoacetate exchange	Extracellular exchange	1.0 sulfac_e = 	1.0 Sulfoacetate = 	1.0 CHEBI:34987 = 	{'sulfac'}	Unknown	Unknown
EX_butso3_e	Butanesulfonate exchange	Extracellular exchange	1.0 butso3_e = 	1.0 Butanesulfonate = 	1.0 Unknown = 	{'butso3'}	Unknown	Unknown
GLCTR3	Glucosyltransferase III (LPS core synthesis)	Lipopolysaccharide Biosynthesis / Recycling	1.0 ggagicolipa_c + 1.0 udpg_c = 1.0 gggagicolipa_c + 1.0 h_c + 1.0 udp_c	1.0 Glucosyl-galactosyl-glucosyl-inner core oligosaccharide lipid A + 1.0 UDPglucose = 1.0 Glucosyl-glucosyl-galactosyl-glucosyl-inner core oligosaccharide lipid A + 1.0 H+ + 1.0 UDP C9H11N2O12P2	1.0 Unknown + 1.0 CHEBI:13505 = 1.0 Unknown + 1.0 CHEBI:5584 + 1.0 CHEBI:13445	{'ggagicolipa', 'udpg', 'udp', 'gggagicolipa', 'h'}	waaR	P27129
HEPT4	Heptosyltransferase IV (LPS core synthesis)	Lipopolysaccharide Biosynthesis / Recycling	1.0 adphep_LD_c + 1.0 gggagicolipa_c = 1.0 adp_c + 1.0 colipa_c + 1.0 h_c	1.0 ADP-L-glycero-D-manno-heptose + 1.0 Glucosyl-glucosyl-galactosyl-glucosyl-inner core oligosaccharide lipid A = 1.0 ADP C10H12N5O10P2 + 1.0 Core oligosaccharide lipid A + 1.0 H+	1.0 CHEBI:57564 + 1.0 Unknown = 1.0 CHEBI:2342 + 1.0 Unknown + 1.0 CHEBI:5584	{'adp', 'colipa', 'adphep_LD', 'gggagicolipa', 'h'}	waaU	P27242
EX_ethso3_e	Ethanesulfonate exchange	Extracellular exchange	1.0 ethso3_e = 	1.0 Ethanesulfonate = 	1.0 CHEBI:61909 = 	{'ethso3'}	Unknown	Unknown
LA4NTpp	4-amino-4-deoxy-L-arabinotransferase (LPS lipid A modification, periplasmic face of membrane))	Lipopolysaccharide Biosynthesis / Recycling	1.0 colipa_p + 1.0 uLa4n_p = 1.0 acolipa_p + 1.0 udcpp_p	1.0 Core oligosaccharide lipid A + 1.0 Undecaprenyl phosphate-4-amino-4-deoxy-L-arabinose = 1.0 4-Amino-4-deoxy-L-arabinose modified core oligosaccharide lipid A + 1.0 Undecaprenyl phosphate	1.0 Unknown + 1.0 Unknown = 1.0 Unknown + 1.0 CHEBI:15286	{'uLa4n', 'udcpp', 'acolipa', 'colipa'}	arnT	P76473
NODOx	Nitric oxide dioxygenase	Nitrogen Metabolism	1.0 nadh_c + 2.0 no_c + 2.0 o2_c = 1.0 h_c + 1.0 nad_c + 2.0 no3_c	1.0 Nicotinamide adenine dinucleotide - reduced + 2.0 Nitric oxide + 2.0 O2 O2 = 1.0 H+ + 1.0 Nicotinamide adenine dinucleotide + 2.0 Nitrate	1.0 CHEBI:13395 + 2.0 CHEBI:16480 + 2.0 CHEBI:7860 = 1.0 CHEBI:5584 + 1.0 CHEBI:7422 + 2.0 CHEBI:44487	{'no3', 'o2', 'no', 'nad', 'nadh', 'h'}	hmp	P24232
NHFRBO	NADH:flavorubredoxin oxidoreductase	Nitrogen Metabolism	1.0 h_c + 1.0 nadh_c + 2.0 no_c = 1.0 h2o_c + 1.0 n2o_c + 1.0 nad_c	1.0 H+ + 1.0 Nicotinamide adenine dinucleotide - reduced + 2.0 Nitric oxide = 1.0 H2O H2O + 1.0 Nitrous oxide + 1.0 Nicotinamide adenine dinucleotide	1.0 CHEBI:5584 + 1.0 CHEBI:13395 + 2.0 CHEBI:16480 = 1.0 CHEBI:13352 + 1.0 CHEBI:14661 + 1.0 CHEBI:7422	{'n2o', 'h2o', 'no', 'nad', 'nadh', 'h'}	norW, norV	P37596, Q46877
42A12BOOXpp	4-(2-Aminoethyl)-1,2-benzenediol:oxygen oxidoreductase(deaminating)(flavin-containing)	Nitrogen Metabolism	1.0 dopa_p + 1.0 h2o_p + 1.0 o2_p = 1.0 34dhpac_p + 1.0 h2o2_p + 1.0 nh4_p	1.0 Dopamine + 1.0 H2O H2O + 1.0 O2 O2 = 1.0 3,4-Dihydroxyphenylacetaldehyde + 1.0 Hydrogen peroxide + 1.0 Ammonium	1.0 CHEBI:11695 + 1.0 CHEBI:13352 + 1.0 CHEBI:7860 = 1.0 CHEBI:19888 + 1.0 CHEBI:29192 + 1.0 CHEBI:44284	{'nh4', 'dopa', 'h2o2', 'h2o', 'o2', '34dhpac'}	tynA	P46883
TYROXDApp	Tyramine:oxygen oxidoreductase(deaminating)(flavin-containing) (periplasm)	Nitrogen Metabolism	1.0 h2o_p + 1.0 o2_p + 1.0 tym_p = 1.0 4hoxpacd_p + 1.0 h2o2_p + 1.0 nh4_p	1.0 H2O H2O + 1.0 O2 O2 + 1.0 Tyramine = 1.0 4-Hydroxyphenylacetaldehyde + 1.0 Hydrogen peroxide + 1.0 Ammonium	1.0 CHEBI:13352 + 1.0 CHEBI:7860 + 1.0 CHEBI:15760 = 1.0 CHEBI:10899 + 1.0 CHEBI:29192 + 1.0 CHEBI:44284	{'nh4', 'h2o2', 'o2', 'h2o', 'tym', '4hoxpacd'}	tynA	P46883
AGM4PA	N-Acetyl-D-glucosamine(anhydrous)N-Acetylmuramyl-tetrapeptide amidase	Murein Recycling	1.0 anhgm4p_c + 1.0 h2o_c = 1.0 LalaDgluMdapDala_c + 1.0 anhgm_c	1.0 N-Acetyl-D-glucosamine(anhydrous)N-Acetylmuramyl-tetrapeptide + 1.0 H2O H2O = 1.0 L-alanine-D-glutamate-meso-2,6-diaminoheptanedioate-D-alanine + 1.0 N-Acetyl-D-glucosamine(anhydrous)N-Acetylmuramic acid	1.0 Unknown + 1.0 CHEBI:13352 = 1.0 Unknown + 1.0 Unknown	{'LalaDgluMdapDala', 'anhgm', 'anhgm4p', 'h2o'}	ampD	P13016
RNDR3b	Ribonucleoside-diphosphate reductase (CDP) (glutaredoxin)	Nucleotide Salvage Pathway	1.0 cdp_c + 1.0 grxrd_c = 1.0 dcdp_c + 1.0 grxox_c + 1.0 h2o_c	1.0 CDP C9H12N3O11P2 + 1.0 Glutaredoxin (reduced) = 1.0 DCDP C9H12N3O10P2 + 1.0 Glutaredoxin (oxidized) + 1.0 H2O H2O	1.0 CHEBI:41451 + 1.0 Unknown = 1.0 CHEBI:19241 + 1.0 Unknown + 1.0 CHEBI:13352	{'grxox', 'h2o', 'cdp', 'grxrd', 'dcdp'}	grxA, nrdE, nrdF, nrdE, nrdF, grxC, nrdE, nrdF, grxB, nrdE, nrdF, grxD	P68688, P39452, P37146, P0AC62, P0AC59, P0AC69
RNDR4b	Ribonucleoside-diphosphate reductase (UDP) (glutaredoxin)	Nucleotide Salvage Pathway	1.0 grxrd_c + 1.0 udp_c = 1.0 dudp_c + 1.0 grxox_c + 1.0 h2o_c	1.0 Glutaredoxin (reduced) + 1.0 UDP C9H11N2O12P2 = 1.0 DUDP C9H11N2O11P2 + 1.0 Glutaredoxin (oxidized) + 1.0 H2O H2O	1.0 Unknown + 1.0 CHEBI:13445 = 1.0 CHEBI:60471 + 1.0 Unknown + 1.0 CHEBI:13352	{'grxox', 'h2o', 'dudp', 'udp', 'grxrd'}	grxA, nrdE, nrdF, nrdE, nrdF, grxC, nrdE, nrdF, grxD, nrdE, nrdF, grxB	P68688, P39452, P37146, P0AC62, P0AC69, P0AC59
UDPGALPpp	UDPgalactose pyrophosphohydrolase	Alternate Carbon Metabolism	1.0 h2o_p + 1.0 udpgal_p = 1.0 gal1p_p + 2.0 h_p + 1.0 ump_p	1.0 H2O H2O + 1.0 UDPgalactose = 1.0 Alpha-D-Galactose 1-phosphate + 2.0 H+ + 1.0 UMP C9H11N2O9P	1.0 CHEBI:13352 + 1.0 CHEBI:22100 = 1.0 CHEBI:42878 + 2.0 CHEBI:5584 + 1.0 CHEBI:47721	{'udpgal', 'gal1p', 'h2o', 'ump', 'h'}	ushA	P07024
UACGAMPpp	UDP-N-acetyl-D-glucosamine pyrophosphohydrolase (periplasm)	Alternate Carbon Metabolism	1.0 h2o_p + 1.0 uacgam_p = 1.0 acgam1p_p + 2.0 h_p + 1.0 ump_p	1.0 H2O H2O + 1.0 UDP-N-acetyl-D-glucosamine = 1.0 N-Acetyl-D-glucosamine 1-phosphate + 2.0 H+ + 1.0 UMP C9H11N2O9P	1.0 CHEBI:13352 + 1.0 CHEBI:13473 = 1.0 CHEBI:7125 + 2.0 CHEBI:5584 + 1.0 CHEBI:47721	{'acgam1p', 'h2o', 'ump', 'uacgam', 'h'}	ushA	P07024
UACGALPpp	UDP-N-acetyl-D-galactosamine pyrophosphohydrolase (periplasm)	Alternate Carbon Metabolism	1.0 h2o_p + 1.0 udpacgal_p = 1.0 acgal1p_p + 2.0 h_p + 1.0 ump_p	1.0 H2O H2O + 1.0 UDP-N-acetyl-D-galactosamine = 1.0 N-Acetyl-D-galactosamine 1-phosphate + 2.0 H+ + 1.0 UMP C9H11N2O9P	1.0 CHEBI:13352 + 1.0 CHEBI:16650 = 1.0 CHEBI:55404 + 2.0 CHEBI:5584 + 1.0 CHEBI:47721	{'udpacgal', 'h2o', 'acgal1p', 'ump', 'h'}	ushA	P07024
UGLCURPpp	UDP-D-glucuronate pyrophosphohydrolase (periplasm)	Alternate Carbon Metabolism	1.0 h2o_p + 1.0 udpglcur_p = 1.0 glcur1p_p + 2.0 h_p + 1.0 ump_p	1.0 H2O H2O + 1.0 UDP-D-glucuronate = 1.0 D-Glucuronate 1-phosphate + 2.0 H+ + 1.0 UMP C9H11N2O9P	1.0 CHEBI:13352 + 1.0 CHEBI:46309 = 1.0 CHEBI:4179 + 2.0 CHEBI:5584 + 1.0 CHEBI:47721	{'glcur1p', 'h2o', 'udpglcur', 'ump', 'h'}	ushA	P07024
GUR1PPpp	Glucuronate 1-phosphate phosphatase (periplasm)	Alternate Carbon Metabolism	1.0 glcur1p_p + 1.0 h2o_p = 1.0 glcur_p + 1.0 pi_p	1.0 D-Glucuronate 1-phosphate + 1.0 H2O H2O = 1.0 D-Glucuronate + 1.0 Phosphate	1.0 CHEBI:4179 + 1.0 CHEBI:13352 = 1.0 CHEBI:12975 + 1.0 CHEBI:26078	{'glcur', 'pi', 'glcur1p', 'h2o'}	Unknown	Unknown
ACGAL1PPpp	N-acetyl-D-galactosamine 1-phosphatase (periplasm)	Alternate Carbon Metabolism	1.0 acgal1p_p + 1.0 h2o_p = 1.0 acgal_p + 1.0 pi_p	1.0 N-Acetyl-D-galactosamine 1-phosphate + 1.0 H2O H2O = 1.0 N-Acetyl-D-galactosamine + 1.0 Phosphate	1.0 CHEBI:55404 + 1.0 CHEBI:13352 = 1.0 CHEBI:21502 + 1.0 CHEBI:26078	{'acgal1p', 'pi', 'acgal', 'h2o'}	Unknown	Unknown
AM4PCP	Anhydrous-N-Acetylmuramyl-tetrapeptide L,D-carboxypeptidase	Murein Recycling	1.0 anhm4p_c + 1.0 h2o_c = 1.0 ala__D_c + 1.0 anhm3p_c	1.0 1,6-anhydrous-N-Acetylmuramyl-tetrapeptide + 1.0 H2O H2O = 1.0 D-Alanine + 1.0 1,6-anhydrous-N-Acetylmuramyl-tripeptide	1.0 Unknown + 1.0 CHEBI:13352 = 1.0 CHEBI:12899 + 1.0 Unknown	{'ala__D', 'h2o', 'anhm4p', 'anhm3p'}	ldcA	P76008
AM3PA	Anhydrous-N-Acetylmuramyl-tripeptide amidase	Murein Recycling	1.0 anhm3p_c + 1.0 h2o_c = 1.0 LalaDgluMdap_c + 1.0 anhm_c	1.0 1,6-anhydrous-N-Acetylmuramyl-tripeptide + 1.0 H2O H2O = 1.0 L-alanine-D-glutamate-meso-2,6-diaminoheptanedioate + 1.0 1,6-anhydrous-N-Acetylmuramate	1.0 Unknown + 1.0 CHEBI:13352 = 1.0 Unknown + 1.0 Unknown	{'LalaDgluMdap', 'anhm3p', 'anhm', 'h2o'}	ampD	P13016
UM4PCP	UDP-N-acetylmuramoyl-L-alanyl-D-gamma-glutamyl-meso-2,6-diaminopimelate-D-alanine L,D-carboxypeptidase	Murein Recycling	1.0 h2o_c + 1.0 um4p_c = 1.0 ala__D_c + 1.0 ugmd_c	1.0 H2O H2O + 1.0 UDP-N-acetylmuramoyl-L-alanyl-D-gamma-glutamyl-meso-2,6-diaminopimelate-D-alanine = 1.0 D-Alanine + 1.0 UDP-N-acetylmuramoyl-L-alanyl-D-gamma-glutamyl-meso-2,6-diaminopimelate	1.0 CHEBI:13352 + 1.0 Unknown = 1.0 CHEBI:12899 + 1.0 CHEBI:9831	{'ugmd', 'ala__D', 'um4p', 'h2o'}	ldcA	P76008
CBLAT	Cob(I)alamin adenosyltransferase	Cofactor and Prosthetic Group Biosynthesis	1.0 atp_c + 1.0 cbl1_c + 1.0 h_c = 1.0 adocbl_c + 1.0 pppi_c	1.0 ATP C10H12N5O13P3 + 1.0 Cob(I)alamin + 1.0 H+ = 1.0 Adenosylcobalamin + 1.0 Inorganic triphosphate	1.0 CHEBI:15422 + 1.0 CHEBI:60488 + 1.0 CHEBI:5584 = 1.0 Unknown + 1.0 CHEBI:48315	{'atp', 'cbl1', 'adocbl', 'pppi', 'h'}	btuR	P0A9H5
NTRIR4pp	Nitrite Reductase (Menaquinole-8, periplasm)	Nitrogen Metabolism	2.0 h_p + 3.0 mql8_c + 1.0 no2_p = 2.0 h2o_p + 3.0 mqn8_c + 1.0 nh4_p	2.0 H+ + 3.0 Menaquinol 8 + 1.0 Nitrite = 2.0 H2O H2O + 3.0 Menaquinone 8 + 1.0 Ammonium	2.0 CHEBI:5584 + 3.0 CHEBI:61684 + 1.0 CHEBI:16301 = 2.0 CHEBI:13352 + 3.0 CHEBI:44027 + 1.0 CHEBI:44284	{'mqn8', 'nh4', 'h2o', 'mql8', 'no2', 'h'}	nrfA, nrfB, nrfC, nrfD	P0ABK9, P0ABL1, P0AAK7, P32709
NTRIR3pp	Nitrite Reductase (Ubiquinole-8, periplasm)	Nitrogen Metabolism	2.0 h_p + 1.0 no2_p + 3.0 q8h2_c = 2.0 h2o_p + 1.0 nh4_p + 3.0 q8_c	2.0 H+ + 1.0 Nitrite + 3.0 Ubiquinol-8 = 2.0 H2O H2O + 1.0 Ammonium + 3.0 Ubiquinone-8	2.0 CHEBI:5584 + 1.0 CHEBI:16301 + 3.0 CHEBI:61682 = 2.0 CHEBI:13352 + 1.0 CHEBI:44284 + 3.0 CHEBI:61683	{'q8', 'nh4', 'h2o', 'q8h2', 'no2', 'h'}	nrfA, nrfB, nrfC, nrfD	P0ABK9, P0ABL1, P0AAK7, P32709
AGM3PA	N-Acetyl-D-glucosamine(anhydrous)N-Acetylmuramyl-tripeptide amidase	Murein Recycling	1.0 anhgm3p_c + 1.0 h2o_c = 1.0 LalaDgluMdap_c + 1.0 anhgm_c	1.0 N-Acetyl-D-glucosamine(anhydrous)N-Acetylmuramyl-tripeptide + 1.0 H2O H2O = 1.0 L-alanine-D-glutamate-meso-2,6-diaminoheptanedioate + 1.0 N-Acetyl-D-glucosamine(anhydrous)N-Acetylmuramic acid	1.0 Unknown + 1.0 CHEBI:13352 = 1.0 Unknown + 1.0 Unknown	{'LalaDgluMdap', 'anhgm', 'anhgm3p', 'h2o'}	ampD	P13016
ACANTHAT	Acetyl-CoA:anthranilate acetyltransferase	Tyrosine, Tryptophan, and Phenylalanine Metabolism	1.0 accoa_c + 1.0 anth_c = 1.0 acanth_c + 1.0 coa_c	1.0 Acetyl-CoA + 1.0 Anthranilate = 1.0 N-Acetylanthranilate + 1.0 Coenzyme A	1.0 CHEBI:57288 + 1.0 CHEBI:30754 = 1.0 CHEBI:12465 + 1.0 CHEBI:41631	{'coa', 'acanth', 'anth', 'accoa'}	nhoA	P77567
TDP	Thiamin pyrophosphatase	Cofactor and Prosthetic Group Biosynthesis	1.0 h2o_c + 1.0 thmpp_c = 1.0 h_c + 1.0 pi_c + 1.0 thmmp_c	1.0 H2O H2O + 1.0 Thiamine diphosphate = 1.0 H+ + 1.0 Phosphate + 1.0 Thiamin monophosphate	1.0 CHEBI:13352 + 1.0 CHEBI:15229 = 1.0 CHEBI:5584 + 1.0 CHEBI:26078 + 1.0 CHEBI:9533	{'thmpp', 'thmmp', 'h2o', 'pi', 'h'}	nudJ	P0AEI6
3PEPTabcpp	Tripeptide (LalaDgluMdap) transport via ABC system (periplasm)	Murein Recycling	1.0 LalaDgluMdap_p + 1.0 atp_c + 1.0 h2o_c = 1.0 LalaDgluMdap_c + 1.0 adp_c + 1.0 h_c + 1.0 pi_c	1.0 L-alanine-D-glutamate-meso-2,6-diaminoheptanedioate + 1.0 ATP C10H12N5O13P3 + 1.0 H2O H2O = 1.0 L-alanine-D-glutamate-meso-2,6-diaminoheptanedioate + 1.0 ADP C10H12N5O10P2 + 1.0 H+ + 1.0 Phosphate	1.0 Unknown + 1.0 CHEBI:15422 + 1.0 CHEBI:13352 = 1.0 Unknown + 1.0 CHEBI:2342 + 1.0 CHEBI:5584 + 1.0 CHEBI:26078	{'atp', 'adp', 'h2o', 'LalaDgluMdap', 'pi', 'h'}	oppC, oppF, oppB, mppA, oppD, yejA, yejF, yejB, yejE, oppC, oppF, oppD, oppB, oppA	P0AFH6, P77737, P0AFH2, P77348, P76027, P33913, P33916, P0AFU0, P33915, P23843
4PEPTabcpp	Tetrapeptide (LalaDgluMdapDala) transport via ABC system (periplasm)	Murein Recycling	1.0 LalaDgluMdapDala_p + 1.0 atp_c + 1.0 h2o_c = 1.0 LalaDgluMdapDala_c + 1.0 adp_c + 1.0 h_c + 1.0 pi_c	1.0 L-alanine-D-glutamate-meso-2,6-diaminoheptanedioate-D-alanine + 1.0 ATP C10H12N5O13P3 + 1.0 H2O H2O = 1.0 L-alanine-D-glutamate-meso-2,6-diaminoheptanedioate-D-alanine + 1.0 ADP C10H12N5O10P2 + 1.0 H+ + 1.0 Phosphate	1.0 Unknown + 1.0 CHEBI:15422 + 1.0 CHEBI:13352 = 1.0 Unknown + 1.0 CHEBI:2342 + 1.0 CHEBI:5584 + 1.0 CHEBI:26078	{'atp', 'adp', 'h2o', 'LalaDgluMdapDala', 'pi', 'h'}	oppA, oppF, oppB, oppC, oppD, yejA, yejF, yejB, yejE	P23843, P77737, P0AFH2, P0AFH6, P76027, P33913, P33916, P0AFU0, P33915
EX_tym_e	Tyramine exchange	Extracellular exchange	1.0 tym_e = 	1.0 Tyramine = 	1.0 CHEBI:15760 = 	{'tym'}	Unknown	Unknown
AGM3Pt2pp	GlcNAc-anhMurNAc tripeptide transport in via proton symport (periplasm)	Murein Recycling	1.0 anhgm3p_p + 1.0 h_p = 1.0 anhgm3p_c + 1.0 h_c	1.0 N-Acetyl-D-glucosamine(anhydrous)N-Acetylmuramyl-tripeptide + 1.0 H+ = 1.0 N-Acetyl-D-glucosamine(anhydrous)N-Acetylmuramyl-tripeptide + 1.0 H+	1.0 Unknown + 1.0 CHEBI:5584 = 1.0 Unknown + 1.0 CHEBI:5584	{'anhgm3p', 'h'}	ampG	P0AE16
AGM4Pt2pp	GlcNAc-anhMurNAc tetrapeptide transport in via proton symport (periplasm)	Murein Recycling	1.0 anhgm4p_p + 1.0 h_p = 1.0 anhgm4p_c + 1.0 h_c	1.0 N-Acetyl-D-glucosamine(anhydrous)N-Acetylmuramyl-tetrapeptide + 1.0 H+ = 1.0 N-Acetyl-D-glucosamine(anhydrous)N-Acetylmuramyl-tetrapeptide + 1.0 H+	1.0 Unknown + 1.0 CHEBI:5584 = 1.0 Unknown + 1.0 CHEBI:5584	{'anhgm4p', 'h'}	ampG	P0AE16
AGMt2pp	GlcNAc-anhMurNAc transport in via proton symport (periplasm)	Murein Recycling	1.0 anhgm_p + 1.0 h_p = 1.0 anhgm_c + 1.0 h_c	1.0 N-Acetyl-D-glucosamine(anhydrous)N-Acetylmuramic acid + 1.0 H+ = 1.0 N-Acetyl-D-glucosamine(anhydrous)N-Acetylmuramic acid + 1.0 H+	1.0 Unknown + 1.0 CHEBI:5584 = 1.0 Unknown + 1.0 CHEBI:5584	{'anhgm', 'h'}	ampG	P0AE16
METSOXR1	L-methionine-S-oxide reductase	Methionine Metabolism	1.0 metsox_S__L_c + 1.0 trdrd_c = 1.0 h2o_c + 1.0 met__L_c + 1.0 trdox_c	1.0 L-Methionine Sulfoxide + 1.0 Reduced thioredoxin = 1.0 H2O H2O + 1.0 L-Methionine + 1.0 Oxidized thioredoxin	1.0 CHEBI:6272 + 1.0 CHEBI:15033 = 1.0 CHEBI:13352 + 1.0 CHEBI:32644 + 1.0 CHEBI:14726	{'met__L', 'h2o', 'trdrd', 'trdox', 'metsox_S__L'}	trxC, msrA, trxA, msrA, bisC, trxC, bisC, trxA	P0AGG4, P0A744, P0AA25, P20099
METSOXR2	L-methionine-R-sulfoxide reductase	Methionine Metabolism	1.0 metsox_R__L_c + 1.0 trdrd_c = 1.0 h2o_c + 1.0 met__L_c + 1.0 trdox_c	1.0 L-methionine-R-sulfoxide + 1.0 Reduced thioredoxin = 1.0 H2O H2O + 1.0 L-Methionine + 1.0 Oxidized thioredoxin	1.0 CHEBI:49032 + 1.0 CHEBI:15033 = 1.0 CHEBI:13352 + 1.0 CHEBI:32644 + 1.0 CHEBI:14726	{'met__L', 'h2o', 'trdrd', 'trdox', 'metsox_R__L'}	trxC, msrB, trxA, msrB, msrC, trxA, msrC, trxC	P0AGG4, P0A746, P0AA25, P76270
DAPAL	2,3-diaminopropionate amonnia lyase	Alternate Carbon Metabolism	1.0 23dappa_c + 1.0 h2o_c = 2.0 nh4_c + 1.0 pyr_c	1.0 2,3-diaminopropionate + 1.0 H2O H2O = 2.0 Ammonium + 1.0 Pyruvate	1.0 CHEBI:19309 + 1.0 CHEBI:13352 = 2.0 CHEBI:44284 + 1.0 CHEBI:26462	{'pyr', '23dappa', 'nh4', 'h2o'}	ygeX	P66899
AMPTASECG	Alanyl aminopeptidase (cys-gly)	Cysteine Metabolism	1.0 cgly_c + 1.0 h2o_c = 1.0 cys__L_c + 1.0 gly_c	1.0 Cys Gly C5H10N2O3S + 1.0 H2O H2O = 1.0 L-Cysteine + 1.0 Glycine	1.0 CHEBI:61694 + 1.0 CHEBI:13352 = 1.0 CHEBI:32457 + 1.0 CHEBI:32508	{'cgly', 'gly', 'cys__L', 'h2o'}	pepN, pepA, pepB, pepD	P04825, P68767, P37095, P15288
EX_imp_e	IMP exchange	Extracellular exchange	1.0 imp_e = 	1.0 IMP C10H11N4O8P = 	1.0 CHEBI:43524 = 	{'imp'}	Unknown	Unknown
LACZpp	B-galactosidase	Alternate Carbon Metabolism	1.0 h2o_p + 1.0 lcts_p = 1.0 gal_p + 1.0 glc__D_p	1.0 H2O H2O + 1.0 Lactose C12H22O11 = 1.0 D-Galactose + 1.0 D-Glucose	1.0 CHEBI:13352 + 1.0 CHEBI:14497 = 1.0 CHEBI:12936 + 1.0 CHEBI:12965	{'lcts', 'glc__D', 'gal', 'h2o'}	bglX	P33363
GPDDA1pp	Glycerophosphodiester phosphodiesterase (Glycerophosphocholine)	Glycerophospholipid Metabolism	1.0 g3pc_p + 1.0 h2o_p = 1.0 chol_p + 1.0 glyc3p_p + 1.0 h_p	1.0 Sn-Glycero-3-phosphocholine + 1.0 H2O H2O = 1.0 Choline C5H14NO + 1.0 Glycerol 3-phosphate + 1.0 H+	1.0 CHEBI:55397 + 1.0 CHEBI:13352 = 1.0 CHEBI:41524 + 1.0 CHEBI:12843 + 1.0 CHEBI:5584	{'h2o', 'chol', 'glyc3p', 'g3pc', 'h'}	glpQ	P09394
GPDDA5pp	Glycerophosphodiester phosphodiesterase (Glycerophosphoinositol)	Glycerophospholipid Metabolism	1.0 g3pi_p + 1.0 h2o_p = 1.0 glyc3p_p + 1.0 h_p + 1.0 inost_p	1.0 Sn-Glycero-3-phospho-1-inositol + 1.0 H2O H2O = 1.0 Glycerol 3-phosphate + 1.0 H+ + 1.0 Myo-Inositol	1.0 CHEBI:26695 + 1.0 CHEBI:13352 = 1.0 CHEBI:12843 + 1.0 CHEBI:5584 + 1.0 CHEBI:4200	{'h2o', 'g3pi', 'glyc3p', 'inost', 'h'}	glpQ	P09394
PTHRpp	Phospho-L-threonine phosphatase (periplasmic)	Threonine and Lysine Metabolism	1.0 h2o_p + 1.0 thrp_p = 1.0 pi_p + 1.0 thr__L_p	1.0 H2O H2O + 1.0 L-Threonine O-3-phosphate = 1.0 Phosphate + 1.0 L-Threonine	1.0 CHEBI:13352 + 1.0 CHEBI:58675 = 1.0 CHEBI:26078 + 1.0 CHEBI:16857	{'thrp', 'thr__L', 'pi', 'h2o'}	aphA, phoA	P0AE22, P00634
FLVR	Flavin reductase	Cofactor and Prosthetic Group Biosynthesis	1.0 h_c + 1.0 nadph_c + 1.0 ribflv_c = 1.0 nadp_c + 1.0 rbflvrd_c	1.0 H+ + 1.0 Nicotinamide adenine dinucleotide phosphate - reduced + 1.0 Riboflavin C17H20N4O6 = 1.0 Nicotinamide adenine dinucleotide phosphate + 1.0 Reduced riboflavin	1.0 CHEBI:5584 + 1.0 CHEBI:16474 + 1.0 CHEBI:57986 = 1.0 CHEBI:29868 + 1.0 CHEBI:26527	{'nadp', 'ribflv', 'nadph', 'rbflvrd', 'h'}	fre, cysJ, cysI	P0AEN1, P38038, P17846
LALGP	L-alanyl-gamma-L-glutamate peptidase	Murein Recycling	1.0 LalaLglu_c + 1.0 h2o_c = 1.0 ala__L_c + 1.0 glu__L_c	1.0 L-alanine-L-glutamate + 1.0 H2O H2O = 1.0 L-Alanine + 1.0 L-Glutamate	1.0 CHEBI:61396 + 1.0 CHEBI:13352 = 1.0 CHEBI:21216 + 1.0 CHEBI:76051	{'ala__L', 'glu__L', 'LalaLglu', 'h2o'}	pepD	P15288
AGM4PApp	N-Acetyl-D-glucosamine(anhydrous)N-Acetylmuramyl-tetrapeptide amidase (periplasm)	Murein Recycling	1.0 anhgm4p_p + 1.0 h2o_p = 1.0 LalaDgluMdapDala_p + 1.0 anhgm_p	1.0 N-Acetyl-D-glucosamine(anhydrous)N-Acetylmuramyl-tetrapeptide + 1.0 H2O H2O = 1.0 L-alanine-D-glutamate-meso-2,6-diaminoheptanedioate-D-alanine + 1.0 N-Acetyl-D-glucosamine(anhydrous)N-Acetylmuramic acid	1.0 Unknown + 1.0 CHEBI:13352 = 1.0 Unknown + 1.0 Unknown	{'LalaDgluMdapDala', 'anhgm', 'anhgm4p', 'h2o'}	amiC, amiB, amiA, amiD	P63883, P26365, P36548, P75820
ARABDI	L-fucose isomerase	Alternate Carbon Metabolism	1.0 arab__D_c = 1.0 rbl__D_c	1.0 D Arabinose C5H10O5 = 1.0 D-Ribulose	1.0 CHEBI:46994 = 1.0 CHEBI:17173	{'rbl__D', 'arab__D'}	fucI	P69922
R5PPpp	Ribose 5-phosphate phosphatase	Alternate Carbon Metabolism	1.0 h2o_p + 1.0 r5p_p = 1.0 pi_p + 1.0 rib__D_p	1.0 H2O H2O + 1.0 Alpha-D-Ribose 5-phosphate = 1.0 Phosphate + 1.0 D-Ribose	1.0 CHEBI:13352 + 1.0 CHEBI:18189 = 1.0 CHEBI:26078 + 1.0 CHEBI:13011	{'r5p', 'pi', 'rib__D', 'h2o'}	aphA, phoA	P0AE22, P00634
PSP_Lpp	Phospho-L-serine phosphatase (periplasmic)	Glycine and Serine Metabolism	1.0 h2o_p + 1.0 pser__L_p = 1.0 pi_p + 1.0 ser__L_p	1.0 H2O H2O + 1.0 O-Phospho-L-serine = 1.0 Phosphate + 1.0 L-Serine	1.0 CHEBI:13352 + 1.0 CHEBI:57524 = 1.0 CHEBI:26078 + 1.0 CHEBI:32845	{'pser__L', 'ser__L', 'pi', 'h2o'}	aphA, phoA	P0AE22, P00634
TYRPpp	Phospho-L-tyrosine phosphatase (periplasmic)	Tyrosine, Tryptophan, and Phenylalanine Metabolism	1.0 h2o_p + 1.0 tyrp_p = 1.0 pi_p + 1.0 tyr__L_p	1.0 H2O H2O + 1.0 Phosphotyrosine = 1.0 Phosphate + 1.0 L-Tyrosine	1.0 CHEBI:13352 + 1.0 CHEBI:45080 = 1.0 CHEBI:26078 + 1.0 CHEBI:6313	{'tyr__L', 'tyrp', 'pi', 'h2o'}	aphA	P0AE22
R1PK	Ribose 1-phosphokinase	Alternate Carbon Metabolism	1.0 atp_c + 1.0 r1p_c = 1.0 adp_c + 1.0 h_c + 1.0 r15bp_c	1.0 ATP C10H12N5O13P3 + 1.0 Alpha-D-Ribose 1-phosphate = 1.0 ADP C10H12N5O10P2 + 1.0 H+ + 1.0 D-Ribose 1,5-bisphosphate	1.0 CHEBI:15422 + 1.0 CHEBI:16300 = 1.0 CHEBI:2342 + 1.0 CHEBI:5584 + 1.0 CHEBI:17994	{'atp', 'r15bp', 'adp', 'r1p', 'h'}	Unknown	Unknown
PAPSR2	Phosphoadenylyl-sulfate reductase (glutaredoxin)	Cysteine Metabolism	1.0 grxrd_c + 1.0 paps_c = 1.0 grxox_c + 2.0 h_c + 1.0 pap_c + 1.0 so3_c	1.0 Glutaredoxin (reduced) + 1.0 3'-Phosphoadenylyl sulfate = 1.0 Glutaredoxin (oxidized) + 2.0 H+ + 1.0 Adenosine 3',5'-bisphosphate + 1.0 Sulfite	1.0 Unknown + 1.0 CHEBI:17980 = 1.0 Unknown + 2.0 CHEBI:5584 + 1.0 CHEBI:17985 + 1.0 CHEBI:15139	{'so3', 'grxox', 'grxrd', 'pap', 'paps', 'h'}	grxC, cysH, grxA, cysH, grxB, cysH, grxD, cysH	P0AC62, P17854, P68688, P0AC59, P0AC69
GRXR	Glutaredoxin reductase	Unassigned	1.0 grxox_c + 2.0 gthrd_c = 1.0 grxrd_c + 1.0 gthox_c	1.0 Glutaredoxin (oxidized) + 2.0 Reduced glutathione = 1.0 Glutaredoxin (reduced) + 1.0 Oxidized glutathione	1.0 Unknown + 2.0 CHEBI:43049 = 1.0 Unknown + 1.0 CHEBI:42832	{'grxox', 'gthox', 'grxrd', 'gthrd'}	grxB, grxC, grxD, grxA	P0AC59, P0AC62, P0AC69, P68688
RNDR1b	Ribonucleoside-diphosphate reductase (ADP) (glutaredoxin)	Nucleotide Salvage Pathway	1.0 adp_c + 1.0 grxrd_c = 1.0 dadp_c + 1.0 grxox_c + 1.0 h2o_c	1.0 ADP C10H12N5O10P2 + 1.0 Glutaredoxin (reduced) = 1.0 DADP C10H12N5O9P2 + 1.0 Glutaredoxin (oxidized) + 1.0 H2O H2O	1.0 CHEBI:2342 + 1.0 Unknown = 1.0 CHEBI:10489 + 1.0 Unknown + 1.0 CHEBI:13352	{'dadp', 'grxox', 'adp', 'h2o', 'grxrd'}	nrdE, nrdF, grxB, nrdE, nrdF, grxC, grxA, nrdE, nrdF, nrdE, nrdF, grxD	P39452, P37146, P0AC59, P0AC62, P68688, P0AC69
R15BPK	Ribose-1,5-bisphosphokinase	Alternate Carbon Metabolism	1.0 atp_c + 1.0 r15bp_c = 1.0 adp_c + 1.0 prpp_c	1.0 ATP C10H12N5O13P3 + 1.0 D-Ribose 1,5-bisphosphate = 1.0 ADP C10H12N5O10P2 + 1.0 5-Phospho-alpha-D-ribose 1-diphosphate	1.0 CHEBI:15422 + 1.0 CHEBI:17994 = 1.0 CHEBI:2342 + 1.0 CHEBI:2121	{'prpp', 'atp', 'r15bp', 'adp'}	phnN	P16690
RNDR2b	Ribonucleoside-diphosphate reductase (GDP) (glutaredoxin)	Nucleotide Salvage Pathway	1.0 gdp_c + 1.0 grxrd_c = 1.0 dgdp_c + 1.0 grxox_c + 1.0 h2o_c	1.0 GDP C10H12N5O11P2 + 1.0 Glutaredoxin (reduced) = 1.0 DGDP C10H12N5O10P2 + 1.0 Glutaredoxin (oxidized) + 1.0 H2O H2O	1.0 CHEBI:5212 + 1.0 Unknown = 1.0 CHEBI:58595 + 1.0 Unknown + 1.0 CHEBI:13352	{'gdp', 'grxox', 'h2o', 'dgdp', 'grxrd'}	grxA, nrdE, nrdF, nrdE, nrdF, grxB, nrdE, nrdF, grxD, nrdE, nrdF, grxC	P68688, P39452, P37146, P0AC59, P0AC69, P0AC62
FACOAE181	Fatty-acid-CoA thioesterase (octadecenoate)	Cell Envelope Biosynthesis	1.0 h2o_c + 1.0 odecoa_c = 1.0 coa_c + 1.0 h_c + 1.0 ocdcea_c	1.0 H2O H2O + 1.0 Octadecenoyl-CoA (n-C18:1CoA) = 1.0 Coenzyme A + 1.0 H+ + 1.0 Octadecenoate (n-C18:1)	1.0 CHEBI:13352 + 1.0 Unknown = 1.0 CHEBI:41631 + 1.0 CHEBI:5584 + 1.0 CHEBI:30823	{'ocdcea', 'coa', 'h2o', 'odecoa', 'h'}	tesB	P0AGG2
FACOAE160	Fatty-acid-CoA thioesterase (hexadecanoate)	Cell Envelope Biosynthesis	1.0 h2o_c + 1.0 pmtcoa_c = 1.0 coa_c + 1.0 h_c + 1.0 hdca_c	1.0 H2O H2O + 1.0 Palmitoyl-CoA (n-C16:0CoA) = 1.0 Coenzyme A + 1.0 H+ + 1.0 Hexadecanoate (n-C16:0)	1.0 CHEBI:13352 + 1.0 CHEBI:14397 = 1.0 CHEBI:41631 + 1.0 CHEBI:5584 + 1.0 CHEBI:7896	{'hdca', 'coa', 'h2o', 'pmtcoa', 'h'}	tesB	P0AGG2
FACOAE140	Fatty-acid-CoA thioesterase (tetradecanoate)	Cell Envelope Biosynthesis	1.0 h2o_c + 1.0 tdcoa_c = 1.0 coa_c + 1.0 h_c + 1.0 ttdca_c	1.0 H2O H2O + 1.0 Tetradecanoyl-CoA (n-C14:0CoA) = 1.0 Coenzyme A + 1.0 H+ + 1.0 Tetradecanoate (n-C14:0)	1.0 CHEBI:13352 + 1.0 CHEBI:15532 = 1.0 CHEBI:41631 + 1.0 CHEBI:5584 + 1.0 Unknown	{'coa', 'ttdca', 'tdcoa', 'h2o', 'h'}	tesB	P0AGG2
AAMYL	Alpha-amylase	Alternate Carbon Metabolism	1.0 14glucan_c = 1.0 malthx_c	1.0 1,4-alpha-D-glucan = 1.0 Maltohexaose	1.0 Unknown = 1.0 CHEBI:61953	{'malthx', '14glucan'}	amyA	P26612
AAMYLpp	Alpha-amylase (periplasm)	Alternate Carbon Metabolism	1.0 14glucan_p = 1.0 malthx_p	1.0 1,4-alpha-D-glucan = 1.0 Maltohexaose	1.0 Unknown = 1.0 CHEBI:61953	{'malthx', '14glucan'}	malS	P25718
FACOAL80t2pp	Fatty-acid-CoA ligase (octanoate transport via vectoral Co-A coupling)	Cell Envelope Biosynthesis	1.0 atp_c + 1.0 coa_c + 1.0 h_p + 1.0 octa_p = 1.0 amp_c + 1.0 h_c + 1.0 occoa_c + 1.0 ppi_c	1.0 ATP C10H12N5O13P3 + 1.0 Coenzyme A + 1.0 H+ + 1.0 Octanoate (n-C8:0) = 1.0 AMP C10H12N5O7P + 1.0 H+ + 1.0 Octanoyl-CoA (n-C8:0CoA) + 1.0 Diphosphate	1.0 CHEBI:15422 + 1.0 CHEBI:41631 + 1.0 CHEBI:5584 + 1.0 CHEBI:25648 = 1.0 CHEBI:13736 + 1.0 CHEBI:5584 + 1.0 CHEBI:41542 + 1.0 CHEBI:45212	{'atp', 'coa', 'occoa', 'ppi', 'octa', 'amp', 'h'}	fadD, fadK	P69451, P38135
PPGPPDP	Guanosine-3',5'-bis(diphosphate) 3'-diphosphatase	Cofactor and Prosthetic Group Biosynthesis	1.0 h2o_c + 1.0 ppgpp_c = 1.0 gdp_c + 1.0 ppi_c	1.0 H2O H2O + 1.0 Guanosine 3',5'-bis(diphosphate) = 1.0 GDP C10H12N5O11P2 + 1.0 Diphosphate	1.0 CHEBI:13352 + 1.0 CHEBI:58215 = 1.0 CHEBI:5212 + 1.0 CHEBI:45212	{'ppgpp', 'ppi', 'gdp', 'h2o'}	spoT	P0AG24
GUACYC	Guanylate cyclase	Nucleotide Salvage Pathway	1.0 gtp_c = 1.0 35cgmp_c + 1.0 ppi_c	1.0 GTP C10H12N5O14P3 = 1.0 3',5'-Cyclic GMP + 1.0 Diphosphate	1.0 CHEBI:37565 = 1.0 CHEBI:57746 + 1.0 CHEBI:45212	{'gtp', '35cgmp', 'ppi'}	Unknown	Unknown
EX_fe3hox_un_e	Fe(III)hydoxamate, unloaded exchange	Extracellular exchange	1.0 fe3hox_un_e = 	1.0 Fe(III)hydoxamate, unloaded = 	1.0 Unknown = 	{'fe3hox_un'}	Unknown	Unknown
GGPTRCS	Gamma glutamyl putrescine synthase	Alternate Carbon Metabolism	1.0 atp_c + 1.0 glu__L_c + 1.0 ptrc_c = 1.0 adp_c + 1.0 ggptrc_c + 1.0 h_c + 1.0 pi_c	1.0 ATP C10H12N5O13P3 + 1.0 L-Glutamate + 1.0 Putrescine = 1.0 ADP C10H12N5O10P2 + 1.0 Gamma-glutamyl-putrescine + 1.0 H+ + 1.0 Phosphate	1.0 CHEBI:15422 + 1.0 CHEBI:76051 + 1.0 CHEBI:8650 = 1.0 CHEBI:2342 + 1.0 CHEBI:48006 + 1.0 CHEBI:5584 + 1.0 CHEBI:26078	{'atp', 'ggptrc', 'adp', 'glu__L', 'pi', 'ptrc', 'h'}	puuA	P78061
EX_23dappa_e	2,3-diaminopropionate exchange	Extracellular exchange	1.0 23dappa_e = 	1.0 2,3-diaminopropionate = 	1.0 CHEBI:19309 = 	{'23dappa'}	Unknown	Unknown
23PDE2pp	2',3'-cyclic-nucleotide phosphodiesterase (UMP) (periplasm)	Nucleotide Salvage Pathway	1.0 23cump_p + 1.0 h2o_p = 1.0 3ump_p + 1.0 h_p	1.0 2',3'-Cyclic UMP + 1.0 H2O H2O = 1.0 3  UMP C9H11N2O9P + 1.0 H+	1.0 CHEBI:28637 + 1.0 CHEBI:13352 = 1.0 CHEBI:1361 + 1.0 CHEBI:5584	{'h', '23cump', '3ump', 'h2o'}	cpdB	P08331
23PDE4pp	2',3'-cyclic-nucleotide phosphodiesterase (CMP) (periplasm)	Nucleotide Salvage Pathway	1.0 23ccmp_p + 1.0 h2o_p = 1.0 3cmp_p + 1.0 h_p	1.0 2',3'-Cyclic CMP + 1.0 H2O H2O = 1.0 3  CMP C9H12N3O8P + 1.0 H+	1.0 CHEBI:824 + 1.0 CHEBI:13352 = 1.0 CHEBI:28929 + 1.0 CHEBI:5584	{'h', '3cmp', '23ccmp', 'h2o'}	cpdB	P08331
23PDE9pp	2',3'-cyclic-nucleotide phosphodiesterase (GMP) (periplasm)	Nucleotide Salvage Pathway	1.0 23cgmp_p + 1.0 h2o_p = 1.0 3gmp_p + 1.0 h_p	1.0 2',3'-Cyclic GMP + 1.0 H2O H2O = 1.0 Guanosine 3  phosphate C10H12N5O8P + 1.0 H+	1.0 CHEBI:28181 + 1.0 CHEBI:13352 = 1.0 CHEBI:5567 + 1.0 CHEBI:5584	{'h', '3gmp', '23cgmp', 'h2o'}	cpdB	P08331
ATPHs	ATP amine hydrolysis (spontaneous)	Nucleotide Salvage Pathway	1.0 atp_c + 1.0 h2o_c + 1.0 h_c = 1.0 itp_c + 1.0 nh4_c	1.0 ATP C10H12N5O13P3 + 1.0 H2O H2O + 1.0 H+ = 1.0 ITP C10H11N4O14P3 + 1.0 Ammonium	1.0 CHEBI:15422 + 1.0 CHEBI:13352 + 1.0 CHEBI:5584 = 1.0 CHEBI:43508 + 1.0 CHEBI:44284	{'atp', 'nh4', 'h2o', 'itp', 'h'}		Unknown
SARCOX	Sarcosine oxidase	Glycine and Serine Metabolism	1.0 h2o_c + 1.0 o2_c + 1.0 sarcs_c = 1.0 fald_c + 1.0 gly_c + 1.0 h2o2_c	1.0 H2O H2O + 1.0 O2 O2 + 1.0 Sarcosine C3H7NO2 = 1.0 Formaldehyde + 1.0 Glycine + 1.0 Hydrogen peroxide	1.0 CHEBI:13352 + 1.0 CHEBI:7860 + 1.0 CHEBI:46915 = 1.0 CHEBI:16842 + 1.0 CHEBI:32508 + 1.0 CHEBI:29192	{'h2o2', 'o2', 'h2o', 'gly', 'sarcs', 'fald'}	solA	P40874
GTPHs	GTP amine hydrolysis (spontaneous)	Nucleotide Salvage Pathway	1.0 gtp_c + 1.0 h2o_c + 1.0 h_c = 1.0 nh4_c + 1.0 xtp_c	1.0 GTP C10H12N5O14P3 + 1.0 H2O H2O + 1.0 H+ = 1.0 Ammonium + 1.0 XTP	1.0 CHEBI:37565 + 1.0 CHEBI:13352 + 1.0 CHEBI:5584 = 1.0 CHEBI:44284 + 1.0 CHEBI:61314	{'nh4', 'h2o', 'gtp', 'xtp', 'h'}		Unknown
MN6PP	Mannose 6-phosphate phosphatase	Alternate Carbon Metabolism	1.0 h2o_c + 1.0 man6p_c = 1.0 man_c + 1.0 pi_c	1.0 H2O H2O + 1.0 D-Mannose 6-phosphate = 1.0 D-Mannose + 1.0 Phosphate	1.0 CHEBI:13352 + 1.0 CHEBI:58735 = 1.0 CHEBI:4208 + 1.0 CHEBI:26078	{'man6p', 'pi', 'man', 'h2o'}	ybiV, yniC, yidA, yigL	P75792, P77247, P0A8Y5, P27848
3KGK	3-keto-L-gulonate kinase	Alternate Carbon Metabolism	1.0 3dhguln_c + 1.0 atp_c = 1.0 3dhgulnp_c + 1.0 adp_c + 1.0 h_c	1.0 3-Dehydro-L-gulonate + 1.0 ATP C10H12N5O13P3 = 1.0 3-keto-L-gulonate-6-phosphate + 1.0 ADP C10H12N5O10P2 + 1.0 H+	1.0 CHEBI:16142 + 1.0 CHEBI:15422 = 1.0 CHEBI:58774 + 1.0 CHEBI:2342 + 1.0 CHEBI:5584	{'3dhgulnp', 'atp', 'adp', '3dhguln', 'h'}	lyxK	P37677
EX_cd2_e	Cadmium exchange	Extracellular exchange	1.0 cd2_e = 	1.0 Cadmium = 	1.0 CHEBI:48773 = 	{'cd2'}	Unknown	Unknown
F6PP	D-fructose 6-phosphate phosphatase	Alternate Carbon Metabolism	1.0 f6p_c + 1.0 h2o_c = 1.0 fru_c + 1.0 pi_c	1.0 D-Fructose 6-phosphate + 1.0 H2O H2O = 1.0 D-Fructose + 1.0 Phosphate	1.0 CHEBI:16084 + 1.0 CHEBI:13352 = 1.0 CHEBI:47424 + 1.0 CHEBI:26078	{'fru', 'pi', 'f6p', 'h2o'}	ybiV, yidA, yqaB, yfbT, yigL	P75792, P0A8Y5, P77475, P77625, P27848
FRULYSDG	Fructoselysine phosphate deglycase	Alternate Carbon Metabolism	1.0 frulysp_c + 1.0 h2o_c = 1.0 g6p_c + 1.0 lys__L_c	1.0 Fructoselysine Phosphate + 1.0 H2O H2O = 1.0 D-Glucose 6-phosphate + 1.0 L-Lysine	1.0 Unknown + 1.0 CHEBI:13352 = 1.0 CHEBI:61548 + 1.0 CHEBI:6264	{'lys__L', 'frulysp', 'g6p', 'h2o'}	frlB	P0AC00
GDPMNH	GDP-mannose mannosyl hydrolase	Cell Envelope Biosynthesis	1.0 gdpmann_c + 1.0 h2o_c = 1.0 gdp_c + 1.0 h_c + 1.0 man_c	1.0 GDP-D-mannose + 1.0 H2O H2O = 1.0 GDP C10H12N5O11P2 + 1.0 H+ + 1.0 D-Mannose	1.0 CHEBI:13328 + 1.0 CHEBI:13352 = 1.0 CHEBI:5212 + 1.0 CHEBI:5584 + 1.0 CHEBI:4208	{'gdp', 'man', 'h2o', 'gdpmann', 'h'}	wcaH	P32056
FACOAL60t2pp	Fatty-acid-CoA ligase (hexanoate transport via vectoral Co-A coupling)	Cell Envelope Biosynthesis	1.0 atp_c + 1.0 coa_c + 1.0 h_p + 1.0 hxa_p = 1.0 amp_c + 1.0 h_c + 1.0 hxcoa_c + 1.0 ppi_c	1.0 ATP C10H12N5O13P3 + 1.0 Coenzyme A + 1.0 H+ + 1.0 Hexanoate (n-C6:0) = 1.0 AMP C10H12N5O7P + 1.0 H+ + 1.0 Hexanoyl-CoA (n-C6:0CoA) + 1.0 Diphosphate	1.0 CHEBI:15422 + 1.0 CHEBI:41631 + 1.0 CHEBI:5584 + 1.0 CHEBI:14398 = 1.0 CHEBI:13736 + 1.0 CHEBI:5584 + 1.0 Unknown + 1.0 CHEBI:45212	{'atp', 'coa', 'hxcoa', 'ppi', 'hxa', 'amp', 'h'}	fadD, fadK	P69451, P38135
GDPDPK	GDP diphosphokinase	Cofactor and Prosthetic Group Biosynthesis	1.0 atp_c + 1.0 gdp_c = 1.0 amp_c + 1.0 h_c + 1.0 ppgpp_c	1.0 ATP C10H12N5O13P3 + 1.0 GDP C10H12N5O11P2 = 1.0 AMP C10H12N5O7P + 1.0 H+ + 1.0 Guanosine 3',5'-bis(diphosphate)	1.0 CHEBI:15422 + 1.0 CHEBI:5212 = 1.0 CHEBI:13736 + 1.0 CHEBI:5584 + 1.0 CHEBI:58215	{'atp', 'gdp', 'ppgpp', 'amp', 'h'}	relA, spoT	P0AG20, P0AG24
ASNNpp	L-asparaginase	Alanine and Aspartate Metabolism	1.0 asn__L_p + 1.0 h2o_p = 1.0 asp__L_p + 1.0 nh4_p	1.0 L-Asparagine + 1.0 H2O H2O = 1.0 L-Aspartate + 1.0 Ammonium	1.0 CHEBI:6191 + 1.0 CHEBI:13352 = 1.0 CHEBI:17053 + 1.0 CHEBI:44284	{'asn__L', 'asp__L', 'nh4', 'h2o'}	ansB	P00805
GLUNpp	Glutaminase	Glutamate Metabolism	1.0 gln__L_p + 1.0 h2o_p = 1.0 glu__L_p + 1.0 nh4_p	1.0 L-Glutamine + 1.0 H2O H2O = 1.0 L-Glutamate + 1.0 Ammonium	1.0 CHEBI:42943 + 1.0 CHEBI:13352 = 1.0 CHEBI:76051 + 1.0 CHEBI:44284	{'gln__L', 'glu__L', 'nh4', 'h2o'}	ansB	P00805
NTD12	5'-nucleotidase (dIMP)	Nucleotide Salvage Pathway	1.0 dimp_c + 1.0 h2o_c = 1.0 din_c + 1.0 pi_c	1.0 DIMP C10H12N4O7P + 1.0 H2O H2O = 1.0 Deoxyinosine + 1.0 Phosphate	1.0 CHEBI:41998 + 1.0 CHEBI:13352 = 1.0 CHEBI:43437 + 1.0 CHEBI:26078	{'pi', 'din', 'h2o', 'dimp'}	umpG, yfbR, yrfG, yfdR	P0A840, P76491, P64636, P76514
EX_enter_e	Enterochelin exchange	Extracellular exchange	1.0 enter_e = 	1.0 Enterochelin = 	1.0 CHEBI:4799 = 	{'enter'}	Unknown	Unknown
EX_fecrm_un_e	Ferrichrome minus Fe(III) exchange	Extracellular exchange	1.0 fecrm_un_e = 	1.0 Ferrichrome minus Fe(III) = 	1.0 Unknown = 	{'fecrm_un'}	Unknown	Unknown
EX_cgly_e	Cys-Gly exchange	Extracellular exchange	1.0 cgly_e = 	1.0 Cys Gly C5H10N2O3S = 	1.0 CHEBI:61694 = 	{'cgly'}	Unknown	Unknown
NTD10pp	5'-nucleotidase (XMP)	Nucleotide Salvage Pathway	1.0 h2o_p + 1.0 xmp_p = 1.0 pi_p + 1.0 xtsn_p	1.0 H2O H2O + 1.0 Xanthosine 5'-phosphate = 1.0 Phosphate + 1.0 Xanthosine	1.0 CHEBI:13352 + 1.0 CHEBI:10938 = 1.0 CHEBI:26078 + 1.0 CHEBI:15323	{'xmp', 'xtsn', 'pi', 'h2o'}	aphA, ushA	P0AE22, P07024
NTD1pp	5'-nucleotidase (dUMP)	Nucleotide Salvage Pathway	1.0 dump_p + 1.0 h2o_p = 1.0 duri_p + 1.0 pi_p	1.0 DUMP C9H11N2O8P + 1.0 H2O H2O = 1.0 Deoxyuridine + 1.0 Phosphate	1.0 CHEBI:19263 + 1.0 CHEBI:13352 = 1.0 CHEBI:46293 + 1.0 CHEBI:26078	{'duri', 'pi', 'dump', 'h2o'}	ushA, aphA	P07024, P0AE22
EX_chtbs_e	Chitobiose exchange	Extracellular exchange	1.0 chtbs_e = 	1.0 N,N'-diacetylchitobiose = 	1.0 Unknown = 	{'chtbs'}	Unknown	Unknown
EX_gmp_e	GMP exchange	Extracellular exchange	1.0 gmp_e = 	1.0 GMP C10H12N5O8P = 	1.0 CHEBI:24449 = 	{'gmp'}	Unknown	Unknown
NTD2pp	5'-nucleotidase (UMP)	Nucleotide Salvage Pathway	1.0 h2o_p + 1.0 ump_p = 1.0 pi_p + 1.0 uri_p	1.0 H2O H2O + 1.0 UMP C9H11N2O9P = 1.0 Phosphate + 1.0 Uridine	1.0 CHEBI:13352 + 1.0 CHEBI:47721 = 1.0 CHEBI:26078 + 1.0 CHEBI:46386	{'ump', 'pi', 'uri', 'h2o'}	aphA, ushA, phoA	P0AE22, P07024, P00634
NTD3pp	5'-nucleotidase (dCMP)	Nucleotide Salvage Pathway	1.0 dcmp_p + 1.0 h2o_p = 1.0 dcyt_p + 1.0 pi_p	1.0 DCMP C9H12N3O7P + 1.0 H2O H2O = 1.0 Deoxycytidine + 1.0 Phosphate	1.0 CHEBI:15918 + 1.0 CHEBI:13352 = 1.0 CHEBI:41434 + 1.0 CHEBI:26078	{'dcyt', 'pi', 'dcmp', 'h2o'}	ushA, aphA	P07024, P0AE22
NTD4pp	5'-nucleotidase (CMP)	Nucleotide Salvage Pathway	1.0 cmp_p + 1.0 h2o_p = 1.0 cytd_p + 1.0 pi_p	1.0 CMP C9H12N3O8P + 1.0 H2O H2O = 1.0 Cytidine + 1.0 Phosphate	1.0 CHEBI:60377 + 1.0 CHEBI:13352 = 1.0 CHEBI:41686 + 1.0 CHEBI:26078	{'cmp', 'cytd', 'pi', 'h2o'}	ushA, aphA, phoA	P07024, P0AE22, P00634
NTD5pp	5'-nucleotidase (dTMP)	Nucleotide Salvage Pathway	1.0 dtmp_p + 1.0 h2o_p = 1.0 pi_p + 1.0 thymd_p	1.0 DTMP C10H13N2O8P + 1.0 H2O H2O = 1.0 Phosphate + 1.0 Thymidine C10H14N2O5	1.0 CHEBI:47711 + 1.0 CHEBI:13352 = 1.0 CHEBI:26078 + 1.0 CHEBI:45834	{'dtmp', 'pi', 'thymd', 'h2o'}	aphA, ushA	P0AE22, P07024
EX_h2o2_e	Hydrogen peroxide exchange	Extracellular exchange	1.0 h2o2_e = 	1.0 Hydrogen peroxide = 	1.0 CHEBI:29192 = 	{'h2o2'}	Unknown	Unknown
EX_ump_e	UMP exchange	Extracellular exchange	1.0 ump_e = 	1.0 UMP C9H11N2O9P = 	1.0 CHEBI:47721 = 	{'ump'}	Unknown	Unknown
EX_pydam_e	Pyridoxamine exchange	Extracellular exchange	1.0 pydam_e = 	1.0 Pyridoxamine = 	1.0 CHEBI:57761 = 	{'pydam'}	Unknown	Unknown
DNTPPA	Dihydroneopterin triphosphate pyrophosphatase	Cofactor and Prosthetic Group Biosynthesis	1.0 ahdt_c + 1.0 h2o_c = 1.0 dhpmp_c + 1.0 h_c + 1.0 ppi_c	1.0 2-Amino-4-hydroxy-6-(erythro-1,2,3-trihydroxypropyl)dihydropteridine triphosphate + 1.0 H2O H2O = 1.0 Dihydroneopterin monophosphate + 1.0 H+ + 1.0 Diphosphate	1.0 CHEBI:19455 + 1.0 CHEBI:13352 = 1.0 CHEBI:48954 + 1.0 CHEBI:5584 + 1.0 CHEBI:45212	{'ppi', 'h2o', 'dhpmp', 'ahdt', 'h'}	nudB, mutT	P0AFC0, P08337
NTD6pp	5'-nucleotidase (dAMP)	Nucleotide Salvage Pathway	1.0 damp_p + 1.0 h2o_p = 1.0 dad_2_p + 1.0 pi_p	1.0 DAMP C10H12N5O6P + 1.0 H2O H2O = 1.0 Deoxyadenosine + 1.0 Phosphate	1.0 CHEBI:17713 + 1.0 CHEBI:13352 = 1.0 CHEBI:19234 + 1.0 CHEBI:26078	{'pi', 'damp', 'dad_2', 'h2o'}	ushA, aphA	P07024, P0AE22
NTD7pp	5'-nucleotidase (AMP)	Nucleotide Salvage Pathway	1.0 amp_p + 1.0 h2o_p = 1.0 adn_p + 1.0 pi_p	1.0 AMP C10H12N5O7P + 1.0 H2O H2O = 1.0 Adenosine + 1.0 Phosphate	1.0 CHEBI:13736 + 1.0 CHEBI:13352 = 1.0 CHEBI:22237 + 1.0 CHEBI:26078	{'adn', 'amp', 'pi', 'h2o'}	ushA, aphA, phoA	P07024, P0AE22, P00634
NTD9pp	5'-nucleotidase (GMP)	Nucleotide Salvage Pathway	1.0 gmp_p + 1.0 h2o_p = 1.0 gsn_p + 1.0 pi_p	1.0 GMP C10H12N5O8P + 1.0 H2O H2O = 1.0 Guanosine + 1.0 Phosphate	1.0 CHEBI:24449 + 1.0 CHEBI:13352 = 1.0 CHEBI:14375 + 1.0 CHEBI:26078	{'pi', 'h2o', 'gmp', 'gsn'}	ushA, aphA, phoA	P07024, P0AE22, P00634
PEAMNOpp	Phenethylamine oxidase	Nitrogen Metabolism	1.0 h2o_p + 1.0 o2_p + 1.0 peamn_p = 1.0 h2o2_p + 1.0 nh4_p + 1.0 pacald_p	1.0 H2O H2O + 1.0 O2 O2 + 1.0 Phenethylamine = 1.0 Hydrogen peroxide + 1.0 Ammonium + 1.0 Phenylacetaldehyde	1.0 CHEBI:13352 + 1.0 CHEBI:7860 + 1.0 CHEBI:8063 = 1.0 CHEBI:29192 + 1.0 CHEBI:44284 + 1.0 CHEBI:14778	{'nh4', 'pacald', 'h2o2', 'o2', 'h2o', 'peamn'}	tynA	P46883
GAL1PPpp	D-galactose 1-phosphatase	Alternate Carbon Metabolism	1.0 gal1p_p + 1.0 h2o_p = 1.0 gal_p + 1.0 pi_p	1.0 Alpha-D-Galactose 1-phosphate + 1.0 H2O H2O = 1.0 D-Galactose + 1.0 Phosphate	1.0 CHEBI:42878 + 1.0 CHEBI:13352 = 1.0 CHEBI:12936 + 1.0 CHEBI:26078	{'gal', 'pi', 'gal1p', 'h2o'}	agp	P19926
NTPP9	Nucleoside triphosphate pyrophosphorylase (itp)	Nucleotide Salvage Pathway	1.0 h2o_c + 1.0 itp_c = 1.0 h_c + 1.0 imp_c + 1.0 ppi_c	1.0 H2O H2O + 1.0 ITP C10H11N4O14P3 = 1.0 H+ + 1.0 IMP C10H11N4O8P + 1.0 Diphosphate	1.0 CHEBI:13352 + 1.0 CHEBI:43508 = 1.0 CHEBI:5584 + 1.0 CHEBI:43524 + 1.0 CHEBI:45212	{'ppi', 'imp', 'h2o', 'itp', 'h'}	rdgB	P52061
NTPP10	Nucleoside triphosphate pyrophosphorylase (ditp)	Nucleotide Salvage Pathway	1.0 ditp_c + 1.0 h2o_c = 1.0 dimp_c + 1.0 h_c + 1.0 ppi_c	1.0 DITP(4-) + 1.0 H2O H2O = 1.0 DIMP C10H12N4O7P + 1.0 H+ + 1.0 Diphosphate	1.0 CHEBI:19251 + 1.0 CHEBI:13352 = 1.0 CHEBI:41998 + 1.0 CHEBI:5584 + 1.0 CHEBI:45212	{'dimp', 'ppi', 'h2o', 'ditp', 'h'}	rdgB	P52061
NTPP11	Nucleoside triphosphate pyrophosphorylase (xtp)	Nucleotide Salvage Pathway	1.0 h2o_c + 1.0 xtp_c = 1.0 h_c + 1.0 ppi_c + 1.0 xmp_c	1.0 H2O H2O + 1.0 XTP = 1.0 H+ + 1.0 Diphosphate + 1.0 Xanthosine 5'-phosphate	1.0 CHEBI:13352 + 1.0 CHEBI:61314 = 1.0 CHEBI:5584 + 1.0 CHEBI:45212 + 1.0 CHEBI:10938	{'xmp', 'ppi', 'h2o', 'xtp', 'h'}	rdgB	P52061
ARGDCpp	Arginine decarboxylase	Arginine and Proline Metabolism	1.0 arg__L_p + 1.0 h_p = 1.0 agm_p + 1.0 co2_p	1.0 L-Arginine + 1.0 H+ = 1.0 Agmatine + 1.0 CO2 CO2	1.0 CHEBI:32683 + 1.0 CHEBI:5584 = 1.0 CHEBI:17431 + 1.0 CHEBI:23011	{'agm', 'arg__L', 'h', 'co2'}	speA	P21170
URIH	Uridine hydrolase	Alternate Carbon Metabolism	1.0 h2o_c + 1.0 uri_c = 1.0 rib__D_c + 1.0 ura_c	1.0 H2O H2O + 1.0 Uridine = 1.0 D-Ribose + 1.0 Uracil	1.0 CHEBI:13352 + 1.0 CHEBI:46386 = 1.0 CHEBI:13011 + 1.0 CHEBI:27210	{'rib__D', 'ura', 'uri', 'h2o'}	rihB, rihA, rihC	P33022, P41409, P22564
ALLPI	Allose 6-phosphate isomerase	Alternate Carbon Metabolism	1.0 all6p_c = 1.0 allul6p_c	1.0 D-Allose 6-phosphate = 1.0 Allulose 6-phosphate	1.0 CHEBI:4094 = 1.0 CHEBI:61559	{'allul6p', 'all6p'}	rpiB	P37351
ALLK	Allose kinase	Alternate Carbon Metabolism	1.0 all__D_c + 1.0 atp_c = 1.0 adp_c + 1.0 all6p_c + 1.0 h_c	1.0 D-Allose + 1.0 ATP C10H12N5O13P3 = 1.0 ADP C10H12N5O10P2 + 1.0 D-Allose 6-phosphate + 1.0 H+	1.0 CHEBI:4093 + 1.0 CHEBI:15422 = 1.0 CHEBI:2342 + 1.0 CHEBI:4094 + 1.0 CHEBI:5584	{'atp', 'all6p', 'all__D', 'adp', 'h'}	alsK	P32718
ALLULPE	Allulose 6-phosphate epimerase	Alternate Carbon Metabolism	1.0 allul6p_c = 1.0 f6p_c	1.0 Allulose 6-phosphate = 1.0 D-Fructose 6-phosphate	1.0 CHEBI:61559 = 1.0 CHEBI:16084	{'allul6p', 'f6p'}	alsE	P32719
NADPHQR2	NADPH Quinone Reductase (Ubiquinone-8)	Oxidative Phosphorylation	1.0 h_c + 1.0 nadph_c + 1.0 q8_c = 1.0 nadp_c + 1.0 q8h2_c	1.0 H+ + 1.0 Nicotinamide adenine dinucleotide phosphate - reduced + 1.0 Ubiquinone-8 = 1.0 Nicotinamide adenine dinucleotide phosphate + 1.0 Ubiquinol-8	1.0 CHEBI:5584 + 1.0 CHEBI:16474 + 1.0 CHEBI:61683 = 1.0 CHEBI:29868 + 1.0 CHEBI:61682	{'q8', 'nadp', 'nadph', 'q8h2', 'h'}	mdaB	P0AEY5
NADPHQR3	NADPH Quinone Reductase (Menaquinone-8)	Oxidative Phosphorylation	1.0 h_c + 1.0 mqn8_c + 1.0 nadph_c = 1.0 mql8_c + 1.0 nadp_c	1.0 H+ + 1.0 Menaquinone 8 + 1.0 Nicotinamide adenine dinucleotide phosphate - reduced = 1.0 Menaquinol 8 + 1.0 Nicotinamide adenine dinucleotide phosphate	1.0 CHEBI:5584 + 1.0 CHEBI:44027 + 1.0 CHEBI:16474 = 1.0 CHEBI:61684 + 1.0 CHEBI:29868	{'mqn8', 'nadp', 'nadph', 'mql8', 'h'}	mdaB	P0AEY5
NADPHQR4	NADPH Quinone Reductase (2-Demethylmenaquinone-8)	Oxidative Phosphorylation	1.0 2dmmq8_c + 1.0 h_c + 1.0 nadph_c = 1.0 2dmmql8_c + 1.0 nadp_c	1.0 2-Demethylmenaquinone 8 + 1.0 H+ + 1.0 Nicotinamide adenine dinucleotide phosphate - reduced = 1.0 2-Demethylmenaquinol 8 + 1.0 Nicotinamide adenine dinucleotide phosphate	1.0 CHEBI:48455 + 1.0 CHEBI:5584 + 1.0 CHEBI:16474 = 1.0 CHEBI:61873 + 1.0 CHEBI:29868	{'nadp', 'nadph', '2dmmq8', '2dmmql8', 'h'}	mdaB	P0AEY5
GLBRAN2	1,4-alpha-glucan branching enzyme (glycogen -> bglycogen)	Glycolysis/Gluconeogenesis	1.0 glycogen_c = 1.0 bglycogen_c	1.0 Glycogen C6H10O5 = 1.0 Branching glycogen	1.0 CHEBI:24379 = 1.0 Unknown	{'glycogen', 'bglycogen'}	glgB	P07762
EX_frulys_e	Fructoselysine exchange	Extracellular exchange	1.0 frulys_e = 	1.0 Fructoselysine = 	1.0 CHEBI:24109 = 	{'frulys'}	Unknown	Unknown
METOX1s	Methionine oxidation (spontaneous)	Methionine Metabolism	1.0 h2o2_c + 1.0 met__L_c = 1.0 h2o_c + 1.0 metsox_S__L_c	1.0 Hydrogen peroxide + 1.0 L-Methionine = 1.0 H2O H2O + 1.0 L-Methionine Sulfoxide	1.0 CHEBI:29192 + 1.0 CHEBI:32644 = 1.0 CHEBI:13352 + 1.0 CHEBI:6272	{'met__L', 'metsox_S__L', 'h2o2', 'h2o'}		Unknown
XTSNH	Xanthosine hydrolase	Nucleotide Salvage Pathway	1.0 h2o_c + 1.0 xtsn_c = 1.0 rib__D_c + 1.0 xan_c	1.0 H2O H2O + 1.0 Xanthosine = 1.0 D-Ribose + 1.0 Xanthine	1.0 CHEBI:13352 + 1.0 CHEBI:15323 = 1.0 CHEBI:13011 + 1.0 CHEBI:15318	{'xtsn', 'rib__D', 'xan', 'h2o'}	rihC	P22564
METOX2s	Methionine oxidation 2 (spontaneous)	Methionine Metabolism	1.0 h2o2_c + 1.0 met__L_c = 1.0 h2o_c + 1.0 metsox_R__L_c	1.0 Hydrogen peroxide + 1.0 L-Methionine = 1.0 H2O H2O + 1.0 L-methionine-R-sulfoxide	1.0 CHEBI:29192 + 1.0 CHEBI:32644 = 1.0 CHEBI:13352 + 1.0 CHEBI:49032	{'metsox_R__L', 'met__L', 'h2o2', 'h2o'}		Unknown
INSH	Inosine hydrolase	Nucleotide Salvage Pathway	1.0 h2o_c + 1.0 ins_c = 1.0 hxan_c + 1.0 rib__D_c	1.0 H2O H2O + 1.0 Inosine = 1.0 Hypoxanthine + 1.0 D-Ribose	1.0 CHEBI:13352 + 1.0 CHEBI:17596 = 1.0 CHEBI:14431 + 1.0 CHEBI:13011	{'hxan', 'rib__D', 'ins', 'h2o'}	rihC	P22564
FACOAL100t2pp	Fatty-acid-CoA ligase (decanoate transport via vectoral Co-A coupling)	Cell Envelope Biosynthesis	1.0 atp_c + 1.0 coa_c + 1.0 dca_p + 1.0 h_p = 1.0 amp_c + 1.0 dcacoa_c + 1.0 h_c + 1.0 ppi_c	1.0 ATP C10H12N5O13P3 + 1.0 Coenzyme A + 1.0 Decanoate (n-C10:0) + 1.0 H+ = 1.0 AMP C10H12N5O7P + 1.0 Decanoyl-CoA (n-C10:0CoA) + 1.0 H+ + 1.0 Diphosphate	1.0 CHEBI:15422 + 1.0 CHEBI:41631 + 1.0 Unknown + 1.0 CHEBI:5584 = 1.0 CHEBI:13736 + 1.0 Unknown + 1.0 CHEBI:5584 + 1.0 CHEBI:45212	{'atp', 'coa', 'ppi', 'dca', 'amp', 'dcacoa', 'h'}	fadD, fadK	P69451, P38135
ECAtpp	Enterobacterial common antigen transferase (flippase, cytoplasm to periplasm)	Lipopolysaccharide Biosynthesis / Recycling	1.0 unagamuf_c = 1.0 unagamuf_p	1.0 Undecaprenyl-diphospho N-acetylglucosamine-N-acetylmannosaminuronate-N-acetamido-4,6-dideoxy-D-galactose = 1.0 Undecaprenyl-diphospho N-acetylglucosamine-N-acetylmannosaminuronate-N-acetamido-4,6-dideoxy-D-galactose	1.0 Unknown = 1.0 Unknown	{'unagamuf'}	wzxE	P0AAA7
O16AT	Rhamanosyl-N-acetylglucosamyl-undecaprenyl diphosphate O-acetyltransferase (LPS O16 antigen biosynthesis)	Lipopolysaccharide Biosynthesis / Recycling	1.0 accoa_c + 1.0 ragund_c = 1.0 aragund_c + 1.0 coa_c	1.0 Acetyl-CoA + 1.0 Rhamanosyl-N-acetylglucosamyl-undecaprenyl diphosphate = 1.0 O-acetyl-rhamanosyl-N-acetylglucosamyl-undecaprenyl diphosphate + 1.0 Coenzyme A	1.0 CHEBI:57288 + 1.0 Unknown = 1.0 Unknown + 1.0 CHEBI:41631	{'coa', 'accoa', 'ragund', 'aragund'}	wbbJ	P37750
O16GALFT	Galactofuranosyltransferase (LPS O16 antigen biosynthesis)	Lipopolysaccharide Biosynthesis / Recycling	1.0 garagund_c + 1.0 udpgalfur_c = 1.0 gfgaragund_c + 1.0 h_c + 1.0 udp_c	1.0 Glucosyl-O-acetyl-rhamanosyl-N-acetylglucosamyl-undecaprenyl diphosphate + 1.0 UDP-D-galacto-1,4-furanose = 1.0 Galactofuranosyl-glucosyl-O-acetyl-rhamanosyl-N-acetylglucosamyl-undecaprenyl diphosphate + 1.0 H+ + 1.0 UDP C9H11N2O12P2	1.0 Unknown + 1.0 CHEBI:67118 = 1.0 Unknown + 1.0 CHEBI:5584 + 1.0 CHEBI:13445	{'garagund', 'gfgaragund', 'udp', 'udpgalfur', 'h'}	wbbI	P37749
O16GLCT2	Glucosyltransferase II (LPS O16 antigen biosynthesis)	Lipopolysaccharide Biosynthesis / Recycling	1.0 gfgaragund_c + 1.0 udpg_c = 1.0 h_c + 1.0 o16aund_c + 1.0 udp_c	1.0 Galactofuranosyl-glucosyl-O-acetyl-rhamanosyl-N-acetylglucosamyl-undecaprenyl diphosphate + 1.0 UDPglucose = 1.0 H+ + 1.0 O16 antigen undecaprenyl diphosphate + 1.0 UDP C9H11N2O12P2	1.0 Unknown + 1.0 CHEBI:13505 = 1.0 CHEBI:5584 + 1.0 Unknown + 1.0 CHEBI:13445	{'o16aund', 'gfgaragund', 'udpg', 'udp', 'h'}	Unknown	Unknown
O16AUNDtpp	O16 antigen (flippase, cytoplasm to periplasm)	Lipopolysaccharide Biosynthesis / Recycling	1.0 o16aund_c = 1.0 o16aund_p	1.0 O16 antigen undecaprenyl diphosphate = 1.0 O16 antigen undecaprenyl diphosphate	1.0 Unknown = 1.0 Unknown	{'o16aund'}	wzxB	P37746
O16AP1pp	O16 antigen polymerase (periplasm)	Lipopolysaccharide Biosynthesis / Recycling	2.0 o16aund_p = 1.0 h_p + 1.0 o16a2und_p + 1.0 udcpdp_p	2.0 O16 antigen undecaprenyl diphosphate = 1.0 H+ + 1.0 (O16 antigen)x2 undecaprenyl diphosphate + 1.0 Undecaprenyl diphosphate	2.0 Unknown = 1.0 CHEBI:5584 + 1.0 Unknown + 1.0 CHEBI:27192	{'o16a2und', 'o16aund', 'udcpdp', 'h'}	wzzB, wbbH	P76372, P37748
GPDDA3pp	Glycerophosphodiester phosphodiesterase (Glycerophosphoserine)	Glycerophospholipid Metabolism	1.0 g3ps_p + 1.0 h2o_p = 1.0 glyc3p_p + 1.0 h_p + 1.0 ser__L_p	1.0 Glycerophosphoserine + 1.0 H2O H2O = 1.0 Glycerol 3-phosphate + 1.0 H+ + 1.0 L-Serine	1.0 CHEBI:64765 + 1.0 CHEBI:13352 = 1.0 CHEBI:12843 + 1.0 CHEBI:5584 + 1.0 CHEBI:32845	{'ser__L', 'h2o', 'g3ps', 'glyc3p', 'h'}	glpQ	P09394
GPDDA4pp	Glycerophosphodiester phosphodiesterase (Glycerophosphoglycerol)	Glycerophospholipid Metabolism	1.0 g3pg_p + 1.0 h2o_p = 1.0 glyc3p_p + 1.0 glyc_p + 1.0 h_p	1.0 Glycerophosphoglycerol + 1.0 H2O H2O = 1.0 Glycerol 3-phosphate + 1.0 Glycerol + 1.0 H+	1.0 CHEBI:61933 + 1.0 CHEBI:13352 = 1.0 CHEBI:12843 + 1.0 CHEBI:5448 + 1.0 CHEBI:5584	{'h2o', 'glyc3p', 'glyc', 'g3pg', 'h'}	glpQ	P09394
GPDDA2pp	Glycerophosphodiester phosphodiesterase (Glycerophosphoethanolamine)	Glycerophospholipid Metabolism	1.0 g3pe_p + 1.0 h2o_p = 1.0 etha_p + 1.0 glyc3p_p + 1.0 h_p	1.0 Sn-Glycero-3-phosphoethanolamine + 1.0 H2O H2O = 1.0 Ethanolamine + 1.0 Glycerol 3-phosphate + 1.0 H+	1.0 CHEBI:57952 + 1.0 CHEBI:13352 = 1.0 CHEBI:57603 + 1.0 CHEBI:12843 + 1.0 CHEBI:5584	{'etha', 'h2o', 'glyc3p', 'g3pe', 'h'}	glpQ	P09394
FACOAL120t2pp	Fatty-acid-CoA ligase (dodecanoate transport via vectoral Co-A coupling)	Cell Envelope Biosynthesis	1.0 atp_c + 1.0 coa_c + 1.0 ddca_p + 1.0 h_p = 1.0 amp_c + 1.0 ddcacoa_c + 1.0 h_c + 1.0 ppi_c	1.0 ATP C10H12N5O13P3 + 1.0 Coenzyme A + 1.0 Dodecanoate (n-C12:0) + 1.0 H+ = 1.0 AMP C10H12N5O7P + 1.0 Dodecanoyl-CoA (n-C12:0CoA) + 1.0 H+ + 1.0 Diphosphate	1.0 CHEBI:15422 + 1.0 CHEBI:41631 + 1.0 Unknown + 1.0 CHEBI:5584 = 1.0 CHEBI:13736 + 1.0 CHEBI:15521 + 1.0 CHEBI:5584 + 1.0 CHEBI:45212	{'atp', 'h', 'coa', 'ppi', 'ddca', 'amp', 'ddcacoa'}	fadK, fadD	P38135, P69451
FACOAL140t2pp	Fatty-acid-CoA ligase (tetradecanoate transport via vectoral Co-A coupling)	Cell Envelope Biosynthesis	1.0 atp_c + 1.0 coa_c + 1.0 h_p + 1.0 ttdca_p = 1.0 amp_c + 1.0 h_c + 1.0 ppi_c + 1.0 tdcoa_c	1.0 ATP C10H12N5O13P3 + 1.0 Coenzyme A + 1.0 H+ + 1.0 Tetradecanoate (n-C14:0) = 1.0 AMP C10H12N5O7P + 1.0 H+ + 1.0 Diphosphate + 1.0 Tetradecanoyl-CoA (n-C14:0CoA)	1.0 CHEBI:15422 + 1.0 CHEBI:41631 + 1.0 CHEBI:5584 + 1.0 Unknown = 1.0 CHEBI:13736 + 1.0 CHEBI:5584 + 1.0 CHEBI:45212 + 1.0 CHEBI:15532	{'atp', 'coa', 'ttdca', 'ppi', 'tdcoa', 'amp', 'h'}	fadK, fadD	P38135, P69451
EX_enlipa_e	Phosphoethanolamine KDO(2)-lipid (A) exchange	Extracellular exchange	1.0 enlipa_e = 	1.0 Phosphoethanolamine KDO(2)-lipid (A) = 	1.0 CHEBI:47762 = 	{'enlipa'}	Unknown	Unknown
EX_hacolipa_e	Hepta-acylated core oligosaccharide lipid A (E. coli) exchange	Extracellular exchange	1.0 hacolipa_e = 	1.0 Hepta-acylated core oligosaccharide lipid A (E. coli) = 	1.0 Unknown = 	{'hacolipa'}	Unknown	Unknown
AGM4PCP	N-Acetyl-D-glucosamine(anhydrous)N-Acetylmuramyl-tetrapeptide L,D-carboxypeptidase	Murein Recycling	1.0 anhgm4p_c + 1.0 h2o_c = 1.0 ala__D_c + 1.0 anhgm3p_c	1.0 N-Acetyl-D-glucosamine(anhydrous)N-Acetylmuramyl-tetrapeptide + 1.0 H2O H2O = 1.0 D-Alanine + 1.0 N-Acetyl-D-glucosamine(anhydrous)N-Acetylmuramyl-tripeptide	1.0 Unknown + 1.0 CHEBI:13352 = 1.0 CHEBI:12899 + 1.0 Unknown	{'ala__D', 'anhgm3p', 'anhgm4p', 'h2o'}	ldcA	P76008
4PCP	Tetrapeptide L,D-carboxypeptidase	Murein Recycling	1.0 LalaDgluMdapDala_c + 1.0 h2o_c = 1.0 LalaDgluMdap_c + 1.0 ala__D_c	1.0 L-alanine-D-glutamate-meso-2,6-diaminoheptanedioate-D-alanine + 1.0 H2O H2O = 1.0 L-alanine-D-glutamate-meso-2,6-diaminoheptanedioate + 1.0 D-Alanine	1.0 Unknown + 1.0 CHEBI:13352 = 1.0 Unknown + 1.0 CHEBI:12899	{'LalaDgluMdapDala', 'ala__D', 'h2o', 'LalaDgluMdap'}	ldcA	P76008
4PCPpp	Tetrapeptide L,D-carboxypeptidase (periplasm)	Murein Recycling	1.0 LalaDgluMdapDala_p + 1.0 h2o_p = 1.0 LalaDgluMdap_p + 1.0 ala__D_p	1.0 L-alanine-D-glutamate-meso-2,6-diaminoheptanedioate-D-alanine + 1.0 H2O H2O = 1.0 L-alanine-D-glutamate-meso-2,6-diaminoheptanedioate + 1.0 D-Alanine	1.0 Unknown + 1.0 CHEBI:13352 = 1.0 Unknown + 1.0 CHEBI:12899	{'LalaDgluMdapDala', 'ala__D', 'h2o', 'LalaDgluMdap'}	mepS	P0AFV4
HCYSMT2	Homocysteine Methyltransferase	Methionine Metabolism	1.0 hcys__L_c + 1.0 mmet_c = 1.0 h_c + 2.0 met__L_c	1.0 L-Homocysteine + 1.0 S-Methyl-L-methionine = 1.0 H+ + 2.0 L-Methionine	1.0 CHEBI:43117 + 1.0 CHEBI:17728 = 1.0 CHEBI:5584 + 2.0 CHEBI:32644	{'hcys__L', 'mmet', 'met__L', 'h'}	mmuM	Q47690
FALDH2	Formaldehyde dehydrogenase	Cofactor and Prosthetic Group Biosynthesis	1.0 hmgth_c + 1.0 nad_c = 1.0 Sfglutth_c + 1.0 h_c + 1.0 nadh_c	1.0 Hydroxymethylglutathione + 1.0 Nicotinamide adenine dinucleotide = 1.0 S-Formylglutathione + 1.0 H+ + 1.0 Nicotinamide adenine dinucleotide - reduced	1.0 CHEBI:48926 + 1.0 CHEBI:7422 = 1.0 CHEBI:12746 + 1.0 CHEBI:5584 + 1.0 CHEBI:13395	{'Sfglutth', 'hmgth', 'nad', 'nadh', 'h'}	frmA	P25437
CBIAT	Cobinamide adenyltransferase	Cofactor and Prosthetic Group Biosynthesis	1.0 atp_c + 1.0 cbi_c + 1.0 h_c = 1.0 adocbi_c + 1.0 pppi_c	1.0 ATP C10H12N5O13P3 + 1.0 Cobinamide + 1.0 H+ = 1.0 Adenosyl cobinamide + 1.0 Inorganic triphosphate	1.0 CHEBI:15422 + 1.0 CHEBI:48529 + 1.0 CHEBI:5584 = 1.0 Unknown + 1.0 CHEBI:48315	{'cbi', 'atp', 'adocbi', 'pppi', 'h'}	btuR	P0A9H5
EX_etha_e	Ethanolamine exchange	Extracellular exchange	1.0 etha_e = 	1.0 Ethanolamine = 	1.0 CHEBI:57603 = 	{'etha'}	Unknown	Unknown
ACGK	Acetylglutamate kinase	Arginine and Proline Metabolism	1.0 acglu_c + 1.0 atp_c = 1.0 acg5p_c + 1.0 adp_c	1.0 N-Acetyl-L-glutamate + 1.0 ATP C10H12N5O13P3 = 1.0 N-Acetyl-L-glutamyl 5-phosphate + 1.0 ADP C10H12N5O10P2	1.0 CHEBI:7150 + 1.0 CHEBI:15422 = 1.0 CHEBI:21550 + 1.0 CHEBI:2342	{'acglu', 'acg5p', 'adp', 'atp'}	argB	P0A6C8
PPK2	Polyphosphate kinase	Oxidative Phosphorylation	1.0 atp_c + 1.0 ppi_c = 1.0 adp_c + 1.0 pppi_c	1.0 ATP C10H12N5O13P3 + 1.0 Diphosphate = 1.0 ADP C10H12N5O10P2 + 1.0 Inorganic triphosphate	1.0 CHEBI:15422 + 1.0 CHEBI:45212 = 1.0 CHEBI:2342 + 1.0 CHEBI:48315	{'atp', 'ppi', 'adp', 'pppi'}	ppk	P0A7B1
DHPTPE	Dihydroneopterin triphosphate 2'-epimerase	Cofactor and Prosthetic Group Biosynthesis	1.0 ahdt_c = 1.0 dhmptp_c	1.0 2-Amino-4-hydroxy-6-(erythro-1,2,3-trihydroxypropyl)dihydropteridine triphosphate = 1.0 Dihydromonapterin-triphosphate	1.0 CHEBI:19455 = 1.0 Unknown	{'dhmptp', 'ahdt'}	folX	P0AC19
PPDOy	Propane-1,2-diol:NADP+ 1-oxidoreductase	Alternate Carbon Metabolism	1.0 h_c + 1.0 lald__D_c + 1.0 nadph_c = 1.0 12ppd__R_c + 1.0 nadp_c	1.0 H+ + 1.0 D-Lactaldehyde + 1.0 Nicotinamide adenine dinucleotide phosphate - reduced = 1.0 (R)-Propane-1,2-diol + 1.0 Nicotinamide adenine dinucleotide phosphate	1.0 CHEBI:5584 + 1.0 CHEBI:11000 + 1.0 CHEBI:16474 = 1.0 CHEBI:28972 + 1.0 CHEBI:29868	{'12ppd__R', 'nadp', 'nadph', 'lald__D', 'h'}	yahK	P75691
FALGTHLs	Formaldehyde glutathione ligase (spontaneous)	Cofactor and Prosthetic Group Biosynthesis	1.0 fald_c + 1.0 gthrd_c = 1.0 hmgth_c	1.0 Formaldehyde + 1.0 Reduced glutathione = 1.0 Hydroxymethylglutathione	1.0 CHEBI:16842 + 1.0 CHEBI:43049 = 1.0 CHEBI:48926	{'hmgth', 'gthrd', 'fald'}		Unknown
NTD12pp	5'-nucleotidase (dIMP) (periplasm)	Nucleotide Salvage Pathway	1.0 dimp_p + 1.0 h2o_p = 1.0 din_p + 1.0 pi_p	1.0 DIMP C10H12N4O7P + 1.0 H2O H2O = 1.0 Deoxyinosine + 1.0 Phosphate	1.0 CHEBI:41998 + 1.0 CHEBI:13352 = 1.0 CHEBI:43437 + 1.0 CHEBI:26078	{'pi', 'din', 'h2o', 'dimp'}	ushA, aphA	P07024, P0AE22
PPA2	Inorganic triphosphatase	Anaplerotic Reactions	1.0 h2o_c + 1.0 pppi_c = 1.0 h_c + 1.0 pi_c + 1.0 ppi_c	1.0 H2O H2O + 1.0 Inorganic triphosphate = 1.0 H+ + 1.0 Phosphate + 1.0 Diphosphate	1.0 CHEBI:13352 + 1.0 CHEBI:48315 = 1.0 CHEBI:5584 + 1.0 CHEBI:26078 + 1.0 CHEBI:45212	{'ppi', 'h2o', 'pi', 'pppi', 'h'}	ppx, umpG	P0AFL6, P0A840
EX_hdca_e	Hexadecanoate (n-C16:0) exchange	Extracellular exchange	1.0 hdca_e = 	1.0 Hexadecanoate (n-C16:0) = 	1.0 CHEBI:7896 = 	{'hdca'}	Unknown	Unknown
EX_glcr_e	D-Glucarate exchange	Extracellular exchange	1.0 glcr_e = 	1.0 D-Glucarate = 	1.0 CHEBI:42731 = 	{'glcr'}	Unknown	Unknown
GNK	Gluconokinase	Alternate Carbon Metabolism	1.0 atp_c + 1.0 glcn_c = 1.0 6pgc_c + 1.0 adp_c + 1.0 h_c	1.0 ATP C10H12N5O13P3 + 1.0 D-Gluconate = 1.0 6-Phospho-D-gluconate + 1.0 ADP C10H12N5O10P2 + 1.0 H+	1.0 CHEBI:15422 + 1.0 CHEBI:20983 = 1.0 CHEBI:33851 + 1.0 CHEBI:2342 + 1.0 CHEBI:5584	{'atp', '6pgc', 'glcn', 'adp', 'h'}	gntK, idnK	P46859, P39208
HMBS	Hydroxymethylbilane synthase	Cofactor and Prosthetic Group Biosynthesis	1.0 h2o_c + 4.0 ppbng_c = 1.0 hmbil_c + 4.0 nh4_c	1.0 H2O H2O + 4.0 Porphobilinogen = 1.0 Hydroxymethylbilane + 4.0 Ammonium	1.0 CHEBI:13352 + 4.0 CHEBI:58126 = 1.0 CHEBI:14423 + 4.0 CHEBI:44284	{'hmbil', 'nh4', 'ppbng', 'h2o'}	hemC	P06983
3NTD7pp	3'-nucleotidase (AMP) (periplasm)	Nucleotide Salvage Pathway	1.0 3amp_p + 1.0 h2o_p = 1.0 adn_p + 1.0 pi_p	1.0 3  AMP C10H12N5O7P + 1.0 H2O H2O = 1.0 Adenosine + 1.0 Phosphate	1.0 CHEBI:40872 + 1.0 CHEBI:13352 = 1.0 CHEBI:22237 + 1.0 CHEBI:26078	{'adn', '3amp', 'pi', 'h2o'}	cpdB, phoA	P08331, P00634
3NTD4pp	3'-nucleotidase (CMP) (periplasm)	Nucleotide Salvage Pathway	1.0 3cmp_p + 1.0 h2o_p = 1.0 cytd_p + 1.0 pi_p	1.0 3  CMP C9H12N3O8P + 1.0 H2O H2O = 1.0 Cytidine + 1.0 Phosphate	1.0 CHEBI:28929 + 1.0 CHEBI:13352 = 1.0 CHEBI:41686 + 1.0 CHEBI:26078	{'cytd', '3cmp', 'pi', 'h2o'}	cpdB, phoA, phoA	P08331, P00634
3NTD2pp	3'-nucleotidase (UMP) (periplasm)	Nucleotide Salvage Pathway	1.0 3ump_p + 1.0 h2o_p = 1.0 pi_p + 1.0 uri_p	1.0 3  UMP C9H11N2O9P + 1.0 H2O H2O = 1.0 Phosphate + 1.0 Uridine	1.0 CHEBI:1361 + 1.0 CHEBI:13352 = 1.0 CHEBI:26078 + 1.0 CHEBI:46386	{'3ump', 'pi', 'uri', 'h2o'}	cpdB, phoA	P08331, P00634
3NTD9pp	3'-nucleotidase (GMP) (periplasm)	Nucleotide Salvage Pathway	1.0 3gmp_p + 1.0 h2o_p = 1.0 gsn_p + 1.0 pi_p	1.0 Guanosine 3  phosphate C10H12N5O8P + 1.0 H2O H2O = 1.0 Guanosine + 1.0 Phosphate	1.0 CHEBI:5567 + 1.0 CHEBI:13352 = 1.0 CHEBI:14375 + 1.0 CHEBI:26078	{'pi', '3gmp', 'h2o', 'gsn'}	cpdB, phoA	P08331, P00634
RMK	Rhamnulokinase	Alternate Carbon Metabolism	1.0 atp_c + 1.0 rml_c = 1.0 adp_c + 1.0 h_c + 1.0 rml1p_c	1.0 ATP C10H12N5O13P3 + 1.0 L-Rhamnulose = 1.0 ADP C10H12N5O10P2 + 1.0 H+ + 1.0 L-Rhamnulose 1-phosphate	1.0 CHEBI:15422 + 1.0 CHEBI:6293 = 1.0 CHEBI:2342 + 1.0 CHEBI:5584 + 1.0 CHEBI:58313	{'rml1p', 'atp', 'adp', 'rml', 'h'}	rhaB	P32171
FHL	Formate-hydrogen lyase	Pyruvate Metabolism	1.0 for_c + 1.0 h_c = 1.0 co2_c + 1.0 h2_c	1.0 Formate + 1.0 H+ = 1.0 CO2 CO2 + 1.0 Hydrogen	1.0 CHEBI:24081 + 1.0 CHEBI:5584 = 1.0 CHEBI:23011 + 1.0 CHEBI:18276	{'for', 'h', 'h2', 'co2'}	fdhF, hyfI, hyfG, hyfE, hyfB, hyfC, hyfF, hyfJ, hyfH, hyfD, hyfA, fdhF, hycD, hycC, hycB, hycF, hycE, hycG	P07658, P77668, P77329, P0AEW1, P23482, P77858, P77437, P77453, P77423, P77416, P23481, P16430, P16429, P0AAK1, P16432, P16431, P16433
HYPOE	Hypothetical enyme	Cofactor and Prosthetic Group Biosynthesis	1.0 h2o_c + 1.0 pyam5p_c = 1.0 pi_c + 1.0 pydam_c	1.0 H2O H2O + 1.0 Pyridoxamine 5'-phosphate = 1.0 Phosphate + 1.0 Pyridoxamine	1.0 CHEBI:13352 + 1.0 CHEBI:14980 = 1.0 CHEBI:26078 + 1.0 CHEBI:57761	{'pydam', 'pi', 'pyam5p', 'h2o'}	Unknown	Unknown
MEPCT	2-C-methyl-D-erythritol 4-phosphate cytidylyltransferase	Cofactor and Prosthetic Group Biosynthesis	1.0 2me4p_c + 1.0 ctp_c + 1.0 h_c = 1.0 4c2me_c + 1.0 ppi_c	1.0 2-C-methyl-D-erythritol 4-phosphate + 1.0 CTP C9H12N3O14P3 + 1.0 H+ = 1.0 4-(cytidine 5'-diphospho)-2-C-methyl-D-erythritol + 1.0 Diphosphate	1.0 CHEBI:58262 + 1.0 CHEBI:3285 + 1.0 CHEBI:5584 = 1.0 CHEBI:16578 + 1.0 CHEBI:45212	{'ppi', '2me4p', 'ctp', '4c2me', 'h'}	ispD	Q46893
GLUDy	Glutamate dehydrogenase (NADP)	Glutamate Metabolism	1.0 glu__L_c + 1.0 h2o_c + 1.0 nadp_c = 1.0 akg_c + 1.0 h_c + 1.0 nadph_c + 1.0 nh4_c	1.0 L-Glutamate + 1.0 H2O H2O + 1.0 Nicotinamide adenine dinucleotide phosphate = 1.0 2-Oxoglutarate + 1.0 H+ + 1.0 Nicotinamide adenine dinucleotide phosphate - reduced + 1.0 Ammonium	1.0 CHEBI:76051 + 1.0 CHEBI:13352 + 1.0 CHEBI:29868 = 1.0 CHEBI:40661 + 1.0 CHEBI:5584 + 1.0 CHEBI:16474 + 1.0 CHEBI:44284	{'nh4', 'nadp', 'nadph', 'h2o', 'glu__L', 'akg', 'h'}	gdhA, gltD, gltB	P00370, P09832, P09831
23PDE7pp	2',3'-cyclic-nucleotide phosphodiesterase (AMP) (periplasm)	Nucleotide Salvage Pathway	1.0 23camp_p + 1.0 h2o_p = 1.0 3amp_p + 1.0 h_p	1.0 2',3'-Cyclic AMP + 1.0 H2O H2O = 1.0 3  AMP C10H12N5O7P + 1.0 H+	1.0 CHEBI:823 + 1.0 CHEBI:13352 = 1.0 CHEBI:40872 + 1.0 CHEBI:5584	{'23camp', '3amp', 'h', 'h2o'}	cpdB	P08331
GLYCLTDy	Glycolate dehydrogenase (NADP)	Glyoxylate Metabolism	1.0 glx_c + 1.0 h_c + 1.0 nadph_c = 1.0 glyclt_c + 1.0 nadp_c	1.0 Glyoxylate + 1.0 H+ + 1.0 Nicotinamide adenine dinucleotide phosphate - reduced = 1.0 Glycolate C2H3O3 + 1.0 Nicotinamide adenine dinucleotide phosphate	1.0 CHEBI:24420 + 1.0 CHEBI:5584 + 1.0 CHEBI:16474 = 1.0 CHEBI:24388 + 1.0 CHEBI:29868	{'glx', 'glyclt', 'nadp', 'nadph', 'h'}	ghrA, ghrB	P75913, P37666
LYSDC	Lysine decarboxylase	Threonine and Lysine Metabolism	1.0 h_c + 1.0 lys__L_c = 1.0 15dap_c + 1.0 co2_c	1.0 H+ + 1.0 L-Lysine = 1.0 1,5-Diaminopentane + 1.0 CO2 CO2	1.0 CHEBI:5584 + 1.0 CHEBI:6264 = 1.0 CHEBI:58384 + 1.0 CHEBI:23011	{'lys__L', 'h', '15dap', 'co2'}	ldcC, cadA	P52095, P0A9H3
DAAD	D-Amino acid dehydrogenase	Alanine and Aspartate Metabolism	1.0 ala__D_c + 1.0 fad_c + 1.0 h2o_c = 1.0 fadh2_c + 1.0 nh4_c + 1.0 pyr_c	1.0 D-Alanine + 1.0 Flavin adenine dinucleotide oxidized + 1.0 H2O H2O = 1.0 Flavin adenine dinucleotide reduced + 1.0 Ammonium + 1.0 Pyruvate	1.0 CHEBI:12899 + 1.0 CHEBI:16238 + 1.0 CHEBI:13352 = 1.0 CHEBI:13316 + 1.0 CHEBI:44284 + 1.0 CHEBI:26462	{'nh4', 'h2o', 'pyr', 'ala__D', 'fad', 'fadh2'}	dadA	P0A6J5
EX_h2o_e	H2O exchange	Extracellular exchange	1.0 h2o_e = 	1.0 H2O H2O = 	1.0 CHEBI:13352 = 	{'h2o'}	Unknown	Unknown
EX_ala__D_e	D-Alanine exchange	Extracellular exchange	1.0 ala__D_e = 	1.0 D-Alanine = 	1.0 CHEBI:12899 = 	{'ala__D'}	Unknown	Unknown
HSTPT	Histidinol-phosphate transaminase	Histidine Metabolism	1.0 glu__L_c + 1.0 imacp_c = 1.0 akg_c + 1.0 hisp_c	1.0 L-Glutamate + 1.0 3-(Imidazol-4-yl)-2-oxopropyl phosphate = 1.0 2-Oxoglutarate + 1.0 L-Histidinol phosphate	1.0 CHEBI:76051 + 1.0 CHEBI:57766 = 1.0 CHEBI:40661 + 1.0 CHEBI:16996	{'imacp', 'akg', 'glu__L', 'hisp'}	hisC	P06986
NTPP5	Nucleoside triphosphate pyrophosphorylase (datp)	Nucleotide Salvage Pathway	1.0 datp_c + 1.0 h2o_c = 1.0 damp_c + 1.0 h_c + 1.0 ppi_c	1.0 DATP C10H12N5O12P3 + 1.0 H2O H2O = 1.0 DAMP C10H12N5O6P + 1.0 H+ + 1.0 Diphosphate	1.0 CHEBI:495505 + 1.0 CHEBI:13352 = 1.0 CHEBI:17713 + 1.0 CHEBI:5584 + 1.0 CHEBI:45212	{'ppi', 'h2o', 'damp', 'datp', 'h'}	nudB, mazG	P0AFC0, P0AEY3
THDPS	Tetrahydrodipicolinate succinylase	Threonine and Lysine Metabolism	1.0 h2o_c + 1.0 succoa_c + 1.0 thdp_c = 1.0 coa_c + 1.0 sl2a6o_c	1.0 H2O H2O + 1.0 Succinyl-CoA + 1.0 2,3,4,5-Tetrahydrodipicolinate = 1.0 Coenzyme A + 1.0 N-Succinyl-2-L-amino-6-oxoheptanedioate	1.0 CHEBI:13352 + 1.0 CHEBI:57292 + 1.0 CHEBI:11408 = 1.0 CHEBI:41631 + 1.0 CHEBI:21790	{'succoa', 'coa', 'h2o', 'thdp', 'sl2a6o'}	dapD	P0A9D8
ACONMT	Trans-aconitate methyltransferase	Unassigned	1.0 acon_T_c + 1.0 amet_c = 1.0 aconm_c + 1.0 ahcys_c	1.0 Trans-Aconitate + 1.0 S-Adenosyl-L-methionine = 1.0 E-3-carboxy-2-pentenedioate 6-methyl ester + 1.0 S-Adenosyl-L-homocysteine	1.0 CHEBI:10719 + 1.0 CHEBI:33442 = 1.0 CHEBI:57470 + 1.0 CHEBI:12741	{'acon_T', 'amet', 'aconm', 'ahcys'}	tam	P76145
ATPM	ATP maintenance requirement	Biomass and maintenance functions	1.0 atp_c + 1.0 h2o_c = 1.0 adp_c + 1.0 h_c + 1.0 pi_c	1.0 ATP C10H12N5O13P3 + 1.0 H2O H2O = 1.0 ADP C10H12N5O10P2 + 1.0 H+ + 1.0 Phosphate	1.0 CHEBI:15422 + 1.0 CHEBI:13352 = 1.0 CHEBI:2342 + 1.0 CHEBI:5584 + 1.0 CHEBI:26078	{'atp', 'adp', 'h2o', 'pi', 'h'}	Unknown	Unknown
NADPPPS	NADP phosphatase	Cofactor and Prosthetic Group Biosynthesis	1.0 h2o_c + 1.0 nadp_c = 1.0 nad_c + 1.0 pi_c	1.0 H2O H2O + 1.0 Nicotinamide adenine dinucleotide phosphate = 1.0 Nicotinamide adenine dinucleotide + 1.0 Phosphate	1.0 CHEBI:13352 + 1.0 CHEBI:29868 = 1.0 CHEBI:7422 + 1.0 CHEBI:26078	{'nad', 'nadp', 'pi', 'h2o'}	Unknown	Unknown
EX_mnl_e	D-Mannitol exchange	Extracellular exchange	1.0 mnl_e = 	1.0 D-Mannitol = 	1.0 CHEBI:29864 = 	{'mnl'}	Unknown	Unknown
THRD_L	L-threonine deaminase	Valine, Leucine, and Isoleucine Metabolism	1.0 thr__L_c = 1.0 2obut_c + 1.0 nh4_c	1.0 L-Threonine = 1.0 2-Oxobutanoate + 1.0 Ammonium	1.0 CHEBI:16857 = 1.0 CHEBI:1250 + 1.0 CHEBI:44284	{'thr__L', '2obut', 'nh4'}	ilvA, tdcB	P04968, P0AGF6
EX_malt_e	Maltose exchange	Extracellular exchange	1.0 malt_e = 	1.0 Maltose C12H22O11 = 	1.0 CHEBI:6668 = 	{'malt'}	Unknown	Unknown
NTD3	5'-nucleotidase (dCMP)	Nucleotide Salvage Pathway	1.0 dcmp_c + 1.0 h2o_c = 1.0 dcyt_c + 1.0 pi_c	1.0 DCMP C9H12N3O7P + 1.0 H2O H2O = 1.0 Deoxycytidine + 1.0 Phosphate	1.0 CHEBI:15918 + 1.0 CHEBI:13352 = 1.0 CHEBI:41434 + 1.0 CHEBI:26078	{'dcyt', 'pi', 'dcmp', 'h2o'}	umpG, yfbR, yfdR	P0A840, P76491, P76514
GLYOX	Hydroxyacylglutathione hydrolase	Methylglyoxal Metabolism	1.0 h2o_c + 1.0 lgt__S_c = 1.0 gthrd_c + 1.0 h_c + 1.0 lac__D_c	1.0 H2O H2O + 1.0 (R)-S-Lactoylglutathione = 1.0 Reduced glutathione + 1.0 H+ + 1.0 D-Lactate	1.0 CHEBI:13352 + 1.0 CHEBI:57474 = 1.0 CHEBI:43049 + 1.0 CHEBI:5584 + 1.0 CHEBI:16004	{'lac__D', 'h2o', 'lgt__S', 'gthrd', 'h'}	gloB	P0AC84
NAMNPP	Nicotinic acid mononucleotide pyrophosphorylase	Cofactor and Prosthetic Group Biosynthesis	1.0 atp_c + 1.0 h2o_c + 1.0 nac_c + 1.0 prpp_c = 1.0 adp_c + 1.0 nicrnt_c + 1.0 pi_c + 1.0 ppi_c	1.0 ATP C10H12N5O13P3 + 1.0 H2O H2O + 1.0 Nicotinate + 1.0 5-Phospho-alpha-D-ribose 1-diphosphate = 1.0 ADP C10H12N5O10P2 + 1.0 Nicotinate D-ribonucleotide + 1.0 Phosphate + 1.0 Diphosphate	1.0 CHEBI:15422 + 1.0 CHEBI:13352 + 1.0 CHEBI:7559 + 1.0 CHEBI:2121 = 1.0 CHEBI:2342 + 1.0 CHEBI:7561 + 1.0 CHEBI:26078 + 1.0 CHEBI:45212	{'prpp', 'atp', 'adp', 'ppi', 'nicrnt', 'h2o', 'pi', 'nac'}	pncB	P18133
EX_pnto__R_e	(R)-Pantothenate exchange	Extracellular exchange	1.0 pnto__R_e = 	1.0 (R)-Pantothenate = 	1.0 CHEBI:29032 = 	{'pnto__R'}	Unknown	Unknown
SELNPS	Selenophosphate synthase	Unassigned	1.0 atp_c + 1.0 h2o_c + 1.0 seln_c = 1.0 amp_c + 1.0 pi_c + 1.0 selnp_c	1.0 ATP C10H12N5O13P3 + 1.0 H2O H2O + 1.0 Selenide = 1.0 AMP C10H12N5O7P + 1.0 Phosphate + 1.0 Selenophosphate	1.0 CHEBI:15422 + 1.0 CHEBI:13352 + 1.0 CHEBI:9089 = 1.0 CHEBI:13736 + 1.0 CHEBI:26078 + 1.0 CHEBI:9101	{'atp', 'seln', 'h2o', 'pi', 'selnp', 'amp'}	selD	P16456
MTRPOX	N-methyltryptophan oxidase	Glycine and Serine Metabolism	1.0 Nmtrp_c + 1.0 h2o_c + 1.0 o2_c = 1.0 fald_c + 1.0 h2o2_c + 1.0 trp__L_c	1.0 N-Methyltryptophan + 1.0 H2O H2O + 1.0 O2 O2 = 1.0 Formaldehyde + 1.0 Hydrogen peroxide + 1.0 L-Tryptophan	1.0 CHEBI:86128 + 1.0 CHEBI:13352 + 1.0 CHEBI:7860 = 1.0 CHEBI:16842 + 1.0 CHEBI:29192 + 1.0 CHEBI:13178	{'h2o2', 'o2', 'h2o', 'trp__L', 'Nmtrp', 'fald'}	solA	P40874
AGM4PCPpp	N-Acetyl-D-glucosamine(anhydrous)N-Acetylmuramyl-tetrapeptide L,D-carboxypeptidase (periplasmic)	Murein Recycling	1.0 anhgm4p_p + 1.0 h2o_p = 1.0 ala__D_p + 1.0 anhgm3p_p	1.0 N-Acetyl-D-glucosamine(anhydrous)N-Acetylmuramyl-tetrapeptide + 1.0 H2O H2O = 1.0 D-Alanine + 1.0 N-Acetyl-D-glucosamine(anhydrous)N-Acetylmuramyl-tripeptide	1.0 Unknown + 1.0 CHEBI:13352 = 1.0 CHEBI:12899 + 1.0 Unknown	{'ala__D', 'anhgm3p', 'anhgm4p', 'h2o'}	mepS	P0AFV4
GTPDPDP	Guanosine-5'-triphosphate,3'-diphosphate diphosphatase	Cofactor and Prosthetic Group Biosynthesis	1.0 gdptp_c + 1.0 h2o_c = 1.0 h_c + 1.0 pi_c + 1.0 ppgpp_c	1.0 Guanosine 3'-diphosphate 5'-triphosphate + 1.0 H2O H2O = 1.0 H+ + 1.0 Phosphate + 1.0 Guanosine 3',5'-bis(diphosphate)	1.0 CHEBI:14382 + 1.0 CHEBI:13352 = 1.0 CHEBI:5584 + 1.0 CHEBI:26078 + 1.0 CHEBI:58215	{'h2o', 'pi', 'ppgpp', 'gdptp', 'h'}	gpp	P25552
CRNCAR	Carnitine-CoA racemase	Oxidative Phosphorylation	1.0 crncoa_c = 1.0 crnDcoa_c	1.0 L-Carnitinyl-CoA = 1.0 D-carnitinyl-CoA	1.0 CHEBI:41482 = 1.0 CHEBI:62194	{'crnDcoa', 'crncoa'}	caiD	P31551
RNDR2	Ribonucleoside-diphosphate reductase (GDP)	Nucleotide Salvage Pathway	1.0 gdp_c + 1.0 trdrd_c = 1.0 dgdp_c + 1.0 h2o_c + 1.0 trdox_c	1.0 GDP C10H12N5O11P2 + 1.0 Reduced thioredoxin = 1.0 DGDP C10H12N5O10P2 + 1.0 H2O H2O + 1.0 Oxidized thioredoxin	1.0 CHEBI:5212 + 1.0 CHEBI:15033 = 1.0 CHEBI:58595 + 1.0 CHEBI:13352 + 1.0 CHEBI:14726	{'gdp', 'h2o', 'trdrd', 'dgdp', 'trdox'}	trxA, nrdA, nrdB, trxC, nrdA, nrdB	P0AA25, P00452, P69924, P0AGG4
EX_asn__L_e	L-Asparagine exchange	Extracellular exchange	1.0 asn__L_e = 	1.0 L-Asparagine = 	1.0 CHEBI:6191 = 	{'asn__L'}	Unknown	Unknown
ANHMK	1,6-anhydrous-N-Acetylmuramate kinase	Murein Recycling	1.0 anhm_c + 1.0 atp_c + 1.0 h2o_c = 1.0 acmum6p_c + 1.0 adp_c + 1.0 h_c	1.0 1,6-anhydrous-N-Acetylmuramate + 1.0 ATP C10H12N5O13P3 + 1.0 H2O H2O = 1.0 N-acetylmuramate 6-phosphate + 1.0 ADP C10H12N5O10P2 + 1.0 H+	1.0 Unknown + 1.0 CHEBI:15422 + 1.0 CHEBI:13352 = 1.0 CHEBI:47968 + 1.0 CHEBI:2342 + 1.0 CHEBI:5584	{'atp', 'acmum6p', 'anhm', 'adp', 'h2o', 'h'}	anmK	P77570
DHFR	Dihydrofolate reductase	Cofactor and Prosthetic Group Biosynthesis	1.0 dhf_c + 1.0 h_c + 1.0 nadph_c = 1.0 nadp_c + 1.0 thf_c	1.0 7,8-Dihydrofolate + 1.0 H+ + 1.0 Nicotinamide adenine dinucleotide phosphate - reduced = 1.0 Nicotinamide adenine dinucleotide phosphate + 1.0 5,6,7,8-Tetrahydrofolate	1.0 CHEBI:42000 + 1.0 CHEBI:5584 + 1.0 CHEBI:16474 = 1.0 CHEBI:29868 + 1.0 CHEBI:57453	{'nadp', 'nadph', 'thf', 'dhf', 'h'}	folM, folA	P0AFS3, P0ABQ4
EX_cit_e	Citrate exchange	Extracellular exchange	1.0 cit_e = 	1.0 Citrate = 	1.0 CHEBI:35802 = 	{'cit'}	Unknown	Unknown
PRAIi	Phosphoribosylanthranilate isomerase (irreversible)	Tyrosine, Tryptophan, and Phenylalanine Metabolism	1.0 pran_c = 1.0 2cpr5p_c	1.0 N-(5-Phospho-D-ribosyl)anthranilate = 1.0 1-(2-Carboxyphenylamino)-1-deoxy-D-ribulose 5-phosphate	1.0 CHEBI:12431 = 1.0 CHEBI:11186	{'pran', '2cpr5p'}	trpC	P00909
EX_mal__L_e	L-Malate exchange	Extracellular exchange	1.0 mal__L_e = 	1.0 L-Malate = 	1.0 CHEBI:15589 = 	{'mal__L'}	Unknown	Unknown
NMNN	NMN nucleosidase	Cofactor and Prosthetic Group Biosynthesis	1.0 h2o_c + 1.0 nmn_c = 1.0 h_c + 1.0 ncam_c + 1.0 r5p_c	1.0 H2O H2O + 1.0 NMN C11H14N2O8P = 1.0 H+ + 1.0 Nicotinamide + 1.0 Alpha-D-Ribose 5-phosphate	1.0 CHEBI:13352 + 1.0 CHEBI:14648 = 1.0 CHEBI:5584 + 1.0 CHEBI:14645 + 1.0 CHEBI:18189	{'ncam', 'h2o', 'r5p', 'nmn', 'h'}	Unknown	Unknown
XAND	Xanthine dehydrogenase	Nucleotide Salvage Pathway	1.0 h2o_c + 1.0 nad_c + 1.0 xan_c = 1.0 h_c + 1.0 nadh_c + 1.0 urate_c	1.0 H2O H2O + 1.0 Nicotinamide adenine dinucleotide + 1.0 Xanthine = 1.0 H+ + 1.0 Nicotinamide adenine dinucleotide - reduced + 1.0 Urate C5H4N4O3	1.0 CHEBI:13352 + 1.0 CHEBI:7422 + 1.0 CHEBI:15318 = 1.0 CHEBI:5584 + 1.0 CHEBI:13395 + 1.0 CHEBI:27216	{'xan', 'urate', 'h2o', 'nad', 'nadh', 'h'}	xdhA, xdhB, xdhC	Q46799, Q46800, Q46801
EX_no2_e	Nitrite exchange	Extracellular exchange	1.0 no2_e = 	1.0 Nitrite = 	1.0 CHEBI:16301 = 	{'no2'}	Unknown	Unknown
HACD3	3-hydroxyacyl-CoA dehydrogenase (3-oxooctanoyl-CoA)	Membrane Lipid Metabolism	1.0 3oocoa_c + 1.0 h_c + 1.0 nadh_c = 1.0 3hocoa_c + 1.0 nad_c	1.0 3-Oxooctanoyl-CoA + 1.0 H+ + 1.0 Nicotinamide adenine dinucleotide - reduced = 1.0 (S)-3-Hydroxyoctanoyl-CoA + 1.0 Nicotinamide adenine dinucleotide	1.0 CHEBI:20175 + 1.0 CHEBI:5584 + 1.0 CHEBI:13395 = 1.0 CHEBI:395 + 1.0 CHEBI:7422	{'3oocoa', '3hocoa', 'nad', 'nadh', 'h'}	fadB, fadJ	P21177, P77399
TYRTA	Tyrosine transaminase	Tyrosine, Tryptophan, and Phenylalanine Metabolism	1.0 akg_c + 1.0 tyr__L_c = 1.0 34hpp_c + 1.0 glu__L_c	1.0 2-Oxoglutarate + 1.0 L-Tyrosine = 1.0 3-(4-Hydroxyphenyl)pyruvate + 1.0 L-Glutamate	1.0 CHEBI:40661 + 1.0 CHEBI:6313 = 1.0 CHEBI:36242 + 1.0 CHEBI:76051	{'tyr__L', 'akg', 'glu__L', '34hpp'}	tyrB, aspC, ilvE	P04693, P00509, P0AB80
SHKK	Shikimate kinase	Tyrosine, Tryptophan, and Phenylalanine Metabolism	1.0 atp_c + 1.0 skm_c = 1.0 adp_c + 1.0 h_c + 1.0 skm5p_c	1.0 ATP C10H12N5O13P3 + 1.0 Shikimate = 1.0 ADP C10H12N5O10P2 + 1.0 H+ + 1.0 Shikimate 5-phosphate	1.0 CHEBI:15422 + 1.0 CHEBI:15083 = 1.0 CHEBI:2342 + 1.0 CHEBI:5584 + 1.0 CHEBI:11886	{'atp', 'skm', 'adp', 'skm5p', 'h'}	aroK, aroL	P0A6D7, P0A6E1
EX_gam_e	D-Glucosamine exchange	Extracellular exchange	1.0 gam_e = 	1.0 D-Glucosamine = 	1.0 CHEBI:58723 = 	{'gam'}	Unknown	Unknown
EX_inost_e	Myo-Inositol exchange	Extracellular exchange	1.0 inost_e = 	1.0 Myo-Inositol = 	1.0 CHEBI:4200 = 	{'inost'}	Unknown	Unknown
EX_mobd_e	Molybdate exchange	Extracellular exchange	1.0 mobd_e = 	1.0 Molybdate = 	1.0 CHEBI:36263 = 	{'mobd'}	Unknown	Unknown
NNDMBRT	Nicotinate-nucleotide dimethylbenzimidazole phosphoribosyltransferase	Cofactor and Prosthetic Group Biosynthesis	1.0 dmbzid_c + 1.0 nicrnt_c = 1.0 5prdmbz_c + 1.0 h_c + 1.0 nac_c	1.0 5,6-Dimethylbenzimidazole + 1.0 Nicotinate D-ribonucleotide = 1.0 N1-(5-Phospho-alpha-D-ribosyl)-5,6-dimethylbenzimidazole + 1.0 H+ + 1.0 Nicotinate	1.0 CHEBI:14172 + 1.0 CHEBI:7561 = 1.0 CHEBI:45256 + 1.0 CHEBI:5584 + 1.0 CHEBI:7559	{'5prdmbz', 'nicrnt', 'dmbzid', 'nac', 'h'}	cobT	P36562
THRA2	L-allo-Threonine Aldolase	Threonine and Lysine Metabolism	1.0 athr__L_c = 1.0 acald_c + 1.0 gly_c	1.0 L-Allo-threonine = 1.0 Acetaldehyde + 1.0 Glycine	1.0 CHEBI:6174 = 1.0 CHEBI:40533 + 1.0 CHEBI:32508	{'acald', 'athr__L', 'gly'}	glyA, ltaE	P0A825, P75823
PPK	Polyphosphate kinase	Oxidative Phosphorylation	1.0 atp_c + 1.0 pi_c = 1.0 adp_c + 1.0 ppi_c	1.0 ATP C10H12N5O13P3 + 1.0 Phosphate = 1.0 ADP C10H12N5O10P2 + 1.0 Diphosphate	1.0 CHEBI:15422 + 1.0 CHEBI:26078 = 1.0 CHEBI:2342 + 1.0 CHEBI:45212	{'atp', 'ppi', 'pi', 'adp'}	ppk	P0A7B1
EX_so4_e	Sulfate exchange	Extracellular exchange	1.0 so4_e = 	1.0 Sulfate = 	1.0 CHEBI:15135 = 	{'so4'}	Unknown	Unknown
SADH	Succinylarginine dihydrolase	Arginine and Proline Metabolism	2.0 h2o_c + 2.0 h_c + 1.0 sucarg_c = 1.0 co2_c + 2.0 nh4_c + 1.0 sucorn_c	2.0 H2O H2O + 2.0 H+ + 1.0 N2-Succinyl-L-arginine = 1.0 CO2 CO2 + 2.0 Ammonium + 1.0 N2-Succinyl-L-ornithine	2.0 CHEBI:13352 + 2.0 CHEBI:5584 + 1.0 CHEBI:21819 = 1.0 CHEBI:23011 + 2.0 CHEBI:44284 + 1.0 CHEBI:21822	{'nh4', 'sucorn', 'sucarg', 'h2o', 'co2', 'h'}	astB	P76216
GLUSy	Glutamate synthase (NADPH)	Glutamate Metabolism	1.0 akg_c + 1.0 gln__L_c + 1.0 h_c + 1.0 nadph_c = 2.0 glu__L_c + 1.0 nadp_c	1.0 2-Oxoglutarate + 1.0 L-Glutamine + 1.0 H+ + 1.0 Nicotinamide adenine dinucleotide phosphate - reduced = 2.0 L-Glutamate + 1.0 Nicotinamide adenine dinucleotide phosphate	1.0 CHEBI:40661 + 1.0 CHEBI:42943 + 1.0 CHEBI:5584 + 1.0 CHEBI:16474 = 2.0 CHEBI:76051 + 1.0 CHEBI:29868	{'nadp', 'nadph', 'glu__L', 'gln__L', 'akg', 'h'}	gltD, gltB	P09832, P09831
GUAPRT	Guanine phosphoribosyltransferase	Nucleotide Salvage Pathway	1.0 gua_c + 1.0 prpp_c = 1.0 gmp_c + 1.0 ppi_c	1.0 Guanine + 1.0 5-Phospho-alpha-D-ribose 1-diphosphate = 1.0 GMP C10H12N5O8P + 1.0 Diphosphate	1.0 CHEBI:16235 + 1.0 CHEBI:2121 = 1.0 CHEBI:24449 + 1.0 CHEBI:45212	{'prpp', 'ppi', 'gmp', 'gua'}	hpt, gpt	P0A9M2, P0A9M5
EX_phe__L_e	L-Phenylalanine exchange	Extracellular exchange	1.0 phe__L_e = 	1.0 L-Phenylalanine = 	1.0 CHEBI:21370 = 	{'phe__L'}	Unknown	Unknown
EX_thr__L_e	L-Threonine exchange	Extracellular exchange	1.0 thr__L_e = 	1.0 L-Threonine = 	1.0 CHEBI:16857 = 	{'thr__L'}	Unknown	Unknown
EX_uri_e	Uridine exchange	Extracellular exchange	1.0 uri_e = 	1.0 Uridine = 	1.0 CHEBI:46386 = 	{'uri'}	Unknown	Unknown
OMCDC	2-Oxo-4-methyl-3-carboxypentanoate decarboxylation	Valine, Leucine, and Isoleucine Metabolism	1.0 3c4mop_c + 1.0 h_c = 1.0 4mop_c + 1.0 co2_c	1.0 3-Carboxy-4-methyl-2-oxopentanoate + 1.0 H+ = 1.0 4-Methyl-2-oxopentanoate + 1.0 CO2 CO2	1.0 CHEBI:17214 + 1.0 CHEBI:5584 = 1.0 CHEBI:1891 + 1.0 CHEBI:23011	{'3c4mop', 'co2', 'h', '4mop'}		Unknown
ABUTD	Aminobutyraldehyde dehydrogenase	Arginine and Proline Metabolism	1.0 4abutn_c + 1.0 h2o_c + 1.0 nad_c = 1.0 4abut_c + 2.0 h_c + 1.0 nadh_c	1.0 4-Aminobutanal + 1.0 H2O H2O + 1.0 Nicotinamide adenine dinucleotide = 1.0 4-Aminobutanoate + 2.0 H+ + 1.0 Nicotinamide adenine dinucleotide - reduced	1.0 CHEBI:11960 + 1.0 CHEBI:13352 + 1.0 CHEBI:7422 = 1.0 CHEBI:40483 + 2.0 CHEBI:5584 + 1.0 CHEBI:13395	{'h2o', '4abutn', 'nad', '4abut', 'nadh', 'h'}	patD	P77674
E4PD	Erythrose 4-phosphate dehydrogenase	Cofactor and Prosthetic Group Biosynthesis	1.0 e4p_c + 1.0 h2o_c + 1.0 nad_c = 1.0 4per_c + 2.0 h_c + 1.0 nadh_c	1.0 D-Erythrose 4-phosphate + 1.0 H2O H2O + 1.0 Nicotinamide adenine dinucleotide = 1.0 4-Phospho-D-erythronate + 2.0 H+ + 1.0 Nicotinamide adenine dinucleotide - reduced	1.0 CHEBI:4114 + 1.0 CHEBI:13352 + 1.0 CHEBI:7422 = 1.0 CHEBI:49055 + 2.0 CHEBI:5584 + 1.0 CHEBI:13395	{'e4p', '4per', 'h2o', 'nad', 'nadh', 'h'}	epd, gapA	P0A9B6, P0A9B2
IG3PS	Imidazole-glycerol-3-phosphate synthase	Histidine Metabolism	1.0 gln__L_c + 1.0 prlp_c = 1.0 aicar_c + 1.0 eig3p_c + 1.0 glu__L_c + 1.0 h_c	1.0 L-Glutamine + 1.0 5-[(5-phospho-1-deoxyribulos-1-ylamino)methylideneamino]-1-(5-phosphoribosyl)imidazole-4-carboxamide = 1.0 5-Amino-1-(5-Phospho-D-ribosyl)imidazole-4-carboxamide + 1.0 D-erythro-1-(Imidazol-4-yl)glycerol 3-phosphate + 1.0 L-Glutamate + 1.0 H+	1.0 CHEBI:42943 + 1.0 CHEBI:39698 = 1.0 CHEBI:573 + 1.0 CHEBI:12888 + 1.0 CHEBI:76051 + 1.0 CHEBI:5584	{'eig3p', 'prlp', 'glu__L', 'gln__L', 'aicar', 'h'}	hisH, hisF	P60595, P60664
PDH	Pyruvate dehydrogenase	Glycolysis/Gluconeogenesis	1.0 coa_c + 1.0 nad_c + 1.0 pyr_c = 1.0 accoa_c + 1.0 co2_c + 1.0 nadh_c	1.0 Coenzyme A + 1.0 Nicotinamide adenine dinucleotide + 1.0 Pyruvate = 1.0 Acetyl-CoA + 1.0 CO2 CO2 + 1.0 Nicotinamide adenine dinucleotide - reduced	1.0 CHEBI:41631 + 1.0 CHEBI:7422 + 1.0 CHEBI:26462 = 1.0 CHEBI:57288 + 1.0 CHEBI:23011 + 1.0 CHEBI:13395	{'coa', 'accoa', 'co2', 'pyr', 'nad', 'nadh'}	aceF, lpd, aceE	P06959, P0A9P0, P0AFG8
MTHFR2	5,10-methylenetetrahydrofolate reductase (NADH)	Folate Metabolism	2.0 h_c + 1.0 mlthf_c + 1.0 nadh_c = 1.0 5mthf_c + 1.0 nad_c	2.0 H+ + 1.0 5,10-Methylenetetrahydrofolate + 1.0 Nicotinamide adenine dinucleotide - reduced = 1.0 5-Methyltetrahydrofolate + 1.0 Nicotinamide adenine dinucleotide	2.0 CHEBI:5584 + 1.0 CHEBI:10925 + 1.0 CHEBI:13395 = 1.0 CHEBI:18608 + 1.0 CHEBI:7422	{'nad', 'mlthf', '5mthf', 'nadh', 'h'}	metF	P0AEZ1
DMSOR2pp	Dimethyl sulfoxide reductase (Demethylmenaquinol 8) (periplasm)	Oxidative Phosphorylation	1.0 2dmmql8_c + 1.0 dmso_p = 1.0 2dmmq8_c + 1.0 dms_p + 1.0 h2o_p	1.0 2-Demethylmenaquinol 8 + 1.0 Dimethyl sulfoxide = 1.0 2-Demethylmenaquinone 8 + 1.0 Dimethyl sulfide + 1.0 H2O H2O	1.0 CHEBI:61873 + 1.0 CHEBI:23801 = 1.0 CHEBI:48455 + 1.0 CHEBI:17437 + 1.0 CHEBI:13352	{'dms', '2dmmq8', '2dmmql8', 'h2o', 'dmso'}	torZ, torY	P46923, P52005
EX_nh4_e	Ammonia exchange	Extracellular exchange	1.0 nh4_e = 	1.0 Ammonium = 	1.0 CHEBI:44284 = 	{'nh4'}	Unknown	Unknown
DADK	Deoxyadenylate kinase	Nucleotide Salvage Pathway	1.0 atp_c + 1.0 damp_c = 1.0 adp_c + 1.0 dadp_c	1.0 ATP C10H12N5O13P3 + 1.0 DAMP C10H12N5O6P = 1.0 ADP C10H12N5O10P2 + 1.0 DADP C10H12N5O9P2	1.0 CHEBI:15422 + 1.0 CHEBI:17713 = 1.0 CHEBI:2342 + 1.0 CHEBI:10489	{'atp', 'damp', 'adp', 'dadp'}	adk	P69441
DUTPDP	DUTP diphosphatase	Nucleotide Salvage Pathway	1.0 dutp_c + 1.0 h2o_c = 1.0 dump_c + 1.0 h_c + 1.0 ppi_c	1.0 DUTP C9H11N2O14P3 + 1.0 H2O H2O = 1.0 DUMP C9H11N2O8P + 1.0 H+ + 1.0 Diphosphate	1.0 CHEBI:17625 + 1.0 CHEBI:13352 = 1.0 CHEBI:19263 + 1.0 CHEBI:5584 + 1.0 CHEBI:45212	{'ppi', 'h2o', 'dump', 'dutp', 'h'}	dut, nudI	P06968, P52006
EX_ddca_e	Dodecanoate (n-C12:0) exchange	Extracellular exchange	1.0 ddca_e = 	1.0 Dodecanoate (n-C12:0) = 	1.0 Unknown = 	{'ddca'}	Unknown	Unknown
HYD3pp	Hydrogenase (Demethylmenaquinone-8: 2 protons) (periplasm)	Oxidative Phosphorylation	1.0 2dmmq8_c + 1.0 h2_c + 2.0 h_c = 1.0 2dmmql8_c + 2.0 h_p	1.0 2-Demethylmenaquinone 8 + 1.0 Hydrogen + 2.0 H+ = 1.0 2-Demethylmenaquinol 8 + 2.0 H+	1.0 CHEBI:48455 + 1.0 CHEBI:18276 + 2.0 CHEBI:5584 = 1.0 CHEBI:61873 + 2.0 CHEBI:5584	{'h2', '2dmmq8', '2dmmql8', 'h'}	hyaB, hyaC, hyaA, hybC, hybO, hybA, hybB	P0ACD8, P0AAM1, P69739, P0ACE0, P69741, P0AAJ8, P37180
NO3R1pp	Nitrate reductase (Ubiquinol-8) (periplasm)	Oxidative Phosphorylation	2.0 h_c + 1.0 no3_c + 1.0 q8h2_c = 1.0 h2o_c + 2.0 h_p + 1.0 no2_c + 1.0 q8_c	2.0 H+ + 1.0 Nitrate + 1.0 Ubiquinol-8 = 1.0 H2O H2O + 2.0 H+ + 1.0 Nitrite + 1.0 Ubiquinone-8	2.0 CHEBI:5584 + 1.0 CHEBI:44487 + 1.0 CHEBI:61682 = 1.0 CHEBI:13352 + 2.0 CHEBI:5584 + 1.0 CHEBI:16301 + 1.0 CHEBI:61683	{'q8', 'h2o', 'q8h2', 'no3', 'no2', 'h'}	narY, narZ, narW, narV, narG, narI, narJ, narH	P19318, P19319, P19317, P0AF32, P09152, P11350, P0AF26, P11349
NTP5	Nucleoside-triphosphatase (CTP)	Nucleotide Salvage Pathway	1.0 ctp_c + 1.0 h2o_c = 1.0 cdp_c + 1.0 h_c + 1.0 pi_c	1.0 CTP C9H12N3O14P3 + 1.0 H2O H2O = 1.0 CDP C9H12N3O11P2 + 1.0 H+ + 1.0 Phosphate	1.0 CHEBI:3285 + 1.0 CHEBI:13352 = 1.0 CHEBI:41451 + 1.0 CHEBI:5584 + 1.0 CHEBI:26078	{'h2o', 'pi', 'cdp', 'ctp', 'h'}	rsgA	P39286
EX_r5p_e	Alpha-D-Ribose 5-phosphate exchange	Extracellular exchange	1.0 r5p_e = 	1.0 Alpha-D-Ribose 5-phosphate = 	1.0 CHEBI:18189 = 	{'r5p'}	Unknown	Unknown
EX_glyc2p_e	Glycerol 2-phosphate exchange	Extracellular exchange	1.0 glyc2p_e = 	1.0 Glycerol 2-phosphate = 	1.0 CHEBI:26704 = 	{'glyc2p'}	Unknown	Unknown
MTAN	Methylthioadenosine nucleosidase	Arginine and Proline Metabolism	1.0 5mta_c + 1.0 h2o_c = 1.0 5mtr_c + 1.0 ade_c	1.0 5-Methylthioadenosine + 1.0 H2O H2O = 1.0 5-Methylthio-D-ribose + 1.0 Adenine	1.0 CHEBI:1966 + 1.0 CHEBI:13352 = 1.0 CHEBI:16895 + 1.0 CHEBI:16708	{'ade', 'h2o', '5mtr', '5mta'}	mtn	P0AF12
DPR	2-dehydropantoate 2-reductase	Cofactor and Prosthetic Group Biosynthesis	1.0 2dhp_c + 1.0 h_c + 1.0 nadph_c = 1.0 nadp_c + 1.0 pant__R_c	1.0 2-Dehydropantoate + 1.0 H+ + 1.0 Nicotinamide adenine dinucleotide phosphate - reduced = 1.0 Nicotinamide adenine dinucleotide phosphate + 1.0 (R)-Pantoate	1.0 CHEBI:1071 + 1.0 CHEBI:5584 + 1.0 CHEBI:16474 = 1.0 CHEBI:29868 + 1.0 CHEBI:18696	{'2dhp', 'nadp', 'nadph', 'pant__R', 'h'}	panE, ilvC	P0A9J4, P05793
EX_halipa_e	Hepta-acylated KDO(2)-lipid (A) exchange	Extracellular exchange	1.0 halipa_e = 	1.0 Hepta-acylated KDO(2)-lipid (A) = 	1.0 Unknown = 	{'halipa'}	Unknown	Unknown
AACPS5	Acyl-[acyl-carrier-protein] synthetase  (n-C18:1)	Cell Envelope Biosynthesis	1.0 ACP_c + 1.0 atp_c + 1.0 ocdcea_c = 1.0 amp_c + 1.0 octeACP_c + 1.0 ppi_c	1.0 Acyl carrier protein + 1.0 ATP C10H12N5O13P3 + 1.0 Octadecenoate (n-C18:1) = 1.0 AMP C10H12N5O7P + 1.0 Cis-octadec-11-enoyl-[acyl-carrier protein] (n-C18:1) + 1.0 Diphosphate	1.0 CHEBI:14405 + 1.0 CHEBI:15422 + 1.0 CHEBI:30823 = 1.0 CHEBI:13736 + 1.0 Unknown + 1.0 CHEBI:45212	{'ocdcea', 'atp', 'octeACP', 'ACP', 'ppi', 'amp'}	acpP, aas	P0A6A8, P31119
EX_cmp_e	CMP exchange	Extracellular exchange	1.0 cmp_e = 	1.0 CMP C9H12N3O8P = 	1.0 CHEBI:60377 = 	{'cmp'}	Unknown	Unknown
NTD8	5'-nucleotidase (dGMP)	Nucleotide Salvage Pathway	1.0 dgmp_c + 1.0 h2o_c = 1.0 dgsn_c + 1.0 pi_c	1.0 DGMP C10H12N5O7P + 1.0 H2O H2O = 1.0 Deoxyguanosine + 1.0 Phosphate	1.0 CHEBI:57673 + 1.0 CHEBI:13352 = 1.0 CHEBI:14116 + 1.0 CHEBI:26078	{'dgmp', 'pi', 'dgsn', 'h2o'}	umpG, yfbR, yrfG, yfdR	P0A840, P76491, P64636, P76514
GALCTD	Galactarate dehydratase	Alternate Carbon Metabolism	1.0 galct__D_c = 1.0 5dh4dglc_c + 1.0 h2o_c	1.0 D-Galactarate = 1.0 5-Dehydro-4-deoxy-D-glucarate + 1.0 H2O H2O	1.0 CHEBI:33799 = 1.0 CHEBI:35453 + 1.0 CHEBI:13352	{'5dh4dglc', 'galct__D', 'h2o'}	garD	P39829
EX_malthx_e	Maltohexaose exchange	Extracellular exchange	1.0 malthx_e = 	1.0 Maltohexaose = 	1.0 CHEBI:61953 = 	{'malthx'}	Unknown	Unknown
MLTG4	Maltodextrin glucosidase (maltohexaose)	Alternate Carbon Metabolism	1.0 h2o_c + 1.0 malthx_c = 1.0 glc__D_c + 1.0 maltpt_c	1.0 H2O H2O + 1.0 Maltohexaose = 1.0 D-Glucose + 1.0 Maltopentaose	1.0 CHEBI:13352 + 1.0 CHEBI:61953 = 1.0 CHEBI:12965 + 1.0 CHEBI:61952	{'malthx', 'glc__D', 'maltpt', 'h2o'}	malZ	P21517
UDPGDC	UDP-glucuronate C-4'' decarboxylase	Lipopolysaccharide Biosynthesis / Recycling	1.0 nad_c + 1.0 udpglcur_c = 1.0 co2_c + 1.0 nadh_c + 1.0 udpLa4o_c	1.0 Nicotinamide adenine dinucleotide + 1.0 UDP-D-glucuronate = 1.0 CO2 CO2 + 1.0 Nicotinamide adenine dinucleotide - reduced + 1.0 UDP-4-keto-pyranose	1.0 CHEBI:7422 + 1.0 CHEBI:46309 = 1.0 CHEBI:23011 + 1.0 CHEBI:13395 + 1.0 CHEBI:58710	{'udpLa4o', 'co2', 'udpglcur', 'nad', 'nadh'}	arnA	P77398
PUNP4	Purine-nucleoside phosphorylase (Deoxyguanosine)	Nucleotide Salvage Pathway	1.0 dgsn_c + 1.0 pi_c = 1.0 2dr1p_c + 1.0 gua_c	1.0 Deoxyguanosine + 1.0 Phosphate = 1.0 2-Deoxy-D-ribose 1-phosphate + 1.0 Guanine	1.0 CHEBI:14116 + 1.0 CHEBI:26078 = 1.0 CHEBI:28542 + 1.0 CHEBI:16235	{'pi', '2dr1p', 'gua', 'dgsn'}	xapA, deoD	P45563, P0ABP8
AMAOTr	Adenosylmethionine-8-amino-7-oxononanoate transaminase	Cofactor and Prosthetic Group Biosynthesis	1.0 8aonn_c + 1.0 amet_c = 1.0 amob_c + 1.0 dann_c	1.0 8-Amino-7-oxononanoate + 1.0 S-Adenosyl-L-methionine = 1.0 S-Adenosyl-4-methylthio-2-oxobutanoate + 1.0 7,8-Diaminononanoate	1.0 CHEBI:57532 + 1.0 CHEBI:33442 = 1.0 CHEBI:12758 + 1.0 CHEBI:12242	{'amob', 'dann', 'amet', '8aonn'}	bioA	P12995
EX_csn_e	Cytosine exchange	Extracellular exchange	1.0 csn_e = 	1.0 Cytosine = 	1.0 CHEBI:23531 = 	{'csn'}	Unknown	Unknown
EX_etoh_e	Ethanol exchange	Extracellular exchange	1.0 etoh_e = 	1.0 Ethanol = 	1.0 CHEBI:42377 = 	{'etoh'}	Unknown	Unknown
G6PP	Glucose-6-phosphate phosphatase	Glycolysis/Gluconeogenesis	1.0 g6p_c + 1.0 h2o_c = 1.0 glc__D_c + 1.0 pi_c	1.0 D-Glucose 6-phosphate + 1.0 H2O H2O = 1.0 D-Glucose + 1.0 Phosphate	1.0 CHEBI:61548 + 1.0 CHEBI:13352 = 1.0 CHEBI:12965 + 1.0 CHEBI:26078	{'glc__D', 'g6p', 'pi', 'h2o'}	ybiV, yigL, yfbT	P75792, P27848, P77625
MMCD	Methylmalonyl-CoA decarboxylase	Alternate Carbon Metabolism	1.0 h_c + 1.0 mmcoa__S_c = 1.0 co2_c + 1.0 ppcoa_c	1.0 H+ + 1.0 (S)-Methylmalonyl-CoA = 1.0 CO2 CO2 + 1.0 Propanoyl-CoA	1.0 CHEBI:5584 + 1.0 CHEBI:43874 = 1.0 CHEBI:23011 + 1.0 CHEBI:14907	{'h', 'mmcoa__S', 'ppcoa', 'co2'}	scpB	P52045
GLNS	Glutamine synthetase	Glutamate Metabolism	1.0 atp_c + 1.0 glu__L_c + 1.0 nh4_c = 1.0 adp_c + 1.0 gln__L_c + 1.0 h_c + 1.0 pi_c	1.0 ATP C10H12N5O13P3 + 1.0 L-Glutamate + 1.0 Ammonium = 1.0 ADP C10H12N5O10P2 + 1.0 L-Glutamine + 1.0 H+ + 1.0 Phosphate	1.0 CHEBI:15422 + 1.0 CHEBI:76051 + 1.0 CHEBI:44284 = 1.0 CHEBI:2342 + 1.0 CHEBI:42943 + 1.0 CHEBI:5584 + 1.0 CHEBI:26078	{'atp', 'nh4', 'adp', 'glu__L', 'pi', 'gln__L', 'h'}	glnA	P0A9C5
GTHS	Glutathione synthetase	Cofactor and Prosthetic Group Biosynthesis	1.0 atp_c + 1.0 glucys_c + 1.0 gly_c = 1.0 adp_c + 1.0 gthrd_c + 1.0 h_c + 1.0 pi_c	1.0 ATP C10H12N5O13P3 + 1.0 Gamma-L-Glutamyl-L-cysteine + 1.0 Glycine = 1.0 ADP C10H12N5O10P2 + 1.0 Reduced glutathione + 1.0 H+ + 1.0 Phosphate	1.0 CHEBI:15422 + 1.0 CHEBI:24194 + 1.0 CHEBI:32508 = 1.0 CHEBI:2342 + 1.0 CHEBI:43049 + 1.0 CHEBI:5584 + 1.0 CHEBI:26078	{'atp', 'adp', 'gly', 'pi', 'glucys', 'gthrd', 'h'}	gshB	P04425
EX_g3pe_e	Sn-Glycero-3-phosphoethanolamine exchange	Extracellular exchange	1.0 g3pe_e = 	1.0 Sn-Glycero-3-phosphoethanolamine = 	1.0 CHEBI:57952 = 	{'g3pe'}	Unknown	Unknown
EX_pacald_e	Phenylacetaldehyde exchange	Extracellular exchange	1.0 pacald_e = 	1.0 Phenylacetaldehyde = 	1.0 CHEBI:14778 = 	{'pacald'}	Unknown	Unknown
EX_his__L_e	L-Histidine exchange	Extracellular exchange	1.0 his__L_e = 	1.0 L-Histidine = 	1.0 CHEBI:43239 = 	{'his__L'}	Unknown	Unknown
EX_k_e	K+ exchange	Extracellular exchange	1.0 k_e = 	1.0 Potassium = 	1.0 CHEBI:26219 = 	{'k'}	Unknown	Unknown
EX_na1_e	Sodium exchange	Extracellular exchange	1.0 na1_e = 	1.0 Sodium = 	1.0 CHEBI:9175 = 	{'na1'}	Unknown	Unknown
ACACT1r	Acetyl-CoA C-acetyltransferase	Membrane Lipid Metabolism	2.0 accoa_c = 1.0 aacoa_c + 1.0 coa_c	2.0 Acetyl-CoA = 1.0 Acetoacetyl-CoA + 1.0 Coenzyme A	2.0 CHEBI:57288 = 1.0 CHEBI:22173 + 1.0 CHEBI:41631	{'aacoa', 'coa', 'accoa'}	atoB, fadI, fadA	P76461, P76503, P21151
EX_dmso_e	Dimethyl sulfoxide exchange	Extracellular exchange	1.0 dmso_e = 	1.0 Dimethyl sulfoxide = 	1.0 CHEBI:23801 = 	{'dmso'}	Unknown	Unknown
EX_12ppd__S_e	(S)-Propane-1,2-diol exchange	Extracellular exchange	1.0 12ppd__S_e = 	1.0 (S)-Propane-1,2-diol = 	1.0 CHEBI:29002 = 	{'12ppd__S'}	Unknown	Unknown
EX_pppn_e	Phenylpropanoate exchange	Extracellular exchange	1.0 pppn_e = 	1.0 Phenylpropanoate = 	1.0 CHEBI:20187 = 	{'pppn'}	Unknown	Unknown
UDPKAAT	UDP-4''-ketopentose:UDP-4-amino-4-deoxy-L-arabinose aminotransferase	Lipopolysaccharide Biosynthesis / Recycling	1.0 glu__L_c + 1.0 udpLa4o_c = 1.0 akg_c + 1.0 udpLa4n_c	1.0 L-Glutamate + 1.0 UDP-4-keto-pyranose = 1.0 2-Oxoglutarate + 1.0 Uridine 5''-diphospho-{beta}-4-deoxy-4-amino-L-arabinose	1.0 CHEBI:76051 + 1.0 CHEBI:58710 = 1.0 CHEBI:40661 + 1.0 CHEBI:58708	{'udpLa4n', 'akg', 'glu__L', 'udpLa4o'}	arnB	P77690
ULA4NFT	UDP-L-Ara4N formyltransferase	Lipopolysaccharide Biosynthesis / Recycling	1.0 10fthf_c + 1.0 udpLa4n_c = 1.0 h_c + 1.0 thf_c + 1.0 udpLa4fn_c	1.0 10-Formyltetrahydrofolate + 1.0 Uridine 5''-diphospho-{beta}-4-deoxy-4-amino-L-arabinose = 1.0 H+ + 1.0 5,6,7,8-Tetrahydrofolate + 1.0 Uridine 5''-diphospho-{beta}-4-deoxy-4-formamido-L-arabinose	1.0 CHEBI:19108 + 1.0 CHEBI:58708 = 1.0 CHEBI:5584 + 1.0 CHEBI:57453 + 1.0 CHEBI:47027	{'udpLa4n', 'udpLa4fn', '10fthf', 'thf', 'h'}	arnA	P77398
EX_acgam1p_e	N-Acetyl-D-glucosamine 1-phosphate exchange	Extracellular exchange	1.0 acgam1p_e = 	1.0 N-Acetyl-D-glucosamine 1-phosphate = 	1.0 CHEBI:7125 = 	{'acgam1p'}	Unknown	Unknown
NTD11pp	5'-nucleotidase (IMP)	Nucleotide Salvage Pathway	1.0 h2o_p + 1.0 imp_p = 1.0 ins_p + 1.0 pi_p	1.0 H2O H2O + 1.0 IMP C10H11N4O8P = 1.0 Inosine + 1.0 Phosphate	1.0 CHEBI:13352 + 1.0 CHEBI:43524 = 1.0 CHEBI:17596 + 1.0 CHEBI:26078	{'imp', 'pi', 'ins', 'h2o'}	ushA, aphA	P07024, P0AE22
EX_galt_e	Galactitol exchange	Extracellular exchange	1.0 galt_e = 	1.0 Galactitol = 	1.0 CHEBI:53575 = 	{'galt'}	Unknown	Unknown
DKGLCNR2x	2,5-diketo-D-gluconate reductase (NADH)	Alternate Carbon Metabolism	1.0 25dkglcn_c + 1.0 h_c + 1.0 nadh_c = 1.0 5dglcn_c + 1.0 nad_c	1.0 2,5-diketo-D-gluconate + 1.0 H+ + 1.0 Nicotinamide adenine dinucleotide - reduced = 1.0 5-Dehydro-D-gluconate + 1.0 Nicotinamide adenine dinucleotide	1.0 CHEBI:1070 + 1.0 CHEBI:5584 + 1.0 CHEBI:13395 = 1.0 CHEBI:12121 + 1.0 CHEBI:7422	{'25dkglcn', 'nad', '5dglcn', 'nadh', 'h'}	ghrB	P37666
ACGS	N-acetylglutamate synthase	Arginine and Proline Metabolism	1.0 accoa_c + 1.0 glu__L_c = 1.0 acglu_c + 1.0 coa_c + 1.0 h_c	1.0 Acetyl-CoA + 1.0 L-Glutamate = 1.0 N-Acetyl-L-glutamate + 1.0 Coenzyme A + 1.0 H+	1.0 CHEBI:57288 + 1.0 CHEBI:76051 = 1.0 CHEBI:7150 + 1.0 CHEBI:41631 + 1.0 CHEBI:5584	{'acglu', 'coa', 'accoa', 'glu__L', 'h'}	argA	P0A6C5
PDE1	3',5'-cyclic-nucleotide phosphodiesterase	Nucleotide Salvage Pathway	1.0 camp_c + 1.0 h2o_c = 1.0 amp_c + 1.0 h_c	1.0 CAMP C10H11N5O6P + 1.0 H2O H2O = 1.0 AMP C10H12N5O7P + 1.0 H+	1.0 CHEBI:19827 + 1.0 CHEBI:13352 = 1.0 CHEBI:13736 + 1.0 CHEBI:5584	{'camp', 'h', 'amp', 'h2o'}	dosP, cpdA	P76129, P0AEW4
UPLA4FNT	Undecaprenyl phosphate-L-Ara4FN transferase	Lipopolysaccharide Biosynthesis / Recycling	1.0 udcpp_c + 1.0 udpLa4fn_c = 1.0 uLa4fn_c + 1.0 udp_c	1.0 Undecaprenyl phosphate + 1.0 Uridine 5''-diphospho-{beta}-4-deoxy-4-formamido-L-arabinose = 1.0 Undecaprenyl phosphate-4-amino-4-formyl-L-arabinose + 1.0 UDP C9H11N2O12P2	1.0 CHEBI:15286 + 1.0 CHEBI:47027 = 1.0 Unknown + 1.0 CHEBI:13445	{'udcpp', 'uLa4fn', 'udpLa4fn', 'udp'}	arnC	P77757
UPLA4FNF	Undecaprenyl phosphate-L-Ara4FN formylase	Lipopolysaccharide Biosynthesis / Recycling	1.0 h2o_c + 1.0 uLa4fn_c = 1.0 for_c + 1.0 uLa4n_c	1.0 H2O H2O + 1.0 Undecaprenyl phosphate-4-amino-4-formyl-L-arabinose = 1.0 Formate + 1.0 Undecaprenyl phosphate-4-amino-4-deoxy-L-arabinose	1.0 CHEBI:13352 + 1.0 Unknown = 1.0 CHEBI:24081 + 1.0 Unknown	{'uLa4n', 'for', 'uLa4fn', 'h2o'}	arnD	P76472
ULA4Ntppi	Transport (cytoplasm to periplasm)	Lipopolysaccharide Biosynthesis / Recycling	1.0 uLa4n_c = 1.0 uLa4n_p	1.0 Undecaprenyl phosphate-4-amino-4-deoxy-L-arabinose = 1.0 Undecaprenyl phosphate-4-amino-4-deoxy-L-arabinose	1.0 Unknown = 1.0 Unknown	{'uLa4n'}	arnF, arnE	P76474, Q47377
HEPT1	Heptosyltransferase I (LPS core synthesis)	Lipopolysaccharide Biosynthesis / Recycling	1.0 adphep_LD_c + 1.0 lipa_c = 1.0 adp_c + 1.0 h_c + 1.0 hlipa_c	1.0 ADP-L-glycero-D-manno-heptose + 1.0 KDO(2)-lipid (A) = 1.0 ADP C10H12N5O10P2 + 1.0 H+ + 1.0 Heptosyl-kdo2-lipidA	1.0 CHEBI:57564 + 1.0 CHEBI:27963 = 1.0 CHEBI:2342 + 1.0 CHEBI:5584 + 1.0 CHEBI:61502	{'h', 'adp', 'adphep_LD', 'hlipa', 'lipa'}	waaC	P24173
MCITD	2-methylcitrate dehydratase	Alternate Carbon Metabolism	1.0 2mcit_c = 1.0 2mcacn_c + 1.0 h2o_c	1.0 2-Methylcitrate = 1.0 Cis-2-Methylaconitate + 1.0 H2O H2O	1.0 CHEBI:30836 = 1.0 CHEBI:57872 + 1.0 CHEBI:13352	{'2mcit', '2mcacn', 'h2o'}	prpD	P77243
EX_glcur1p_e	D-Glucuronate 1-phosphate exchange	Extracellular exchange	1.0 glcur1p_e = 	1.0 D-Glucuronate 1-phosphate = 	1.0 CHEBI:4179 = 	{'glcur1p'}	Unknown	Unknown
GLCATr	D-glucose O-acetyltransferase	Alternate Carbon Metabolism	1.0 accoa_c + 1.0 glc__D_c = 1.0 acglc__D_c + 1.0 coa_c	1.0 Acetyl-CoA + 1.0 D-Glucose = 1.0 6-Acetyl-D-glucose + 1.0 Coenzyme A	1.0 CHEBI:57288 + 1.0 CHEBI:12965 = 1.0 CHEBI:2166 + 1.0 CHEBI:41631	{'coa', 'glc__D', 'acglc__D', 'accoa'}	maa	P77791
ALR2	Aldose reductase (methylglyoxal)	Methylglyoxal Metabolism	1.0 h_c + 1.0 mthgxl_c + 1.0 nadph_c = 1.0 acetol_c + 1.0 nadp_c	1.0 H+ + 1.0 Methylglyoxal + 1.0 Nicotinamide adenine dinucleotide phosphate - reduced = 1.0 Acetol cytosol + 1.0 Nicotinamide adenine dinucleotide phosphate	1.0 CHEBI:5584 + 1.0 CHEBI:14599 + 1.0 CHEBI:16474 = 1.0 CHEBI:27957 + 1.0 CHEBI:29868	{'acetol', 'nadp', 'nadph', 'mthgxl', 'h'}	dkgA, dkgB, yeaE, gpr	Q46857, P30863, P76234, Q46851
AMALT2	Amylomaltase (maltotetraose)	Alternate Carbon Metabolism	1.0 malt_c + 1.0 maltttr_c = 1.0 glc__D_c + 1.0 maltpt_c	1.0 Maltose C12H22O11 + 1.0 Maltotetraose = 1.0 D-Glucose + 1.0 Maltopentaose	1.0 CHEBI:6668 + 1.0 CHEBI:6671 = 1.0 CHEBI:12965 + 1.0 CHEBI:61952	{'maltttr', 'glc__D', 'maltpt', 'malt'}	malQ	P15977
MLTP1	Maltodextrin phosphorylase (maltopentaose)	Alternate Carbon Metabolism	1.0 maltpt_c + 1.0 pi_c = 1.0 g1p_c + 1.0 maltttr_c	1.0 Maltopentaose + 1.0 Phosphate = 1.0 D-Glucose 1-phosphate + 1.0 Maltotetraose	1.0 CHEBI:61952 + 1.0 CHEBI:26078 = 1.0 CHEBI:10246 + 1.0 CHEBI:6671	{'maltttr', 'pi', 'g1p', 'maltpt'}	malP	P00490
HEPT2	Heptosyltransferase II (LPS core synthesis)	Lipopolysaccharide Biosynthesis / Recycling	1.0 adphep_LD_c + 1.0 hlipa_c = 1.0 adp_c + 1.0 h_c + 1.0 hhlipa_c	1.0 ADP-L-glycero-D-manno-heptose + 1.0 Heptosyl-kdo2-lipidA = 1.0 ADP C10H12N5O10P2 + 1.0 H+ + 1.0 Heptosyl-heptosyl-kdo2-lipidA	1.0 CHEBI:57564 + 1.0 CHEBI:61502 = 1.0 CHEBI:2342 + 1.0 CHEBI:5584 + 1.0 CHEBI:61507	{'h', 'adp', 'adphep_LD', 'hlipa', 'hhlipa'}	waaF	P37692
ALAALAr	D-alanine-D-alanine ligase (reversible)	Cell Envelope Biosynthesis	2.0 ala__D_c + 1.0 atp_c = 1.0 adp_c + 1.0 alaala_c + 1.0 h_c + 1.0 pi_c	2.0 D-Alanine + 1.0 ATP C10H12N5O13P3 = 1.0 ADP C10H12N5O10P2 + 1.0 D-Alanyl-D-alanine + 1.0 H+ + 1.0 Phosphate	2.0 CHEBI:12899 + 1.0 CHEBI:15422 = 1.0 CHEBI:2342 + 1.0 CHEBI:13749 + 1.0 CHEBI:5584 + 1.0 CHEBI:26078	{'atp', 'adp', 'alaala', 'ala__D', 'pi', 'h'}	ddlA, ddlB	P0A6J8, P07862
EX_thrp_e	L-Threonine O-3-phosphate exchange	Extracellular exchange	1.0 thrp_e = 	1.0 L-Threonine O-3-phosphate = 	1.0 CHEBI:58675 = 	{'thrp'}	Unknown	Unknown
HXAND	Hypoxanthine dehydrogenase	Nucleotide Salvage Pathway	1.0 h2o_c + 1.0 hxan_c + 1.0 nad_c = 1.0 h_c + 1.0 nadh_c + 1.0 xan_c	1.0 H2O H2O + 1.0 Hypoxanthine + 1.0 Nicotinamide adenine dinucleotide = 1.0 H+ + 1.0 Nicotinamide adenine dinucleotide - reduced + 1.0 Xanthine	1.0 CHEBI:13352 + 1.0 CHEBI:14431 + 1.0 CHEBI:7422 = 1.0 CHEBI:5584 + 1.0 CHEBI:13395 + 1.0 CHEBI:15318	{'xan', 'h2o', 'nad', 'hxan', 'nadh', 'h'}	xdhA, xdhB, xdhC	Q46799, Q46800, Q46801
EX_fald_e	Formaldehyde exchange	Extracellular exchange	1.0 fald_e = 	1.0 Formaldehyde = 	1.0 CHEBI:16842 = 	{'fald'}	Unknown	Unknown
EX_pydxn_e	Pyridoxine exchange	Extracellular exchange	1.0 pydxn_e = 	1.0 Pyridoxine = 	1.0 CHEBI:14981 = 	{'pydxn'}	Unknown	Unknown
EX_acgal_e	N-Acetyl-D-galactosamine exchange	Extracellular exchange	1.0 acgal_e = 	1.0 N-Acetyl-D-galactosamine = 	1.0 CHEBI:21502 = 	{'acgal'}	Unknown	Unknown
EX_so2_e	Sulfur dioxide exchange	Extracellular exchange	1.0 so2_e = 	1.0 Sulfur dioxide = 	1.0 CHEBI:45789 = 	{'so2'}	Unknown	Unknown
EX_dms_e	Dimethyl sulfide exchange	Extracellular exchange	1.0 dms_e = 	1.0 Dimethyl sulfide = 	1.0 CHEBI:17437 = 	{'dms'}	Unknown	Unknown
MOAT3C	3-deoxy-D-manno-octulosonic acid transferase III (LPS core biosynthesis)	Lipopolysaccharide Biosynthesis / Recycling	1.0 ckdo_c + 1.0 phphhlipa_c = 1.0 cmp_c + 1.0 h_c + 1.0 kphphhlipa_c	1.0 CMP-3-deoxy-D-manno-octulosonate + 1.0 Phospho-heptosyl-phospho-heptosyl-heptosyl-kdo2-lipidA = 1.0 CMP C9H12N3O8P + 1.0 H+ + 1.0 Kdo-phospho-heptosyl-phospho-heptosyl-heptosyl-kdo2-lipidA	1.0 CHEBI:59825 + 1.0 Unknown = 1.0 CHEBI:60377 + 1.0 CHEBI:5584 + 1.0 Unknown	{'kphphhlipa', 'cmp', 'phphhlipa', 'ckdo', 'h'}	waaZ	P27241
ADNK1	Adenosine kinase	Nucleotide Salvage Pathway	1.0 adn_c + 1.0 atp_c = 1.0 adp_c + 1.0 amp_c + 1.0 h_c	1.0 Adenosine + 1.0 ATP C10H12N5O13P3 = 1.0 ADP C10H12N5O10P2 + 1.0 AMP C10H12N5O7P + 1.0 H+	1.0 CHEBI:22237 + 1.0 CHEBI:15422 = 1.0 CHEBI:2342 + 1.0 CHEBI:13736 + 1.0 CHEBI:5584	{'atp', 'adp', 'adn', 'amp', 'h'}	adk	P69441
RHAT1	Rhamnosyltransferase I (LPS core biosynthesis)	Lipopolysaccharide Biosynthesis / Recycling	1.0 dtdprmn_c + 1.0 kphphhlipa_c = 1.0 dtdp_c + 1.0 h_c + 1.0 icolipa_c	1.0 DTDP-L-rhamnose + 1.0 Kdo-phospho-heptosyl-phospho-heptosyl-heptosyl-kdo2-lipidA = 1.0 DTDP C10H13N2O11P2 + 1.0 H+ + 1.0 Inner core oligosaccharide lipid A (E coli)	1.0 CHEBI:15774 + 1.0 Unknown = 1.0 CHEBI:58369 + 1.0 CHEBI:5584 + 1.0 Unknown	{'dtdprmn', 'kphphhlipa', 'icolipa', 'dtdp', 'h'}	waaS	P27126
GALT1	Galactosyltransferase I (LPS core synthesis)	Lipopolysaccharide Biosynthesis / Recycling	1.0 gicolipa_c + 1.0 udpg_c = 1.0 gagicolipa_c + 1.0 h_c + 1.0 udp_c	1.0 Glucosyl-inner core oligosaccharide lipid A + 1.0 UDPglucose = 1.0 Galactosyl-glucosyl-inner core oligosaccharide lipid A + 1.0 H+ + 1.0 UDP C9H11N2O12P2	1.0 Unknown + 1.0 CHEBI:13505 = 1.0 Unknown + 1.0 CHEBI:5584 + 1.0 CHEBI:13445	{'gicolipa', 'gagicolipa', 'udpg', 'udp', 'h'}	waaB	P27127
GLCTR2	Glucosyltransferase II (LPS core synthesis)	Lipopolysaccharide Biosynthesis / Recycling	1.0 gagicolipa_c + 1.0 udpg_c = 1.0 ggagicolipa_c + 1.0 h_c + 1.0 udp_c	1.0 Galactosyl-glucosyl-inner core oligosaccharide lipid A + 1.0 UDPglucose = 1.0 Glucosyl-galactosyl-glucosyl-inner core oligosaccharide lipid A + 1.0 H+ + 1.0 UDP C9H11N2O12P2	1.0 Unknown + 1.0 CHEBI:13505 = 1.0 Unknown + 1.0 CHEBI:5584 + 1.0 CHEBI:13445	{'ggagicolipa', 'gagicolipa', 'udpg', 'udp', 'h'}	waaO	P27128
G2PPpp	Glycerol 2-phosphate phosphatase (periplasmic)	Alternate Carbon Metabolism	1.0 glyc2p_p + 1.0 h2o_p = 1.0 glyc_p + 1.0 pi_p	1.0 Glycerol 2-phosphate + 1.0 H2O H2O = 1.0 Glycerol + 1.0 Phosphate	1.0 CHEBI:26704 + 1.0 CHEBI:13352 = 1.0 CHEBI:5448 + 1.0 CHEBI:26078	{'glyc', 'pi', 'glyc2p', 'h2o'}	aphA, phoA	P0AE22, P00634
UDPGPpp	UDPglucose pyrophosphohydrolase	Alternate Carbon Metabolism	1.0 h2o_p + 1.0 udpg_p = 1.0 g1p_p + 2.0 h_p + 1.0 ump_p	1.0 H2O H2O + 1.0 UDPglucose = 1.0 D-Glucose 1-phosphate + 2.0 H+ + 1.0 UMP C9H11N2O9P	1.0 CHEBI:13352 + 1.0 CHEBI:13505 = 1.0 CHEBI:10246 + 2.0 CHEBI:5584 + 1.0 CHEBI:47721	{'h2o', 'g1p', 'udpg', 'ump', 'h'}	ushA	P07024
EX_acgal1p_e	N-Acetyl-D-galactosamine 1-phosphate exchange	Extracellular exchange	1.0 acgal1p_e = 	1.0 N-Acetyl-D-galactosamine 1-phosphate = 	1.0 CHEBI:55404 = 	{'acgal1p'}	Unknown	Unknown
EX_cyan_e	Hydrogen cyanide exchange	Extracellular exchange	1.0 cyan_e = 	1.0 Hydrogen cyanide = 	1.0 CHEBI:18407 = 	{'cyan'}	Unknown	Unknown
EX_tyrp_e	Phosphotyrosine exchange	Extracellular exchange	1.0 tyrp_e = 	1.0 Phosphotyrosine = 	1.0 CHEBI:45080 = 	{'tyrp'}	Unknown	Unknown
HEPK1	LPS heptose kinase I (LPS core synthesis)	Lipopolysaccharide Biosynthesis / Recycling	1.0 atp_c + 1.0 hhlipa_c = 1.0 adp_c + 1.0 h_c + 1.0 phhlipa_c	1.0 ATP C10H12N5O13P3 + 1.0 Heptosyl-heptosyl-kdo2-lipidA = 1.0 ADP C10H12N5O10P2 + 1.0 H+ + 1.0 Phospho-heptosyl-heptosyl-kdo2-lipidA	1.0 CHEBI:15422 + 1.0 CHEBI:61507 = 1.0 CHEBI:2342 + 1.0 CHEBI:5584 + 1.0 Unknown	{'atp', 'h', 'adp', 'phhlipa', 'hhlipa'}	waaP	P25741
HEPT3	Heptosyltransferase III (LPS core synthesis)	Lipopolysaccharide Biosynthesis / Recycling	1.0 adphep_LD_c + 1.0 phhlipa_c = 1.0 adp_c + 1.0 h_c + 1.0 hphhlipa_c	1.0 ADP-L-glycero-D-manno-heptose + 1.0 Phospho-heptosyl-heptosyl-kdo2-lipidA = 1.0 ADP C10H12N5O10P2 + 1.0 H+ + 1.0 Heptosyl-phospho-heptosyl-heptosyl-kdo2-lipidA	1.0 CHEBI:57564 + 1.0 Unknown = 1.0 CHEBI:2342 + 1.0 CHEBI:5584 + 1.0 Unknown	{'adp', 'hphhlipa', 'adphep_LD', 'phhlipa', 'h'}	waaQ	P25742
HEPK2	LPS heptose kinase II (LPS core synthesis)	Lipopolysaccharide Biosynthesis / Recycling	1.0 atp_c + 1.0 hphhlipa_c = 1.0 adp_c + 1.0 h_c + 1.0 phphhlipa_c	1.0 ATP C10H12N5O13P3 + 1.0 Heptosyl-phospho-heptosyl-heptosyl-kdo2-lipidA = 1.0 ADP C10H12N5O10P2 + 1.0 H+ + 1.0 Phospho-heptosyl-phospho-heptosyl-heptosyl-kdo2-lipidA	1.0 CHEBI:15422 + 1.0 Unknown = 1.0 CHEBI:2342 + 1.0 CHEBI:5584 + 1.0 Unknown	{'atp', 'adp', 'hphhlipa', 'phphhlipa', 'h'}	waaY	P27240
ALDD3y	Aldehyde dehydrogenase (propanal, NADP)	Alternate Carbon Metabolism	1.0 h2o_c + 1.0 nadp_c + 1.0 ppal_c = 2.0 h_c + 1.0 nadph_c + 1.0 ppa_c	1.0 H2O H2O + 1.0 Nicotinamide adenine dinucleotide phosphate + 1.0 Propanal = 2.0 H+ + 1.0 Nicotinamide adenine dinucleotide phosphate - reduced + 1.0 Propionate (n-C3:0)	1.0 CHEBI:13352 + 1.0 CHEBI:29868 + 1.0 CHEBI:45052 = 2.0 CHEBI:5584 + 1.0 CHEBI:16474 + 1.0 Unknown	{'nadp', 'nadph', 'ppal', 'h2o', 'ppa', 'h'}	aldB, ahr, yqhD	P37685, P27250, Q46856
EX_uacgam_e	UDP-N-acetyl-D-glucosamine exchange	Extracellular exchange	1.0 uacgam_e = 	1.0 UDP-N-acetyl-D-glucosamine = 	1.0 CHEBI:13473 = 	{'uacgam'}	Unknown	Unknown
EX_udpacgal_e	UDP-N-acetyl-D-galactosamine exchange	Extracellular exchange	1.0 udpacgal_e = 	1.0 UDP-N-acetyl-D-galactosamine = 	1.0 CHEBI:16650 = 	{'udpacgal'}	Unknown	Unknown
EX_udpg_e	UDPglucose exchange	Extracellular exchange	1.0 udpg_e = 	1.0 UDPglucose = 	1.0 CHEBI:13505 = 	{'udpg'}	Unknown	Unknown
EX_udpgal_e	UDPgalactose exchange	Extracellular exchange	1.0 udpgal_e = 	1.0 UDPgalactose = 	1.0 CHEBI:22100 = 	{'udpgal'}	Unknown	Unknown
EX_udpglcur_e	UDP-D-glucuronate exchange	Extracellular exchange	1.0 udpglcur_e = 	1.0 UDP-D-glucuronate = 	1.0 CHEBI:46309 = 	{'udpglcur'}	Unknown	Unknown
EX_14glucan_e	1,4-alpha-D-glucan exchange	Extracellular exchange	1.0 14glucan_e = 	1.0 1,4-alpha-D-glucan = 	1.0 Unknown = 	{'14glucan'}	Unknown	Unknown
EX_pser__L_e	O-Phospho-L-serine exchange	Extracellular exchange	1.0 pser__L_e = 	1.0 O-Phospho-L-serine = 	1.0 CHEBI:57524 = 	{'pser__L'}	Unknown	Unknown
R5PP	Ribose 5-phosphate phosphatase	Alternate Carbon Metabolism	1.0 h2o_c + 1.0 r5p_c = 1.0 pi_c + 1.0 rib__D_c	1.0 H2O H2O + 1.0 Alpha-D-Ribose 5-phosphate = 1.0 Phosphate + 1.0 D-Ribose	1.0 CHEBI:13352 + 1.0 CHEBI:18189 = 1.0 CHEBI:26078 + 1.0 CHEBI:13011	{'r5p', 'pi', 'rib__D', 'h2o'}	ybiV, yqaB, umpH, yfbT, yidA	P75792, P77475, P0AF24, P77625, P0A8Y5
EX_xmp_e	Xanthosine 5'-phosphate exchange	Extracellular exchange	1.0 xmp_e = 	1.0 Xanthosine 5'-phosphate = 	1.0 CHEBI:10938 = 	{'xmp'}	Unknown	Unknown
EX_damp_e	DAMP exchange	Extracellular exchange	1.0 damp_e = 	1.0 DAMP C10H12N5O6P = 	1.0 CHEBI:17713 = 	{'damp'}	Unknown	Unknown
CYSSADS	L-cysteine sulfinic acid desulfurase	Cysteine Metabolism	1.0 3sala_c + 2.0 h_c = 1.0 ala__L_c + 1.0 so2_c	1.0 3-Sulfino-L-alanine + 2.0 H+ = 1.0 L-Alanine + 1.0 Sulfur dioxide	1.0 CHEBI:61085 + 2.0 CHEBI:5584 = 1.0 CHEBI:21216 + 1.0 CHEBI:45789	{'ala__L', '3sala', 'so2', 'h'}	csdA, sufS	Q46925, P77444
EX_dimp_e	DIMP exchange	Extracellular exchange	1.0 dimp_e = 	1.0 DIMP C10H12N4O7P = 	1.0 CHEBI:41998 = 	{'dimp'}	Unknown	Unknown
CPPPGO2	Oxygen Independent coproporphyrinogen-III oxidase	Cofactor and Prosthetic Group Biosynthesis	2.0 amet_c + 1.0 cpppg3_c = 2.0 co2_c + 2.0 dad_5_c + 2.0 met__L_c + 1.0 pppg9_c	2.0 S-Adenosyl-L-methionine + 1.0 Coproporphyrinogen III = 2.0 CO2 CO2 + 2.0 5'-Deoxyadenosine + 2.0 L-Methionine + 1.0 Protoporphyrinogen IX	2.0 CHEBI:33442 + 1.0 CHEBI:15439 = 2.0 CHEBI:23011 + 2.0 CHEBI:17319 + 2.0 CHEBI:32644 + 1.0 CHEBI:57307	{'cpppg3', 'pppg9', 'met__L', 'dad_5', 'co2', 'amet'}	hemN	P32131
EX_isetac_e	Isethionic acid exchange	Extracellular exchange	1.0 isetac_e = 	1.0 Isethionic acid = 	1.0 CHEBI:1157 = 	{'isetac'}	Unknown	Unknown
AGM3PH	N-Acetyl-D-glucosamine(anhydrous)N-Acetylmuramyl-tripeptide beta -1,4-N-acetylglucosaminidase	Murein Recycling	1.0 anhgm3p_c + 1.0 h2o_c = 1.0 acgam_c + 1.0 anhm3p_c	1.0 N-Acetyl-D-glucosamine(anhydrous)N-Acetylmuramyl-tripeptide + 1.0 H2O H2O = 1.0 N-Acetyl-D-glucosamine + 1.0 1,6-anhydrous-N-Acetylmuramyl-tripeptide	1.0 Unknown + 1.0 CHEBI:13352 = 1.0 CHEBI:21517 + 1.0 Unknown	{'h2o', 'anhm3p', 'anhgm3p', 'acgam'}	nagZ	P75949
EX_aso3_e	Arsenite exchange	Extracellular exchange	1.0 aso3_e = 	1.0 Arsenite = 	1.0 CHEBI:2846 = 	{'aso3'}	Unknown	Unknown
EX_tcynt_e	Thiocyanate exchange	Extracellular exchange	1.0 tcynt_e = 	1.0 Thiocyanate = 	1.0 CHEBI:29200 = 	{'tcynt'}	Unknown	Unknown
EX_fe3dhbzs_e	Ferric 2,3-dihydroxybenzoylserine exchange	Extracellular exchange	1.0 fe3dhbzs_e = 	1.0 Ferric 2,3-dihydroxybenzoylserine = 	1.0 Unknown = 	{'fe3dhbzs'}	Unknown	Unknown
AGM3PApp	N-Acetyl-D-glucosamine(anhydrous)N-Acetylmuramyl-tripeptide amidase (periplasm)	Murein Recycling	1.0 anhgm3p_p + 1.0 h2o_p = 1.0 LalaDgluMdap_p + 1.0 anhgm_p	1.0 N-Acetyl-D-glucosamine(anhydrous)N-Acetylmuramyl-tripeptide + 1.0 H2O H2O = 1.0 L-alanine-D-glutamate-meso-2,6-diaminoheptanedioate + 1.0 N-Acetyl-D-glucosamine(anhydrous)N-Acetylmuramic acid	1.0 Unknown + 1.0 CHEBI:13352 = 1.0 Unknown + 1.0 Unknown	{'LalaDgluMdap', 'anhgm', 'anhgm3p', 'h2o'}	amiB, amiA, amiC, amiD	P26365, P36548, P63883, P75820
PPPGO	Protoporphyrinogen oxidase (aerobic)	Cofactor and Prosthetic Group Biosynthesis	1.5 o2_c + 1.0 pppg9_c = 3.0 h2o_c + 1.0 ppp9_c	1.5 O2 O2 + 1.0 Protoporphyrinogen IX = 3.0 H2O H2O + 1.0 Protoporphyrin	1.5 CHEBI:7860 + 1.0 CHEBI:57307 = 3.0 CHEBI:13352 + 1.0 CHEBI:15430	{'o2', 'pppg9', 'ppp9', 'h2o'}	hemG	P0ACB4
EX_feoxam_un_e	Ferroxamine minus Fe(3) exchange	Extracellular exchange	1.0 feoxam_un_e = 	1.0 Ferroxamine minus Fe(3) = 	1.0 Unknown = 	{'feoxam_un'}	Unknown	Unknown
LDH_D2	D-lactate dehydrogenase	Oxidative Phosphorylation	1.0 lac__D_c + 1.0 q8_c = 1.0 pyr_c + 1.0 q8h2_c	1.0 D-Lactate + 1.0 Ubiquinone-8 = 1.0 Pyruvate + 1.0 Ubiquinol-8	1.0 CHEBI:16004 + 1.0 CHEBI:61683 = 1.0 CHEBI:26462 + 1.0 CHEBI:61682	{'pyr', 'q8', 'q8h2', 'lac__D'}	dld	P06149
EX_g3pc_e	Sn-Glycero-3-phosphocholine exchange	Extracellular exchange	1.0 g3pc_e = 	1.0 Sn-Glycero-3-phosphocholine = 	1.0 CHEBI:55397 = 	{'g3pc'}	Unknown	Unknown
EX_g3pg_e	Glycerophosphoglycerol exchange	Extracellular exchange	1.0 g3pg_e = 	1.0 Glycerophosphoglycerol = 	1.0 CHEBI:61933 = 	{'g3pg'}	Unknown	Unknown
EX_g3pi_e	Sn-Glycero-3-phospho-1-inositol exchange	Extracellular exchange	1.0 g3pi_e = 	1.0 Sn-Glycero-3-phospho-1-inositol = 	1.0 CHEBI:26695 = 	{'g3pi'}	Unknown	Unknown
SHCHF	Sirohydrochlorin ferrochelatase	Cofactor and Prosthetic Group Biosynthesis	1.0 fe2_c + 1.0 scl_c = 3.0 h_c + 1.0 sheme_c	1.0 Fe2+ mitochondria + 1.0 Sirohydrochlorin = 3.0 H+ + 1.0 Siroheme C42H36FeN4O16	1.0 CHEBI:29033 + 1.0 CHEBI:58351 = 3.0 CHEBI:5584 + 1.0 CHEBI:9166	{'sheme', 'h', 'scl', 'fe2'}	cysG	P0AEA8
SUCOAS	Succinyl-CoA synthetase (ADP-forming)	Citric Acid Cycle	1.0 atp_c + 1.0 coa_c + 1.0 succ_c = 1.0 adp_c + 1.0 pi_c + 1.0 succoa_c	1.0 ATP C10H12N5O13P3 + 1.0 Coenzyme A + 1.0 Succinate = 1.0 ADP C10H12N5O10P2 + 1.0 Phosphate + 1.0 Succinyl-CoA	1.0 CHEBI:15422 + 1.0 CHEBI:41631 + 1.0 CHEBI:22941 = 1.0 CHEBI:2342 + 1.0 CHEBI:26078 + 1.0 CHEBI:57292	{'succoa', 'atp', 'succ', 'coa', 'adp', 'pi'}	sucD, sucC	P0AGE9, P0A836
SUCBZL	O-succinylbenzoate-CoA ligase	Cofactor and Prosthetic Group Biosynthesis	1.0 atp_c + 1.0 coa_c + 1.0 sucbz_c = 1.0 amp_c + 1.0 ppi_c + 1.0 sbzcoa_c	1.0 ATP C10H12N5O13P3 + 1.0 Coenzyme A + 1.0 O-Succinylbenzoate = 1.0 AMP C10H12N5O7P + 1.0 Diphosphate + 1.0 O-Succinylbenzoyl-CoA	1.0 CHEBI:15422 + 1.0 CHEBI:41631 + 1.0 CHEBI:44788 = 1.0 CHEBI:13736 + 1.0 CHEBI:45212 + 1.0 CHEBI:15509	{'atp', 'sbzcoa', 'coa', 'ppi', 'sucbz', 'amp'}	menE	P37353
CYSDDS	D-cysteine desulfhydrase	Cysteine Metabolism	1.0 cys__D_c + 1.0 h2o_c = 1.0 h2s_c + 1.0 nh4_c + 1.0 pyr_c	1.0 D-Cysteine + 1.0 H2O H2O = 1.0 Hydrogen sulfide + 1.0 Ammonium + 1.0 Pyruvate	1.0 CHEBI:41887 + 1.0 CHEBI:13352 = 1.0 CHEBI:14414 + 1.0 CHEBI:44284 + 1.0 CHEBI:26462	{'cys__D', 'nh4', 'h2s', 'h2o', 'pyr'}	dcyD	P76316
EX_g3ps_e	Glycerophosphoserine exchange	Extracellular exchange	1.0 g3ps_e = 	1.0 Glycerophosphoserine = 	1.0 CHEBI:64765 = 	{'g3ps'}	Unknown	Unknown
EX_peamn_e	Phenethylamine exchange	Extracellular exchange	1.0 peamn_e = 	1.0 Phenethylamine = 	1.0 CHEBI:8063 = 	{'peamn'}	Unknown	Unknown
EX_34dhpac_e	3,4-Dihydroxyphenylacetaldehyde exchange	Extracellular exchange	1.0 34dhpac_e = 	1.0 3,4-Dihydroxyphenylacetaldehyde = 	1.0 CHEBI:19888 = 	{'34dhpac'}	Unknown	Unknown
NTP1	Nucleoside-triphosphatase (ATP)	Biomass and maintenance functions	1.0 atp_c + 1.0 h2o_c = 1.0 adp_c + 1.0 h_c + 1.0 pi_c	1.0 ATP C10H12N5O13P3 + 1.0 H2O H2O = 1.0 ADP C10H12N5O10P2 + 1.0 H+ + 1.0 Phosphate	1.0 CHEBI:15422 + 1.0 CHEBI:13352 = 1.0 CHEBI:2342 + 1.0 CHEBI:5584 + 1.0 CHEBI:26078	{'atp', 'adp', 'h2o', 'pi', 'h'}	hscC, rsgA	P77319, P39286
LALDO3	L-Lactaldehyde:NADP+ 1-oxidoreductase	Methylglyoxal Metabolism	1.0 h_c + 1.0 mthgxl_c + 1.0 nadph_c = 1.0 lald__L_c + 1.0 nadp_c	1.0 H+ + 1.0 Methylglyoxal + 1.0 Nicotinamide adenine dinucleotide phosphate - reduced = 1.0 L-Lactaldehyde + 1.0 Nicotinamide adenine dinucleotide phosphate	1.0 CHEBI:5584 + 1.0 CHEBI:14599 + 1.0 CHEBI:16474 = 1.0 CHEBI:11064 + 1.0 CHEBI:29868	{'lald__L', 'nadp', 'nadph', 'mthgxl', 'h'}	Unknown	Unknown
NTP10	Nucleoside-triphosphatase (ITP)	Nucleotide Salvage Pathway	1.0 h2o_c + 1.0 itp_c = 1.0 h_c + 1.0 idp_c + 1.0 pi_c	1.0 H2O H2O + 1.0 ITP C10H11N4O14P3 = 1.0 H+ + 1.0 IDP C10H11N4O11P2 + 1.0 Phosphate	1.0 CHEBI:13352 + 1.0 CHEBI:43508 = 1.0 CHEBI:5584 + 1.0 CHEBI:17808 + 1.0 CHEBI:26078	{'h2o', 'idp', 'pi', 'itp', 'h'}	rsgA, yjjX	P39286, P39411
PRAIS	Phosphoribosylaminoimidazole synthase	Purine and Pyrimidine Biosynthesis	1.0 atp_c + 1.0 fpram_c = 1.0 adp_c + 1.0 air_c + 2.0 h_c + 1.0 pi_c	1.0 ATP C10H12N5O13P3 + 1.0 2-(Formamido)-N1-(5-phospho-D-ribosyl)acetamidine = 1.0 ADP C10H12N5O10P2 + 1.0 5-amino-1-(5-phospho-D-ribosyl)imidazole + 2.0 H+ + 1.0 Phosphate	1.0 CHEBI:15422 + 1.0 CHEBI:18413 = 1.0 CHEBI:2342 + 1.0 CHEBI:28843 + 2.0 CHEBI:5584 + 1.0 CHEBI:26078	{'air', 'atp', 'adp', 'pi', 'fpram', 'h'}	purM	P08178
GDMANE	GDP-4-dehydro-6-deoxy-D-mannose epimerase	Cell Envelope Biosynthesis	1.0 gdpddman_c = 1.0 gdpofuc_c	1.0 GDP-4-dehydro-6-deoxy-D-mannose = 1.0 GDP-4-oxo-L-fucose	1.0 CHEBI:13329 = 1.0 CHEBI:21155	{'gdpddman', 'gdpofuc'}	wcaG	P32055
GPDDA4	Glycerophosphodiester phosphodiesterase (Glycerophosphoglycerol)	Glycerophospholipid Metabolism	1.0 g3pg_c + 1.0 h2o_c = 1.0 glyc3p_c + 1.0 glyc_c + 1.0 h_c	1.0 Glycerophosphoglycerol + 1.0 H2O H2O = 1.0 Glycerol 3-phosphate + 1.0 Glycerol + 1.0 H+	1.0 CHEBI:61933 + 1.0 CHEBI:13352 = 1.0 CHEBI:12843 + 1.0 CHEBI:5448 + 1.0 CHEBI:5584	{'h2o', 'glyc3p', 'glyc', 'g3pg', 'h'}	ugpQ	P10908
LPLIPAL2ATG120	Lysophospholipase L2 (acyltransferase, 2-acyl-glycerophosphoglycerol, n-C12:0)	Glycerophospholipid Metabolism	1.0 2agpg120_c + 1.0 pg120_c = 1.0 apg120_c + 1.0 g3pg_c	1.0 2-Acyl-sn-glycero-3-phosphoglycerol (n-C12:0) + 1.0 Phosphatidylglycerol (didodecanoyl, n-C12:0) = 1.0 Acyl phosphatidylglycerol (n-C12:0) + 1.0 Glycerophosphoglycerol	1.0 Unknown + 1.0 Unknown = 1.0 Unknown + 1.0 CHEBI:61933	{'g3pg', '2agpg120', 'apg120', 'pg120'}	pldB	P07000
PLIPA1E140pp	Phospholipase A1 (phosphatidylethanolamine, n-C14:0) (periplasm)	Glycerophospholipid Metabolism	1.0 h2o_p + 1.0 pe140_p = 1.0 2agpe140_p + 1.0 h_p + 1.0 ttdca_p	1.0 H2O H2O + 1.0 Phosphatidylethanolamine (ditetradecanoyl, n-C14:0) = 1.0 2-Acyl-sn-glycero-3-phosphoethanolamine (n-C14:0) + 1.0 H+ + 1.0 Tetradecanoate (n-C14:0)	1.0 CHEBI:13352 + 1.0 Unknown = 1.0 Unknown + 1.0 CHEBI:5584 + 1.0 Unknown	{'ttdca', 'h2o', 'pe140', '2agpe140', 'h'}	pldA	P0A921
LPLIPAL2E140	Lysophospholipase L2 (2-acylglycerophosphoethanolamine, n-C14:0)	Glycerophospholipid Metabolism	1.0 2agpe140_c + 1.0 h2o_c = 1.0 g3pe_c + 1.0 h_c + 1.0 ttdca_c	1.0 2-Acyl-sn-glycero-3-phosphoethanolamine (n-C14:0) + 1.0 H2O H2O = 1.0 Sn-Glycero-3-phosphoethanolamine + 1.0 H+ + 1.0 Tetradecanoate (n-C14:0)	1.0 Unknown + 1.0 CHEBI:13352 = 1.0 CHEBI:57952 + 1.0 CHEBI:5584 + 1.0 Unknown	{'ttdca', 'h2o', 'g3pe', '2agpe140', 'h'}	pldB	P07000
PLIPA1E160pp	Phospholipase A1 (phosphatidylethanolamine, n-C16:0) (periplasm)	Glycerophospholipid Metabolism	1.0 h2o_p + 1.0 pe160_p = 1.0 2agpe160_p + 1.0 h_p + 1.0 hdca_p	1.0 H2O H2O + 1.0 Phosphatidylethanolamine (dihexadecanoyl, n-C16:0) = 1.0 2-Acyl-sn-glycero-3-phosphoethanolamine (n-C16:0) + 1.0 H+ + 1.0 Hexadecanoate (n-C16:0)	1.0 CHEBI:13352 + 1.0 CHEBI:73005 = 1.0 CHEBI:131743 + 1.0 CHEBI:5584 + 1.0 CHEBI:7896	{'hdca', 'h2o', '2agpe160', 'pe160', 'h'}	pldA	P0A921
GALKr	Galactokinase	Alternate Carbon Metabolism	1.0 atp_c + 1.0 gal_c = 1.0 adp_c + 1.0 gal1p_c + 1.0 h_c	1.0 ATP C10H12N5O13P3 + 1.0 D-Galactose = 1.0 ADP C10H12N5O10P2 + 1.0 Alpha-D-Galactose 1-phosphate + 1.0 H+	1.0 CHEBI:15422 + 1.0 CHEBI:12936 = 1.0 CHEBI:2342 + 1.0 CHEBI:42878 + 1.0 CHEBI:5584	{'atp', 'gal', 'adp', 'gal1p', 'h'}	galK	P0A6T3
PLIPA1E161pp	Phospholipase A1 (phosphatidylethanolamine, n-C16:1) (periplasm)	Glycerophospholipid Metabolism	1.0 h2o_p + 1.0 pe161_p = 1.0 2agpe161_p + 1.0 h_p + 1.0 hdcea_p	1.0 H2O H2O + 1.0 Phosphatidylethanolamine (dihexadec-9enoyl, n-C16:1) = 1.0 2-Acyl-sn-glycero-3-phosphoethanolamine (n-C16:1) + 1.0 H+ + 1.0 Hexadecenoate (n-C16:1)	1.0 CHEBI:13352 + 1.0 Unknown = 1.0 Unknown + 1.0 CHEBI:5584 + 1.0 Unknown	{'hdcea', 'h2o', '2agpe161', 'pe161', 'h'}	pldA	P0A921
AACPS8	Acyl-[acyl-carrier-protein] synthetase  (n-C10:0)	Cell Envelope Biosynthesis	1.0 ACP_c + 1.0 atp_c + 1.0 dca_c = 1.0 amp_c + 1.0 dcaACP_c + 1.0 ppi_c	1.0 Acyl carrier protein + 1.0 ATP C10H12N5O13P3 + 1.0 Decanoate (n-C10:0) = 1.0 AMP C10H12N5O7P + 1.0 Decanoyl-ACP (n-C10:0ACP) + 1.0 Diphosphate	1.0 CHEBI:14405 + 1.0 CHEBI:15422 + 1.0 Unknown = 1.0 CHEBI:13736 + 1.0 Unknown + 1.0 CHEBI:45212	{'atp', 'dcaACP', 'ACP', 'ppi', 'dca', 'amp'}	acpP, aas	P0A6A8, P31119
AACPS9	Acyl-[acyl-carrier-protein] synthetase  (n-C8:0)	Cell Envelope Biosynthesis	1.0 ACP_c + 1.0 atp_c + 1.0 octa_c = 1.0 amp_c + 1.0 ocACP_c + 1.0 ppi_c	1.0 Acyl carrier protein + 1.0 ATP C10H12N5O13P3 + 1.0 Octanoate (n-C8:0) = 1.0 AMP C10H12N5O7P + 1.0 Octanoyl-ACP (n-C8:0ACP) + 1.0 Diphosphate	1.0 CHEBI:14405 + 1.0 CHEBI:15422 + 1.0 CHEBI:25648 = 1.0 CHEBI:13736 + 1.0 Unknown + 1.0 CHEBI:45212	{'atp', 'ACP', 'ppi', 'ocACP', 'octa', 'amp'}	acpP, aas	P0A6A8, P31119
LPLIPAL2E180	Lysophospholipase L2 (2-acylglycerophosphoethanolamine, n-C18:0)	Glycerophospholipid Metabolism	1.0 2agpe180_c + 1.0 h2o_c = 1.0 g3pe_c + 1.0 h_c + 1.0 ocdca_c	1.0 2-Acyl-sn-glycero-3-phosphoethanolamine (n-C18:0) + 1.0 H2O H2O = 1.0 Sn-Glycero-3-phosphoethanolamine + 1.0 H+ + 1.0 Octadecanoate (n-C18:0)	1.0 CHEBI:133144 + 1.0 CHEBI:13352 = 1.0 CHEBI:57952 + 1.0 CHEBI:5584 + 1.0 CHEBI:25631	{'h2o', '2agpe180', 'g3pe', 'ocdca', 'h'}	pldB	P07000
LPLIPAL2G161	Lysophospholipase L2 (2-acylglycerophosphoglycerol, n-C16:1)	Glycerophospholipid Metabolism	1.0 2agpg161_c + 1.0 h2o_c = 1.0 g3pg_c + 1.0 h_c + 1.0 hdcea_c	1.0 2-Acyl-sn-glycero-3-phosphoglycerol (n-C16:1) + 1.0 H2O H2O = 1.0 Glycerophosphoglycerol + 1.0 H+ + 1.0 Hexadecenoate (n-C16:1)	1.0 Unknown + 1.0 CHEBI:13352 = 1.0 CHEBI:61933 + 1.0 CHEBI:5584 + 1.0 Unknown	{'hdcea', '2agpg161', 'h2o', 'g3pg', 'h'}	pldB	P07000
LPLIPAL2G181	Lysophospholipase L2 (2-acylglycerophosphoglycerol, n-C18:1)	Glycerophospholipid Metabolism	1.0 2agpg181_c + 1.0 h2o_c = 1.0 g3pg_c + 1.0 h_c + 1.0 ocdcea_c	1.0 2-Acyl-sn-glycero-3-phosphoglycerol (n-C18:1) + 1.0 H2O H2O = 1.0 Glycerophosphoglycerol + 1.0 H+ + 1.0 Octadecenoate (n-C18:1)	1.0 Unknown + 1.0 CHEBI:13352 = 1.0 CHEBI:61933 + 1.0 CHEBI:5584 + 1.0 CHEBI:30823	{'ocdcea', 'h2o', '2agpg181', 'g3pg', 'h'}	pldB	P07000
HXCT	Acetyl-CoA:hexanoate-CoA transferase	Alternate Carbon Metabolism	1.0 accoa_c + 1.0 hxa_c = 1.0 ac_c + 1.0 hxcoa_c	1.0 Acetyl-CoA + 1.0 Hexanoate (n-C6:0) = 1.0 Acetate + 1.0 Hexanoyl-CoA (n-C6:0CoA)	1.0 CHEBI:57288 + 1.0 CHEBI:14398 = 1.0 CHEBI:13704 + 1.0 Unknown	{'hxa', 'hxcoa', 'accoa', 'ac'}	atoA, atoD	P76459, P76458
AACPS6	Acyl-[acyl-carrier-protein] synthetase  (n-C18:0)	Cell Envelope Biosynthesis	1.0 ACP_c + 1.0 atp_c + 1.0 ocdca_c = 1.0 amp_c + 1.0 ocdcaACP_c + 1.0 ppi_c	1.0 Acyl carrier protein + 1.0 ATP C10H12N5O13P3 + 1.0 Octadecanoate (n-C18:0) = 1.0 AMP C10H12N5O7P + 1.0 Octadecanoyl-ACP (n-C18:0ACP) + 1.0 Diphosphate	1.0 CHEBI:14405 + 1.0 CHEBI:15422 + 1.0 CHEBI:25631 = 1.0 CHEBI:13736 + 1.0 Unknown + 1.0 CHEBI:45212	{'atp', 'ACP', 'ppi', 'ocdcaACP', 'amp', 'ocdca'}	acpP, aas	P0A6A8, P31119
2AGPEAT160	2-acyl-glycerophospho-ethanolamine acyltransferase (n-C16:0)	Glycerophospholipid Metabolism	1.0 2agpe160_c + 1.0 atp_c + 1.0 hdca_c = 1.0 amp_c + 1.0 pe160_c + 1.0 ppi_c	1.0 2-Acyl-sn-glycero-3-phosphoethanolamine (n-C16:0) + 1.0 ATP C10H12N5O13P3 + 1.0 Hexadecanoate (n-C16:0) = 1.0 AMP C10H12N5O7P + 1.0 Phosphatidylethanolamine (dihexadecanoyl, n-C16:0) + 1.0 Diphosphate	1.0 CHEBI:131743 + 1.0 CHEBI:15422 + 1.0 CHEBI:7896 = 1.0 CHEBI:13736 + 1.0 CHEBI:73005 + 1.0 CHEBI:45212	{'atp', 'hdca', 'ppi', '2agpe160', 'pe160', 'amp'}	aas	P31119
AACPS7	Acyl-[acyl-carrier-protein] synthetase  (n-C12:0)	Cell Envelope Biosynthesis	1.0 ACP_c + 1.0 atp_c + 1.0 ddca_c = 1.0 amp_c + 1.0 ddcaACP_c + 1.0 ppi_c	1.0 Acyl carrier protein + 1.0 ATP C10H12N5O13P3 + 1.0 Dodecanoate (n-C12:0) = 1.0 AMP C10H12N5O7P + 1.0 Dodecanoyl-ACP (n-C12:0ACP) + 1.0 Diphosphate	1.0 CHEBI:14405 + 1.0 CHEBI:15422 + 1.0 Unknown = 1.0 CHEBI:13736 + 1.0 Unknown + 1.0 CHEBI:45212	{'atp', 'ACP', 'ppi', 'ddcaACP', 'ddca', 'amp'}	acpP, aas	P0A6A8, P31119
PANTS	Pantothenate synthase	Cofactor and Prosthetic Group Biosynthesis	1.0 ala_B_c + 1.0 atp_c + 1.0 pant__R_c = 1.0 amp_c + 1.0 h_c + 1.0 pnto__R_c + 1.0 ppi_c	1.0 Beta-Alanine + 1.0 ATP C10H12N5O13P3 + 1.0 (R)-Pantoate = 1.0 AMP C10H12N5O7P + 1.0 H+ + 1.0 (R)-Pantothenate + 1.0 Diphosphate	1.0 CHEBI:12389 + 1.0 CHEBI:15422 + 1.0 CHEBI:18696 = 1.0 CHEBI:13736 + 1.0 CHEBI:5584 + 1.0 CHEBI:29032 + 1.0 CHEBI:45212	{'atp', 'amp', 'ppi', 'pnto__R', 'pant__R', 'ala_B', 'h'}	panC	P31663
DURADx	Dihydrouracil dehydrogenase (NAD)	Nucleotide Salvage Pathway	1.0 56dura_c + 1.0 nad_c = 1.0 h_c + 1.0 nadh_c + 1.0 ura_c	1.0 5,6-dihydrouracil + 1.0 Nicotinamide adenine dinucleotide = 1.0 H+ + 1.0 Nicotinamide adenine dinucleotide - reduced + 1.0 Uracil	1.0 CHEBI:19360 + 1.0 CHEBI:7422 = 1.0 CHEBI:5584 + 1.0 CHEBI:13395 + 1.0 CHEBI:27210	{'56dura', 'ura', 'nad', 'nadh', 'h'}	preA, preT	P25889, P76440
ECOAH7	3-hydroxyacyl-CoA dehydratase (3-hydroxyhexadecanoyl-CoA)	Membrane Lipid Metabolism	1.0 3hhdcoa_c = 1.0 h2o_c + 1.0 hdd2coa_c	1.0 (S)-3-Hydroxyhexadecanoyl-CoA = 1.0 H2O H2O + 1.0 Trans-Hexadec-2-enoyl-CoA	1.0 CHEBI:397 = 1.0 CHEBI:13352 + 1.0 CHEBI:27047	{'hdd2coa', 'h2o', '3hhdcoa'}	fadJ, fadB	P77399, P21177
G1PPpp	Glucose-1-phosphatase	Glycolysis/Gluconeogenesis	1.0 g1p_p + 1.0 h2o_p = 1.0 glc__D_p + 1.0 pi_p	1.0 D-Glucose 1-phosphate + 1.0 H2O H2O = 1.0 D-Glucose + 1.0 Phosphate	1.0 CHEBI:10246 + 1.0 CHEBI:13352 = 1.0 CHEBI:12965 + 1.0 CHEBI:26078	{'pi', 'glc__D', 'g1p', 'h2o'}	agp, phoA	P19926, P00634
GALCTND	Galactonate dehydratase	Alternate Carbon Metabolism	1.0 galctn__D_c = 1.0 2dh3dgal_c + 1.0 h2o_c	1.0 D-Galactonate = 1.0 2-Dehydro-3-deoxy-D-galactonate + 1.0 H2O H2O	1.0 CHEBI:12931 = 1.0 CHEBI:1056 + 1.0 CHEBI:13352	{'2dh3dgal', 'galctn__D', 'h2o'}	dgoD	Q6BF17
GCALDD	Glycolaldehyde dehydrogenase	Folate Metabolism	1.0 gcald_c + 1.0 h2o_c + 1.0 nad_c = 1.0 glyclt_c + 2.0 h_c + 1.0 nadh_c	1.0 Glycolaldehyde + 1.0 H2O H2O + 1.0 Nicotinamide adenine dinucleotide = 1.0 Glycolate C2H3O3 + 2.0 H+ + 1.0 Nicotinamide adenine dinucleotide - reduced	1.0 CHEBI:17071 + 1.0 CHEBI:13352 + 1.0 CHEBI:7422 = 1.0 CHEBI:24388 + 2.0 CHEBI:5584 + 1.0 CHEBI:13395	{'glyclt', 'h2o', 'gcald', 'nad', 'nadh', 'h'}	aldA	P25553
HISTP	Histidinol-phosphatase	Histidine Metabolism	1.0 h2o_c + 1.0 hisp_c = 1.0 histd_c + 1.0 pi_c	1.0 H2O H2O + 1.0 L-Histidinol phosphate = 1.0 L-Histidinol + 1.0 Phosphate	1.0 CHEBI:13352 + 1.0 CHEBI:16996 = 1.0 CHEBI:13118 + 1.0 CHEBI:26078	{'histd', 'pi', 'hisp', 'h2o'}	hisB	P06987
QMO2	Quinol monooxygenase (Ubiquinol-8)	Oxidative Phosphorylation	2.0 o2_c + 1.0 q8h2_c = 2.0 h_c + 2.0 o2s_c + 1.0 q8_c	2.0 O2 O2 + 1.0 Ubiquinol-8 = 2.0 H+ + 2.0 Superoxide anion + 1.0 Ubiquinone-8	2.0 CHEBI:7860 + 1.0 CHEBI:61682 = 2.0 CHEBI:5584 + 2.0 CHEBI:25935 + 1.0 CHEBI:61683	{'q8', 'o2', 'q8h2', 'o2s', 'h'}	ygiN	P0ADU2
QMO3	Quinol monooxygenase (menaquinol 8)	Oxidative Phosphorylation	1.0 mql8_c + 2.0 o2_c = 2.0 h_c + 1.0 mqn8_c + 2.0 o2s_c	1.0 Menaquinol 8 + 2.0 O2 O2 = 2.0 H+ + 1.0 Menaquinone 8 + 2.0 Superoxide anion	1.0 CHEBI:61684 + 2.0 CHEBI:7860 = 2.0 CHEBI:5584 + 1.0 CHEBI:44027 + 2.0 CHEBI:25935	{'mqn8', 'o2', 'mql8', 'o2s', 'h'}	ygiN	P0ADU2
LPLIPAL2E141	Lysophospholipase L2 (2-acylglycerophosphoethanolamine, n-C14:1)	Glycerophospholipid Metabolism	1.0 2agpe141_c + 1.0 h2o_c = 1.0 g3pe_c + 1.0 h_c + 1.0 ttdcea_c	1.0 2-Acyl-sn-glycero-3-phosphoethanolamine (n-C14:1) + 1.0 H2O H2O = 1.0 Sn-Glycero-3-phosphoethanolamine + 1.0 H+ + 1.0 Tetradecenoate (n-C14:1)	1.0 Unknown + 1.0 CHEBI:13352 = 1.0 CHEBI:57952 + 1.0 CHEBI:5584 + 1.0 Unknown	{'ttdcea', 'h2o', '2agpe141', 'g3pe', 'h'}	pldB	P07000
LPLIPAL2E161	Lysophospholipase L2 (2-acylglycerophosphoethanolamine, n-C16:1)	Glycerophospholipid Metabolism	1.0 2agpe161_c + 1.0 h2o_c = 1.0 g3pe_c + 1.0 h_c + 1.0 hdcea_c	1.0 2-Acyl-sn-glycero-3-phosphoethanolamine (n-C16:1) + 1.0 H2O H2O = 1.0 Sn-Glycero-3-phosphoethanolamine + 1.0 H+ + 1.0 Hexadecenoate (n-C16:1)	1.0 Unknown + 1.0 CHEBI:13352 = 1.0 CHEBI:57952 + 1.0 CHEBI:5584 + 1.0 Unknown	{'hdcea', 'h2o', '2agpe161', 'g3pe', 'h'}	pldB	P07000
LDH_D	D-lactate dehydrogenase	Pyruvate Metabolism	1.0 lac__D_c + 1.0 nad_c = 1.0 h_c + 1.0 nadh_c + 1.0 pyr_c	1.0 D-Lactate + 1.0 Nicotinamide adenine dinucleotide = 1.0 H+ + 1.0 Nicotinamide adenine dinucleotide - reduced + 1.0 Pyruvate	1.0 CHEBI:16004 + 1.0 CHEBI:7422 = 1.0 CHEBI:5584 + 1.0 CHEBI:13395 + 1.0 CHEBI:26462	{'lac__D', 'pyr', 'nad', 'nadh', 'h'}	ldhA	P52643
AMALT4	Amylomaltase (maltohexaose)	Alternate Carbon Metabolism	1.0 malt_c + 1.0 malthx_c = 1.0 glc__D_c + 1.0 malthp_c	1.0 Maltose C12H22O11 + 1.0 Maltohexaose = 1.0 D-Glucose + 1.0 Maltoheptaose	1.0 CHEBI:6668 + 1.0 CHEBI:61953 = 1.0 CHEBI:12965 + 1.0 CHEBI:62010	{'malthp', 'malthx', 'glc__D', 'malt'}	malQ	P15977
NTD11	5'-nucleotidase (IMP)	Nucleotide Salvage Pathway	1.0 h2o_c + 1.0 imp_c = 1.0 ins_c + 1.0 pi_c	1.0 H2O H2O + 1.0 IMP C10H11N4O8P = 1.0 Inosine + 1.0 Phosphate	1.0 CHEBI:13352 + 1.0 CHEBI:43524 = 1.0 CHEBI:17596 + 1.0 CHEBI:26078	{'imp', 'pi', 'ins', 'h2o'}	umpG, yrfG	P0A840, P64636
LPLIPAL2E181	Lysophospholipase L2 (2-acylglycerophosphoethanolamine, n-C18:1)	Glycerophospholipid Metabolism	1.0 2agpe181_c + 1.0 h2o_c = 1.0 g3pe_c + 1.0 h_c + 1.0 ocdcea_c	1.0 2-Acyl-sn-glycero-3-phosphoethanolamine (n-C18:1) + 1.0 H2O H2O = 1.0 Sn-Glycero-3-phosphoethanolamine + 1.0 H+ + 1.0 Octadecenoate (n-C18:1)	1.0 Unknown + 1.0 CHEBI:13352 = 1.0 CHEBI:57952 + 1.0 CHEBI:5584 + 1.0 CHEBI:30823	{'ocdcea', 'h2o', 'g3pe', '2agpe181', 'h'}	pldB	P07000
YUMPS	YUMP synthetase	Purine and Pyrimidine Biosynthesis	1.0 r5p_c + 1.0 ura_c = 1.0 h2o_c + 1.0 psd5p_c	1.0 Alpha-D-Ribose 5-phosphate + 1.0 Uracil = 1.0 H2O H2O + 1.0 Pseudouridine 5  phosphate C9H11N2O9P	1.0 CHEBI:18189 + 1.0 CHEBI:27210 = 1.0 CHEBI:13352 + 1.0 Unknown	{'psd5p', 'ura', 'r5p', 'h2o'}	psuG	P33025
LPLIPAL2G180	Lysophospholipase L2 (2-acylglycerophosphoglycerol, n-C18:0)	Glycerophospholipid Metabolism	1.0 2agpg180_c + 1.0 h2o_c = 1.0 g3pg_c + 1.0 h_c + 1.0 ocdca_c	1.0 2-Acyl-sn-glycero-3-phosphoglycerol (n-C18:0) + 1.0 H2O H2O = 1.0 Glycerophosphoglycerol + 1.0 H+ + 1.0 Octadecanoate (n-C18:0)	1.0 Unknown + 1.0 CHEBI:13352 = 1.0 CHEBI:61933 + 1.0 CHEBI:5584 + 1.0 CHEBI:25631	{'h2o', 'g3pg', '2agpg180', 'ocdca', 'h'}	pldB	P07000
LPLIPAL2G141	Lysophospholipase L2 (2-acylglycerophosphoglycerol, n-C14:1)	Glycerophospholipid Metabolism	1.0 2agpg141_c + 1.0 h2o_c = 1.0 g3pg_c + 1.0 h_c + 1.0 ttdcea_c	1.0 2-Acyl-sn-glycero-3-phosphoglycerol (n-C14:1) + 1.0 H2O H2O = 1.0 Glycerophosphoglycerol + 1.0 H+ + 1.0 Tetradecenoate (n-C14:1)	1.0 Unknown + 1.0 CHEBI:13352 = 1.0 CHEBI:61933 + 1.0 CHEBI:5584 + 1.0 Unknown	{'ttdcea', 'h2o', '2agpg141', 'g3pg', 'h'}	pldB	P07000
IPDDI	Isopentenyl-diphosphate D-isomerase	Cofactor and Prosthetic Group Biosynthesis	1.0 ipdp_c = 1.0 dmpp_c	1.0 Isopentenyl diphosphate = 1.0 Dimethylallyl diphosphate	1.0 CHEBI:128769 = 1.0 CHEBI:14883	{'dmpp', 'ipdp'}	idi	Q46822
ORNDC	Ornithine Decarboxylase	Arginine and Proline Metabolism	1.0 h_c + 1.0 orn_c = 1.0 co2_c + 1.0 ptrc_c	1.0 H+ + 1.0 Ornithine = 1.0 CO2 CO2 + 1.0 Putrescine	1.0 CHEBI:5584 + 1.0 CHEBI:21367 = 1.0 CHEBI:23011 + 1.0 CHEBI:8650	{'h', 'orn', 'ptrc', 'co2'}	speC, speF	P21169, P24169
UPP3MT	Uroporphyrinogen methyltransferase	Cofactor and Prosthetic Group Biosynthesis	2.0 amet_c + 1.0 uppg3_c = 2.0 ahcys_c + 1.0 dscl_c + 1.0 h_c	2.0 S-Adenosyl-L-methionine + 1.0 Uroporphyrinogen III = 2.0 S-Adenosyl-L-homocysteine + 1.0 Dihydrosirohydrochlorin + 1.0 H+	2.0 CHEBI:33442 + 1.0 CHEBI:15437 = 2.0 CHEBI:12741 + 1.0 CHEBI:58827 + 1.0 CHEBI:5584	{'uppg3', 'amet', 'dscl', 'ahcys', 'h'}	cysG	P0AEA8
KAS15	Beta-ketoacyl-ACP synthase (2)	Membrane Lipid Metabolism	1.0 accoa_c + 1.0 h_c + 1.0 malACP_c = 1.0 actACP_c + 1.0 co2_c + 1.0 coa_c	1.0 Acetyl-CoA + 1.0 H+ + 1.0 Malonyl-[acyl-carrier protein] = 1.0 Acetoacetyl-ACP + 1.0 CO2 CO2 + 1.0 Coenzyme A	1.0 CHEBI:57288 + 1.0 CHEBI:5584 + 1.0 CHEBI:6662 = 1.0 CHEBI:2393 + 1.0 CHEBI:23011 + 1.0 CHEBI:41631	{'malACP', 'coa', 'accoa', 'co2', 'actACP', 'h'}	fabH	P0A6R0
FACOAL181t2pp	Fatty-acid-CoA ligase (octadecenoate transport via vectoral Co-A coupling)	Cell Envelope Biosynthesis	1.0 atp_c + 1.0 coa_c + 1.0 h_p + 1.0 ocdcea_p = 1.0 amp_c + 1.0 h_c + 1.0 odecoa_c + 1.0 ppi_c	1.0 ATP C10H12N5O13P3 + 1.0 Coenzyme A + 1.0 H+ + 1.0 Octadecenoate (n-C18:1) = 1.0 AMP C10H12N5O7P + 1.0 H+ + 1.0 Octadecenoyl-CoA (n-C18:1CoA) + 1.0 Diphosphate	1.0 CHEBI:15422 + 1.0 CHEBI:41631 + 1.0 CHEBI:5584 + 1.0 CHEBI:30823 = 1.0 CHEBI:13736 + 1.0 CHEBI:5584 + 1.0 Unknown + 1.0 CHEBI:45212	{'ocdcea', 'atp', 'coa', 'ppi', 'amp', 'odecoa', 'h'}	fadD, fadK	P69451, P38135
T2DECAI	Trans-2-decenoyl-ACP isomerase	Cell Envelope Biosynthesis	1.0 tdec2eACP_c = 1.0 cdec3eACP_c	1.0 Trans-Dec-2-enoyl-[acyl-carrier protein] = 1.0 Cis-dec-3-enoyl-[acyl-carrier protein] (n-C10:1)	1.0 CHEBI:10724 = 1.0 Unknown	{'tdec2eACP', 'cdec3eACP'}	fabA	P0A6Q3
2AGPGAT180	2-acyl-glycerophospho-glycerol acyltransferase (n-C18:0)	Glycerophospholipid Metabolism	1.0 2agpg180_c + 1.0 atp_c + 1.0 ocdca_c = 1.0 amp_c + 1.0 pg180_c + 1.0 ppi_c	1.0 2-Acyl-sn-glycero-3-phosphoglycerol (n-C18:0) + 1.0 ATP C10H12N5O13P3 + 1.0 Octadecanoate (n-C18:0) = 1.0 AMP C10H12N5O7P + 1.0 Phosphatidylglycerol (dioctadecanoyl, n-C18:0) + 1.0 Diphosphate	1.0 Unknown + 1.0 CHEBI:15422 + 1.0 CHEBI:25631 = 1.0 CHEBI:13736 + 1.0 Unknown + 1.0 CHEBI:45212	{'atp', 'pg180', 'ppi', 'amp', '2agpg180', 'ocdca'}	aas	P31119
2AGPGAT181	2-acyl-glycerophospho-glycerol acyltransferase (n-C18:1)	Glycerophospholipid Metabolism	1.0 2agpg181_c + 1.0 atp_c + 1.0 ocdcea_c = 1.0 amp_c + 1.0 pg181_c + 1.0 ppi_c	1.0 2-Acyl-sn-glycero-3-phosphoglycerol (n-C18:1) + 1.0 ATP C10H12N5O13P3 + 1.0 Octadecenoate (n-C18:1) = 1.0 AMP C10H12N5O7P + 1.0 Phosphatidylglycerol (dioctadec-11-enoyl, n-C18:1) + 1.0 Diphosphate	1.0 Unknown + 1.0 CHEBI:15422 + 1.0 CHEBI:30823 = 1.0 CHEBI:13736 + 1.0 Unknown + 1.0 CHEBI:45212	{'ocdcea', 'atp', 'pg181', 'ppi', '2agpg181', 'amp'}	aas	P31119
3OAS161	3-oxoacyl-[acyl-carrier-protein] synthase (n-C16:1)	Cell Envelope Biosynthesis	1.0 h_c + 1.0 malACP_c + 1.0 tdeACP_c = 1.0 3ocpalm9eACP_c + 1.0 ACP_c + 1.0 co2_c	1.0 H+ + 1.0 Malonyl-[acyl-carrier protein] + 1.0 Cis-tetradec-7-enoyl-[acyl-carrier protein] (n-C14:1) = 1.0 3-oxo-cis-palm-9-eoyl-[acyl-carrier protein] + 1.0 Acyl carrier protein + 1.0 CO2 CO2	1.0 CHEBI:5584 + 1.0 CHEBI:6662 + 1.0 Unknown = 1.0 Unknown + 1.0 CHEBI:14405 + 1.0 CHEBI:23011	{'malACP', 'ACP', 'co2', 'tdeACP', '3ocpalm9eACP', 'h'}	fabB	P0A953
DHQS	3-dehydroquinate synthase	Tyrosine, Tryptophan, and Phenylalanine Metabolism	1.0 2dda7p_c = 1.0 3dhq_c + 1.0 pi_c	1.0 2-Dehydro-3-deoxy-D-arabino-heptonate 7-phosphate = 1.0 3-Dehydroquinate + 1.0 Phosphate	1.0 CHEBI:1053 = 1.0 CHEBI:19997 + 1.0 CHEBI:26078	{'pi', '3dhq', '2dda7p'}	aroB	P07639
EAR141y	Enoyl-[acyl-carrier-protein] reductase (NADPH) (n-C14:1)	Cell Envelope Biosynthesis	1.0 h_c + 1.0 nadph_c + 1.0 t3c7mrseACP_c = 1.0 nadp_c + 1.0 tdeACP_c	1.0 H+ + 1.0 Nicotinamide adenine dinucleotide phosphate - reduced + 1.0 Trans-3-cis-7-myristoleoyl-[acyl-carrier protein] = 1.0 Nicotinamide adenine dinucleotide phosphate + 1.0 Cis-tetradec-7-enoyl-[acyl-carrier protein] (n-C14:1)	1.0 CHEBI:5584 + 1.0 CHEBI:16474 + 1.0 Unknown = 1.0 CHEBI:29868 + 1.0 Unknown	{'t3c7mrseACP', 'nadp', 'nadph', 'tdeACP', 'h'}	fabI	P0AEK4
EAR161x	Enoyl-[acyl-carrier-protein] reductase (NADH) (n-C16:1)	Cell Envelope Biosynthesis	1.0 h_c + 1.0 nadh_c + 1.0 t3c9palmeACP_c = 1.0 hdeACP_c + 1.0 nad_c	1.0 H+ + 1.0 Nicotinamide adenine dinucleotide - reduced + 1.0 Trans-3-cis-9-palmitoleoyl-[acyl-carrier protein] = 1.0 Cis-hexadec-9-enoyl-[acyl-carrier protein] (n-C16:1) + 1.0 Nicotinamide adenine dinucleotide	1.0 CHEBI:5584 + 1.0 CHEBI:13395 + 1.0 Unknown = 1.0 Unknown + 1.0 CHEBI:7422	{'h', 'hdeACP', 'nad', 'nadh', 't3c9palmeACP'}	fabI	P0AEK4
2AGPEAT140	2-acyl-glycerophospho-ethanolamine acyltransferase (n-C14:0)	Glycerophospholipid Metabolism	1.0 2agpe140_c + 1.0 atp_c + 1.0 ttdca_c = 1.0 amp_c + 1.0 pe140_c + 1.0 ppi_c	1.0 2-Acyl-sn-glycero-3-phosphoethanolamine (n-C14:0) + 1.0 ATP C10H12N5O13P3 + 1.0 Tetradecanoate (n-C14:0) = 1.0 AMP C10H12N5O7P + 1.0 Phosphatidylethanolamine (ditetradecanoyl, n-C14:0) + 1.0 Diphosphate	1.0 Unknown + 1.0 CHEBI:15422 + 1.0 Unknown = 1.0 CHEBI:13736 + 1.0 Unknown + 1.0 CHEBI:45212	{'atp', 'ttdca', 'ppi', 'pe140', '2agpe140', 'amp'}	aas	P31119
2AGPEAT120	2-acyl-glycerophospho-ethanolamine acyltransferase (n-C12:0)	Glycerophospholipid Metabolism	1.0 2agpe120_c + 1.0 atp_c + 1.0 ddca_c = 1.0 amp_c + 1.0 pe120_c + 1.0 ppi_c	1.0 2-Acyl-sn-glycero-3-phosphoethanolamine (n-C12:0) + 1.0 ATP C10H12N5O13P3 + 1.0 Dodecanoate (n-C12:0) = 1.0 AMP C10H12N5O7P + 1.0 Phosphatidylethanolamine (didodecanoyl, n-C12:0) + 1.0 Diphosphate	1.0 Unknown + 1.0 CHEBI:15422 + 1.0 Unknown = 1.0 CHEBI:13736 + 1.0 Unknown + 1.0 CHEBI:45212	{'atp', 'ppi', 'pe120', '2agpe120', 'ddca', 'amp'}	aas	P31119
DASYN160	CDP-diacylglycerol synthetase (n-C16:0)	Glycerophospholipid Metabolism	1.0 ctp_c + 1.0 h_c + 1.0 pa160_c = 1.0 cdpdhdecg_c + 1.0 ppi_c	1.0 CTP C9H12N3O14P3 + 1.0 H+ + 1.0 1,2-dihexadecanoyl-sn-glycerol 3-phosphate = 1.0 CDP-1,2-dihexadecanoylglycerol + 1.0 Diphosphate	1.0 CHEBI:3285 + 1.0 CHEBI:5584 + 1.0 CHEBI:72859 = 1.0 Unknown + 1.0 CHEBI:45212	{'pa160', 'cdpdhdecg', 'ppi', 'ctp', 'h'}	cdsA	P0ABG1
DASYN161	CDP-diacylglycerol synthetase (n-C16:1)	Glycerophospholipid Metabolism	1.0 ctp_c + 1.0 h_c + 1.0 pa161_c = 1.0 cdpdhdec9eg_c + 1.0 ppi_c	1.0 CTP C9H12N3O14P3 + 1.0 H+ + 1.0 1,2-dihexadec-9-enoyl-sn-glycerol 3-phosphate = 1.0 CDP-1,2-dihexadec-9-enoylglycerol + 1.0 Diphosphate	1.0 CHEBI:3285 + 1.0 CHEBI:5584 + 1.0 Unknown = 1.0 CHEBI:104012 + 1.0 CHEBI:45212	{'pa161', 'ppi', 'ctp', 'cdpdhdec9eg', 'h'}	cdsA	P0ABG1
DASYN181	CDP-diacylglycerol synthetase (n-C18:1)	Glycerophospholipid Metabolism	1.0 ctp_c + 1.0 h_c + 1.0 pa181_c = 1.0 cdpdodec11eg_c + 1.0 ppi_c	1.0 CTP C9H12N3O14P3 + 1.0 H+ + 1.0 1,2-dioctadec-11-enoyl-sn-glycerol 3-phosphate = 1.0 CDP-1,2-dioctadec-11-enoylglycerol + 1.0 Diphosphate	1.0 CHEBI:3285 + 1.0 CHEBI:5584 + 1.0 Unknown = 1.0 CHEBI:104362 + 1.0 CHEBI:45212	{'ppi', 'cdpdodec11eg', 'pa181', 'ctp', 'h'}	cdsA	P0ABG1
CDAPPA161	CDP-Diacylglycerol pyrophostatase (n-C16:1)	Glycerophospholipid Metabolism	1.0 cdpdhdec9eg_c + 1.0 h2o_c = 1.0 cmp_c + 2.0 h_c + 1.0 pa161_c	1.0 CDP-1,2-dihexadec-9-enoylglycerol + 1.0 H2O H2O = 1.0 CMP C9H12N3O8P + 2.0 H+ + 1.0 1,2-dihexadec-9-enoyl-sn-glycerol 3-phosphate	1.0 CHEBI:104012 + 1.0 CHEBI:13352 = 1.0 CHEBI:60377 + 2.0 CHEBI:5584 + 1.0 Unknown	{'pa161', 'cmp', 'h2o', 'cdpdhdec9eg', 'h'}	cdh	P06282
2AGPEAT161	2-acyl-glycerophospho-ethanolamine acyltransferase (n-C16:1)	Glycerophospholipid Metabolism	1.0 2agpe161_c + 1.0 atp_c + 1.0 hdcea_c = 1.0 amp_c + 1.0 pe161_c + 1.0 ppi_c	1.0 2-Acyl-sn-glycero-3-phosphoethanolamine (n-C16:1) + 1.0 ATP C10H12N5O13P3 + 1.0 Hexadecenoate (n-C16:1) = 1.0 AMP C10H12N5O7P + 1.0 Phosphatidylethanolamine (dihexadec-9enoyl, n-C16:1) + 1.0 Diphosphate	1.0 Unknown + 1.0 CHEBI:15422 + 1.0 Unknown = 1.0 CHEBI:13736 + 1.0 Unknown + 1.0 CHEBI:45212	{'hdcea', 'atp', 'ppi', '2agpe161', 'pe161', 'amp'}	aas	P31119
2AGPEAT141	2-acyl-glycerophospho-ethanolamine acyltransferase (n-C14:1)	Glycerophospholipid Metabolism	1.0 2agpe141_c + 1.0 atp_c + 1.0 ttdcea_c = 1.0 amp_c + 1.0 pe141_c + 1.0 ppi_c	1.0 2-Acyl-sn-glycero-3-phosphoethanolamine (n-C14:1) + 1.0 ATP C10H12N5O13P3 + 1.0 Tetradecenoate (n-C14:1) = 1.0 AMP C10H12N5O7P + 1.0 Phosphatidylethanolamine (ditetradec-7-enoyl, n-C14:1) + 1.0 Diphosphate	1.0 Unknown + 1.0 CHEBI:15422 + 1.0 Unknown = 1.0 CHEBI:13736 + 1.0 Unknown + 1.0 CHEBI:45212	{'pe141', 'atp', 'ppi', 'ttdcea', '2agpe141', 'amp'}	aas	P31119
2AGPGAT160	2-acyl-glycerophospho-glycerol acyltransferase (n-C16:0)	Glycerophospholipid Metabolism	1.0 2agpg160_c + 1.0 atp_c + 1.0 hdca_c = 1.0 amp_c + 1.0 pg160_c + 1.0 ppi_c	1.0 2-Acyl-sn-glycero-3-phosphoglycerol (n-C16:0) + 1.0 ATP C10H12N5O13P3 + 1.0 Hexadecanoate (n-C16:0) = 1.0 AMP C10H12N5O7P + 1.0 Phosphatidylglycerol (dihexadecanoyl, n-C16:0) + 1.0 Diphosphate	1.0 Unknown + 1.0 CHEBI:15422 + 1.0 CHEBI:7896 = 1.0 CHEBI:13736 + 1.0 CHEBI:73205 + 1.0 CHEBI:45212	{'2agpg160', 'atp', 'hdca', 'ppi', 'pg160', 'amp'}	aas	P31119
PGSA180	Phosphatidylglycerol synthase (n-C18:0)	Glycerophospholipid Metabolism	1.0 cdpdodecg_c + 1.0 glyc3p_c = 1.0 cmp_c + 1.0 h_c + 1.0 pgp180_c	1.0 CDP-1,2-dioctadecanoylglycerol + 1.0 Glycerol 3-phosphate = 1.0 CMP C9H12N3O8P + 1.0 H+ + 1.0 Phosphatidylglycerophosphate (dioctadecanoyl, n-C18:0)	1.0 CHEBI:104121 + 1.0 CHEBI:12843 = 1.0 CHEBI:60377 + 1.0 CHEBI:5584 + 1.0 Unknown	{'cdpdodecg', 'cmp', 'pgp180', 'glyc3p', 'h'}	pgsA	P0ABF8
PGCD	Phosphoglycerate dehydrogenase	Glycine and Serine Metabolism	1.0 3pg_c + 1.0 nad_c = 1.0 3php_c + 1.0 h_c + 1.0 nadh_c	1.0 3-Phospho-D-glycerate + 1.0 Nicotinamide adenine dinucleotide = 1.0 3-Phosphohydroxypyruvate + 1.0 H+ + 1.0 Nicotinamide adenine dinucleotide - reduced	1.0 CHEBI:11879 + 1.0 CHEBI:7422 = 1.0 CHEBI:11883 + 1.0 CHEBI:5584 + 1.0 CHEBI:13395	{'3php', 'nad', '3pg', 'nadh', 'h'}	serA	P0A9T0
PSSA140	Phosphatidylserine syntase (n-C14:0)	Glycerophospholipid Metabolism	1.0 cdpdtdecg_c + 1.0 ser__L_c = 1.0 cmp_c + 1.0 h_c + 1.0 ps140_c	1.0 CDP-1,2-ditetradecanoylglycerol + 1.0 L-Serine = 1.0 CMP C9H12N3O8P + 1.0 H+ + 1.0 Phosphatidylserine (ditetradecanoyl, n-C14:0)	1.0 CHEBI:103211 + 1.0 CHEBI:32845 = 1.0 CHEBI:60377 + 1.0 CHEBI:5584 + 1.0 Unknown	{'ser__L', 'cmp', 'cdpdtdecg', 'ps140', 'h'}	pssA	P23830
2AGPGAT141	2-acyl-glycerophospho-glycerol acyltransferase (n-C14:1)	Glycerophospholipid Metabolism	1.0 2agpg141_c + 1.0 atp_c + 1.0 ttdcea_c = 1.0 amp_c + 1.0 pg141_c + 1.0 ppi_c	1.0 2-Acyl-sn-glycero-3-phosphoglycerol (n-C14:1) + 1.0 ATP C10H12N5O13P3 + 1.0 Tetradecenoate (n-C14:1) = 1.0 AMP C10H12N5O7P + 1.0 Phosphatidylglycerol (ditetradec-7-enoyl, n-C14:1) + 1.0 Diphosphate	1.0 Unknown + 1.0 CHEBI:15422 + 1.0 Unknown = 1.0 CHEBI:13736 + 1.0 Unknown + 1.0 CHEBI:45212	{'atp', 'ppi', 'pg141', 'ttdcea', '2agpg141', 'amp'}	aas	P31119
FACOAE180	Fatty-acid-CoA thioesterase (octadecanoate)	Cell Envelope Biosynthesis	1.0 h2o_c + 1.0 stcoa_c = 1.0 coa_c + 1.0 h_c + 1.0 ocdca_c	1.0 H2O H2O + 1.0 Stearoyl-CoA (n-C18:0CoA) = 1.0 Coenzyme A + 1.0 H+ + 1.0 Octadecanoate (n-C18:0)	1.0 CHEBI:13352 + 1.0 CHEBI:15107 = 1.0 CHEBI:41631 + 1.0 CHEBI:5584 + 1.0 CHEBI:25631	{'coa', 'h2o', 'stcoa', 'ocdca', 'h'}	tesB	P0AGG2
LPLIPAL2ATG140	Lysophospholipase L2 (acyltransferase, 2-acyl-glycerophosphoglycerol, n-C14:0)	Glycerophospholipid Metabolism	1.0 2agpg140_c + 1.0 pg140_c = 1.0 apg140_c + 1.0 g3pg_c	1.0 2-Acyl-sn-glycero-3-phosphoglycerol (n-C14:0) + 1.0 Phosphatidylglycerol (ditetradecanoyl, n-C14:0) = 1.0 Acyl phosphatidylglycerol (n-C14:0) + 1.0 Glycerophosphoglycerol	1.0 Unknown + 1.0 CHEBI:60723 = 1.0 Unknown + 1.0 CHEBI:61933	{'apg140', '2agpg140', 'g3pg', 'pg140'}	pldB	P07000
LPLIPAL2ATG141	Lysophospholipase L2 (acyltransferase, 2-acyl-glycerophosphoglycerol, n-C14:1)	Glycerophospholipid Metabolism	1.0 2agpg141_c + 1.0 pg141_c = 1.0 apg141_c + 1.0 g3pg_c	1.0 2-Acyl-sn-glycero-3-phosphoglycerol (n-C14:1) + 1.0 Phosphatidylglycerol (ditetradec-7-enoyl, n-C14:1) = 1.0 Acyl phosphatidylglycerol (n-C14:1) + 1.0 Glycerophosphoglycerol	1.0 Unknown + 1.0 Unknown = 1.0 Unknown + 1.0 CHEBI:61933	{'2agpg141', 'g3pg', 'apg141', 'pg141'}	pldB	P07000
LPLIPAL2ATG160	Lysophospholipase L2 (acyltransferase, 2-acyl-glycerophosphoglycerol, n-C16:0)	Glycerophospholipid Metabolism	1.0 2agpg160_c + 1.0 pg160_c = 1.0 apg160_c + 1.0 g3pg_c	1.0 2-Acyl-sn-glycero-3-phosphoglycerol (n-C16:0) + 1.0 Phosphatidylglycerol (dihexadecanoyl, n-C16:0) = 1.0 Acyl phosphatidylglycerol (n-C16:0) + 1.0 Glycerophosphoglycerol	1.0 Unknown + 1.0 CHEBI:73205 = 1.0 Unknown + 1.0 CHEBI:61933	{'2agpg160', 'g3pg', 'pg160', 'apg160'}	pldB	P07000
LPLIPAL2ATG180	Lysophospholipase L2 (acyltransferase, 2-acyl-glycerophosphoglycerol, n-C18:0)	Glycerophospholipid Metabolism	1.0 2agpg180_c + 1.0 pg180_c = 1.0 apg180_c + 1.0 g3pg_c	1.0 2-Acyl-sn-glycero-3-phosphoglycerol (n-C18:0) + 1.0 Phosphatidylglycerol (dioctadecanoyl, n-C18:0) = 1.0 Acyl phosphatidylglycerol (n-C18:0) + 1.0 Glycerophosphoglycerol	1.0 Unknown + 1.0 Unknown = 1.0 Unknown + 1.0 CHEBI:61933	{'pg180', 'g3pg', '2agpg180', 'apg180'}	pldB	P07000
LPLIPAL2ATG161	Lysophospholipase L2 (acyltransferase, 2-acyl-glycerophosphoglycerol, n-C16:1)	Glycerophospholipid Metabolism	1.0 2agpg161_c + 1.0 pg161_c = 1.0 apg161_c + 1.0 g3pg_c	1.0 2-Acyl-sn-glycero-3-phosphoglycerol (n-C16:1) + 1.0 Phosphatidylglycerol (dihexadec-9-enoyl, n-C16:1) = 1.0 Acyl phosphatidylglycerol (n-C16:1) + 1.0 Glycerophosphoglycerol	1.0 Unknown + 1.0 Unknown = 1.0 Unknown + 1.0 CHEBI:61933	{'2agpg161', 'apg161', 'g3pg', 'pg161'}	pldB	P07000
LPLIPAL2ATG181	Lysophospholipase L2 (acyltransferase, 2-acyl-glycerophosphoglycerol, n-C18:1)	Glycerophospholipid Metabolism	1.0 2agpg181_c + 1.0 pg181_c = 1.0 apg181_c + 1.0 g3pg_c	1.0 2-Acyl-sn-glycero-3-phosphoglycerol (n-C18:1) + 1.0 Phosphatidylglycerol (dioctadec-11-enoyl, n-C18:1) = 1.0 Acyl phosphatidylglycerol (n-C18:1) + 1.0 Glycerophosphoglycerol	1.0 Unknown + 1.0 Unknown = 1.0 Unknown + 1.0 CHEBI:61933	{'apg181', '2agpg181', 'g3pg', 'pg181'}	pldB	P07000
FACOAE100	Fatty-acid-CoA thioesterase (decanoate)	Cell Envelope Biosynthesis	1.0 dcacoa_c + 1.0 h2o_c = 1.0 coa_c + 1.0 dca_c + 1.0 h_c	1.0 Decanoyl-CoA (n-C10:0CoA) + 1.0 H2O H2O = 1.0 Coenzyme A + 1.0 Decanoate (n-C10:0) + 1.0 H+	1.0 Unknown + 1.0 CHEBI:13352 = 1.0 CHEBI:41631 + 1.0 Unknown + 1.0 CHEBI:5584	{'coa', 'h2o', 'dca', 'dcacoa', 'h'}	tesB	P0AGG2
FACOAE80	Fatty-acid-CoA thioesterase (octanoate)	Cell Envelope Biosynthesis	1.0 h2o_c + 1.0 occoa_c = 1.0 coa_c + 1.0 h_c + 1.0 octa_c	1.0 H2O H2O + 1.0 Octanoyl-CoA (n-C8:0CoA) = 1.0 Coenzyme A + 1.0 H+ + 1.0 Octanoate (n-C8:0)	1.0 CHEBI:13352 + 1.0 CHEBI:41542 = 1.0 CHEBI:41631 + 1.0 CHEBI:5584 + 1.0 CHEBI:25648	{'coa', 'occoa', 'h2o', 'octa', 'h'}	tesB	P0AGG2
FACOAE60	Fatty-acid-CoA thioesterase (hexanoate)	Cell Envelope Biosynthesis	1.0 h2o_c + 1.0 hxcoa_c = 1.0 coa_c + 1.0 h_c + 1.0 hxa_c	1.0 H2O H2O + 1.0 Hexanoyl-CoA (n-C6:0CoA) = 1.0 Coenzyme A + 1.0 H+ + 1.0 Hexanoate (n-C6:0)	1.0 CHEBI:13352 + 1.0 Unknown = 1.0 CHEBI:41631 + 1.0 CHEBI:5584 + 1.0 CHEBI:14398	{'coa', 'hxcoa', 'h2o', 'hxa', 'h'}	tesB	P0AGG2
CLPNS180pp	Cardiolipin synthase (periplasmic, n-C18:0)	Glycerophospholipid Metabolism	2.0 pg180_p = 1.0 clpn180_p + 1.0 glyc_p	2.0 Phosphatidylglycerol (dioctadecanoyl, n-C18:0) = 1.0 Cardiolipin (tetraoctadecanoyl, n-C18:0) + 1.0 Glycerol	2.0 Unknown = 1.0 Unknown + 1.0 CHEBI:5448	{'pg180', 'glyc', 'clpn180'}	clsA, clsB	P0A6H8, P0AA84
PLIPA1E120pp	Phospholipase A1 (phosphatidylethanolamine, n-C12:0) (periplasm)	Glycerophospholipid Metabolism	1.0 h2o_p + 1.0 pe120_p = 1.0 2agpe120_p + 1.0 ddca_p + 1.0 h_p	1.0 H2O H2O + 1.0 Phosphatidylethanolamine (didodecanoyl, n-C12:0) = 1.0 2-Acyl-sn-glycero-3-phosphoethanolamine (n-C12:0) + 1.0 Dodecanoate (n-C12:0) + 1.0 H+	1.0 CHEBI:13352 + 1.0 Unknown = 1.0 Unknown + 1.0 Unknown + 1.0 CHEBI:5584	{'pe120', 'h2o', '2agpe120', 'ddca', 'h'}	pldA	P0A921
CLPNS181pp	Cardiolipin synthase (periplasmic, n-C18:1)	Glycerophospholipid Metabolism	2.0 pg181_p = 1.0 clpn181_p + 1.0 glyc_p	2.0 Phosphatidylglycerol (dioctadec-11-enoyl, n-C18:1) = 1.0 Cardiolipin (tetraoctadec-11-enoyl, n-C18:1) + 1.0 Glycerol	2.0 Unknown = 1.0 CHEBI:105685 + 1.0 CHEBI:5448	{'glyc', 'pg181', 'clpn181'}	clsA, clsB	P0A6H8, P0AA84
EX_cys__L_e	L-Cysteine exchange	Extracellular exchange	1.0 cys__L_e = 	1.0 L-Cysteine = 	1.0 CHEBI:32457 = 	{'cys__L'}	Unknown	Unknown
3OAS141	3-oxoacyl-[acyl-carrier-protein] synthase (n-C14:1)	Cell Envelope Biosynthesis	1.0 cddec5eACP_c + 1.0 h_c + 1.0 malACP_c = 1.0 3ocmrs7eACP_c + 1.0 ACP_c + 1.0 co2_c	1.0 Cis-dodec-5-enoyl-[acyl-carrier protein] (n-C12:1) + 1.0 H+ + 1.0 Malonyl-[acyl-carrier protein] = 1.0 3-oxo-cis-myristol-7-eoyl-[acyl-carrier protein] + 1.0 Acyl carrier protein + 1.0 CO2 CO2	1.0 Unknown + 1.0 CHEBI:5584 + 1.0 CHEBI:6662 = 1.0 Unknown + 1.0 CHEBI:14405 + 1.0 CHEBI:23011	{'malACP', 'cddec5eACP', 'ACP', '3ocmrs7eACP', 'co2', 'h'}	fabB	P0A953
3OAR121	3-oxoacyl-[acyl-carrier-protein] reductase (n-C12:1)	Cell Envelope Biosynthesis	1.0 3ocddec5eACP_c + 1.0 h_c + 1.0 nadph_c = 1.0 3hcddec5eACP_c + 1.0 nadp_c	1.0 3-oxo-cis-dodec-5-enoyl-[acyl-carrier protein] + 1.0 H+ + 1.0 Nicotinamide adenine dinucleotide phosphate - reduced = 1.0 (R)-3-hydroxy-cis-dodec-5-enoyl-[acyl-carrier protein] + 1.0 Nicotinamide adenine dinucleotide phosphate	1.0 Unknown + 1.0 CHEBI:5584 + 1.0 CHEBI:16474 = 1.0 Unknown + 1.0 CHEBI:29868	{'nadp', 'nadph', '3ocddec5eACP', '3hcddec5eACP', 'h'}	fabG	P0AEK2
CFAS160G	Cyclopropane fatty acid synthase (Phosphatidylglycerol, n-C16:0)	Glycerophospholipid Metabolism	2.0 amet_c + 1.0 pg161_c = 2.0 ahcys_c + 1.0 cpg160_c + 2.0 h_c	2.0 S-Adenosyl-L-methionine + 1.0 Phosphatidylglycerol (dihexadec-9-enoyl, n-C16:1) = 2.0 S-Adenosyl-L-homocysteine + 1.0 Cyclopropane phosphatidylglycerol (dihexadec-9,10-cyclo-anoyl, n-C16:0 cyclo) + 2.0 H+	2.0 CHEBI:33442 + 1.0 Unknown = 2.0 CHEBI:12741 + 1.0 Unknown + 2.0 CHEBI:5584	{'amet', 'ahcys', 'cpg160', 'pg161', 'h'}	cfa	P0A9H7
PLIPA1G120pp	Phospholipase A1 (phosphatidylglycerol, n-C12:0) (periplasm)	Glycerophospholipid Metabolism	1.0 h2o_p + 1.0 pg120_p = 1.0 2agpg120_p + 1.0 ddca_p + 1.0 h_p	1.0 H2O H2O + 1.0 Phosphatidylglycerol (didodecanoyl, n-C12:0) = 1.0 2-Acyl-sn-glycero-3-phosphoglycerol (n-C12:0) + 1.0 Dodecanoate (n-C12:0) + 1.0 H+	1.0 CHEBI:13352 + 1.0 Unknown = 1.0 Unknown + 1.0 Unknown + 1.0 CHEBI:5584	{'2agpg120', 'h2o', 'pg120', 'ddca', 'h'}	pldA	P0A921
FACOAE141	Fatty-acid-CoA thioesterase (tetradecenoate)	Cell Envelope Biosynthesis	1.0 h2o_c + 1.0 tdecoa_c = 1.0 coa_c + 1.0 h_c + 1.0 ttdcea_c	1.0 H2O H2O + 1.0 Tetradecenoyl-CoA (n-C14:1CoA) = 1.0 Coenzyme A + 1.0 H+ + 1.0 Tetradecenoate (n-C14:1)	1.0 CHEBI:13352 + 1.0 Unknown = 1.0 CHEBI:41631 + 1.0 CHEBI:5584 + 1.0 Unknown	{'coa', 'tdecoa', 'ttdcea', 'h2o', 'h'}	tesB	P0AGG2
CLPNS120pp	Cardiolipin synthase (periplasmic, n-C12:0)	Glycerophospholipid Metabolism	2.0 pg120_p = 1.0 clpn120_p + 1.0 glyc_p	2.0 Phosphatidylglycerol (didodecanoyl, n-C12:0) = 1.0 Cardiolipin (tetradodecanoyl, n-C12:0) + 1.0 Glycerol	2.0 Unknown = 1.0 Unknown + 1.0 CHEBI:5448	{'glyc', 'clpn120', 'pg120'}	clsB, clsA	P0AA84, P0A6H8
ALPATE160pp	Apolipoprotein N-acyltransferase (phosphatidylethanolamine, periplasm)	Unassigned	1.0 alpp_p + 1.0 pe160_p = 1.0 2agpe160_p + 1.0 lpp_p	1.0 Applipoprotein + 1.0 Phosphatidylethanolamine (dihexadecanoyl, n-C16:0) = 1.0 2-Acyl-sn-glycero-3-phosphoethanolamine (n-C16:0) + 1.0 Lipoprotein	1.0 Unknown + 1.0 CHEBI:73005 = 1.0 CHEBI:131743 + 1.0 CHEBI:6495	{'pe160', 'alpp', 'lpp', '2agpe160'}	lpp, lnt	P69776, P23930
FACOAE161	Fatty-acid-CoA thioesterase (hexadecenoate)	Cell Envelope Biosynthesis	1.0 h2o_c + 1.0 hdcoa_c = 1.0 coa_c + 1.0 h_c + 1.0 hdcea_c	1.0 H2O H2O + 1.0 Hexadecenoyl-CoA (n-C16:1CoA) = 1.0 Coenzyme A + 1.0 H+ + 1.0 Hexadecenoate (n-C16:1)	1.0 CHEBI:13352 + 1.0 Unknown = 1.0 CHEBI:41631 + 1.0 CHEBI:5584 + 1.0 Unknown	{'hdcea', 'coa', 'h2o', 'hdcoa', 'h'}	tesB	P0AGG2
EX_gsn_e	Guanosine exchange	Extracellular exchange	1.0 gsn_e = 	1.0 Guanosine = 	1.0 CHEBI:14375 = 	{'gsn'}	Unknown	Unknown
ALPATG160pp	Apolipoprotein N-acyltransferase (phosphatidylglycerol, periplasm)	Unassigned	1.0 alpp_p + 1.0 pg160_p = 1.0 2agpg160_p + 1.0 lpp_p	1.0 Applipoprotein + 1.0 Phosphatidylglycerol (dihexadecanoyl, n-C16:0) = 1.0 2-Acyl-sn-glycero-3-phosphoglycerol (n-C16:0) + 1.0 Lipoprotein	1.0 Unknown + 1.0 CHEBI:73205 = 1.0 Unknown + 1.0 CHEBI:6495	{'2agpg160', 'alpp', 'lpp', 'pg160'}	lpp, lnt	P69776, P23930
2AGPGAT120	2-acyl-glycerophospho-glycerol acyltransferase (n-C12:0)	Glycerophospholipid Metabolism	1.0 2agpg120_c + 1.0 atp_c + 1.0 ddca_c = 1.0 amp_c + 1.0 pg120_c + 1.0 ppi_c	1.0 2-Acyl-sn-glycero-3-phosphoglycerol (n-C12:0) + 1.0 ATP C10H12N5O13P3 + 1.0 Dodecanoate (n-C12:0) = 1.0 AMP C10H12N5O7P + 1.0 Phosphatidylglycerol (didodecanoyl, n-C12:0) + 1.0 Diphosphate	1.0 Unknown + 1.0 CHEBI:15422 + 1.0 Unknown = 1.0 CHEBI:13736 + 1.0 Unknown + 1.0 CHEBI:45212	{'atp', '2agpg120', 'ppi', 'pg120', 'ddca', 'amp'}	aas	P31119
LPLIPAL2ATE120	Lysophospholipase L2 (acyltransferase, 2-acyl-glycerophosphoethanolamine, n-C12:0)	Glycerophospholipid Metabolism	1.0 2agpe120_c + 1.0 pg120_c = 1.0 apg120_c + 1.0 g3pe_c	1.0 2-Acyl-sn-glycero-3-phosphoethanolamine (n-C12:0) + 1.0 Phosphatidylglycerol (didodecanoyl, n-C12:0) = 1.0 Acyl phosphatidylglycerol (n-C12:0) + 1.0 Sn-Glycero-3-phosphoethanolamine	1.0 Unknown + 1.0 Unknown = 1.0 Unknown + 1.0 CHEBI:57952	{'pg120', 'g3pe', 'apg120', '2agpe120'}	pldB	P07000
ALAALAD	D-alanine-D-alanine dipeptidase	Murein Recycling	1.0 alaala_c + 1.0 h2o_c = 2.0 ala__D_c	1.0 D-Alanyl-D-alanine + 1.0 H2O H2O = 2.0 D-Alanine	1.0 CHEBI:13749 + 1.0 CHEBI:13352 = 2.0 CHEBI:12899	{'alaala', 'ala__D', 'h2o'}	ddpX	P77790
2AGPEAT180	2-acyl-glycerophospho-ethanolamine acyltransferase (n-C18:0)	Glycerophospholipid Metabolism	1.0 2agpe180_c + 1.0 atp_c + 1.0 ocdca_c = 1.0 amp_c + 1.0 pe180_c + 1.0 ppi_c	1.0 2-Acyl-sn-glycero-3-phosphoethanolamine (n-C18:0) + 1.0 ATP C10H12N5O13P3 + 1.0 Octadecanoate (n-C18:0) = 1.0 AMP C10H12N5O7P + 1.0 Phosphatidylethanolamine (dioctadecanoyl, n-C18:0) + 1.0 Diphosphate	1.0 CHEBI:133144 + 1.0 CHEBI:15422 + 1.0 CHEBI:25631 = 1.0 CHEBI:13736 + 1.0 CHEBI:47765 + 1.0 CHEBI:45212	{'atp', 'pe180', 'ppi', '2agpe180', 'amp', 'ocdca'}	aas	P31119
LPLIPAL2ATE140	Lysophospholipase L2 (acyltransferase, 2-acyl-glycerophosphoethanolamine, n-C14:0)	Glycerophospholipid Metabolism	1.0 2agpe140_c + 1.0 pg140_c = 1.0 apg140_c + 1.0 g3pe_c	1.0 2-Acyl-sn-glycero-3-phosphoethanolamine (n-C14:0) + 1.0 Phosphatidylglycerol (ditetradecanoyl, n-C14:0) = 1.0 Acyl phosphatidylglycerol (n-C14:0) + 1.0 Sn-Glycero-3-phosphoethanolamine	1.0 Unknown + 1.0 CHEBI:60723 = 1.0 Unknown + 1.0 CHEBI:57952	{'2agpe140', 'apg140', 'pg140', 'g3pe'}	pldB	P07000
EX_orot_e	Orotate exchange	Extracellular exchange	1.0 orot_e = 	1.0 Orotate C5H3N2O4 = 	1.0 CHEBI:14698 = 	{'orot'}	Unknown	Unknown
LPLIPAL2ATE160	Lysophospholipase L2 (acyltransferase, 2-acyl-glycerophosphoethanolamine, n-C16:0)	Glycerophospholipid Metabolism	1.0 2agpe160_c + 1.0 pg160_c = 1.0 apg160_c + 1.0 g3pe_c	1.0 2-Acyl-sn-glycero-3-phosphoethanolamine (n-C16:0) + 1.0 Phosphatidylglycerol (dihexadecanoyl, n-C16:0) = 1.0 Acyl phosphatidylglycerol (n-C16:0) + 1.0 Sn-Glycero-3-phosphoethanolamine	1.0 CHEBI:131743 + 1.0 CHEBI:73205 = 1.0 Unknown + 1.0 CHEBI:57952	{'pg160', 'g3pe', 'apg160', '2agpe160'}	pldB	P07000
LPLIPAL2ATE180	Lysophospholipase L2 (acyltransferase, 2-acyl-glycerophosphoethanolamine, n-C18:0)	Glycerophospholipid Metabolism	1.0 2agpe180_c + 1.0 pg180_c = 1.0 apg180_c + 1.0 g3pe_c	1.0 2-Acyl-sn-glycero-3-phosphoethanolamine (n-C18:0) + 1.0 Phosphatidylglycerol (dioctadecanoyl, n-C18:0) = 1.0 Acyl phosphatidylglycerol (n-C18:0) + 1.0 Sn-Glycero-3-phosphoethanolamine	1.0 CHEBI:133144 + 1.0 Unknown = 1.0 Unknown + 1.0 CHEBI:57952	{'pg180', '2agpe180', 'g3pe', 'apg180'}	pldB	P07000
LPLIPAL2ATE141	Lysophospholipase L2 (acyltransferase, 2-acyl-glycerophosphoethanolamine, n-C14:1)	Glycerophospholipid Metabolism	1.0 2agpe141_c + 1.0 pg141_c = 1.0 apg141_c + 1.0 g3pe_c	1.0 2-Acyl-sn-glycero-3-phosphoethanolamine (n-C14:1) + 1.0 Phosphatidylglycerol (ditetradec-7-enoyl, n-C14:1) = 1.0 Acyl phosphatidylglycerol (n-C14:1) + 1.0 Sn-Glycero-3-phosphoethanolamine	1.0 Unknown + 1.0 Unknown = 1.0 Unknown + 1.0 CHEBI:57952	{'g3pe', 'apg141', 'pg141', '2agpe141'}	pldB	P07000
2AGPEAT181	2-acyl-glycerophospho-ethanolamine acyltransferase (n-C18:1)	Glycerophospholipid Metabolism	1.0 2agpe181_c + 1.0 atp_c + 1.0 ocdcea_c = 1.0 amp_c + 1.0 pe181_c + 1.0 ppi_c	1.0 2-Acyl-sn-glycero-3-phosphoethanolamine (n-C18:1) + 1.0 ATP C10H12N5O13P3 + 1.0 Octadecenoate (n-C18:1) = 1.0 AMP C10H12N5O7P + 1.0 Phosphatidylethanolamine (dioctadec-11-enoyl, n-C18:1) + 1.0 Diphosphate	1.0 Unknown + 1.0 CHEBI:15422 + 1.0 CHEBI:30823 = 1.0 CHEBI:13736 + 1.0 Unknown + 1.0 CHEBI:45212	{'ocdcea', 'atp', 'pe181', 'ppi', '2agpe181', 'amp'}	aas	P31119
2AGPGAT140	2-acyl-glycerophospho-glycerol acyltransferase (n-C14:0)	Glycerophospholipid Metabolism	1.0 2agpg140_c + 1.0 atp_c + 1.0 ttdca_c = 1.0 amp_c + 1.0 pg140_c + 1.0 ppi_c	1.0 2-Acyl-sn-glycero-3-phosphoglycerol (n-C14:0) + 1.0 ATP C10H12N5O13P3 + 1.0 Tetradecanoate (n-C14:0) = 1.0 AMP C10H12N5O7P + 1.0 Phosphatidylglycerol (ditetradecanoyl, n-C14:0) + 1.0 Diphosphate	1.0 Unknown + 1.0 CHEBI:15422 + 1.0 Unknown = 1.0 CHEBI:13736 + 1.0 CHEBI:60723 + 1.0 CHEBI:45212	{'atp', 'amp', 'ttdca', 'ppi', '2agpg140', 'pg140'}	aas	P31119
PLIPA1E181pp	Phospholipase A1 (phosphatidylethanolamine, n-C18:1) (periplasm)	Glycerophospholipid Metabolism	1.0 h2o_p + 1.0 pe181_p = 1.0 2agpe181_p + 1.0 h_p + 1.0 ocdcea_p	1.0 H2O H2O + 1.0 Phosphatidylethanolamine (dioctadec-11-enoyl, n-C18:1) = 1.0 2-Acyl-sn-glycero-3-phosphoethanolamine (n-C18:1) + 1.0 H+ + 1.0 Octadecenoate (n-C18:1)	1.0 CHEBI:13352 + 1.0 Unknown = 1.0 Unknown + 1.0 CHEBI:5584 + 1.0 CHEBI:30823	{'ocdcea', 'pe181', 'h2o', '2agpe181', 'h'}	pldA	P0A921
PLIPA1G180pp	Phospholipase A1 (phosphatidylglycerol, n-C18:0) (periplasm)	Glycerophospholipid Metabolism	1.0 h2o_p + 1.0 pg180_p = 1.0 2agpg180_p + 1.0 h_p + 1.0 ocdca_p	1.0 H2O H2O + 1.0 Phosphatidylglycerol (dioctadecanoyl, n-C18:0) = 1.0 2-Acyl-sn-glycero-3-phosphoglycerol (n-C18:0) + 1.0 H+ + 1.0 Octadecanoate (n-C18:0)	1.0 CHEBI:13352 + 1.0 Unknown = 1.0 Unknown + 1.0 CHEBI:5584 + 1.0 CHEBI:25631	{'pg180', 'h2o', '2agpg180', 'ocdca', 'h'}	pldA	P0A921
LPLIPAL2ATE161	Lysophospholipase L2 (acyltransferase, 2-acyl-glycerophosphoethanolamine, n-C16:1)	Glycerophospholipid Metabolism	1.0 2agpe161_c + 1.0 pg161_c = 1.0 apg161_c + 1.0 g3pe_c	1.0 2-Acyl-sn-glycero-3-phosphoethanolamine (n-C16:1) + 1.0 Phosphatidylglycerol (dihexadec-9-enoyl, n-C16:1) = 1.0 Acyl phosphatidylglycerol (n-C16:1) + 1.0 Sn-Glycero-3-phosphoethanolamine	1.0 Unknown + 1.0 Unknown = 1.0 Unknown + 1.0 CHEBI:57952	{'apg161', 'g3pe', 'pg161', '2agpe161'}	pldB	P07000
LPLIPAL2ATE181	Lysophospholipase L2 (acyltransferase, 2-acyl-glycerophosphoethanolamine, n-C18:1)	Glycerophospholipid Metabolism	1.0 2agpe181_c + 1.0 pg181_c = 1.0 apg181_c + 1.0 g3pe_c	1.0 2-Acyl-sn-glycero-3-phosphoethanolamine (n-C18:1) + 1.0 Phosphatidylglycerol (dioctadec-11-enoyl, n-C18:1) = 1.0 Acyl phosphatidylglycerol (n-C18:1) + 1.0 Sn-Glycero-3-phosphoethanolamine	1.0 Unknown + 1.0 Unknown = 1.0 Unknown + 1.0 CHEBI:57952	{'apg181', '2agpe181', 'pg181', 'g3pe'}	pldB	P07000
FACOAL141t2pp	Fatty-acid-CoA ligase (tetradecenoate transport via vectoral Co-A coupling)	Cell Envelope Biosynthesis	1.0 atp_c + 1.0 coa_c + 1.0 h_p + 1.0 ttdcea_p = 1.0 amp_c + 1.0 h_c + 1.0 ppi_c + 1.0 tdecoa_c	1.0 ATP C10H12N5O13P3 + 1.0 Coenzyme A + 1.0 H+ + 1.0 Tetradecenoate (n-C14:1) = 1.0 AMP C10H12N5O7P + 1.0 H+ + 1.0 Diphosphate + 1.0 Tetradecenoyl-CoA (n-C14:1CoA)	1.0 CHEBI:15422 + 1.0 CHEBI:41631 + 1.0 CHEBI:5584 + 1.0 Unknown = 1.0 CHEBI:13736 + 1.0 CHEBI:5584 + 1.0 CHEBI:45212 + 1.0 Unknown	{'atp', 'coa', 'tdecoa', 'ppi', 'ttdcea', 'amp', 'h'}	fadK, fadD	P38135, P69451
FACOAL161t2pp	Fatty-acid-CoA ligase (hexadecenoate transport via vectoral Co-A coupling)	Cell Envelope Biosynthesis	1.0 atp_c + 1.0 coa_c + 1.0 h_p + 1.0 hdcea_p = 1.0 amp_c + 1.0 h_c + 1.0 hdcoa_c + 1.0 ppi_c	1.0 ATP C10H12N5O13P3 + 1.0 Coenzyme A + 1.0 H+ + 1.0 Hexadecenoate (n-C16:1) = 1.0 AMP C10H12N5O7P + 1.0 H+ + 1.0 Hexadecenoyl-CoA (n-C16:1CoA) + 1.0 Diphosphate	1.0 CHEBI:15422 + 1.0 CHEBI:41631 + 1.0 CHEBI:5584 + 1.0 Unknown = 1.0 CHEBI:13736 + 1.0 CHEBI:5584 + 1.0 Unknown + 1.0 CHEBI:45212	{'hdcea', 'atp', 'coa', 'ppi', 'amp', 'hdcoa', 'h'}	fadD, fadK	P69451, P38135
PLIPA1G181pp	Phospholipase A1 (phosphatidylglycerol, n-C18:1) (periplasm)	Glycerophospholipid Metabolism	1.0 h2o_p + 1.0 pg181_p = 1.0 2agpg181_p + 1.0 h_p + 1.0 ocdcea_p	1.0 H2O H2O + 1.0 Phosphatidylglycerol (dioctadec-11-enoyl, n-C18:1) = 1.0 2-Acyl-sn-glycero-3-phosphoglycerol (n-C18:1) + 1.0 H+ + 1.0 Octadecenoate (n-C18:1)	1.0 CHEBI:13352 + 1.0 Unknown = 1.0 Unknown + 1.0 CHEBI:5584 + 1.0 CHEBI:30823	{'ocdcea', 'pg181', 'h2o', '2agpg181', 'h'}	pldA	P0A921
2AGPGAT161	2-acyl-glycerophospho-glycerol acyltransferase (n-C16:1)	Glycerophospholipid Metabolism	1.0 2agpg161_c + 1.0 atp_c + 1.0 hdcea_c = 1.0 amp_c + 1.0 pg161_c + 1.0 ppi_c	1.0 2-Acyl-sn-glycero-3-phosphoglycerol (n-C16:1) + 1.0 ATP C10H12N5O13P3 + 1.0 Hexadecenoate (n-C16:1) = 1.0 AMP C10H12N5O7P + 1.0 Phosphatidylglycerol (dihexadec-9-enoyl, n-C16:1) + 1.0 Diphosphate	1.0 Unknown + 1.0 CHEBI:15422 + 1.0 Unknown = 1.0 CHEBI:13736 + 1.0 Unknown + 1.0 CHEBI:45212	{'hdcea', '2agpg161', 'atp', 'ppi', 'amp', 'pg161'}	aas	P31119
AMPTASEPG	Aminopeptidase (pro-gly)	Arginine and Proline Metabolism	1.0 h2o_c + 1.0 progly_c = 1.0 gly_c + 1.0 pro__L_c	1.0 H2O H2O + 1.0 L-Prolinylglycine = 1.0 Glycine + 1.0 L-Proline	1.0 CHEBI:13352 + 1.0 CHEBI:61696 = 1.0 CHEBI:32508 + 1.0 CHEBI:26271	{'pro__L', 'gly', 'progly', 'h2o'}	pepB, pepN, pepA, pepD	P37095, P04825, P68767, P15288
ADSL1r	Adenylsuccinate lyase	Purine and Pyrimidine Biosynthesis	1.0 dcamp_c = 1.0 amp_c + 1.0 fum_c	1.0 N6-(1,2-Dicarboxyethyl)-AMP = 1.0 AMP C10H12N5O7P + 1.0 Fumarate	1.0 CHEBI:12657 = 1.0 CHEBI:13736 + 1.0 CHEBI:36180	{'amp', 'fum', 'dcamp'}	purB	P0AB89
PGPP140pp	Phosphatidylglycerol phosphate phosphatase (periplasm, n-C14:0)	Glycerophospholipid Metabolism	1.0 h2o_p + 1.0 pgp140_p = 1.0 pg140_p + 1.0 pi_p	1.0 H2O H2O + 1.0 Phosphatidylglycerophosphate (ditetradecanoyl, n-C14:0) = 1.0 Phosphatidylglycerol (ditetradecanoyl, n-C14:0) + 1.0 Phosphate	1.0 CHEBI:13352 + 1.0 Unknown = 1.0 CHEBI:60723 + 1.0 CHEBI:26078	{'pi', 'pgp140', 'pg140', 'h2o'}	pgpA, pgpB	P18200, P0A924
PGPP141pp	Phosphatidylglycerol phosphate phosphatase (periplasm, n-C14:1)	Glycerophospholipid Metabolism	1.0 h2o_p + 1.0 pgp141_p = 1.0 pg141_p + 1.0 pi_p	1.0 H2O H2O + 1.0 Phosphatidylglycerophosphate (ditetradec-7-enoyl, n-C14:1) = 1.0 Phosphatidylglycerol (ditetradec-7-enoyl, n-C14:1) + 1.0 Phosphate	1.0 CHEBI:13352 + 1.0 Unknown = 1.0 Unknown + 1.0 CHEBI:26078	{'pgp141', 'pi', 'pg141', 'h2o'}	pgpA, pgpB	P18200, P0A924
PGPP160pp	Phosphatidylglycerol phosphate phosphatase (periplasm, n-C16:0)	Glycerophospholipid Metabolism	1.0 h2o_p + 1.0 pgp160_p = 1.0 pg160_p + 1.0 pi_p	1.0 H2O H2O + 1.0 Phosphatidylglycerophosphate (dihexadecanoyl, n-C16:0) = 1.0 Phosphatidylglycerol (dihexadecanoyl, n-C16:0) + 1.0 Phosphate	1.0 CHEBI:13352 + 1.0 Unknown = 1.0 CHEBI:73205 + 1.0 CHEBI:26078	{'pgp160', 'pi', 'pg160', 'h2o'}	pgpA, pgpB	P18200, P0A924
PGPP180pp	Phosphatidylglycerol phosphate phosphatase (periplasm, n-C18:0)	Glycerophospholipid Metabolism	1.0 h2o_p + 1.0 pgp180_p = 1.0 pg180_p + 1.0 pi_p	1.0 H2O H2O + 1.0 Phosphatidylglycerophosphate (dioctadecanoyl, n-C18:0) = 1.0 Phosphatidylglycerol (dioctadecanoyl, n-C18:0) + 1.0 Phosphate	1.0 CHEBI:13352 + 1.0 Unknown = 1.0 Unknown + 1.0 CHEBI:26078	{'pg180', 'pi', 'pgp180', 'h2o'}	pgpA, pgpB	P18200, P0A924
SERD_D	D-serine deaminase	Glycine and Serine Metabolism	1.0 ser__D_c = 1.0 nh4_c + 1.0 pyr_c	1.0 D-Serine = 1.0 Ammonium + 1.0 Pyruvate	1.0 CHEBI:35247 = 1.0 CHEBI:44284 + 1.0 CHEBI:26462	{'pyr', 'ser__D', 'nh4'}	dsdA	P00926
CLPNH141pp	Cardiolipin hydrolase (periplasm, n-C14:1)	Glycerophospholipid Metabolism	1.0 clpn141_p + 1.0 h2o_p = 1.0 h_p + 1.0 pa141_p + 1.0 pg141_p	1.0 Cardiolipin (tetratetradec-7-enoyl, n-C14:1) + 1.0 H2O H2O = 1.0 H+ + 1.0 1,2-ditetradec-7-enoyl-sn-glycerol 3-phosphate + 1.0 Phosphatidylglycerol (ditetradec-7-enoyl, n-C14:1)	1.0 Unknown + 1.0 CHEBI:13352 = 1.0 CHEBI:5584 + 1.0 Unknown + 1.0 Unknown	{'pa141', 'pg141', 'h2o', 'clpn141', 'h'}	Unknown	Unknown
CLPNH160pp	Cardiolipin hydrolase (periplasm, n-C16:0)	Glycerophospholipid Metabolism	1.0 clpn160_p + 1.0 h2o_p = 1.0 h_p + 1.0 pa160_p + 1.0 pg160_p	1.0 Cardiolipin (tetrahexadecanoyl, n-C16:0) + 1.0 H2O H2O = 1.0 H+ + 1.0 1,2-dihexadecanoyl-sn-glycerol 3-phosphate + 1.0 Phosphatidylglycerol (dihexadecanoyl, n-C16:0)	1.0 CHEBI:104586 + 1.0 CHEBI:13352 = 1.0 CHEBI:5584 + 1.0 CHEBI:72859 + 1.0 CHEBI:73205	{'pa160', 'clpn160', 'pg160', 'h2o', 'h'}	Unknown	Unknown
CLPNH161pp	Cardiolipin hydrolase (periplasm, n-C16:1)	Glycerophospholipid Metabolism	1.0 clpn161_p + 1.0 h2o_p = 1.0 h_p + 1.0 pa161_p + 1.0 pg161_p	1.0 Cardiolipin (tetrahexadec-9-enoyl, n-C16:1) + 1.0 H2O H2O = 1.0 H+ + 1.0 1,2-dihexadec-9-enoyl-sn-glycerol 3-phosphate + 1.0 Phosphatidylglycerol (dihexadec-9-enoyl, n-C16:1)	1.0 CHEBI:104873 + 1.0 CHEBI:13352 = 1.0 CHEBI:5584 + 1.0 Unknown + 1.0 Unknown	{'pa161', 'h2o', 'clpn161', 'pg161', 'h'}	Unknown	Unknown
AICART	Phosphoribosylaminoimidazolecarboxamide formyltransferase	Purine and Pyrimidine Biosynthesis	1.0 10fthf_c + 1.0 aicar_c = 1.0 fprica_c + 1.0 thf_c	1.0 10-Formyltetrahydrofolate + 1.0 5-Amino-1-(5-Phospho-D-ribosyl)imidazole-4-carboxamide = 1.0 5-Formamido-1-(5-phospho-D-ribosyl)imidazole-4-carboxamide + 1.0 5,6,7,8-Tetrahydrofolate	1.0 CHEBI:19108 + 1.0 CHEBI:573 = 1.0 CHEBI:18967 + 1.0 CHEBI:57453	{'10fthf', 'aicar', 'thf', 'fprica'}	purH	P15639
CLPNH181pp	Cardiolipin hydrolase (periplasm, n-C18:1)	Glycerophospholipid Metabolism	1.0 clpn181_p + 1.0 h2o_p = 1.0 h_p + 1.0 pa181_p + 1.0 pg181_p	1.0 Cardiolipin (tetraoctadec-11-enoyl, n-C18:1) + 1.0 H2O H2O = 1.0 H+ + 1.0 1,2-dioctadec-11-enoyl-sn-glycerol 3-phosphate + 1.0 Phosphatidylglycerol (dioctadec-11-enoyl, n-C18:1)	1.0 CHEBI:105685 + 1.0 CHEBI:13352 = 1.0 CHEBI:5584 + 1.0 Unknown + 1.0 Unknown	{'pg181', 'h2o', 'pa181', 'clpn181', 'h'}	Unknown	Unknown
PLIPA1E180pp	Phospholipase A1 (phosphatidylethanolamine, n-C18:0) (periplasm)	Glycerophospholipid Metabolism	1.0 h2o_p + 1.0 pe180_p = 1.0 2agpe180_p + 1.0 h_p + 1.0 ocdca_p	1.0 H2O H2O + 1.0 Phosphatidylethanolamine (dioctadecanoyl, n-C18:0) = 1.0 2-Acyl-sn-glycero-3-phosphoethanolamine (n-C18:0) + 1.0 H+ + 1.0 Octadecanoate (n-C18:0)	1.0 CHEBI:13352 + 1.0 CHEBI:47765 = 1.0 CHEBI:133144 + 1.0 CHEBI:5584 + 1.0 CHEBI:25631	{'pe180', 'h2o', '2agpe180', 'ocdca', 'h'}	pldA	P0A921
FLVRx	Flavin reductase (NAD)	Cofactor and Prosthetic Group Biosynthesis	1.0 h_c + 1.0 nadh_c + 1.0 ribflv_c = 1.0 nad_c + 1.0 rbflvrd_c	1.0 H+ + 1.0 Nicotinamide adenine dinucleotide - reduced + 1.0 Riboflavin C17H20N4O6 = 1.0 Nicotinamide adenine dinucleotide + 1.0 Reduced riboflavin	1.0 CHEBI:5584 + 1.0 CHEBI:13395 + 1.0 CHEBI:57986 = 1.0 CHEBI:7422 + 1.0 CHEBI:26527	{'ribflv', 'rbflvrd', 'nad', 'nadh', 'h'}	fre	P0AEN1
PLIPA1G140pp	Phospholipase A1 (phosphatidylglycerol, n-C14:0) (periplasm)	Glycerophospholipid Metabolism	1.0 h2o_p + 1.0 pg140_p = 1.0 2agpg140_p + 1.0 h_p + 1.0 ttdca_p	1.0 H2O H2O + 1.0 Phosphatidylglycerol (ditetradecanoyl, n-C14:0) = 1.0 2-Acyl-sn-glycero-3-phosphoglycerol (n-C14:0) + 1.0 H+ + 1.0 Tetradecanoate (n-C14:0)	1.0 CHEBI:13352 + 1.0 CHEBI:60723 = 1.0 Unknown + 1.0 CHEBI:5584 + 1.0 Unknown	{'ttdca', 'h2o', '2agpg140', 'pg140', 'h'}	pldA	P0A921
PLIPA1G161pp	Phospholipase A1 (phosphatidylglycerol, n-C16:1) (periplasm)	Glycerophospholipid Metabolism	1.0 h2o_p + 1.0 pg161_p = 1.0 2agpg161_p + 1.0 h_p + 1.0 hdcea_p	1.0 H2O H2O + 1.0 Phosphatidylglycerol (dihexadec-9-enoyl, n-C16:1) = 1.0 2-Acyl-sn-glycero-3-phosphoglycerol (n-C16:1) + 1.0 H+ + 1.0 Hexadecenoate (n-C16:1)	1.0 CHEBI:13352 + 1.0 Unknown = 1.0 Unknown + 1.0 CHEBI:5584 + 1.0 Unknown	{'hdcea', '2agpg161', 'h2o', 'pg161', 'h'}	pldA	P0A921
CLPNS160pp	Cardiolipin synthase (periplasmic, n-C16:0)	Glycerophospholipid Metabolism	2.0 pg160_p = 1.0 clpn160_p + 1.0 glyc_p	2.0 Phosphatidylglycerol (dihexadecanoyl, n-C16:0) = 1.0 Cardiolipin (tetrahexadecanoyl, n-C16:0) + 1.0 Glycerol	2.0 CHEBI:73205 = 1.0 CHEBI:104586 + 1.0 CHEBI:5448	{'clpn160', 'glyc', 'pg160'}	clsB, clsA	P0AA84, P0A6H8
CLPNS161pp	Cardiolipin synthase (periplasmic, n-C16:1)	Glycerophospholipid Metabolism	2.0 pg161_p = 1.0 clpn161_p + 1.0 glyc_p	2.0 Phosphatidylglycerol (dihexadec-9-enoyl, n-C16:1) = 1.0 Cardiolipin (tetrahexadec-9-enoyl, n-C16:1) + 1.0 Glycerol	2.0 Unknown = 1.0 CHEBI:104873 + 1.0 CHEBI:5448	{'clpn161', 'glyc', 'pg161'}	clsA, clsB	P0A6H8, P0AA84
EX_manglyc_e	2(alpha-D-Mannosyl)-D-glycerate exchange	Extracellular exchange	1.0 manglyc_e = 	1.0 2(alpha-D-Mannosyl)-D-glycerate = 	1.0 CHEBI:11403 = 	{'manglyc'}	Unknown	Unknown
PAPA120pp	Phosphatidate phosphatase (periplasmic, n-C12:0)	Glycerophospholipid Metabolism	1.0 h2o_p + 1.0 pa120_p = 1.0 12dgr120_p + 1.0 pi_p	1.0 H2O H2O + 1.0 1,2-didodecanoyl-sn-glycerol 3-phosphate = 1.0 1,2-Diacyl-sn-glycerol (didodecanoyl, n-C12:0) + 1.0 Phosphate	1.0 CHEBI:13352 + 1.0 Unknown = 1.0 Unknown + 1.0 CHEBI:26078	{'pa120', 'pi', '12dgr120', 'h2o'}	pgpB	P0A924
PAPA140pp	Phosphatidate phosphatase (periplasmic, n-C14:0)	Glycerophospholipid Metabolism	1.0 h2o_p + 1.0 pa140_p = 1.0 12dgr140_p + 1.0 pi_p	1.0 H2O H2O + 1.0 1,2-ditetradecanoyl-sn-glycerol 3-phosphate = 1.0 1,2-Diacyl-sn-glycerol (ditetradecanoyl, n-C14:0) + 1.0 Phosphate	1.0 CHEBI:13352 + 1.0 CHEBI:84266 = 1.0 Unknown + 1.0 CHEBI:26078	{'pa140', 'h2o', 'pi', '12dgr140'}	pgpB	P0A924
GGPTRCO	Gamma glutamyl putrescine oxidase	Alternate Carbon Metabolism	1.0 ggptrc_c + 1.0 h2o_c + 1.0 o2_c = 1.0 ggbutal_c + 1.0 h2o2_c + 1.0 nh4_c	1.0 Gamma-glutamyl-putrescine + 1.0 H2O H2O + 1.0 O2 O2 = 1.0 Gamma-glutamyl-gamma-butyraldehyde + 1.0 Hydrogen peroxide + 1.0 Ammonium	1.0 CHEBI:48006 + 1.0 CHEBI:13352 + 1.0 CHEBI:7860 = 1.0 CHEBI:61508 + 1.0 CHEBI:29192 + 1.0 CHEBI:44284	{'nh4', 'ggptrc', 'h2o2', 'h2o', 'o2', 'ggbutal'}	puuB	P37906
EX_metsox_R__L_e	L-methionine-R-sulfoxide exchange	Extracellular exchange	1.0 metsox_R__L_e = 	1.0 L-methionine-R-sulfoxide = 	1.0 CHEBI:49032 = 	{'metsox_R__L'}	Unknown	Unknown
PAPA141pp	Phosphatidate phosphatase (periplasmic, n-C14:1)	Glycerophospholipid Metabolism	1.0 h2o_p + 1.0 pa141_p = 1.0 12dgr141_p + 1.0 pi_p	1.0 H2O H2O + 1.0 1,2-ditetradec-7-enoyl-sn-glycerol 3-phosphate = 1.0 1,2-Diacyl-sn-glycerol (ditetradec-7-enoyl, n-C14:1) + 1.0 Phosphate	1.0 CHEBI:13352 + 1.0 Unknown = 1.0 Unknown + 1.0 CHEBI:26078	{'pa141', '12dgr141', 'pi', 'h2o'}	pgpB	P0A924
PAPA160pp	Phosphatidate phosphatase (periplasmic, n-C16:0)	Glycerophospholipid Metabolism	1.0 h2o_p + 1.0 pa160_p = 1.0 12dgr160_p + 1.0 pi_p	1.0 H2O H2O + 1.0 1,2-dihexadecanoyl-sn-glycerol 3-phosphate = 1.0 1,2-Diacyl-sn-glycerol (dihexadecanoyl, n-C16:0) + 1.0 Phosphate	1.0 CHEBI:13352 + 1.0 CHEBI:72859 = 1.0 Unknown + 1.0 CHEBI:26078	{'pa160', 'pi', '12dgr160', 'h2o'}	pgpB	P0A924
PAPA161pp	Phosphatidate phosphatase (periplasmic, n-C16:1)	Glycerophospholipid Metabolism	1.0 h2o_p + 1.0 pa161_p = 1.0 12dgr161_p + 1.0 pi_p	1.0 H2O H2O + 1.0 1,2-dihexadec-9-enoyl-sn-glycerol 3-phosphate = 1.0 1,2-Diacyl-sn-glycerol (dihexadec-9-enoyl, n-C16:1) + 1.0 Phosphate	1.0 CHEBI:13352 + 1.0 Unknown = 1.0 Unknown + 1.0 CHEBI:26078	{'pa161', 'pi', '12dgr161', 'h2o'}	pgpB	P0A924
PAPA180pp	Phosphatidate phosphatase (periplasmic, n-C18:0)	Glycerophospholipid Metabolism	1.0 h2o_p + 1.0 pa180_p = 1.0 12dgr180_p + 1.0 pi_p	1.0 H2O H2O + 1.0 1,2-dioctadecanoyl-sn-glycerol 3-phosphate = 1.0 1,2-Diacyl-sn-glycerol (dioctadecanoyl, n-C18:0) + 1.0 Phosphate	1.0 CHEBI:13352 + 1.0 CHEBI:82921 = 1.0 Unknown + 1.0 CHEBI:26078	{'12dgr180', 'pa180', 'pi', 'h2o'}	pgpB	P0A924
HPYRI	Hydroxypyruvate isomerase	Alternate Carbon Metabolism	1.0 hpyr_c = 1.0 2h3oppan_c	1.0 Hydroxypyruvate = 1.0 2-Hydroxy-3-oxopropanoate	1.0 CHEBI:20083 = 1.0 CHEBI:57978	{'hpyr', '2h3oppan'}	hyi	P30147
HYD1pp	Hydrogenase (ubiquinone-8: 2 protons) (periplasm)	Oxidative Phosphorylation	1.0 h2_c + 2.0 h_c + 1.0 q8_c = 2.0 h_p + 1.0 q8h2_c	1.0 Hydrogen + 2.0 H+ + 1.0 Ubiquinone-8 = 2.0 H+ + 1.0 Ubiquinol-8	1.0 CHEBI:18276 + 2.0 CHEBI:5584 + 1.0 CHEBI:61683 = 2.0 CHEBI:5584 + 1.0 CHEBI:61682	{'q8', 'q8h2', 'h2', 'h'}	hyaB, hyaC, hyaA, hybC, hybO, hybA, hybB, hycD, hycC, hycB, hycF, hycE, hycG	P0ACD8, P0AAM1, P69739, P0ACE0, P69741, P0AAJ8, P37180, P16430, P16429, P0AAK1, P16432, P16431, P16433
EX_cl_e	Chloride exchange	Extracellular exchange	1.0 cl_e = 	1.0 Chloride = 	1.0 CHEBI:24635 = 	{'cl'}	Unknown	Unknown
AACTOOR	Aminoacetone:oxygen oxidoreductase(deaminating)(flavin-containing)	Methylglyoxal Metabolism	1.0 aact_c + 1.0 h2o_c + 1.0 o2_c = 1.0 h2o2_c + 1.0 mthgxl_c + 1.0 nh4_c	1.0 Aminoacetone + 1.0 H2O H2O + 1.0 O2 O2 = 1.0 Hydrogen peroxide + 1.0 Methylglyoxal + 1.0 Ammonium	1.0 CHEBI:42749 + 1.0 CHEBI:13352 + 1.0 CHEBI:7860 = 1.0 CHEBI:29192 + 1.0 CHEBI:14599 + 1.0 CHEBI:44284	{'nh4', 'mthgxl', 'h2o2', 'h2o', 'o2', 'aact'}	Unknown	Unknown
ECAP3pp	Enterobacterial common antigen polymerase (periplasm)	Lipopolysaccharide Biosynthesis / Recycling	1.0 eca3und_p + 1.0 unagamuf_p = 1.0 eca4und_p + 1.0 h_p + 1.0 udcpdp_p	1.0 (enterobacterial common antigen)x3 undecaprenyl-diphosphate + 1.0 Undecaprenyl-diphospho N-acetylglucosamine-N-acetylmannosaminuronate-N-acetamido-4,6-dideoxy-D-galactose = 1.0 (enterobacterial common antigen)x4 undecaprenyl-diphosphate + 1.0 H+ + 1.0 Undecaprenyl diphosphate	1.0 Unknown + 1.0 Unknown = 1.0 Unknown + 1.0 CHEBI:5584 + 1.0 CHEBI:27192	{'udcpdp', 'unagamuf', 'eca4und', 'eca3und', 'h'}	wzzE, wzyE	P0AG00, P27835
TPRDCOAS	Triphosphoribosyl-dephospho-CoA synthase	Cofactor and Prosthetic Group Biosynthesis	1.0 atp_c + 1.0 dpcoa_c = 1.0 2tpr3dpcoa_c + 1.0 ade_c	1.0 ATP C10H12N5O13P3 + 1.0 Dephospho-CoA = 1.0 2'-(5''-triphosphoribosyl)-3'-dephospho-CoA + 1.0 Adenine	1.0 CHEBI:15422 + 1.0 CHEBI:14124 = 1.0 CHEBI:11392 + 1.0 CHEBI:16708	{'ade', 'dpcoa', '2tpr3dpcoa', 'atp'}	citG	P77231
ACGAM1PPpp	N-acetyl-D-glucosamine 1-phosphatase (periplasm)	Alternate Carbon Metabolism	1.0 acgam1p_p + 1.0 h2o_p = 1.0 acgam_p + 1.0 pi_p	1.0 N-Acetyl-D-glucosamine 1-phosphate + 1.0 H2O H2O = 1.0 N-Acetyl-D-glucosamine + 1.0 Phosphate	1.0 CHEBI:7125 + 1.0 CHEBI:13352 = 1.0 CHEBI:21517 + 1.0 CHEBI:26078	{'pi', 'h2o', 'acgam1p', 'acgam'}	Unknown	Unknown
EX_dgmp_e	DGMP exchange	Extracellular exchange	1.0 dgmp_e = 	1.0 DGMP C10H12N5O7P = 	1.0 CHEBI:57673 = 	{'dgmp'}	Unknown	Unknown
EX_4hoxpacd_e	4-Hydroxyphenylacetaldehyde exchange	Extracellular exchange	1.0 4hoxpacd_e = 	1.0 4-Hydroxyphenylacetaldehyde = 	1.0 CHEBI:10899 = 	{'4hoxpacd'}	Unknown	Unknown
FMNRx	FMN reductase	Cofactor and Prosthetic Group Biosynthesis	1.0 fmn_c + 1.0 h_c + 1.0 nadh_c = 1.0 fmnh2_c + 1.0 nad_c	1.0 FMN C17H19N4O9P + 1.0 H+ + 1.0 Nicotinamide adenine dinucleotide - reduced = 1.0 Reduced FMN + 1.0 Nicotinamide adenine dinucleotide	1.0 CHEBI:58210 + 1.0 CHEBI:5584 + 1.0 CHEBI:13395 = 1.0 CHEBI:133886 + 1.0 CHEBI:7422	{'fmn', 'nad', 'fmnh2', 'nadh', 'h'}	ssuE, fre	P80644, P0AEN1
EX_3hpppn_e	3-(3-hydroxy-phenyl)propionate exchange	Extracellular exchange	1.0 3hpppn_e = 	1.0 3-(3-hydroxy-phenyl)propionate = 	1.0 CHEBI:57277 = 	{'3hpppn'}	Unknown	Unknown
EX_man6p_e	D-Mannose 6-phosphate exchange	Extracellular exchange	1.0 man6p_e = 	1.0 D-Mannose 6-phosphate = 	1.0 CHEBI:58735 = 	{'man6p'}	Unknown	Unknown
EX_tsul_e	Thiosulfate exchange	Extracellular exchange	1.0 tsul_e = 	1.0 Thiosulfate = 	1.0 CHEBI:33540 = 	{'tsul'}	Unknown	Unknown
DHBS	2,3-dihydroxybenzoate adenylate synthase	Cofactor and Prosthetic Group Biosynthesis	1.0 23dhb_c + 1.0 atp_c + 1.0 h_c = 1.0 23dhba_c + 1.0 ppi_c	1.0 2,3-Dihydroxybenzoate + 1.0 ATP C10H12N5O13P3 + 1.0 H+ = 1.0 (2,3-Dihydroxybenzoyl)adenylate + 1.0 Diphosphate	1.0 CHEBI:885 + 1.0 CHEBI:15422 + 1.0 CHEBI:5584 = 1.0 CHEBI:57417 + 1.0 CHEBI:45212	{'atp', '23dhb', 'ppi', '23dhba', 'h'}	entE	P10378
THIORDXi	Hydrogen peroxide reductase (thioredoxin)	Unassigned	1.0 h2o2_c + 1.0 trdrd_c = 2.0 h2o_c + 1.0 trdox_c	1.0 Hydrogen peroxide + 1.0 Reduced thioredoxin = 2.0 H2O H2O + 1.0 Oxidized thioredoxin	1.0 CHEBI:29192 + 1.0 CHEBI:15033 = 2.0 CHEBI:13352 + 1.0 CHEBI:14726	{'trdrd', 'trdox', 'h2o2', 'h2o'}	trxA, bcp, btuE, trxC, bcp	P0AA25, P0AE52, P06610, P0AGG4
EX_n2o_e	Nitrous oxide exchange	Extracellular exchange	1.0 n2o_e = 	1.0 Nitrous oxide = 	1.0 CHEBI:14661 = 	{'n2o'}	Unknown	Unknown
PPPGO3	Protoporphyrinogen oxidase (anaerobic)	Cofactor and Prosthetic Group Biosynthesis	3.0 fum_c + 1.0 pppg9_c = 1.0 ppp9_c + 3.0 succ_c	3.0 Fumarate + 1.0 Protoporphyrinogen IX = 1.0 Protoporphyrin + 3.0 Succinate	3.0 CHEBI:36180 + 1.0 CHEBI:57307 = 1.0 CHEBI:15430 + 3.0 CHEBI:22941	{'pppg9', 'ppp9', 'succ', 'fum'}	hemG	P0ACB4
PFK	Phosphofructokinase	Glycolysis/Gluconeogenesis	1.0 atp_c + 1.0 f6p_c = 1.0 adp_c + 1.0 fdp_c + 1.0 h_c	1.0 ATP C10H12N5O13P3 + 1.0 D-Fructose 6-phosphate = 1.0 ADP C10H12N5O10P2 + 1.0 D-Fructose 1,6-bisphosphate + 1.0 H+	1.0 CHEBI:15422 + 1.0 CHEBI:16084 = 1.0 CHEBI:2342 + 1.0 CHEBI:37736 + 1.0 CHEBI:5584	{'fdp', 'atp', 'adp', 'f6p', 'h'}	pfkA, pfkB	P0A796, P06999
PDX5POi	Pyridoxine 5'-phosphate oxidase	Cofactor and Prosthetic Group Biosynthesis	1.0 o2_c + 1.0 pdx5p_c = 1.0 h2o2_c + 1.0 pydx5p_c	1.0 O2 O2 + 1.0 Pyridoxine 5'-phosphate = 1.0 Hydrogen peroxide + 1.0 Pyridoxal 5'-phosphate	1.0 CHEBI:7860 + 1.0 CHEBI:26430 = 1.0 CHEBI:29192 + 1.0 CHEBI:8668	{'pdx5p', 'pydx5p', 'h2o2', 'o2'}	pdxH	P0AFI7
PDX5PO2	Pyridoxine 5'-phosphate oxidase (anaerboic	Cofactor and Prosthetic Group Biosynthesis	1.0 nad_c + 1.0 pdx5p_c = 1.0 h_c + 1.0 nadh_c + 1.0 pydx5p_c	1.0 Nicotinamide adenine dinucleotide + 1.0 Pyridoxine 5'-phosphate = 1.0 H+ + 1.0 Nicotinamide adenine dinucleotide - reduced + 1.0 Pyridoxal 5'-phosphate	1.0 CHEBI:7422 + 1.0 CHEBI:26430 = 1.0 CHEBI:5584 + 1.0 CHEBI:13395 + 1.0 CHEBI:8668	{'pdx5p', 'pydx5p', 'nad', 'nadh', 'h'}	Unknown	Unknown
MDDCP1pp	Murein D,D-carboxypeptidase (murein5px4p) (periplasm)	Murein Biosynthesis	1.0 h2o_p + 1.0 murein5px4p_p = 1.0 ala__D_p + 1.0 murein4px4p_p	1.0 H2O H2O + 1.0 Two disacharide linked murein units, pentapeptide crosslinked tetrapeptide (A2pm->D-ala) (middle of chain) = 1.0 D-Alanine + 1.0 Two disacharide linked murein units, tetrapeptide corsslinked tetrapeptide (A2pm->D-ala) (middle of chain)	1.0 CHEBI:13352 + 1.0 Unknown = 1.0 CHEBI:12899 + 1.0 Unknown	{'ala__D', 'murein5px4p', 'murein4px4p', 'h2o'}	dacA, dacB, dacC, dacD, ampH, yfeW	P0AEB2, P24228, P08506, P33013, P0AD70, P77619
GUI2	Glucuronate isomerase (D-galacturonate)	Alternate Carbon Metabolism	1.0 galur_c = 1.0 tagur_c	1.0 D-Galacturonate = 1.0 D-Tagaturonate	1.0 CHEBI:20978 = 1.0 CHEBI:58493	{'tagur', 'galur'}	uxaC	P0A8G3
OMBZLM	2-Octaprenyl-6-methoxy-benzoquinol methylase	Cofactor and Prosthetic Group Biosynthesis	1.0 2ombzl_c + 1.0 amet_c = 1.0 2ommbl_c + 1.0 ahcys_c + 1.0 h_c	1.0 2-Octaprenyl-6-methoxy-1,4-benzoquinol + 1.0 S-Adenosyl-L-methionine = 1.0 2-Octaprenyl-3-methyl-6-methoxy- 1,4-benzoquinol + 1.0 S-Adenosyl-L-homocysteine + 1.0 H+	1.0 CHEBI:60655 + 1.0 CHEBI:33442 = 1.0 CHEBI:60656 + 1.0 CHEBI:12741 + 1.0 CHEBI:5584	{'2ombzl', '2ommbl', 'amet', 'ahcys', 'h'}	ubiE	P0A887
PLIPA1A181pp	Phospholipase A1 (phosphatidate, n-C18:1) (periplasm)	Glycerophospholipid Metabolism	1.0 h2o_p + 1.0 pa181_p = 1.0 2odec11eg3p_p + 1.0 ocdcea_p	1.0 H2O H2O + 1.0 1,2-dioctadec-11-enoyl-sn-glycerol 3-phosphate = 1.0 2-octadec-11-enoyl-sn-glycerol 3-phosphate + 1.0 Octadecenoate (n-C18:1)	1.0 CHEBI:13352 + 1.0 Unknown = 1.0 Unknown + 1.0 CHEBI:30823	{'2odec11eg3p', 'ocdcea', 'pa181', 'h2o'}	pldA	P0A921
PGM	Phosphoglycerate mutase	Glycolysis/Gluconeogenesis	1.0 2pg_c = 1.0 3pg_c	1.0 D-Glycerate 2-phosphate = 1.0 3-Phospho-D-glycerate	1.0 CHEBI:39868 = 1.0 CHEBI:11879	{'2pg', '3pg'}	gpmA, gpmM	P62707, P37689
LPLIPAL2A141	Lysophospholipase L2 (2-acylglycerophosphotidate, n-C14:1)	Glycerophospholipid Metabolism	1.0 2tdec7eg3p_c + 1.0 h2o_c = 1.0 glyc3p_c + 2.0 h_c + 1.0 ttdcea_c	1.0 2-tetradec-7-enoyl-sn-glycerol 3-phosphate + 1.0 H2O H2O = 1.0 Glycerol 3-phosphate + 2.0 H+ + 1.0 Tetradecenoate (n-C14:1)	1.0 Unknown + 1.0 CHEBI:13352 = 1.0 CHEBI:12843 + 2.0 CHEBI:5584 + 1.0 Unknown	{'ttdcea', '2tdec7eg3p', 'h2o', 'glyc3p', 'h'}	pldB	P07000
CYTBO3_4pp	Cytochrome oxidase bo3 (ubiquinol-8: 4 protons) (periplasm)	Oxidative Phosphorylation	4.0 h_c + 0.5 o2_c + 1.0 q8h2_c = 1.0 h2o_c + 4.0 h_p + 1.0 q8_c	4.0 H+ + 0.5 O2 O2 + 1.0 Ubiquinol-8 = 1.0 H2O H2O + 4.0 H+ + 1.0 Ubiquinone-8	4.0 CHEBI:5584 + 0.5 CHEBI:7860 + 1.0 CHEBI:61682 = 1.0 CHEBI:13352 + 4.0 CHEBI:5584 + 1.0 CHEBI:61683	{'q8', 'o2', 'h2o', 'q8h2', 'h'}	cyoA, cyoB, cyoD, cyoC	P0ABJ1, P0ABI8, P0ABJ6, P0ABJ3
EX_maltttr_e	Maltotetraose exchange	Extracellular exchange	1.0 maltttr_e = 	1.0 Maltotetraose = 	1.0 CHEBI:6671 = 	{'maltttr'}	Unknown	Unknown
GLYCK	Glycerate kinase	Glyoxylate Metabolism	1.0 atp_c + 1.0 glyc__R_c = 1.0 3pg_c + 1.0 adp_c + 1.0 h_c	1.0 ATP C10H12N5O13P3 + 1.0 (R)-Glycerate = 1.0 3-Phospho-D-glycerate + 1.0 ADP C10H12N5O10P2 + 1.0 H+	1.0 CHEBI:15422 + 1.0 CHEBI:21030 = 1.0 CHEBI:11879 + 1.0 CHEBI:2342 + 1.0 CHEBI:5584	{'atp', 'glyc__R', 'adp', '3pg', 'h'}	glxK	P77364
MLTG5	Maltodextrin glucosidase (maltoheptaose)	Alternate Carbon Metabolism	1.0 h2o_c + 1.0 malthp_c = 1.0 glc__D_c + 1.0 malthx_c	1.0 H2O H2O + 1.0 Maltoheptaose = 1.0 D-Glucose + 1.0 Maltohexaose	1.0 CHEBI:13352 + 1.0 CHEBI:62010 = 1.0 CHEBI:12965 + 1.0 CHEBI:61953	{'malthp', 'malthx', 'glc__D', 'h2o'}	malZ	P21517
GPDDA3	Glycerophosphodiester phosphodiesterase (Glycerophosphoserine)	Glycerophospholipid Metabolism	1.0 g3ps_c + 1.0 h2o_c = 1.0 glyc3p_c + 1.0 h_c + 1.0 ser__L_c	1.0 Glycerophosphoserine + 1.0 H2O H2O = 1.0 Glycerol 3-phosphate + 1.0 H+ + 1.0 L-Serine	1.0 CHEBI:64765 + 1.0 CHEBI:13352 = 1.0 CHEBI:12843 + 1.0 CHEBI:5584 + 1.0 CHEBI:32845	{'ser__L', 'h2o', 'g3ps', 'glyc3p', 'h'}	ugpQ	P10908
EAR141x	Enoyl-[acyl-carrier-protein] reductase (NADH) (n-C14:1)	Cell Envelope Biosynthesis	1.0 h_c + 1.0 nadh_c + 1.0 t3c7mrseACP_c = 1.0 nad_c + 1.0 tdeACP_c	1.0 H+ + 1.0 Nicotinamide adenine dinucleotide - reduced + 1.0 Trans-3-cis-7-myristoleoyl-[acyl-carrier protein] = 1.0 Nicotinamide adenine dinucleotide + 1.0 Cis-tetradec-7-enoyl-[acyl-carrier protein] (n-C14:1)	1.0 CHEBI:5584 + 1.0 CHEBI:13395 + 1.0 Unknown = 1.0 CHEBI:7422 + 1.0 Unknown	{'t3c7mrseACP', 'nad', 'tdeACP', 'nadh', 'h'}	fabI	P0AEK4
EAR181x	Enoyl-[acyl-carrier-protein] reductase (NADH) (n-C18:1)	Cell Envelope Biosynthesis	1.0 h_c + 1.0 nadh_c + 1.0 t3c11vaceACP_c = 1.0 nad_c + 1.0 octeACP_c	1.0 H+ + 1.0 Nicotinamide adenine dinucleotide - reduced + 1.0 Trans-3-cis-11-vacceoyl-[acyl-carrier protein] = 1.0 Nicotinamide adenine dinucleotide + 1.0 Cis-octadec-11-enoyl-[acyl-carrier protein] (n-C18:1)	1.0 CHEBI:5584 + 1.0 CHEBI:13395 + 1.0 Unknown = 1.0 CHEBI:7422 + 1.0 Unknown	{'octeACP', 'nad', 't3c11vaceACP', 'nadh', 'h'}	fabI	P0AEK4
TPI	Triose-phosphate isomerase	Glycolysis/Gluconeogenesis	1.0 dhap_c = 1.0 g3p_c	1.0 Dihydroxyacetone phosphate = 1.0 Glyceraldehyde 3-phosphate	1.0 CHEBI:14341 = 1.0 CHEBI:5446	{'g3p', 'dhap'}	tpiA	P0A858
EAR181y	Enoyl-[acyl-carrier-protein] reductase (NADPH) (n-C18:1)	Cell Envelope Biosynthesis	1.0 h_c + 1.0 nadph_c + 1.0 t3c11vaceACP_c = 1.0 nadp_c + 1.0 octeACP_c	1.0 H+ + 1.0 Nicotinamide adenine dinucleotide phosphate - reduced + 1.0 Trans-3-cis-11-vacceoyl-[acyl-carrier protein] = 1.0 Nicotinamide adenine dinucleotide phosphate + 1.0 Cis-octadec-11-enoyl-[acyl-carrier protein] (n-C18:1)	1.0 CHEBI:5584 + 1.0 CHEBI:16474 + 1.0 Unknown = 1.0 CHEBI:29868 + 1.0 Unknown	{'octeACP', 'nadp', 'nadph', 't3c11vaceACP', 'h'}	fabI	P0AEK4
G3PAT141	Glycerol-3-phosphate acyltransferase (C14:1)	Glycerophospholipid Metabolism	1.0 glyc3p_c + 1.0 tdeACP_c = 1.0 1tdec7eg3p_c + 1.0 ACP_c	1.0 Glycerol 3-phosphate + 1.0 Cis-tetradec-7-enoyl-[acyl-carrier protein] (n-C14:1) = 1.0 1-tetradec-7-enoyl-sn-glycerol 3-phosphate + 1.0 Acyl carrier protein	1.0 CHEBI:12843 + 1.0 Unknown = 1.0 Unknown + 1.0 CHEBI:14405	{'tdeACP', 'ACP', 'glyc3p', '1tdec7eg3p'}	acpP, plsB	P0A6A8, P0A7A7
2DOXG6PP	2 deoxyglucose 6 phosphatase	Alternate Carbon Metabolism	1.0 2doxg6p_c + 1.0 h2o_c = 1.0 2dglc_c + 1.0 pi_c	1.0 2 Deoxy D glucose 6 phosphate C6H11O8P + 1.0 H2O H2O = 1.0 2 Deoxy D glucose C6H12O5 + 1.0 Phosphate	1.0 CHEBI:84756 + 1.0 CHEBI:13352 = 1.0 CHEBI:90760 + 1.0 CHEBI:26078	{'pi', 'h2o', '2dglc', '2doxg6p'}	yigL, yniC, yfbT, cof	P27848, P77247, P77625, P46891
OXAMTC	Oxamate transcarbamoylase	Nitrogen Metabolism	1.0 oxur_c + 1.0 pi_c = 1.0 cbp_c + 1.0 oxam_c	1.0 Oxalureate + 1.0 Phosphate = 1.0 Carbamoyl phosphate + 1.0 Oxamate	1.0 CHEBI:57824 + 1.0 CHEBI:26078 = 1.0 CHEBI:13942 + 1.0 CHEBI:7818	{'oxur', 'oxam', 'cbp', 'pi'}	Unknown	Unknown
UDCPPtppi	Undecaprenyl phosphate transport (cytoplasm to periplasm)	Lipopolysaccharide Biosynthesis / Recycling	1.0 udcpp_p = 1.0 udcpp_c	1.0 Undecaprenyl phosphate = 1.0 Undecaprenyl phosphate	1.0 CHEBI:15286 = 1.0 CHEBI:15286	{'udcpp'}	Unknown	Unknown
AGMH	N-Acetyl-D-glucosamine(anhydrous)N-Acetylmuramyl beta -1,4-N-acetylglucosaminidase	Murein Recycling	1.0 anhgm_c + 1.0 h2o_c = 1.0 acgam_c + 1.0 anhm_c	1.0 N-Acetyl-D-glucosamine(anhydrous)N-Acetylmuramic acid + 1.0 H2O H2O = 1.0 N-Acetyl-D-glucosamine + 1.0 1,6-anhydrous-N-Acetylmuramate	1.0 Unknown + 1.0 CHEBI:13352 = 1.0 CHEBI:21517 + 1.0 Unknown	{'h2o', 'anhm', 'anhgm', 'acgam'}	nagZ	P75949
G3PAT181	Glycerol-3-phosphate acyltransferase (C18:1)	Glycerophospholipid Metabolism	1.0 glyc3p_c + 1.0 octeACP_c = 1.0 1odec11eg3p_c + 1.0 ACP_c	1.0 Glycerol 3-phosphate + 1.0 Cis-octadec-11-enoyl-[acyl-carrier protein] (n-C18:1) = 1.0 1-octadec-11-enoyl-sn-glycerol 3-phosphate + 1.0 Acyl carrier protein	1.0 CHEBI:12843 + 1.0 Unknown = 1.0 Unknown + 1.0 CHEBI:14405	{'ACP', '1odec11eg3p', 'glyc3p', 'octeACP'}	acpP, plsB	P0A6A8, P0A7A7
DASYN140	CDP-diacylglycerol synthetase (n-C14:0)	Glycerophospholipid Metabolism	1.0 ctp_c + 1.0 h_c + 1.0 pa140_c = 1.0 cdpdtdecg_c + 1.0 ppi_c	1.0 CTP C9H12N3O14P3 + 1.0 H+ + 1.0 1,2-ditetradecanoyl-sn-glycerol 3-phosphate = 1.0 CDP-1,2-ditetradecanoylglycerol + 1.0 Diphosphate	1.0 CHEBI:3285 + 1.0 CHEBI:5584 + 1.0 CHEBI:84266 = 1.0 CHEBI:103211 + 1.0 CHEBI:45212	{'ppi', 'cdpdtdecg', 'pa140', 'ctp', 'h'}	cdsA	P0ABG1
MPTG	Murein polymerizing transglycosylase	Murein Biosynthesis	2.0 uaagmda_c = 2.0 h_c + 1.0 murein5p5p_p + 2.0 udcpdp_c	2.0 Undecaprenyl-diphospho-N-acetylmuramoyl-(N-acetylglucosamine)-L-ala-D-glu-meso-2,6-diaminopimeloyl-D-ala-D-ala = 2.0 H+ + 1.0 Two linked disacharide pentapeptide murein units (uncrosslinked, middle of chain) + 2.0 Undecaprenyl diphosphate	2.0 CHEBI:28138 = 2.0 CHEBI:5584 + 1.0 Unknown + 2.0 CHEBI:27192	{'uaagmda', 'murein5p5p', 'udcpdp', 'h'}	murJ, ftsW, mtgA, mrcA, murJ, ftsW, pbpC, murJ, ftsW, mrcB, murJ, ftsW	P0AF16, P0ABG4, P46022, P02918, P76577, P02919
DASYN180	CDP-diacylglycerol synthetase (n-C18:0)	Glycerophospholipid Metabolism	1.0 ctp_c + 1.0 h_c + 1.0 pa180_c = 1.0 cdpdodecg_c + 1.0 ppi_c	1.0 CTP C9H12N3O14P3 + 1.0 H+ + 1.0 1,2-dioctadecanoyl-sn-glycerol 3-phosphate = 1.0 CDP-1,2-dioctadecanoylglycerol + 1.0 Diphosphate	1.0 CHEBI:3285 + 1.0 CHEBI:5584 + 1.0 CHEBI:82921 = 1.0 CHEBI:104121 + 1.0 CHEBI:45212	{'cdpdodecg', 'pa180', 'ppi', 'ctp', 'h'}	cdsA	P0ABG1
MPTG2	Murein polymerizing transglycosylase 2 (three linked units)	Murein Biosynthesis	1.0 murein5p5p_p + 1.0 uaagmda_c = 1.0 h_c + 1.0 murein5p5p5p_p + 1.0 udcpdp_c	1.0 Two linked disacharide pentapeptide murein units (uncrosslinked, middle of chain) + 1.0 Undecaprenyl-diphospho-N-acetylmuramoyl-(N-acetylglucosamine)-L-ala-D-glu-meso-2,6-diaminopimeloyl-D-ala-D-ala = 1.0 H+ + 1.0 Three linked disacharide pentapeptide murein units (uncrosslinked, middle of chain) + 1.0 Undecaprenyl diphosphate	1.0 Unknown + 1.0 CHEBI:28138 = 1.0 CHEBI:5584 + 1.0 Unknown + 1.0 CHEBI:27192	{'h', 'uaagmda', 'murein5p5p', 'murein5p5p5p', 'udcpdp'}	mrcB, murJ, ftsW, murJ, ftsW, mtgA, mrcA, murJ, ftsW, pbpC, murJ, ftsW	P02919, P0AF16, P0ABG4, P46022, P02918, P76577
DASYN141	CDP-diacylglycerol synthetase (n-C14:1)	Glycerophospholipid Metabolism	1.0 ctp_c + 1.0 h_c + 1.0 pa141_c = 1.0 cdpdtdec7eg_c + 1.0 ppi_c	1.0 CTP C9H12N3O14P3 + 1.0 H+ + 1.0 1,2-ditetradec-7-enoyl-sn-glycerol 3-phosphate = 1.0 CDP-1,2-ditetradec-7-enoylglycerol + 1.0 Diphosphate	1.0 CHEBI:3285 + 1.0 CHEBI:5584 + 1.0 Unknown = 1.0 CHEBI:103990 + 1.0 CHEBI:45212	{'cdpdtdec7eg', 'pa141', 'ppi', 'ctp', 'h'}	cdsA	P0ABG1
RPI	Ribose-5-phosphate isomerase	Pentose Phosphate Pathway	1.0 r5p_c = 1.0 ru5p__D_c	1.0 Alpha-D-Ribose 5-phosphate = 1.0 D-Ribulose 5-phosphate	1.0 CHEBI:18189 = 1.0 CHEBI:40192	{'r5p', 'ru5p__D'}	rpiA, rpiB	P0A7Z0, P37351
MCTP1App	Murein crosslinking transpeptidase 1A:(A2pm->D-ala) (periplasm)	Murein Biosynthesis	1.0 murein5p5p_p = 1.0 ala__D_p + 1.0 murein5px4p_p	1.0 Two linked disacharide pentapeptide murein units (uncrosslinked, middle of chain) = 1.0 D-Alanine + 1.0 Two disacharide linked murein units, pentapeptide crosslinked tetrapeptide (A2pm->D-ala) (middle of chain)	1.0 Unknown = 1.0 CHEBI:12899 + 1.0 Unknown	{'ala__D', 'murein5px4p', 'murein5p5p'}	mrdA, ftsI, mrcA, mrdA, ftsI, mrcB	P0AD65, P0AD68, P02918, P02919
MCTP2App	Murein crosslinking transpeptidase 1A:(A2pm->D-ala) (periplasm)	Murein Biosynthesis	1.0 murein5p5p5p_p = 2.0 ala__D_p + 1.0 murein5px4px4p_p	1.0 Three linked disacharide pentapeptide murein units (uncrosslinked, middle of chain) = 2.0 D-Alanine + 1.0 Three disacharide linked murein units (pentapeptide crosslinked tetrapeptide (A2pm->D-ala) tetrapeptide corsslinked tetrapeptide (A2pm->D-ala)) (middle of chain)	1.0 Unknown = 2.0 CHEBI:12899 + 1.0 Unknown	{'murein5p5p5p', 'ala__D', 'murein5px4px4p'}	mrdA, ftsI, mrcA, mrdA, ftsI, mrcB	P0AD65, P0AD68, P02918, P02919
CDAPPA160	CDP-Diacylglycerol pyrophostatase (n-C16:0)	Glycerophospholipid Metabolism	1.0 cdpdhdecg_c + 1.0 h2o_c = 1.0 cmp_c + 2.0 h_c + 1.0 pa160_c	1.0 CDP-1,2-dihexadecanoylglycerol + 1.0 H2O H2O = 1.0 CMP C9H12N3O8P + 2.0 H+ + 1.0 1,2-dihexadecanoyl-sn-glycerol 3-phosphate	1.0 Unknown + 1.0 CHEBI:13352 = 1.0 CHEBI:60377 + 2.0 CHEBI:5584 + 1.0 CHEBI:72859	{'pa160', 'cdpdhdecg', 'cmp', 'h2o', 'h'}	cdh	P06282
CDAPPA141	CDP-Diacylglycerol pyrophostatase (n-C14:1)	Glycerophospholipid Metabolism	1.0 cdpdtdec7eg_c + 1.0 h2o_c = 1.0 cmp_c + 2.0 h_c + 1.0 pa141_c	1.0 CDP-1,2-ditetradec-7-enoylglycerol + 1.0 H2O H2O = 1.0 CMP C9H12N3O8P + 2.0 H+ + 1.0 1,2-ditetradec-7-enoyl-sn-glycerol 3-phosphate	1.0 CHEBI:103990 + 1.0 CHEBI:13352 = 1.0 CHEBI:60377 + 2.0 CHEBI:5584 + 1.0 Unknown	{'cdpdtdec7eg', 'pa141', 'cmp', 'h2o', 'h'}	cdh	P06282
MCTP1Bpp	Murein crosslinking transpeptidase 1B:(A2pm->A2pm) (periplasm)	Murein Biosynthesis	1.0 murein5p5p_p = 1.0 alaala_p + 1.0 murein5px3p_p	1.0 Two linked disacharide pentapeptide murein units (uncrosslinked, middle of chain) = 1.0 D-Alanyl-D-alanine + 1.0 Two disacharide linked murein units, pentapeptide corsslinked tripeptide (A2pm->A2pm) (middle of chain)	1.0 Unknown = 1.0 CHEBI:13749 + 1.0 Unknown	{'murein5px3p', 'alaala', 'murein5p5p'}	ldtE, ldtD	P76193, P22525
PERD	Erythronate 4-phosphate (4per) dehydrogenase	Cofactor and Prosthetic Group Biosynthesis	1.0 4per_c + 1.0 nad_c = 1.0 h_c + 1.0 nadh_c + 1.0 ohpb_c	1.0 4-Phospho-D-erythronate + 1.0 Nicotinamide adenine dinucleotide = 1.0 H+ + 1.0 Nicotinamide adenine dinucleotide - reduced + 1.0 2-Oxo-3-hydroxy-4-phosphobutanoate	1.0 CHEBI:49055 + 1.0 CHEBI:7422 = 1.0 CHEBI:5584 + 1.0 CHEBI:13395 + 1.0 CHEBI:19731	{'4per', 'ohpb', 'nad', 'nadh', 'h'}	pdxB	P05459
PGSA141	Phosphatidylglycerol synthase (n-C14:1)	Glycerophospholipid Metabolism	1.0 cdpdtdec7eg_c + 1.0 glyc3p_c = 1.0 cmp_c + 1.0 h_c + 1.0 pgp141_c	1.0 CDP-1,2-ditetradec-7-enoylglycerol + 1.0 Glycerol 3-phosphate = 1.0 CMP C9H12N3O8P + 1.0 H+ + 1.0 Phosphatidylglycerophosphate (ditetradec-7-enoyl, n-C14:1)	1.0 CHEBI:103990 + 1.0 CHEBI:12843 = 1.0 CHEBI:60377 + 1.0 CHEBI:5584 + 1.0 Unknown	{'cdpdtdec7eg', 'pgp141', 'cmp', 'glyc3p', 'h'}	pgsA	P0ABF8
EX_alaala_e	D-Alanyl-D-alanine exchange	Extracellular exchange	1.0 alaala_e = 	1.0 D-Alanyl-D-alanine = 	1.0 CHEBI:13749 = 	{'alaala'}	Unknown	Unknown
EX_dtmp_e	DTMP exchange	Extracellular exchange	1.0 dtmp_e = 	1.0 DTMP C10H13N2O8P = 	1.0 CHEBI:47711 = 	{'dtmp'}	Unknown	Unknown
5DOAN	5'-deoxyadenosine nuclosidase	Cofactor and Prosthetic Group Biosynthesis	1.0 dad_5_c + 1.0 h2o_c = 1.0 5drib_c + 1.0 ade_c	1.0 5'-Deoxyadenosine + 1.0 H2O H2O = 1.0 5'-deoxyribose + 1.0 Adenine	1.0 CHEBI:17319 + 1.0 CHEBI:13352 = 1.0 CHEBI:62012 + 1.0 CHEBI:16708	{'5drib', 'ade', 'dad_5', 'h2o'}	mtn	P0AF12
DM_5drib_c	Sink needed to allow 5'-deoxyribose to leave system	Intracellular demand	1.0 5drib_c = 	1.0 5'-deoxyribose = 	1.0 CHEBI:62012 = 	{'5drib'}	Unknown	Unknown
EX_lipoate_e	Lipoate exchange	Extracellular exchange	1.0 lipoate_e = 	1.0 Lipoate = 	1.0 CHEBI:43796 = 	{'lipoate'}	Unknown	Unknown
EX_pydx_e	Pyridoxal exchange	Extracellular exchange	1.0 pydx_e = 	1.0 Pyridoxal = 	1.0 CHEBI:45112 = 	{'pydx'}	Unknown	Unknown
EX_g1p_e	D-Glucose 1-phosphate exchange	Extracellular exchange	1.0 g1p_e = 	1.0 D-Glucose 1-phosphate = 	1.0 CHEBI:10246 = 	{'g1p'}	Unknown	Unknown
SFGTHi	S-Formylglutathione hydralase	Cofactor and Prosthetic Group Biosynthesis	1.0 Sfglutth_c + 1.0 h2o_c = 1.0 for_c + 1.0 gthrd_c + 1.0 h_c	1.0 S-Formylglutathione + 1.0 H2O H2O = 1.0 Formate + 1.0 Reduced glutathione + 1.0 H+	1.0 CHEBI:12746 + 1.0 CHEBI:13352 = 1.0 CHEBI:24081 + 1.0 CHEBI:43049 + 1.0 CHEBI:5584	{'for', 'Sfglutth', 'h2o', 'gthrd', 'h'}	yeiG, frmB	P33018, P51025
PYDAMK	Pyridoxamine kinase	Cofactor and Prosthetic Group Biosynthesis	1.0 atp_c + 1.0 pydam_c = 1.0 adp_c + 1.0 h_c + 1.0 pyam5p_c	1.0 ATP C10H12N5O13P3 + 1.0 Pyridoxamine = 1.0 ADP C10H12N5O10P2 + 1.0 H+ + 1.0 Pyridoxamine 5'-phosphate	1.0 CHEBI:15422 + 1.0 CHEBI:57761 = 1.0 CHEBI:2342 + 1.0 CHEBI:5584 + 1.0 CHEBI:14980	{'atp', 'adp', 'pyam5p', 'pydam', 'h'}	pdxK	P40191
DHORDfum	Fumarate dependent DHORD	Purine and Pyrimidine Biosynthesis	1.0 dhor__S_c + 1.0 fum_c = 1.0 orot_c + 1.0 succ_c	1.0 (S)-Dihydroorotate + 1.0 Fumarate = 1.0 Orotate C5H3N2O4 + 1.0 Succinate	1.0 CHEBI:417 + 1.0 CHEBI:36180 = 1.0 CHEBI:14698 + 1.0 CHEBI:22941	{'orot', 'dhor__S', 'succ', 'fum'}	Unknown	Unknown
FACOAE120	Fatty-acid-CoA thioesterase (dodecanoate)	Cell Envelope Biosynthesis	1.0 ddcacoa_c + 1.0 h2o_c = 1.0 coa_c + 1.0 ddca_c + 1.0 h_c	1.0 Dodecanoyl-CoA (n-C12:0CoA) + 1.0 H2O H2O = 1.0 Coenzyme A + 1.0 Dodecanoate (n-C12:0) + 1.0 H+	1.0 CHEBI:15521 + 1.0 CHEBI:13352 = 1.0 CHEBI:41631 + 1.0 Unknown + 1.0 CHEBI:5584	{'coa', 'h2o', 'ddcacoa', 'ddca', 'h'}	tesB	P0AGG2
3OAR120	3-oxoacyl-[acyl-carrier-protein] reductase (n-C12:0)	Cell Envelope Biosynthesis	1.0 3oddecACP_c + 1.0 h_c + 1.0 nadph_c = 1.0 3hddecACP_c + 1.0 nadp_c	1.0 3-Oxododecanoyl-[acyl-carrier protein] + 1.0 H+ + 1.0 Nicotinamide adenine dinucleotide phosphate - reduced = 1.0 (R)-3-Hydroxydodecanoyl-[acyl-carrier protein] + 1.0 Nicotinamide adenine dinucleotide phosphate	1.0 CHEBI:1637 + 1.0 CHEBI:5584 + 1.0 CHEBI:16474 = 1.0 CHEBI:325 + 1.0 CHEBI:29868	{'nadp', '3oddecACP', 'nadph', '3hddecACP', 'h'}	fabG	P0AEK2
3HAD80	3-hydroxyacyl-[acyl-carrier-protein] dehydratase (n-C8:0)	Cell Envelope Biosynthesis	1.0 3hoctACP_c = 1.0 h2o_c + 1.0 toct2eACP_c	1.0 (R)-3-Hydroxyoctanoyl-[acyl-carrier protein] = 1.0 H2O H2O + 1.0 Trans-Oct-2-enoyl-[acyl-carrier protein]	1.0 Unknown = 1.0 CHEBI:13352 + 1.0 Unknown	{'3hoctACP', 'toct2eACP', 'h2o'}	fabA, fabZ	P0A6Q3, P0A6Q6
3HAD120	3-hydroxyacyl-[acyl-carrier-protein] dehydratase (n-C12:0)	Cell Envelope Biosynthesis	1.0 3hddecACP_c = 1.0 h2o_c + 1.0 tddec2eACP_c	1.0 (R)-3-Hydroxydodecanoyl-[acyl-carrier protein] = 1.0 H2O H2O + 1.0 Trans-Dodec-2-enoyl-[acyl-carrier protein]	1.0 CHEBI:325 = 1.0 CHEBI:13352 + 1.0 CHEBI:10725	{'tddec2eACP', '3hddecACP', 'h2o'}	fabZ, fabA	P0A6Q6, P0A6Q3
DSBCGT	DsbC:glutathione thiotransferase	Unassigned	1.0 dsbcox_p + 2.0 gthrd_p = 1.0 dsbcrd_p + 1.0 gthox_p	1.0 Protein disulfide isomerase II (oxidized) + 2.0 Reduced glutathione = 1.0 Protein disulfide isomerase II (reduced) + 1.0 Oxidized glutathione	1.0 Unknown + 2.0 CHEBI:43049 = 1.0 Unknown + 1.0 CHEBI:42832	{'dsbcrd', 'dsbcox', 'gthox', 'gthrd'}	dsbC	P0AEG6
DSBGGT	DsbG:glutathione thiotransferase	Unassigned	1.0 dsbgox_p + 2.0 gthrd_p = 1.0 dsbgrd_p + 1.0 gthox_p	1.0 Periplasmic disulfide isomerase/thiol-disulphide oxidase (oxidized) + 2.0 Reduced glutathione = 1.0 Periplasmic disulfide isomerase/thiol-disulphide oxidase (reduced) + 1.0 Oxidized glutathione	1.0 Unknown + 2.0 CHEBI:43049 = 1.0 Unknown + 1.0 CHEBI:42832	{'dsbgrd', 'dsbgox', 'gthox', 'gthrd'}	dsbG	P77202
EAR180x	Enoyl-[acyl-carrier-protein] reductase (NADH) (n-C18:0)	Cell Envelope Biosynthesis	1.0 h_c + 1.0 nadh_c + 1.0 toctd2eACP_c = 1.0 nad_c + 1.0 ocdcaACP_c	1.0 H+ + 1.0 Nicotinamide adenine dinucleotide - reduced + 1.0 Trans-octadec-2-enoyl-[acyl-carrier protein] = 1.0 Nicotinamide adenine dinucleotide + 1.0 Octadecanoyl-ACP (n-C18:0ACP)	1.0 CHEBI:5584 + 1.0 CHEBI:13395 + 1.0 CHEBI:80388 = 1.0 CHEBI:7422 + 1.0 Unknown	{'ocdcaACP', 'nad', 'toctd2eACP', 'nadh', 'h'}	fabI	P0AEK4
EAR180y	Enoyl-[acyl-carrier-protein] reductase (NADPH) (n-C18:0)	Cell Envelope Biosynthesis	1.0 h_c + 1.0 nadph_c + 1.0 toctd2eACP_c = 1.0 nadp_c + 1.0 ocdcaACP_c	1.0 H+ + 1.0 Nicotinamide adenine dinucleotide phosphate - reduced + 1.0 Trans-octadec-2-enoyl-[acyl-carrier protein] = 1.0 Nicotinamide adenine dinucleotide phosphate + 1.0 Octadecanoyl-ACP (n-C18:0ACP)	1.0 CHEBI:5584 + 1.0 CHEBI:16474 + 1.0 CHEBI:80388 = 1.0 CHEBI:29868 + 1.0 Unknown	{'nadp', 'nadph', 'ocdcaACP', 'toctd2eACP', 'h'}	fabI	P0AEK4
AGPAT120	1-tetradecanoyl-sn-glycerol 3-phosphate O-acyltransferase (n-C12:0)	Glycerophospholipid Metabolism	1.0 1ddecg3p_c + 1.0 ddcaACP_c = 1.0 ACP_c + 1.0 pa120_c	1.0 1-dodecanoyl-sn-glycerol 3-phosphate + 1.0 Dodecanoyl-ACP (n-C12:0ACP) = 1.0 Acyl carrier protein + 1.0 1,2-didodecanoyl-sn-glycerol 3-phosphate	1.0 CHEBI:72682 + 1.0 Unknown = 1.0 CHEBI:14405 + 1.0 Unknown	{'ddcaACP', 'ACP', '1ddecg3p', 'pa120'}	plsC	P26647
DHNAOT4	1,4-dihydroxy-2-naphthoate octaprenyltransferase	Cofactor and Prosthetic Group Biosynthesis	1.0 dhna_c + 1.0 h_c + 1.0 octdp_c = 1.0 2dmmql8_c + 1.0 co2_c + 1.0 ppi_c	1.0 1,4-Dihydroxy-2-naphthoate + 1.0 H+ + 1.0 All-trans-Octaprenyl diphosphate = 1.0 2-Demethylmenaquinol 8 + 1.0 CO2 CO2 + 1.0 Diphosphate	1.0 CHEBI:11173 + 1.0 CHEBI:5584 + 1.0 CHEBI:12781 = 1.0 CHEBI:61873 + 1.0 CHEBI:23011 + 1.0 CHEBI:45212	{'dhna', 'ppi', '2dmmql8', 'co2', 'octdp', 'h'}	menA	P32166
AMPMS2	4-amino-2-methyl-5-phosphomethylpyrimidine synthetase	Cofactor and Prosthetic Group Biosynthesis	1.0 air_c + 1.0 h2o_c + 1.0 nad_c = 1.0 4ampm_c + 2.0 for_c + 3.0 h_c + 1.0 nadh_c	1.0 5-amino-1-(5-phospho-D-ribosyl)imidazole + 1.0 H2O H2O + 1.0 Nicotinamide adenine dinucleotide = 1.0 4-Amino-2-methyl-5-phosphomethylpyrimidine + 2.0 Formate + 3.0 H+ + 1.0 Nicotinamide adenine dinucleotide - reduced	1.0 CHEBI:28843 + 1.0 CHEBI:13352 + 1.0 CHEBI:7422 = 1.0 CHEBI:44219 + 2.0 CHEBI:24081 + 3.0 CHEBI:5584 + 1.0 CHEBI:13395	{'air', 'for', 'h2o', '4ampm', 'nad', 'nadh', 'h'}	thiC	P30136
DM_oxam_c	Sink needed to allow oxamate to leave system	Intracellular demand	1.0 oxam_c = 	1.0 Oxamate = 	1.0 CHEBI:7818 = 	{'oxam'}	Unknown	Unknown
ALR4x	Aldose reductase (acetol)	Glycerophospholipid Metabolism	1.0 acetol_c + 1.0 h_c + 1.0 nadh_c = 1.0 12ppd__R_c + 1.0 nad_c	1.0 Acetol cytosol + 1.0 H+ + 1.0 Nicotinamide adenine dinucleotide - reduced = 1.0 (R)-Propane-1,2-diol + 1.0 Nicotinamide adenine dinucleotide	1.0 CHEBI:27957 + 1.0 CHEBI:5584 + 1.0 CHEBI:13395 = 1.0 CHEBI:28972 + 1.0 CHEBI:7422	{'acetol', '12ppd__R', 'nad', 'nadh', 'h'}	gldA	P0A9S5
PGPP120	Phosphatidylglycerol phosphate phosphatase (n-C14:0)	Glycerophospholipid Metabolism	1.0 h2o_c + 1.0 pgp120_c = 1.0 pg120_c + 1.0 pi_c	1.0 H2O H2O + 1.0 Phosphatidylglycerophosphate (didodecanoyl, n-C12:0) = 1.0 Phosphatidylglycerol (didodecanoyl, n-C12:0) + 1.0 Phosphate	1.0 CHEBI:13352 + 1.0 Unknown = 1.0 Unknown + 1.0 CHEBI:26078	{'pi', 'pg120', 'pgp120', 'h2o'}	pgpA, pgpB	P18200, P0A924
DAGK120	Diacylglycerol kinase (n-C12:0)	Glycerophospholipid Metabolism	1.0 12dgr120_c + 1.0 atp_c = 1.0 adp_c + 1.0 h_c + 1.0 pa120_c	1.0 1,2-Diacyl-sn-glycerol (didodecanoyl, n-C12:0) + 1.0 ATP C10H12N5O13P3 = 1.0 ADP C10H12N5O10P2 + 1.0 H+ + 1.0 1,2-didodecanoyl-sn-glycerol 3-phosphate	1.0 Unknown + 1.0 CHEBI:15422 = 1.0 CHEBI:2342 + 1.0 CHEBI:5584 + 1.0 Unknown	{'atp', 'pa120', '12dgr120', 'adp', 'h'}	dgkA	P0ABN1
PSSA180	Phosphatidylserine syntase (n-C18:0)	Glycerophospholipid Metabolism	1.0 cdpdodecg_c + 1.0 ser__L_c = 1.0 cmp_c + 1.0 h_c + 1.0 ps180_c	1.0 CDP-1,2-dioctadecanoylglycerol + 1.0 L-Serine = 1.0 CMP C9H12N3O8P + 1.0 H+ + 1.0 Phosphatidylserine (dioctadecanoyl, n-C18:0)	1.0 CHEBI:104121 + 1.0 CHEBI:32845 = 1.0 CHEBI:60377 + 1.0 CHEBI:5584 + 1.0 CHEBI:84519	{'ser__L', 'cdpdodecg', 'cmp', 'ps180', 'h'}	pssA	P23830
PSSA161	Phosphatidylserine syntase (n-C16:1)	Glycerophospholipid Metabolism	1.0 cdpdhdec9eg_c + 1.0 ser__L_c = 1.0 cmp_c + 1.0 h_c + 1.0 ps161_c	1.0 CDP-1,2-dihexadec-9-enoylglycerol + 1.0 L-Serine = 1.0 CMP C9H12N3O8P + 1.0 H+ + 1.0 Phosphatidylserine (dihexadec-9-enoyl, n-C16:1)	1.0 CHEBI:104012 + 1.0 CHEBI:32845 = 1.0 CHEBI:60377 + 1.0 CHEBI:5584 + 1.0 Unknown	{'ser__L', 'cmp', 'cdpdhdec9eg', 'ps161', 'h'}	pssA	P23830
PSSA141	Phosphatidylserine syntase (n-C14:1)	Glycerophospholipid Metabolism	1.0 cdpdtdec7eg_c + 1.0 ser__L_c = 1.0 cmp_c + 1.0 h_c + 1.0 ps141_c	1.0 CDP-1,2-ditetradec-7-enoylglycerol + 1.0 L-Serine = 1.0 CMP C9H12N3O8P + 1.0 H+ + 1.0 Phosphatidylserine (ditetradec-7-enoyl, n-C14:1)	1.0 CHEBI:103990 + 1.0 CHEBI:32845 = 1.0 CHEBI:60377 + 1.0 CHEBI:5584 + 1.0 Unknown	{'cdpdtdec7eg', 'ser__L', 'ps141', 'cmp', 'h'}	pssA	P23830
PSD160	Phosphatidylserine decarboxylase (n-C16:0)	Glycerophospholipid Metabolism	1.0 h_c + 1.0 ps160_c = 1.0 co2_c + 1.0 pe160_c	1.0 H+ + 1.0 Phosphatidylserine (dihexadecanoyl, n-C16:0) = 1.0 CO2 CO2 + 1.0 Phosphatidylethanolamine (dihexadecanoyl, n-C16:0)	1.0 CHEBI:5584 + 1.0 CHEBI:84523 = 1.0 CHEBI:23011 + 1.0 CHEBI:73005	{'pe160', 'h', 'ps160', 'co2'}	psd	P0A8K1
PSD161	Phosphatidylserine decarboxylase (n-C16:1)	Glycerophospholipid Metabolism	1.0 h_c + 1.0 ps161_c = 1.0 co2_c + 1.0 pe161_c	1.0 H+ + 1.0 Phosphatidylserine (dihexadec-9-enoyl, n-C16:1) = 1.0 CO2 CO2 + 1.0 Phosphatidylethanolamine (dihexadec-9enoyl, n-C16:1)	1.0 CHEBI:5584 + 1.0 Unknown = 1.0 CHEBI:23011 + 1.0 Unknown	{'pe161', 'h', 'ps161', 'co2'}	psd	P0A8K1
PSD180	Phosphatidylserine decarboxylase (n-C18:0)	Glycerophospholipid Metabolism	1.0 h_c + 1.0 ps180_c = 1.0 co2_c + 1.0 pe180_c	1.0 H+ + 1.0 Phosphatidylserine (dioctadecanoyl, n-C18:0) = 1.0 CO2 CO2 + 1.0 Phosphatidylethanolamine (dioctadecanoyl, n-C18:0)	1.0 CHEBI:5584 + 1.0 CHEBI:84519 = 1.0 CHEBI:23011 + 1.0 CHEBI:47765	{'pe180', 'h', 'ps180', 'co2'}	psd	P0A8K1
COLIPAabcpp	Core oligosaccharide lipid A transport via ABC system (periplasm)	Lipopolysaccharide Biosynthesis / Recycling	1.0 atp_c + 1.0 colipa_c + 1.0 h2o_c = 1.0 adp_c + 1.0 colipa_p + 1.0 h_c + 1.0 pi_c	1.0 ATP C10H12N5O13P3 + 1.0 Core oligosaccharide lipid A + 1.0 H2O H2O = 1.0 ADP C10H12N5O10P2 + 1.0 Core oligosaccharide lipid A + 1.0 H+ + 1.0 Phosphate	1.0 CHEBI:15422 + 1.0 Unknown + 1.0 CHEBI:13352 = 1.0 CHEBI:2342 + 1.0 Unknown + 1.0 CHEBI:5584 + 1.0 CHEBI:26078	{'atp', 'adp', 'h2o', 'colipa', 'pi', 'h'}	msbA	P60752
LPLIPAL1G141pp	Lysophospholipase L1 (2-acylglycerophosphoglycerol, n-C14:1) (periplasm)	Glycerophospholipid Metabolism	1.0 1agpg141_p + 1.0 h2o_p = 1.0 g3pg_p + 1.0 h_p + 1.0 ttdcea_p	1.0 1-Acyl-sn-glycero-3-phosphoglycerol (n-C14:1) + 1.0 H2O H2O = 1.0 Glycerophosphoglycerol + 1.0 H+ + 1.0 Tetradecenoate (n-C14:1)	1.0 Unknown + 1.0 CHEBI:13352 = 1.0 CHEBI:61933 + 1.0 CHEBI:5584 + 1.0 Unknown	{'ttdcea', 'h2o', 'g3pg', '1agpg141', 'h'}	tesA	P0ADA1
LPLIPAL1G180pp	Lysophospholipase L1 (2-acylglycerophosphoglycerol, n-C18:0) (periplasm)	Glycerophospholipid Metabolism	1.0 1agpg180_p + 1.0 h2o_p = 1.0 g3pg_p + 1.0 h_p + 1.0 ocdca_p	1.0 1-Acyl-sn-glycero-3-phosphoglycerol (n-C18:0) + 1.0 H2O H2O = 1.0 Glycerophosphoglycerol + 1.0 H+ + 1.0 Octadecanoate (n-C18:0)	1.0 CHEBI:73091 + 1.0 CHEBI:13352 = 1.0 CHEBI:61933 + 1.0 CHEBI:5584 + 1.0 CHEBI:25631	{'1agpg180', 'h2o', 'g3pg', 'ocdca', 'h'}	tesA	P0ADA1
LPLIPAL1G181pp	Lysophospholipase L1 (2-acylglycerophosphoglycerol, n-C18:1) (periplasm)	Glycerophospholipid Metabolism	1.0 1agpg181_p + 1.0 h2o_p = 1.0 g3pg_p + 1.0 h_p + 1.0 ocdcea_p	1.0 1-Acyl-sn-glycero-3-phosphoglycerol (n-C18:1) + 1.0 H2O H2O = 1.0 Glycerophosphoglycerol + 1.0 H+ + 1.0 Octadecenoate (n-C18:1)	1.0 CHEBI:72828 + 1.0 CHEBI:13352 = 1.0 CHEBI:61933 + 1.0 CHEBI:5584 + 1.0 CHEBI:30823	{'ocdcea', 'h2o', 'g3pg', '1agpg181', 'h'}	tesA	P0ADA1
ACONIs	Aconitate isomerase (spontaneous)	Unassigned	1.0 acon_T_c = 1.0 acon_C_c	1.0 Trans-Aconitate = 1.0 Cis-Aconitate	1.0 CHEBI:10719 = 1.0 CHEBI:23306	{'acon_T', 'acon_C'}		Unknown
ACONTb	Aconitase (half-reaction B, Isocitrate hydro-lyase)	Citric Acid Cycle	1.0 acon_C_c + 1.0 h2o_c = 1.0 icit_c	1.0 Cis-Aconitate + 1.0 H2O H2O = 1.0 Isocitrate	1.0 CHEBI:23306 + 1.0 CHEBI:13352 = 1.0 CHEBI:16087	{'acon_C', 'icit', 'h2o'}	acnB, acnA	P36683, P25516
GLCP2	Glycogen phosphorylase	Glycolysis/Gluconeogenesis	1.0 bglycogen_c + 1.0 pi_c = 1.0 g1p_c	1.0 Branching glycogen + 1.0 Phosphate = 1.0 D-Glucose 1-phosphate	1.0 Unknown + 1.0 CHEBI:26078 = 1.0 CHEBI:10246	{'bglycogen', 'pi', 'g1p'}	malP, glgP	P00490, P0AC86
PLIPA2A140pp	Phospholipase A2 (phosphatidate, n-C14:0) (periplasm)	Glycerophospholipid Metabolism	1.0 h2o_p + 1.0 pa140_p = 1.0 1tdecg3p_p + 1.0 h_p + 1.0 ttdca_p	1.0 H2O H2O + 1.0 1,2-ditetradecanoyl-sn-glycerol 3-phosphate = 1.0 1-tetradecanoyl-sn-glycerol 3-phosphate + 1.0 H+ + 1.0 Tetradecanoate (n-C14:0)	1.0 CHEBI:13352 + 1.0 CHEBI:84266 = 1.0 CHEBI:62833 + 1.0 CHEBI:5584 + 1.0 Unknown	{'ttdca', 'h2o', 'pa140', '1tdecg3p', 'h'}	pldA	P0A921
PLIPA2A141pp	Phospholipase A2 (phosphatidate, n-C14:1) (periplasm)	Glycerophospholipid Metabolism	1.0 h2o_p + 1.0 pa141_p = 1.0 1tdec7eg3p_p + 1.0 h_p + 1.0 ttdcea_p	1.0 H2O H2O + 1.0 1,2-ditetradec-7-enoyl-sn-glycerol 3-phosphate = 1.0 1-tetradec-7-enoyl-sn-glycerol 3-phosphate + 1.0 H+ + 1.0 Tetradecenoate (n-C14:1)	1.0 CHEBI:13352 + 1.0 Unknown = 1.0 Unknown + 1.0 CHEBI:5584 + 1.0 Unknown	{'pa141', '1tdec7eg3p', 'ttdcea', 'h2o', 'h'}	pldA	P0A921
PLIPA2A180pp	Phospholipase A2 (phosphatidate, n-C18:0) (periplasm)	Glycerophospholipid Metabolism	1.0 h2o_p + 1.0 pa180_p = 1.0 1odecg3p_p + 1.0 h_p + 1.0 ocdca_p	1.0 H2O H2O + 1.0 1,2-dioctadecanoyl-sn-glycerol 3-phosphate = 1.0 1-octadecanoyl-sn-glycerol 3-phosphate + 1.0 H+ + 1.0 Octadecanoate (n-C18:0)	1.0 CHEBI:13352 + 1.0 CHEBI:82921 = 1.0 CHEBI:74850 + 1.0 CHEBI:5584 + 1.0 CHEBI:25631	{'1odecg3p', 'pa180', 'h2o', 'ocdca', 'h'}	pldA	P0A921
PLIPA2E141pp	Phospholipase A2 (phosphatidylethanolamine, n-C14:1) (periplasm)	Glycerophospholipid Metabolism	1.0 h2o_p + 1.0 pe141_p = 1.0 1agpe141_p + 1.0 h_p + 1.0 ttdcea_p	1.0 H2O H2O + 1.0 Phosphatidylethanolamine (ditetradec-7-enoyl, n-C14:1) = 1.0 1-Acyl-sn-glycero-3-phosphoethanolamine (n-C14:1) + 1.0 H+ + 1.0 Tetradecenoate (n-C14:1)	1.0 CHEBI:13352 + 1.0 Unknown = 1.0 Unknown + 1.0 CHEBI:5584 + 1.0 Unknown	{'pe141', '1agpe141', 'ttdcea', 'h2o', 'h'}	pldA	P0A921
PLIPA2E181pp	Phospholipase A2 (phosphatidylethanolamine, n-C18:1) (periplasm)	Glycerophospholipid Metabolism	1.0 h2o_p + 1.0 pe181_p = 1.0 1agpe181_p + 1.0 h_p + 1.0 ocdcea_p	1.0 H2O H2O + 1.0 Phosphatidylethanolamine (dioctadec-11-enoyl, n-C18:1) = 1.0 1-Acyl-sn-glycero-3-phosphoethanolamine (n-C18:1) + 1.0 H+ + 1.0 Octadecenoate (n-C18:1)	1.0 CHEBI:13352 + 1.0 Unknown = 1.0 Unknown + 1.0 CHEBI:5584 + 1.0 CHEBI:30823	{'ocdcea', 'pe181', 'h2o', '1agpe181', 'h'}	pldA	P0A921
PLIPA2G140pp	Phospholipase A2 (phosphatidylglycerol, n-C14:0) (periplasm)	Glycerophospholipid Metabolism	1.0 h2o_p + 1.0 pg140_p = 1.0 1agpg140_p + 1.0 h_p + 1.0 ttdca_p	1.0 H2O H2O + 1.0 Phosphatidylglycerol (ditetradecanoyl, n-C14:0) = 1.0 1-Acyl-sn-glycero-3-phosphoglycerol (n-C14:0) + 1.0 H+ + 1.0 Tetradecanoate (n-C14:0)	1.0 CHEBI:13352 + 1.0 CHEBI:60723 = 1.0 CHEBI:72826 + 1.0 CHEBI:5584 + 1.0 Unknown	{'ttdca', 'h2o', '1agpg140', 'pg140', 'h'}	pldA	P0A921
3HAD161	3-hydroxyacyl-[acyl-carrier-protein] dehydratase (n-C16:1)	Cell Envelope Biosynthesis	1.0 3hcpalm9eACP_c = 1.0 h2o_c + 1.0 t3c9palmeACP_c	1.0 (R)-3-hydroxy-cis-palm-9-eoyl-[acyl-carrier protein] = 1.0 H2O H2O + 1.0 Trans-3-cis-9-palmitoleoyl-[acyl-carrier protein]	1.0 Unknown = 1.0 CHEBI:13352 + 1.0 Unknown	{'t3c9palmeACP', '3hcpalm9eACP', 'h2o'}	fabA, fabZ	P0A6Q3, P0A6Q6
PLIPA2G160pp	Phospholipase A2 (phosphatidylglycerol, n-C16:0) (periplasm)	Glycerophospholipid Metabolism	1.0 h2o_p + 1.0 pg160_p = 1.0 1agpg160_p + 1.0 h_p + 1.0 hdca_p	1.0 H2O H2O + 1.0 Phosphatidylglycerol (dihexadecanoyl, n-C16:0) = 1.0 1-Acyl-sn-glycero-3-phosphoglycerol (n-C16:0) + 1.0 H+ + 1.0 Hexadecanoate (n-C16:0)	1.0 CHEBI:13352 + 1.0 CHEBI:73205 = 1.0 CHEBI:72825 + 1.0 CHEBI:5584 + 1.0 CHEBI:7896	{'hdca', 'pg160', 'h2o', '1agpg160', 'h'}	pldA	P0A921
PLIPA2G181pp	Phospholipase A2 (phosphatidylglycerol, n-C18:1) (periplasm)	Glycerophospholipid Metabolism	1.0 h2o_p + 1.0 pg181_p = 1.0 1agpg181_p + 1.0 h_p + 1.0 ocdcea_p	1.0 H2O H2O + 1.0 Phosphatidylglycerol (dioctadec-11-enoyl, n-C18:1) = 1.0 1-Acyl-sn-glycero-3-phosphoglycerol (n-C18:1) + 1.0 H+ + 1.0 Octadecenoate (n-C18:1)	1.0 CHEBI:13352 + 1.0 Unknown = 1.0 CHEBI:72828 + 1.0 CHEBI:5584 + 1.0 CHEBI:30823	{'ocdcea', 'pg181', 'h2o', '1agpg181', 'h'}	pldA	P0A921
SUCDi	Succinate dehydrogenase (irreversible)	Oxidative Phosphorylation	1.0 q8_c + 1.0 succ_c = 1.0 fum_c + 1.0 q8h2_c	1.0 Ubiquinone-8 + 1.0 Succinate = 1.0 Fumarate + 1.0 Ubiquinol-8	1.0 CHEBI:61683 + 1.0 CHEBI:22941 = 1.0 CHEBI:36180 + 1.0 CHEBI:61682	{'q8', 'q8h2', 'succ', 'fum'}	sdhC, sdhD, sdhA, sdhB	P69054, P0AC44, P0AC41, P07014
FADRx2	FAD reductase	Cofactor and Prosthetic Group Biosynthesis	1.0 fad_c + 1.0 h_c + 1.0 nadph_c = 1.0 fadh2_c + 1.0 nadp_c	1.0 Flavin adenine dinucleotide oxidized + 1.0 H+ + 1.0 Nicotinamide adenine dinucleotide phosphate - reduced = 1.0 Flavin adenine dinucleotide reduced + 1.0 Nicotinamide adenine dinucleotide phosphate	1.0 CHEBI:16238 + 1.0 CHEBI:5584 + 1.0 CHEBI:16474 = 1.0 CHEBI:13316 + 1.0 CHEBI:29868	{'nadp', 'nadph', 'fad', 'fadh2', 'h'}	cysJ, cysI	P38038, P17846
LPLIPAL1E141pp	Lysophospholipase L1 (2-acylglycerophosphoethanolamine, n-C14:1) (periplasm)	Glycerophospholipid Metabolism	1.0 1agpe141_p + 1.0 h2o_p = 1.0 g3pe_p + 1.0 h_p + 1.0 ttdcea_p	1.0 1-Acyl-sn-glycero-3-phosphoethanolamine (n-C14:1) + 1.0 H2O H2O = 1.0 Sn-Glycero-3-phosphoethanolamine + 1.0 H+ + 1.0 Tetradecenoate (n-C14:1)	1.0 Unknown + 1.0 CHEBI:13352 = 1.0 CHEBI:57952 + 1.0 CHEBI:5584 + 1.0 Unknown	{'1agpe141', 'ttdcea', 'h2o', 'g3pe', 'h'}	tesA	P0ADA1
LALDO2x	D-Lactaldehyde:NAD+ 1-oxidoreductase	Methylglyoxal Metabolism	1.0 h_c + 1.0 mthgxl_c + 1.0 nadh_c = 1.0 lald__D_c + 1.0 nad_c	1.0 H+ + 1.0 Methylglyoxal + 1.0 Nicotinamide adenine dinucleotide - reduced = 1.0 D-Lactaldehyde + 1.0 Nicotinamide adenine dinucleotide	1.0 CHEBI:5584 + 1.0 CHEBI:14599 + 1.0 CHEBI:13395 = 1.0 CHEBI:11000 + 1.0 CHEBI:7422	{'mthgxl', 'lald__D', 'nad', 'nadh', 'h'}	gldA	P0A9S5
LPLIPAL1E160pp	Lysophospholipase L1 (2-acylglycerophosphoethanolamine, n-C16:0) (periplasm)	Glycerophospholipid Metabolism	1.0 1agpe160_p + 1.0 h2o_p = 1.0 g3pe_p + 1.0 h_p + 1.0 hdca_p	1.0 1-Acyl-sn-glycero-3-phosphoethanolamine (n-C16:0) + 1.0 H2O H2O = 1.0 Sn-Glycero-3-phosphoethanolamine + 1.0 H+ + 1.0 Hexadecanoate (n-C16:0)	1.0 CHEBI:73134 + 1.0 CHEBI:13352 = 1.0 CHEBI:57952 + 1.0 CHEBI:5584 + 1.0 CHEBI:7896	{'1agpe160', 'hdca', 'h2o', 'g3pe', 'h'}	tesA	P0ADA1
LPLIPAL1E180pp	Lysophospholipase L1 (2-acylglycerophosphoethanolamine, n-C18:0) (periplasm)	Glycerophospholipid Metabolism	1.0 1agpe180_p + 1.0 h2o_p = 1.0 g3pe_p + 1.0 h_p + 1.0 ocdca_p	1.0 1-Acyl-sn-glycero-3-phosphoethanolamine (n-C18:0) + 1.0 H2O H2O = 1.0 Sn-Glycero-3-phosphoethanolamine + 1.0 H+ + 1.0 Octadecanoate (n-C18:0)	1.0 CHEBI:75036 + 1.0 CHEBI:13352 = 1.0 CHEBI:57952 + 1.0 CHEBI:5584 + 1.0 CHEBI:25631	{'1agpe180', 'h2o', 'g3pe', 'ocdca', 'h'}	tesA	P0ADA1
ASNS1	Asparagine synthase (glutamine-hydrolysing)	Alanine and Aspartate Metabolism	1.0 asp__L_c + 1.0 atp_c + 1.0 gln__L_c + 1.0 h2o_c = 1.0 amp_c + 1.0 asn__L_c + 1.0 glu__L_c + 1.0 h_c + 1.0 ppi_c	1.0 L-Aspartate + 1.0 ATP C10H12N5O13P3 + 1.0 L-Glutamine + 1.0 H2O H2O = 1.0 AMP C10H12N5O7P + 1.0 L-Asparagine + 1.0 L-Glutamate + 1.0 H+ + 1.0 Diphosphate	1.0 CHEBI:17053 + 1.0 CHEBI:15422 + 1.0 CHEBI:42943 + 1.0 CHEBI:13352 = 1.0 CHEBI:13736 + 1.0 CHEBI:6191 + 1.0 CHEBI:76051 + 1.0 CHEBI:5584 + 1.0 CHEBI:45212	{'asn__L', 'atp', 'asp__L', 'ppi', 'h2o', 'glu__L', 'gln__L', 'amp', 'h'}	asnB	P22106
EAR80y	Enoyl-[acyl-carrier-protein] reductase (NADPH) (n-C8:0)	Cell Envelope Biosynthesis	1.0 h_c + 1.0 nadph_c + 1.0 toct2eACP_c = 1.0 nadp_c + 1.0 ocACP_c	1.0 H+ + 1.0 Nicotinamide adenine dinucleotide phosphate - reduced + 1.0 Trans-Oct-2-enoyl-[acyl-carrier protein] = 1.0 Nicotinamide adenine dinucleotide phosphate + 1.0 Octanoyl-ACP (n-C8:0ACP)	1.0 CHEBI:5584 + 1.0 CHEBI:16474 + 1.0 Unknown = 1.0 CHEBI:29868 + 1.0 Unknown	{'nadp', 'nadph', 'toct2eACP', 'ocACP', 'h'}	fabI	P0AEK4
EAR120y	Enoyl-[acyl-carrier-protein] reductase (NADPH) (n-C12:0)	Cell Envelope Biosynthesis	1.0 h_c + 1.0 nadph_c + 1.0 tddec2eACP_c = 1.0 ddcaACP_c + 1.0 nadp_c	1.0 H+ + 1.0 Nicotinamide adenine dinucleotide phosphate - reduced + 1.0 Trans-Dodec-2-enoyl-[acyl-carrier protein] = 1.0 Dodecanoyl-ACP (n-C12:0ACP) + 1.0 Nicotinamide adenine dinucleotide phosphate	1.0 CHEBI:5584 + 1.0 CHEBI:16474 + 1.0 CHEBI:10725 = 1.0 Unknown + 1.0 CHEBI:29868	{'nadp', 'nadph', 'tddec2eACP', 'ddcaACP', 'h'}	fabI	P0AEK4
3OAR181	3-oxoacyl-[acyl-carrier-protein] reductase (n-C18:1)	Cell Envelope Biosynthesis	1.0 3ocvac11eACP_c + 1.0 h_c + 1.0 nadph_c = 1.0 3hcvac11eACP_c + 1.0 nadp_c	1.0 3-oxo-cis-vacc-11-enoyl-[acyl-carrier protein] + 1.0 H+ + 1.0 Nicotinamide adenine dinucleotide phosphate - reduced = 1.0 (R)-3-hydroxy-cis-vacc-11-enoyl-[acyl-carrier protein] + 1.0 Nicotinamide adenine dinucleotide phosphate	1.0 Unknown + 1.0 CHEBI:5584 + 1.0 CHEBI:16474 = 1.0 Unknown + 1.0 CHEBI:29868	{'nadp', 'nadph', '3ocvac11eACP', '3hcvac11eACP', 'h'}	fabG	P0AEK2
3HAD121	3-hydroxyacyl-[acyl-carrier-protein] dehydratase (n-C12:1)	Cell Envelope Biosynthesis	1.0 3hcddec5eACP_c = 1.0 h2o_c + 1.0 t3c5ddeceACP_c	1.0 (R)-3-hydroxy-cis-dodec-5-enoyl-[acyl-carrier protein] = 1.0 H2O H2O + 1.0 Trans-3-cis-5-dodecenoyl-[acyl-carrier protein]	1.0 Unknown = 1.0 CHEBI:13352 + 1.0 Unknown	{'3hcddec5eACP', 't3c5ddeceACP', 'h2o'}	fabA, fabZ	P0A6Q3, P0A6Q6
EAR121y	Enoyl-[acyl-carrier-protein] reductase (NADPH) (n-C12:1)	Cell Envelope Biosynthesis	1.0 h_c + 1.0 nadph_c + 1.0 t3c5ddeceACP_c = 1.0 cddec5eACP_c + 1.0 nadp_c	1.0 H+ + 1.0 Nicotinamide adenine dinucleotide phosphate - reduced + 1.0 Trans-3-cis-5-dodecenoyl-[acyl-carrier protein] = 1.0 Cis-dodec-5-enoyl-[acyl-carrier protein] (n-C12:1) + 1.0 Nicotinamide adenine dinucleotide phosphate	1.0 CHEBI:5584 + 1.0 CHEBI:16474 + 1.0 Unknown = 1.0 Unknown + 1.0 CHEBI:29868	{'cddec5eACP', 'nadp', 'nadph', 't3c5ddeceACP', 'h'}	fabI	P0AEK4
LPLIPAL1E181pp	Lysophospholipase L1 (2-acylglycerophosphoethanolamine, n-C18:1) (periplasm)	Glycerophospholipid Metabolism	1.0 1agpe181_p + 1.0 h2o_p = 1.0 g3pe_p + 1.0 h_p + 1.0 ocdcea_p	1.0 1-Acyl-sn-glycero-3-phosphoethanolamine (n-C18:1) + 1.0 H2O H2O = 1.0 Sn-Glycero-3-phosphoethanolamine + 1.0 H+ + 1.0 Octadecenoate (n-C18:1)	1.0 Unknown + 1.0 CHEBI:13352 = 1.0 CHEBI:57952 + 1.0 CHEBI:5584 + 1.0 CHEBI:30823	{'ocdcea', '1agpe181', 'h2o', 'g3pe', 'h'}	tesA	P0ADA1
LPLIPAL1G160pp	Lysophospholipase L1 (2-acylglycerophosphoglycerol, n-C16:0) (periplasm)	Glycerophospholipid Metabolism	1.0 1agpg160_p + 1.0 h2o_p = 1.0 g3pg_p + 1.0 h_p + 1.0 hdca_p	1.0 1-Acyl-sn-glycero-3-phosphoglycerol (n-C16:0) + 1.0 H2O H2O = 1.0 Glycerophosphoglycerol + 1.0 H+ + 1.0 Hexadecanoate (n-C16:0)	1.0 CHEBI:72825 + 1.0 CHEBI:13352 = 1.0 CHEBI:61933 + 1.0 CHEBI:5584 + 1.0 CHEBI:7896	{'hdca', 'h2o', '1agpg160', 'g3pg', 'h'}	tesA	P0ADA1
LPLIPAL1G161pp	Lysophospholipase L1 (2-acylglycerophosphoglycerol, n-C16:1) (periplasm)	Glycerophospholipid Metabolism	1.0 1agpg161_p + 1.0 h2o_p = 1.0 g3pg_p + 1.0 h_p + 1.0 hdcea_p	1.0 1-Acyl-sn-glycero-3-phosphoglycerol (n-C16:1) + 1.0 H2O H2O = 1.0 Glycerophosphoglycerol + 1.0 H+ + 1.0 Hexadecenoate (n-C16:1)	1.0 Unknown + 1.0 CHEBI:13352 = 1.0 CHEBI:61933 + 1.0 CHEBI:5584 + 1.0 Unknown	{'hdcea', 'h2o', '1agpg161', 'g3pg', 'h'}	tesA	P0ADA1
GTHRDHpp	Glutathione hydralase (periplasmic)	Cofactor and Prosthetic Group Biosynthesis	1.0 gthrd_p + 1.0 h2o_p = 1.0 cgly_p + 1.0 glu__L_p	1.0 Reduced glutathione + 1.0 H2O H2O = 1.0 Cys Gly C5H10N2O3S + 1.0 L-Glutamate	1.0 CHEBI:43049 + 1.0 CHEBI:13352 = 1.0 CHEBI:61694 + 1.0 CHEBI:76051	{'cgly', 'glu__L', 'h2o', 'gthrd'}	ggt	P18956
EX_o2_e	O2 exchange	Extracellular exchange	1.0 o2_e = 	1.0 O2 O2 = 	1.0 CHEBI:7860 = 	{'o2'}	Unknown	Unknown
EX_progly_e	L-Prolinylglycine exchange	Extracellular exchange	1.0 progly_e = 	1.0 L-Prolinylglycine = 	1.0 CHEBI:61696 = 	{'progly'}	Unknown	Unknown
MDDCP2pp	Murein D,D-carboxypeptidase (murein5px4px4p) (periplasm)	Murein Biosynthesis	1.0 h2o_p + 1.0 murein5px4px4p_p = 1.0 ala__D_p + 1.0 murein4px4px4p_p	1.0 H2O H2O + 1.0 Three disacharide linked murein units (pentapeptide crosslinked tetrapeptide (A2pm->D-ala) tetrapeptide corsslinked tetrapeptide (A2pm->D-ala)) (middle of chain) = 1.0 D-Alanine + 1.0 Three disacharide linked murein units (tetrapeptide crosslinked tetrapeptide (A2pm->D-ala) & tetrapeptide corsslinked tetrapeptide (A2pm->D-ala)) (middle of chain)	1.0 CHEBI:13352 + 1.0 Unknown = 1.0 CHEBI:12899 + 1.0 Unknown	{'ala__D', 'murein4px4px4p', 'murein5px4px4p', 'h2o'}	dacA, dacB, dacC, dacD, yfeW, ampH	P0AEB2, P24228, P08506, P33013, P77619, P0AD70
LPLIPAL1G120pp	Lysophospholipase L1 (2-acylglycerophosphoglycerol, n-C12:0) (periplasm)	Glycerophospholipid Metabolism	1.0 1agpg120_p + 1.0 h2o_p = 1.0 ddca_p + 1.0 g3pg_p + 1.0 h_p	1.0 1-Acyl-sn-glycero-3-phosphoglycerol (n-C12:0) + 1.0 H2O H2O = 1.0 Dodecanoate (n-C12:0) + 1.0 Glycerophosphoglycerol + 1.0 H+	1.0 Unknown + 1.0 CHEBI:13352 = 1.0 Unknown + 1.0 CHEBI:61933 + 1.0 CHEBI:5584	{'h2o', 'ddca', 'g3pg', '1agpg120', 'h'}	tesA	P0ADA1
PLIPA2E140pp	Phospholipase A2 (phosphatidylethanolamine, n-C14:0) (periplasm)	Glycerophospholipid Metabolism	1.0 h2o_p + 1.0 pe140_p = 1.0 1agpe140_p + 1.0 h_p + 1.0 ttdca_p	1.0 H2O H2O + 1.0 Phosphatidylethanolamine (ditetradecanoyl, n-C14:0) = 1.0 1-Acyl-sn-glycero-3-phosphoethanolamine (n-C14:0) + 1.0 H+ + 1.0 Tetradecanoate (n-C14:0)	1.0 CHEBI:13352 + 1.0 Unknown = 1.0 CHEBI:84299 + 1.0 CHEBI:5584 + 1.0 Unknown	{'ttdca', 'h2o', '1agpe140', 'pe140', 'h'}	pldA	P0A921
PLIPA2E160pp	Phospholipase A2 (phosphatidylethanolamine, n-C16:0) (periplasm)	Glycerophospholipid Metabolism	1.0 h2o_p + 1.0 pe160_p = 1.0 1agpe160_p + 1.0 h_p + 1.0 hdca_p	1.0 H2O H2O + 1.0 Phosphatidylethanolamine (dihexadecanoyl, n-C16:0) = 1.0 1-Acyl-sn-glycero-3-phosphoethanolamine (n-C16:0) + 1.0 H+ + 1.0 Hexadecanoate (n-C16:0)	1.0 CHEBI:13352 + 1.0 CHEBI:73005 = 1.0 CHEBI:73134 + 1.0 CHEBI:5584 + 1.0 CHEBI:7896	{'1agpe160', 'hdca', 'h2o', 'pe160', 'h'}	pldA	P0A921
PLIPA2A161pp	Phospholipase A2 (phosphatidate, n-C16:1) (periplasm)	Glycerophospholipid Metabolism	1.0 h2o_p + 1.0 pa161_p = 1.0 1hdec9eg3p_p + 1.0 h_p + 1.0 hdcea_p	1.0 H2O H2O + 1.0 1,2-dihexadec-9-enoyl-sn-glycerol 3-phosphate = 1.0 1-hexadec-9-enoyl-sn-glycerol 3-phosphate + 1.0 H+ + 1.0 Hexadecenoate (n-C16:1)	1.0 CHEBI:13352 + 1.0 Unknown = 1.0 Unknown + 1.0 CHEBI:5584 + 1.0 Unknown	{'pa161', 'hdcea', 'h2o', '1hdec9eg3p', 'h'}	pldA	P0A921
PLIPA2A181pp	Phospholipase A2 (phosphatidate, n-C18:1) (periplasm)	Glycerophospholipid Metabolism	1.0 h2o_p + 1.0 pa181_p = 1.0 1odec11eg3p_p + 1.0 h_p + 1.0 ocdcea_p	1.0 H2O H2O + 1.0 1,2-dioctadec-11-enoyl-sn-glycerol 3-phosphate = 1.0 1-octadec-11-enoyl-sn-glycerol 3-phosphate + 1.0 H+ + 1.0 Octadecenoate (n-C18:1)	1.0 CHEBI:13352 + 1.0 Unknown = 1.0 Unknown + 1.0 CHEBI:5584 + 1.0 CHEBI:30823	{'ocdcea', 'h2o', '1odec11eg3p', 'pa181', 'h'}	pldA	P0A921
MDDCP3pp	Murein D,D-carboxypeptidase (murein5p5p) (periplasm)	Murein Biosynthesis	1.0 h2o_p + 1.0 murein5p5p_p = 1.0 ala__D_p + 1.0 murein5p4p_p	1.0 H2O H2O + 1.0 Two linked disacharide pentapeptide murein units (uncrosslinked, middle of chain) = 1.0 D-Alanine + 1.0 Two linked disacharide pentapeptide and tetrapeptide murein units (uncrosslinked, middle of chain)	1.0 CHEBI:13352 + 1.0 Unknown = 1.0 CHEBI:12899 + 1.0 Unknown	{'ala__D', 'murein5p5p', 'murein5p4p', 'h2o'}	dacA, dacB, dacC, dacD, yfeW, ampH	P0AEB2, P24228, P08506, P33013, P77619, P0AD70
EAR140x	Enoyl-[acyl-carrier-protein] reductase (NADH) (n-C14:0)	Cell Envelope Biosynthesis	1.0 h_c + 1.0 nadh_c + 1.0 tmrs2eACP_c = 1.0 myrsACP_c + 1.0 nad_c	1.0 H+ + 1.0 Nicotinamide adenine dinucleotide - reduced + 1.0 Trans-Tetradec-2-enoyl-[acyl-carrier protein] = 1.0 Myristoyl-ACP (n-C14:0ACP) + 1.0 Nicotinamide adenine dinucleotide	1.0 CHEBI:5584 + 1.0 CHEBI:13395 + 1.0 CHEBI:10735 = 1.0 Unknown + 1.0 CHEBI:7422	{'myrsACP', 'tmrs2eACP', 'nad', 'nadh', 'h'}	fabI	P0AEK4
EAR40y	Enoyl-[acyl-carrier-protein] reductase (NADPH) (n-C4:0)	Cell Envelope Biosynthesis	1.0 but2eACP_c + 1.0 h_c + 1.0 nadph_c = 1.0 butACP_c + 1.0 nadp_c	1.0 But-2-enoyl-[acyl-carrier protein] + 1.0 H+ + 1.0 Nicotinamide adenine dinucleotide phosphate - reduced = 1.0 Butyryl-ACP (n-C4:0ACP) + 1.0 Nicotinamide adenine dinucleotide phosphate	1.0 Unknown + 1.0 CHEBI:5584 + 1.0 CHEBI:16474 = 1.0 Unknown + 1.0 CHEBI:29868	{'nadp', 'butACP', 'nadph', 'but2eACP', 'h'}	fabI	P0AEK4
EX_gal_bD_e	Beta D-Galactose exchange	Extracellular exchange	1.0 gal_bD_e = 	1.0 Beta D-Galactose = 	1.0 CHEBI:42776 = 	{'gal_bD'}	Unknown	Unknown
3OAS181	3-oxoacyl-[acyl-carrier-protein] synthase (n-C18:1)	Cell Envelope Biosynthesis	1.0 h_c + 1.0 hdeACP_c + 1.0 malACP_c = 1.0 3ocvac11eACP_c + 1.0 ACP_c + 1.0 co2_c	1.0 H+ + 1.0 Cis-hexadec-9-enoyl-[acyl-carrier protein] (n-C16:1) + 1.0 Malonyl-[acyl-carrier protein] = 1.0 3-oxo-cis-vacc-11-enoyl-[acyl-carrier protein] + 1.0 Acyl carrier protein + 1.0 CO2 CO2	1.0 CHEBI:5584 + 1.0 Unknown + 1.0 CHEBI:6662 = 1.0 Unknown + 1.0 CHEBI:14405 + 1.0 CHEBI:23011	{'malACP', 'hdeACP', 'ACP', 'co2', '3ocvac11eACP', 'h'}	fabF	P0AAI5
EAR161y	Enoyl-[acyl-carrier-protein] reductase (NADPH) (n-C16:1)	Cell Envelope Biosynthesis	1.0 h_c + 1.0 nadph_c + 1.0 t3c9palmeACP_c = 1.0 hdeACP_c + 1.0 nadp_c	1.0 H+ + 1.0 Nicotinamide adenine dinucleotide phosphate - reduced + 1.0 Trans-3-cis-9-palmitoleoyl-[acyl-carrier protein] = 1.0 Cis-hexadec-9-enoyl-[acyl-carrier protein] (n-C16:1) + 1.0 Nicotinamide adenine dinucleotide phosphate	1.0 CHEBI:5584 + 1.0 CHEBI:16474 + 1.0 Unknown = 1.0 Unknown + 1.0 CHEBI:29868	{'h', 'hdeACP', 'nadp', 'nadph', 't3c9palmeACP'}	fabI	P0AEK4
G3PAT140	Glycerol-3-phosphate acyltransferase (C14:0)	Glycerophospholipid Metabolism	1.0 glyc3p_c + 1.0 myrsACP_c = 1.0 1tdecg3p_c + 1.0 ACP_c	1.0 Glycerol 3-phosphate + 1.0 Myristoyl-ACP (n-C14:0ACP) = 1.0 1-tetradecanoyl-sn-glycerol 3-phosphate + 1.0 Acyl carrier protein	1.0 CHEBI:12843 + 1.0 Unknown = 1.0 CHEBI:62833 + 1.0 CHEBI:14405	{'myrsACP', 'ACP', '1tdecg3p', 'glyc3p'}	acpP, plsB	P0A6A8, P0A7A7
G3PAT160	Glycerol-3-phosphate acyltransferase (C16:0)	Glycerophospholipid Metabolism	1.0 glyc3p_c + 1.0 palmACP_c = 1.0 1hdecg3p_c + 1.0 ACP_c	1.0 Glycerol 3-phosphate + 1.0 Palmitoyl-ACP (n-C16:0ACP) = 1.0 1-hexadecanoyl-sn-glycerol 3-phosphate + 1.0 Acyl carrier protein	1.0 CHEBI:12843 + 1.0 Unknown = 1.0 Unknown + 1.0 CHEBI:14405	{'palmACP', '1hdecg3p', 'ACP', 'glyc3p'}	acpP, plsB	P0A6A8, P0A7A7
G3PAT161	Glycerol-3-phosphate acyltransferase (C16:1)	Glycerophospholipid Metabolism	1.0 glyc3p_c + 1.0 hdeACP_c = 1.0 1hdec9eg3p_c + 1.0 ACP_c	1.0 Glycerol 3-phosphate + 1.0 Cis-hexadec-9-enoyl-[acyl-carrier protein] (n-C16:1) = 1.0 1-hexadec-9-enoyl-sn-glycerol 3-phosphate + 1.0 Acyl carrier protein	1.0 CHEBI:12843 + 1.0 Unknown = 1.0 Unknown + 1.0 CHEBI:14405	{'1hdec9eg3p', 'hdeACP', 'ACP', 'glyc3p'}	acpP, plsB	P0A6A8, P0A7A7
AGPAT160	1-hexadecanoyl-sn-glycerol 3-phosphate O-acyltransferase (n-C16:0)	Glycerophospholipid Metabolism	1.0 1hdecg3p_c + 1.0 palmACP_c = 1.0 ACP_c + 1.0 pa160_c	1.0 1-hexadecanoyl-sn-glycerol 3-phosphate + 1.0 Palmitoyl-ACP (n-C16:0ACP) = 1.0 Acyl carrier protein + 1.0 1,2-dihexadecanoyl-sn-glycerol 3-phosphate	1.0 Unknown + 1.0 Unknown = 1.0 CHEBI:14405 + 1.0 CHEBI:72859	{'pa160', 'palmACP', '1hdecg3p', 'ACP'}	plsC	P26647
AGPAT140	1-tetradecanoyl-sn-glycerol 3-phosphate O-acyltransferase (n-C14:0)	Glycerophospholipid Metabolism	1.0 1tdecg3p_c + 1.0 myrsACP_c = 1.0 ACP_c + 1.0 pa140_c	1.0 1-tetradecanoyl-sn-glycerol 3-phosphate + 1.0 Myristoyl-ACP (n-C14:0ACP) = 1.0 Acyl carrier protein + 1.0 1,2-ditetradecanoyl-sn-glycerol 3-phosphate	1.0 CHEBI:62833 + 1.0 Unknown = 1.0 CHEBI:14405 + 1.0 CHEBI:84266	{'myrsACP', 'pa140', 'ACP', '1tdecg3p'}	plsC	P26647
PGSA160	Phosphatidylglycerol synthase (n-C16:0)	Glycerophospholipid Metabolism	1.0 cdpdhdecg_c + 1.0 glyc3p_c = 1.0 cmp_c + 1.0 h_c + 1.0 pgp160_c	1.0 CDP-1,2-dihexadecanoylglycerol + 1.0 Glycerol 3-phosphate = 1.0 CMP C9H12N3O8P + 1.0 H+ + 1.0 Phosphatidylglycerophosphate (dihexadecanoyl, n-C16:0)	1.0 Unknown + 1.0 CHEBI:12843 = 1.0 CHEBI:60377 + 1.0 CHEBI:5584 + 1.0 Unknown	{'cdpdhdecg', 'cmp', 'pgp160', 'glyc3p', 'h'}	pgsA	P0ABF8
MLDCP2Bpp	Murein L,D-carboxypeptidase (murein4p3p) (periplasm)	Murein Biosynthesis	1.0 h2o_p + 1.0 murein4p3p_p = 1.0 ala__D_p + 1.0 murein3p3p_p	1.0 H2O H2O + 1.0 Two linked disacharide tetrapeptide and tripeptide murein units (uncrosslinked, middle of chain) = 1.0 D-Alanine + 1.0 Two linked disacharide tripeptide murein units (uncrosslinked, middle of chain)	1.0 CHEBI:13352 + 1.0 Unknown = 1.0 CHEBI:12899 + 1.0 Unknown	{'ala__D', 'murein4p3p', 'murein3p3p', 'h2o'}	ldtC, ldtB, ldtA, ldtE, ldtD	P75954, P0AAX8, P39176, P76193, P22525
3OAS140	3-oxoacyl-[acyl-carrier-protein] synthase (n-C14:0)	Cell Envelope Biosynthesis	1.0 ddcaACP_c + 1.0 h_c + 1.0 malACP_c = 1.0 3omrsACP_c + 1.0 ACP_c + 1.0 co2_c	1.0 Dodecanoyl-ACP (n-C12:0ACP) + 1.0 H+ + 1.0 Malonyl-[acyl-carrier protein] = 1.0 3-Oxotetradecanoyl-[acyl-carrier protein] + 1.0 Acyl carrier protein + 1.0 CO2 CO2	1.0 Unknown + 1.0 CHEBI:5584 + 1.0 CHEBI:6662 = 1.0 CHEBI:1655 + 1.0 CHEBI:14405 + 1.0 CHEBI:23011	{'malACP', 'ACP', 'co2', 'ddcaACP', '3omrsACP', 'h'}	fabB, fabF	P0A953, P0AAI5
3OAR140	3-oxoacyl-[acyl-carrier-protein] reductase (n-C14:0)	Cell Envelope Biosynthesis	1.0 3omrsACP_c + 1.0 h_c + 1.0 nadph_c = 1.0 3hmrsACP_c + 1.0 nadp_c	1.0 3-Oxotetradecanoyl-[acyl-carrier protein] + 1.0 H+ + 1.0 Nicotinamide adenine dinucleotide phosphate - reduced = 1.0 (R)-3-Hydroxytetradecanoyl-[acyl-carrier protein] + 1.0 Nicotinamide adenine dinucleotide phosphate	1.0 CHEBI:1655 + 1.0 CHEBI:5584 + 1.0 CHEBI:16474 = 1.0 Unknown + 1.0 CHEBI:29868	{'nadp', 'nadph', '3hmrsACP', '3omrsACP', 'h'}	fabG	P0AEK2
CDAPPA140	CDP-Diacylglycerol pyrophostatase (n-C14:0)	Glycerophospholipid Metabolism	1.0 cdpdtdecg_c + 1.0 h2o_c = 1.0 cmp_c + 2.0 h_c + 1.0 pa140_c	1.0 CDP-1,2-ditetradecanoylglycerol + 1.0 H2O H2O = 1.0 CMP C9H12N3O8P + 2.0 H+ + 1.0 1,2-ditetradecanoyl-sn-glycerol 3-phosphate	1.0 CHEBI:103211 + 1.0 CHEBI:13352 = 1.0 CHEBI:60377 + 2.0 CHEBI:5584 + 1.0 CHEBI:84266	{'cmp', 'h2o', 'cdpdtdecg', 'pa140', 'h'}	cdh	P06282
MLDCP1App	Murein L,D-carboxypeptidase (murein5px4p) (periplasm)	Murein Biosynthesis	1.0 h2o_p + 1.0 murein5px4p_p = 1.0 alaala_p + 1.0 murein3px4p_p	1.0 H2O H2O + 1.0 Two disacharide linked murein units, pentapeptide crosslinked tetrapeptide (A2pm->D-ala) (middle of chain) = 1.0 D-Alanyl-D-alanine + 1.0 Two disacharide linked murein units, tripeptide crosslinked tetrapeptide (A2pm->D-ala) (middle of chain)	1.0 CHEBI:13352 + 1.0 Unknown = 1.0 CHEBI:13749 + 1.0 Unknown	{'murein3px4p', 'alaala', 'murein5px4p', 'h2o'}	ldtD, ldtA, ldtC, ldtE, ldtB	P22525, P39176, P75954, P76193, P0AAX8
EAR160y	Enoyl-[acyl-carrier-protein] reductase (NADPH) (n-C16:0)	Cell Envelope Biosynthesis	1.0 h_c + 1.0 nadph_c + 1.0 tpalm2eACP_c = 1.0 nadp_c + 1.0 palmACP_c	1.0 H+ + 1.0 Nicotinamide adenine dinucleotide phosphate - reduced + 1.0 Trans-Hexadec-2-enoyl-[acyl-carrier protein] = 1.0 Nicotinamide adenine dinucleotide phosphate + 1.0 Palmitoyl-ACP (n-C16:0ACP)	1.0 CHEBI:5584 + 1.0 CHEBI:16474 + 1.0 CHEBI:10729 = 1.0 CHEBI:29868 + 1.0 Unknown	{'nadp', 'nadph', 'palmACP', 'tpalm2eACP', 'h'}	fabI	P0AEK4
3OAR160	3-oxoacyl-[acyl-carrier-protein] reductase (n-C16:0)	Cell Envelope Biosynthesis	1.0 3opalmACP_c + 1.0 h_c + 1.0 nadph_c = 1.0 3hpalmACP_c + 1.0 nadp_c	1.0 3-Oxohexadecanoyl-[acyl-carrier protein] + 1.0 H+ + 1.0 Nicotinamide adenine dinucleotide phosphate - reduced = 1.0 R-3-hydroxypalmitoyl-[acyl-carrier protein] + 1.0 Nicotinamide adenine dinucleotide phosphate	1.0 CHEBI:1639 + 1.0 CHEBI:5584 + 1.0 CHEBI:16474 = 1.0 Unknown + 1.0 CHEBI:29868	{'nadp', '3hpalmACP', 'nadph', '3opalmACP', 'h'}	fabG	P0AEK2
PDE4	3',5'-cyclic-nucleotide phosphodiesterase	Nucleotide Salvage Pathway	1.0 35cgmp_c + 1.0 h2o_c = 1.0 gmp_c + 1.0 h_c	1.0 3',5'-Cyclic GMP + 1.0 H2O H2O = 1.0 GMP C10H12N5O8P + 1.0 H+	1.0 CHEBI:57746 + 1.0 CHEBI:13352 = 1.0 CHEBI:24449 + 1.0 CHEBI:5584	{'h', '35cgmp', 'gmp', 'h2o'}	dosP	P76129
PGSA161	Phosphatidylglycerol synthase (n-C16:1)	Glycerophospholipid Metabolism	1.0 cdpdhdec9eg_c + 1.0 glyc3p_c = 1.0 cmp_c + 1.0 h_c + 1.0 pgp161_c	1.0 CDP-1,2-dihexadec-9-enoylglycerol + 1.0 Glycerol 3-phosphate = 1.0 CMP C9H12N3O8P + 1.0 H+ + 1.0 Phosphatidylglycerophosphate (dihexadec-9-enoyl, n-C16:1)	1.0 CHEBI:104012 + 1.0 CHEBI:12843 = 1.0 CHEBI:60377 + 1.0 CHEBI:5584 + 1.0 Unknown	{'cmp', 'pgp161', 'glyc3p', 'cdpdhdec9eg', 'h'}	pgsA	P0ABF8
3HAD181	3-hydroxyacyl-[acyl-carrier-protein] dehydratase (n-C18:1)	Cell Envelope Biosynthesis	1.0 3hcvac11eACP_c = 1.0 h2o_c + 1.0 t3c11vaceACP_c	1.0 (R)-3-hydroxy-cis-vacc-11-enoyl-[acyl-carrier protein] = 1.0 H2O H2O + 1.0 Trans-3-cis-11-vacceoyl-[acyl-carrier protein]	1.0 Unknown = 1.0 CHEBI:13352 + 1.0 Unknown	{'t3c11vaceACP', '3hcvac11eACP', 'h2o'}	fabA, fabZ	P0A6Q3, P0A6Q6
PGPP160	Phosphatidylglycerol phosphate phosphatase (n-C16:0)	Glycerophospholipid Metabolism	1.0 h2o_c + 1.0 pgp160_c = 1.0 pg160_c + 1.0 pi_c	1.0 H2O H2O + 1.0 Phosphatidylglycerophosphate (dihexadecanoyl, n-C16:0) = 1.0 Phosphatidylglycerol (dihexadecanoyl, n-C16:0) + 1.0 Phosphate	1.0 CHEBI:13352 + 1.0 Unknown = 1.0 CHEBI:73205 + 1.0 CHEBI:26078	{'pgp160', 'pi', 'pg160', 'h2o'}	pgpA, pgpB	P18200, P0A924
EAR100y	Enoyl-[acyl-carrier-protein] reductase (NADPH) (n-C10:0)	Cell Envelope Biosynthesis	1.0 h_c + 1.0 nadph_c + 1.0 tdec2eACP_c = 1.0 dcaACP_c + 1.0 nadp_c	1.0 H+ + 1.0 Nicotinamide adenine dinucleotide phosphate - reduced + 1.0 Trans-Dec-2-enoyl-[acyl-carrier protein] = 1.0 Decanoyl-ACP (n-C10:0ACP) + 1.0 Nicotinamide adenine dinucleotide phosphate	1.0 CHEBI:5584 + 1.0 CHEBI:16474 + 1.0 CHEBI:10724 = 1.0 Unknown + 1.0 CHEBI:29868	{'dcaACP', 'nadp', 'nadph', 'tdec2eACP', 'h'}	fabI	P0AEK4
3OAR141	3-oxoacyl-[acyl-carrier-protein] reductase (n-C14:1)	Cell Envelope Biosynthesis	1.0 3ocmrs7eACP_c + 1.0 h_c + 1.0 nadph_c = 1.0 3hcmrs7eACP_c + 1.0 nadp_c	1.0 3-oxo-cis-myristol-7-eoyl-[acyl-carrier protein] + 1.0 H+ + 1.0 Nicotinamide adenine dinucleotide phosphate - reduced = 1.0 (R)-3-hydroxy-cis-myristol-7-eoyl-[acyl-carrier protein] + 1.0 Nicotinamide adenine dinucleotide phosphate	1.0 Unknown + 1.0 CHEBI:5584 + 1.0 CHEBI:16474 = 1.0 Unknown + 1.0 CHEBI:29868	{'nadp', 'nadph', '3ocmrs7eACP', '3hcmrs7eACP', 'h'}	fabG	P0AEK2
3OAR161	3-oxoacyl-[acyl-carrier-protein] reductase (n-C16:1)	Cell Envelope Biosynthesis	1.0 3ocpalm9eACP_c + 1.0 h_c + 1.0 nadph_c = 1.0 3hcpalm9eACP_c + 1.0 nadp_c	1.0 3-oxo-cis-palm-9-eoyl-[acyl-carrier protein] + 1.0 H+ + 1.0 Nicotinamide adenine dinucleotide phosphate - reduced = 1.0 (R)-3-hydroxy-cis-palm-9-eoyl-[acyl-carrier protein] + 1.0 Nicotinamide adenine dinucleotide phosphate	1.0 Unknown + 1.0 CHEBI:5584 + 1.0 CHEBI:16474 = 1.0 Unknown + 1.0 CHEBI:29868	{'nadp', 'nadph', '3hcpalm9eACP', '3ocpalm9eACP', 'h'}	fabG	P0AEK2
3HAD141	3-hydroxyacyl-[acyl-carrier-protein] dehydratase (n-C14:1)	Cell Envelope Biosynthesis	1.0 3hcmrs7eACP_c = 1.0 h2o_c + 1.0 t3c7mrseACP_c	1.0 (R)-3-hydroxy-cis-myristol-7-eoyl-[acyl-carrier protein] = 1.0 H2O H2O + 1.0 Trans-3-cis-7-myristoleoyl-[acyl-carrier protein]	1.0 Unknown = 1.0 CHEBI:13352 + 1.0 Unknown	{'h2o', 't3c7mrseACP', '3hcmrs7eACP'}	fabA, fabZ	P0A6Q3, P0A6Q6
EAR121x	Enoyl-[acyl-carrier-protein] reductase (NADH) (n-C12:1)	Cell Envelope Biosynthesis	1.0 h_c + 1.0 nadh_c + 1.0 t3c5ddeceACP_c = 1.0 cddec5eACP_c + 1.0 nad_c	1.0 H+ + 1.0 Nicotinamide adenine dinucleotide - reduced + 1.0 Trans-3-cis-5-dodecenoyl-[acyl-carrier protein] = 1.0 Cis-dodec-5-enoyl-[acyl-carrier protein] (n-C12:1) + 1.0 Nicotinamide adenine dinucleotide	1.0 CHEBI:5584 + 1.0 CHEBI:13395 + 1.0 Unknown = 1.0 Unknown + 1.0 CHEBI:7422	{'cddec5eACP', 't3c5ddeceACP', 'nad', 'nadh', 'h'}	fabI	P0AEK4
PGPP180	Phosphatidylglycerol phosphate phosphatase (n-C18:0)	Glycerophospholipid Metabolism	1.0 h2o_c + 1.0 pgp180_c = 1.0 pg180_c + 1.0 pi_c	1.0 H2O H2O + 1.0 Phosphatidylglycerophosphate (dioctadecanoyl, n-C18:0) = 1.0 Phosphatidylglycerol (dioctadecanoyl, n-C18:0) + 1.0 Phosphate	1.0 CHEBI:13352 + 1.0 Unknown = 1.0 Unknown + 1.0 CHEBI:26078	{'pg180', 'pi', 'pgp180', 'h2o'}	pgpA, pgpB	P18200, P0A924
PGPP161	Phosphatidylglycerol phosphate phosphatase (n-C16:1)	Glycerophospholipid Metabolism	1.0 h2o_c + 1.0 pgp161_c = 1.0 pg161_c + 1.0 pi_c	1.0 H2O H2O + 1.0 Phosphatidylglycerophosphate (dihexadec-9-enoyl, n-C16:1) = 1.0 Phosphatidylglycerol (dihexadec-9-enoyl, n-C16:1) + 1.0 Phosphate	1.0 CHEBI:13352 + 1.0 Unknown = 1.0 Unknown + 1.0 CHEBI:26078	{'pgp161', 'pi', 'pg161', 'h2o'}	pgpA, pgpB	P18200, P0A924
PGPP181	Phosphatidylglycerol phosphate phosphatase (n-C18:1)	Glycerophospholipid Metabolism	1.0 h2o_c + 1.0 pgp181_c = 1.0 pg181_c + 1.0 pi_c	1.0 H2O H2O + 1.0 Phosphatidylglycerophosphate (dioctadec-11-enoyl, n-C18:1) = 1.0 Phosphatidylglycerol (dioctadec-11-enoyl, n-C18:1) + 1.0 Phosphate	1.0 CHEBI:13352 + 1.0 Unknown = 1.0 Unknown + 1.0 CHEBI:26078	{'pi', 'pgp181', 'pg181', 'h2o'}	pgpB, pgpA	P0A924, P18200
PSD140	Phosphatidylserine decarboxylase (n-C14:0)	Glycerophospholipid Metabolism	1.0 h_c + 1.0 ps140_c = 1.0 co2_c + 1.0 pe140_c	1.0 H+ + 1.0 Phosphatidylserine (ditetradecanoyl, n-C14:0) = 1.0 CO2 CO2 + 1.0 Phosphatidylethanolamine (ditetradecanoyl, n-C14:0)	1.0 CHEBI:5584 + 1.0 Unknown = 1.0 CHEBI:23011 + 1.0 Unknown	{'ps140', 'h', 'pe140', 'co2'}	psd	P0A8K1
MICITDr	2-methylisocitrate dehydratase	Alternate Carbon Metabolism	1.0 2mcacn_c + 1.0 h2o_c = 1.0 micit_c	1.0 Cis-2-Methylaconitate + 1.0 H2O H2O = 1.0 Methylisocitrate	1.0 CHEBI:57872 + 1.0 CHEBI:13352 = 1.0 CHEBI:57429	{'2mcacn', 'micit', 'h2o'}	acnB	P36683
CDAPPA180	CDP-Diacylglycerol pyrophostatase (n-C18:0)	Glycerophospholipid Metabolism	1.0 cdpdodecg_c + 1.0 h2o_c = 1.0 cmp_c + 2.0 h_c + 1.0 pa180_c	1.0 CDP-1,2-dioctadecanoylglycerol + 1.0 H2O H2O = 1.0 CMP C9H12N3O8P + 2.0 H+ + 1.0 1,2-dioctadecanoyl-sn-glycerol 3-phosphate	1.0 CHEBI:104121 + 1.0 CHEBI:13352 = 1.0 CHEBI:60377 + 2.0 CHEBI:5584 + 1.0 CHEBI:82921	{'cdpdodecg', 'cmp', 'pa180', 'h2o', 'h'}	cdh	P06282
AGM4PH	N-Acetyl-D-glucosamine(anhydrous)N-Acetylmuramyl-tetrapeptide beta -1,4-N-acetylglucosaminidase	Murein Recycling	1.0 anhgm4p_c + 1.0 h2o_c = 1.0 acgam_c + 1.0 anhm4p_c	1.0 N-Acetyl-D-glucosamine(anhydrous)N-Acetylmuramyl-tetrapeptide + 1.0 H2O H2O = 1.0 N-Acetyl-D-glucosamine + 1.0 1,6-anhydrous-N-Acetylmuramyl-tetrapeptide	1.0 Unknown + 1.0 CHEBI:13352 = 1.0 CHEBI:21517 + 1.0 Unknown	{'h2o', 'anhgm4p', 'anhm4p', 'acgam'}	nagZ	P75949
NTP12	Nucleoside-triphosphatase (XTP)	Nucleotide Salvage Pathway	1.0 h2o_c + 1.0 xtp_c = 1.0 h_c + 1.0 pi_c + 1.0 xdp_c	1.0 H2O H2O + 1.0 XTP = 1.0 H+ + 1.0 Phosphate + 1.0 XDP	1.0 CHEBI:13352 + 1.0 CHEBI:61314 = 1.0 CHEBI:5584 + 1.0 CHEBI:26078 + 1.0 CHEBI:10048	{'xdp', 'h2o', 'xtp', 'pi', 'h'}	yjjX	P39411
CDAPPA181	CDP-Diacylglycerol pyrophostatase (n-C18:1)	Glycerophospholipid Metabolism	1.0 cdpdodec11eg_c + 1.0 h2o_c = 1.0 cmp_c + 2.0 h_c + 1.0 pa181_c	1.0 CDP-1,2-dioctadec-11-enoylglycerol + 1.0 H2O H2O = 1.0 CMP C9H12N3O8P + 2.0 H+ + 1.0 1,2-dioctadec-11-enoyl-sn-glycerol 3-phosphate	1.0 CHEBI:104362 + 1.0 CHEBI:13352 = 1.0 CHEBI:60377 + 2.0 CHEBI:5584 + 1.0 Unknown	{'cmp', 'h2o', 'cdpdodec11eg', 'pa181', 'h'}	cdh	P06282
PGSA140	Phosphatidylglycerol synthase (n-C14:0)	Glycerophospholipid Metabolism	1.0 cdpdtdecg_c + 1.0 glyc3p_c = 1.0 cmp_c + 1.0 h_c + 1.0 pgp140_c	1.0 CDP-1,2-ditetradecanoylglycerol + 1.0 Glycerol 3-phosphate = 1.0 CMP C9H12N3O8P + 1.0 H+ + 1.0 Phosphatidylglycerophosphate (ditetradecanoyl, n-C14:0)	1.0 CHEBI:103211 + 1.0 CHEBI:12843 = 1.0 CHEBI:60377 + 1.0 CHEBI:5584 + 1.0 Unknown	{'cmp', 'pgp140', 'cdpdtdecg', 'glyc3p', 'h'}	pgsA	P0ABF8
LPLIPAL1A141pp	Lysophospholipase L1 (2-acylglycerophosphotidate, n-C14:1) (periplasm)	Glycerophospholipid Metabolism	1.0 1tdec7eg3p_p + 1.0 h2o_p = 1.0 glyc3p_p + 1.0 h_p + 1.0 ttdcea_p	1.0 1-tetradec-7-enoyl-sn-glycerol 3-phosphate + 1.0 H2O H2O = 1.0 Glycerol 3-phosphate + 1.0 H+ + 1.0 Tetradecenoate (n-C14:1)	1.0 Unknown + 1.0 CHEBI:13352 = 1.0 CHEBI:12843 + 1.0 CHEBI:5584 + 1.0 Unknown	{'1tdec7eg3p', 'ttdcea', 'h2o', 'glyc3p', 'h'}	tesA	P0ADA1
LPLIPAL1A180pp	Lysophospholipase L1 (2-acylglycerophosphotidate, n-C18:0) (periplasm)	Glycerophospholipid Metabolism	1.0 1odecg3p_p + 1.0 h2o_p = 1.0 glyc3p_p + 1.0 h_p + 1.0 ocdca_p	1.0 1-octadecanoyl-sn-glycerol 3-phosphate + 1.0 H2O H2O = 1.0 Glycerol 3-phosphate + 1.0 H+ + 1.0 Octadecanoate (n-C18:0)	1.0 CHEBI:74850 + 1.0 CHEBI:13352 = 1.0 CHEBI:12843 + 1.0 CHEBI:5584 + 1.0 CHEBI:25631	{'1odecg3p', 'h2o', 'glyc3p', 'ocdca', 'h'}	tesA	P0ADA1
LPLIPAL1E140pp	Lysophospholipase L1 (2-acylglycerophosphoethanolamine, n-C14:0) (periplasm)	Glycerophospholipid Metabolism	1.0 1agpe140_p + 1.0 h2o_p = 1.0 g3pe_p + 1.0 h_p + 1.0 ttdca_p	1.0 1-Acyl-sn-glycero-3-phosphoethanolamine (n-C14:0) + 1.0 H2O H2O = 1.0 Sn-Glycero-3-phosphoethanolamine + 1.0 H+ + 1.0 Tetradecanoate (n-C14:0)	1.0 CHEBI:84299 + 1.0 CHEBI:13352 = 1.0 CHEBI:57952 + 1.0 CHEBI:5584 + 1.0 Unknown	{'ttdca', 'h2o', '1agpe140', 'g3pe', 'h'}	tesA	P0ADA1
LPLIPAL1E161pp	Lysophospholipase L1 (2-acylglycerophosphoethanolamine, n-C16:1) (periplasm)	Glycerophospholipid Metabolism	1.0 1agpe161_p + 1.0 h2o_p = 1.0 g3pe_p + 1.0 h_p + 1.0 hdcea_p	1.0 1-Acyl-sn-glycero-3-phosphoethanolamine (n-C16:1) + 1.0 H2O H2O = 1.0 Sn-Glycero-3-phosphoethanolamine + 1.0 H+ + 1.0 Hexadecenoate (n-C16:1)	1.0 Unknown + 1.0 CHEBI:13352 = 1.0 CHEBI:57952 + 1.0 CHEBI:5584 + 1.0 Unknown	{'hdcea', '1agpe161', 'h2o', 'g3pe', 'h'}	tesA	P0ADA1
LPLIPAL1G140pp	Lysophospholipase L1 (2-acylglycerophosphoglycerol, n-C14:0) (periplasm)	Glycerophospholipid Metabolism	1.0 1agpg140_p + 1.0 h2o_p = 1.0 g3pg_p + 1.0 h_p + 1.0 ttdca_p	1.0 1-Acyl-sn-glycero-3-phosphoglycerol (n-C14:0) + 1.0 H2O H2O = 1.0 Glycerophosphoglycerol + 1.0 H+ + 1.0 Tetradecanoate (n-C14:0)	1.0 CHEBI:72826 + 1.0 CHEBI:13352 = 1.0 CHEBI:61933 + 1.0 CHEBI:5584 + 1.0 Unknown	{'ttdca', 'h2o', 'g3pg', '1agpg140', 'h'}	tesA	P0ADA1
PSD141	Phosphatidylserine decarboxylase (n-C14:1)	Glycerophospholipid Metabolism	1.0 h_c + 1.0 ps141_c = 1.0 co2_c + 1.0 pe141_c	1.0 H+ + 1.0 Phosphatidylserine (ditetradec-7-enoyl, n-C14:1) = 1.0 CO2 CO2 + 1.0 Phosphatidylethanolamine (ditetradec-7-enoyl, n-C14:1)	1.0 CHEBI:5584 + 1.0 Unknown = 1.0 CHEBI:23011 + 1.0 Unknown	{'pe141', 'h', 'ps141', 'co2'}	psd	P0A8K1
ACONTa	Aconitase (half-reaction A, Citrate hydro-lyase)	Citric Acid Cycle	1.0 cit_c = 1.0 acon_C_c + 1.0 h2o_c	1.0 Citrate = 1.0 Cis-Aconitate + 1.0 H2O H2O	1.0 CHEBI:35802 = 1.0 CHEBI:23306 + 1.0 CHEBI:13352	{'acon_C', 'cit', 'h2o'}	acnB, acnA	P36683, P25516
MLDCP2App	Murein L,D-carboxypeptidase (murein5p5p) (periplasm)	Murein Biosynthesis	1.0 h2o_p + 1.0 murein5p5p_p = 1.0 alaala_p + 1.0 murein5p3p_p	1.0 H2O H2O + 1.0 Two linked disacharide pentapeptide murein units (uncrosslinked, middle of chain) = 1.0 D-Alanyl-D-alanine + 1.0 Two linked disacharide pentapeptide and tripeptide murein units (uncrosslinked, middle of chain)	1.0 CHEBI:13352 + 1.0 Unknown = 1.0 CHEBI:13749 + 1.0 Unknown	{'murein5p3p', 'alaala', 'murein5p5p', 'h2o'}	ldtC, ldtE, ldtB, ldtD, ldtA	P75954, P76193, P0AAX8, P22525, P39176
AM4PA	Anhydrous-N-Acetylmuramyl-tetrapeptide amidase	Murein Recycling	1.0 anhm4p_c + 1.0 h2o_c = 1.0 LalaDgluMdapDala_c + 1.0 anhm_c	1.0 1,6-anhydrous-N-Acetylmuramyl-tetrapeptide + 1.0 H2O H2O = 1.0 L-alanine-D-glutamate-meso-2,6-diaminoheptanedioate-D-alanine + 1.0 1,6-anhydrous-N-Acetylmuramate	1.0 Unknown + 1.0 CHEBI:13352 = 1.0 Unknown + 1.0 Unknown	{'LalaDgluMdapDala', 'anhm', 'anhm4p', 'h2o'}	ampD	P13016
PGPP120pp	Phosphatidylglycerol phosphate phosphatase (periplasm, n-C14:0)	Glycerophospholipid Metabolism	1.0 h2o_p + 1.0 pgp120_p = 1.0 pg120_p + 1.0 pi_p	1.0 H2O H2O + 1.0 Phosphatidylglycerophosphate (didodecanoyl, n-C12:0) = 1.0 Phosphatidylglycerol (didodecanoyl, n-C12:0) + 1.0 Phosphate	1.0 CHEBI:13352 + 1.0 Unknown = 1.0 Unknown + 1.0 CHEBI:26078	{'pi', 'pg120', 'pgp120', 'h2o'}	pgpA, pgpB	P18200, P0A924
PGPP181pp	Phosphatidylglycerol phosphate phosphatase (periplasm, n-C18:1)	Glycerophospholipid Metabolism	1.0 h2o_p + 1.0 pgp181_p = 1.0 pg181_p + 1.0 pi_p	1.0 H2O H2O + 1.0 Phosphatidylglycerophosphate (dioctadec-11-enoyl, n-C18:1) = 1.0 Phosphatidylglycerol (dioctadec-11-enoyl, n-C18:1) + 1.0 Phosphate	1.0 CHEBI:13352 + 1.0 Unknown = 1.0 Unknown + 1.0 CHEBI:26078	{'pi', 'pgp181', 'pg181', 'h2o'}	pgpA, pgpB	P18200, P0A924
CLPNH120pp	Cardiolipin hydrolase (periplasm, n-C12:0)	Glycerophospholipid Metabolism	1.0 clpn120_p + 1.0 h2o_p = 1.0 h_p + 1.0 pa120_p + 1.0 pg120_p	1.0 Cardiolipin (tetradodecanoyl, n-C12:0) + 1.0 H2O H2O = 1.0 H+ + 1.0 1,2-didodecanoyl-sn-glycerol 3-phosphate + 1.0 Phosphatidylglycerol (didodecanoyl, n-C12:0)	1.0 Unknown + 1.0 CHEBI:13352 = 1.0 CHEBI:5584 + 1.0 Unknown + 1.0 Unknown	{'pa120', 'h2o', 'pg120', 'clpn120', 'h'}	Unknown	Unknown
EX_dump_e	DUMP exchange	Extracellular exchange	1.0 dump_e = 	1.0 DUMP C9H11N2O8P = 	1.0 CHEBI:19263 = 	{'dump'}	Unknown	Unknown
PAPA181pp	Phosphatidate phosphatase (periplasmic, n-C18:1)	Glycerophospholipid Metabolism	1.0 h2o_p + 1.0 pa181_p = 1.0 12dgr181_p + 1.0 pi_p	1.0 H2O H2O + 1.0 1,2-dioctadec-11-enoyl-sn-glycerol 3-phosphate = 1.0 1,2-Diacyl-sn-glycerol (dioctadec-11-enoyl, n-C18:1) + 1.0 Phosphate	1.0 CHEBI:13352 + 1.0 Unknown = 1.0 Unknown + 1.0 CHEBI:26078	{'12dgr181', 'pa181', 'pi', 'h2o'}	pgpB	P0A924
CLPNH140pp	Cardiolipin hydrolase (periplasm, n-C14:0)	Glycerophospholipid Metabolism	1.0 clpn140_p + 1.0 h2o_p = 1.0 h_p + 1.0 pa140_p + 1.0 pg140_p	1.0 Cardiolipin (tetratetradecanoyl, n-C14:0) + 1.0 H2O H2O = 1.0 H+ + 1.0 1,2-ditetradecanoyl-sn-glycerol 3-phosphate + 1.0 Phosphatidylglycerol (ditetradecanoyl, n-C14:0)	1.0 CHEBI:62862 + 1.0 CHEBI:13352 = 1.0 CHEBI:5584 + 1.0 CHEBI:84266 + 1.0 CHEBI:60723	{'h2o', 'clpn140', 'pa140', 'pg140', 'h'}	Unknown	Unknown
EX_12ppd__R_e	(R)-Propane-1,2-diol exchange	Extracellular exchange	1.0 12ppd__R_e = 	1.0 (R)-Propane-1,2-diol = 	1.0 CHEBI:28972 = 	{'12ppd__R'}	Unknown	Unknown
PGSA181	Phosphatidylglycerol synthase (n-C18:1)	Glycerophospholipid Metabolism	1.0 cdpdodec11eg_c + 1.0 glyc3p_c = 1.0 cmp_c + 1.0 h_c + 1.0 pgp181_c	1.0 CDP-1,2-dioctadec-11-enoylglycerol + 1.0 Glycerol 3-phosphate = 1.0 CMP C9H12N3O8P + 1.0 H+ + 1.0 Phosphatidylglycerophosphate (dioctadec-11-enoyl, n-C18:1)	1.0 CHEBI:104362 + 1.0 CHEBI:12843 = 1.0 CHEBI:60377 + 1.0 CHEBI:5584 + 1.0 Unknown	{'pgp181', 'cmp', 'cdpdodec11eg', 'glyc3p', 'h'}	pgsA	P0ABF8
PGPP140	Phosphatidylglycerol phosphate phosphatase (n-C14:0)	Glycerophospholipid Metabolism	1.0 h2o_c + 1.0 pgp140_c = 1.0 pg140_c + 1.0 pi_c	1.0 H2O H2O + 1.0 Phosphatidylglycerophosphate (ditetradecanoyl, n-C14:0) = 1.0 Phosphatidylglycerol (ditetradecanoyl, n-C14:0) + 1.0 Phosphate	1.0 CHEBI:13352 + 1.0 Unknown = 1.0 CHEBI:60723 + 1.0 CHEBI:26078	{'pi', 'pgp140', 'pg140', 'h2o'}	pgpA, pgpB	P18200, P0A924
PGPP141	Phosphatidylglycerol phosphate phosphatase (n-C14:1)	Glycerophospholipid Metabolism	1.0 h2o_c + 1.0 pgp141_c = 1.0 pg141_c + 1.0 pi_c	1.0 H2O H2O + 1.0 Phosphatidylglycerophosphate (ditetradec-7-enoyl, n-C14:1) = 1.0 Phosphatidylglycerol (ditetradec-7-enoyl, n-C14:1) + 1.0 Phosphate	1.0 CHEBI:13352 + 1.0 Unknown = 1.0 Unknown + 1.0 CHEBI:26078	{'pgp141', 'pi', 'pg141', 'h2o'}	pgpA, pgpB	P18200, P0A924
MDDCP5pp	Murein D,D-carboxypeptidase (murein5p3p) (periplasm)	Murein Biosynthesis	1.0 h2o_p + 1.0 murein5p3p_p = 1.0 ala__D_p + 1.0 murein4p3p_p	1.0 H2O H2O + 1.0 Two linked disacharide pentapeptide and tripeptide murein units (uncrosslinked, middle of chain) = 1.0 D-Alanine + 1.0 Two linked disacharide tetrapeptide and tripeptide murein units (uncrosslinked, middle of chain)	1.0 CHEBI:13352 + 1.0 Unknown = 1.0 CHEBI:12899 + 1.0 Unknown	{'murein5p3p', 'ala__D', 'murein4p3p', 'h2o'}	dacA, dacB, dacC, dacD, yfeW, ampH	P0AEB2, P24228, P08506, P33013, P77619, P0AD70
MLTGY3pp	Murein lytic transglycosylase (murein3p3p) (periplasm)	Murein Recycling	1.0 murein3p3p_p = 2.0 anhgm3p_p	1.0 Two linked disacharide tripeptide murein units (uncrosslinked, middle of chain) = 2.0 N-Acetyl-D-glucosamine(anhydrous)N-Acetylmuramyl-tripeptide	1.0 Unknown = 2.0 Unknown	{'anhgm3p', 'murein3p3p'}	slt, mltA, mltB, emtA, mltC, mltF, mltD, yceG	P0AGC3, P0A935, P41052, P0C960, P0C066, P0AGC5, P0AEZ7, P28306
MDDCP4pp	Murein D,D-carboxypeptidase (murein5p4p) (periplasm)	Murein Biosynthesis	1.0 h2o_p + 1.0 murein5p4p_p = 1.0 ala__D_p + 1.0 murein4p4p_p	1.0 H2O H2O + 1.0 Two linked disacharide pentapeptide and tetrapeptide murein units (uncrosslinked, middle of chain) = 1.0 D-Alanine + 1.0 Two linked disacharide tetrapeptide murein units (uncrosslinked, middle of chain)	1.0 CHEBI:13352 + 1.0 Unknown = 1.0 CHEBI:12899 + 1.0 Unknown	{'murein4p4p', 'ala__D', 'murein5p4p', 'h2o'}	dacA, dacB, dacC, dacD, yfeW, ampH	P0AEB2, P24228, P08506, P33013, P77619, P0AD70
CLPNS140pp	Cardiolipin synthase (periplasmic, n-C14:0)	Glycerophospholipid Metabolism	2.0 pg140_p = 1.0 clpn140_p + 1.0 glyc_p	2.0 Phosphatidylglycerol (ditetradecanoyl, n-C14:0) = 1.0 Cardiolipin (tetratetradecanoyl, n-C14:0) + 1.0 Glycerol	2.0 CHEBI:60723 = 1.0 CHEBI:62862 + 1.0 CHEBI:5448	{'glyc', 'clpn140', 'pg140'}	clsA, clsB	P0A6H8, P0AA84
CLPNS141pp	Cardiolipin synthase (periplasmic, n-C14:1)	Glycerophospholipid Metabolism	2.0 pg141_p = 1.0 clpn141_p + 1.0 glyc_p	2.0 Phosphatidylglycerol (ditetradec-7-enoyl, n-C14:1) = 1.0 Cardiolipin (tetratetradec-7-enoyl, n-C14:1) + 1.0 Glycerol	2.0 Unknown = 1.0 Unknown + 1.0 CHEBI:5448	{'glyc', 'clpn141', 'pg141'}	clsA, clsB	P0A6H8, P0AA84
G3PAT180	Glycerol-3-phosphate acyltransferase (C18:0)	Glycerophospholipid Metabolism	1.0 glyc3p_c + 1.0 ocdcaACP_c = 1.0 1odecg3p_c + 1.0 ACP_c	1.0 Glycerol 3-phosphate + 1.0 Octadecanoyl-ACP (n-C18:0ACP) = 1.0 1-octadecanoyl-sn-glycerol 3-phosphate + 1.0 Acyl carrier protein	1.0 CHEBI:12843 + 1.0 Unknown = 1.0 CHEBI:74850 + 1.0 CHEBI:14405	{'ocdcaACP', 'ACP', 'glyc3p', '1odecg3p'}	acpP, plsB	P0A6A8, P0A7A7
EX_o2s_e	Superoxide anion exchange	Extracellular exchange	1.0 o2s_e = 	1.0 Superoxide anion = 	1.0 CHEBI:25935 = 	{'o2s'}	Unknown	Unknown
PLIPA1G160pp	Phospholipase A1 (phosphatidylglycerol, n-C16:0) (periplasm)	Glycerophospholipid Metabolism	1.0 h2o_p + 1.0 pg160_p = 1.0 2agpg160_p + 1.0 h_p + 1.0 hdca_p	1.0 H2O H2O + 1.0 Phosphatidylglycerol (dihexadecanoyl, n-C16:0) = 1.0 2-Acyl-sn-glycero-3-phosphoglycerol (n-C16:0) + 1.0 H+ + 1.0 Hexadecanoate (n-C16:0)	1.0 CHEBI:13352 + 1.0 CHEBI:73205 = 1.0 Unknown + 1.0 CHEBI:5584 + 1.0 CHEBI:7896	{'2agpg160', 'hdca', 'pg160', 'h2o', 'h'}	pldA	P0A921
EX_gal1p_e	Alpha-D-Galactose 1-phosphate exchange	Extracellular exchange	1.0 gal1p_e = 	1.0 Alpha-D-Galactose 1-phosphate = 	1.0 CHEBI:42878 = 	{'gal1p'}	Unknown	Unknown
CFAS160E	Cyclopropane fatty acid synthase (Phosphatidylethanolamine, n-C16:0)	Glycerophospholipid Metabolism	2.0 amet_c + 1.0 pe161_c = 2.0 ahcys_c + 1.0 cpe160_c + 2.0 h_c	2.0 S-Adenosyl-L-methionine + 1.0 Phosphatidylethanolamine (dihexadec-9enoyl, n-C16:1) = 2.0 S-Adenosyl-L-homocysteine + 1.0 Cyclopropane phosphatidylethanolamine (dihexadec-9,10-cyclo-anoyl, n-C16:0 cyclo) + 2.0 H+	2.0 CHEBI:33442 + 1.0 Unknown = 2.0 CHEBI:12741 + 1.0 Unknown + 2.0 CHEBI:5584	{'cpe160', 'amet', 'ahcys', 'pe161', 'h'}	cfa	P0A9H7
PLIPA1G141pp	Phospholipase A1 (phosphatidylglycerol, n-C14:1) (periplasm)	Glycerophospholipid Metabolism	1.0 h2o_p + 1.0 pg141_p = 1.0 2agpg141_p + 1.0 h_p + 1.0 ttdcea_p	1.0 H2O H2O + 1.0 Phosphatidylglycerol (ditetradec-7-enoyl, n-C14:1) = 1.0 2-Acyl-sn-glycero-3-phosphoglycerol (n-C14:1) + 1.0 H+ + 1.0 Tetradecenoate (n-C14:1)	1.0 CHEBI:13352 + 1.0 Unknown = 1.0 Unknown + 1.0 CHEBI:5584 + 1.0 Unknown	{'ttdcea', 'pg141', 'h2o', '2agpg141', 'h'}	pldA	P0A921
LPLIPAL2E160	Lysophospholipase L2 (2-acylglycerophosphoethanolamine, n-C16:0)	Glycerophospholipid Metabolism	1.0 2agpe160_c + 1.0 h2o_c = 1.0 g3pe_c + 1.0 h_c + 1.0 hdca_c	1.0 2-Acyl-sn-glycero-3-phosphoethanolamine (n-C16:0) + 1.0 H2O H2O = 1.0 Sn-Glycero-3-phosphoethanolamine + 1.0 H+ + 1.0 Hexadecanoate (n-C16:0)	1.0 CHEBI:131743 + 1.0 CHEBI:13352 = 1.0 CHEBI:57952 + 1.0 CHEBI:5584 + 1.0 CHEBI:7896	{'hdca', 'h2o', '2agpe160', 'g3pe', 'h'}	pldB	P07000
LPLIPAL2G140	Lysophospholipase L2 (2-acylglycerophosphoglycerol, n-C14:0)	Glycerophospholipid Metabolism	1.0 2agpg140_c + 1.0 h2o_c = 1.0 g3pg_c + 1.0 h_c + 1.0 ttdca_c	1.0 2-Acyl-sn-glycero-3-phosphoglycerol (n-C14:0) + 1.0 H2O H2O = 1.0 Glycerophosphoglycerol + 1.0 H+ + 1.0 Tetradecanoate (n-C14:0)	1.0 Unknown + 1.0 CHEBI:13352 = 1.0 CHEBI:61933 + 1.0 CHEBI:5584 + 1.0 Unknown	{'ttdca', 'g3pg', 'h2o', '2agpg140', 'h'}	pldB	P07000
LPLIPAL2G160	Lysophospholipase L2 (2-acylglycerophosphoglycerol, n-C16:0)	Glycerophospholipid Metabolism	1.0 2agpg160_c + 1.0 h2o_c = 1.0 g3pg_c + 1.0 h_c + 1.0 hdca_c	1.0 2-Acyl-sn-glycero-3-phosphoglycerol (n-C16:0) + 1.0 H2O H2O = 1.0 Glycerophosphoglycerol + 1.0 H+ + 1.0 Hexadecanoate (n-C16:0)	1.0 Unknown + 1.0 CHEBI:13352 = 1.0 CHEBI:61933 + 1.0 CHEBI:5584 + 1.0 CHEBI:7896	{'2agpg160', 'hdca', 'h2o', 'g3pg', 'h'}	pldB	P07000
CFAS180E	Cyclopropane fatty acid synthase (Phosphatidylethanolamine, n-C18:0)	Glycerophospholipid Metabolism	2.0 amet_c + 1.0 pe181_c = 2.0 ahcys_c + 1.0 cpe180_c + 2.0 h_c	2.0 S-Adenosyl-L-methionine + 1.0 Phosphatidylethanolamine (dioctadec-11-enoyl, n-C18:1) = 2.0 S-Adenosyl-L-homocysteine + 1.0 Cyclopropane phosphatidylethanolamine (dioctadec-11,12-cyclo-anoyl, n-C18:0 cyclo) + 2.0 H+	2.0 CHEBI:33442 + 1.0 Unknown = 2.0 CHEBI:12741 + 1.0 Unknown + 2.0 CHEBI:5584	{'pe181', 'amet', 'cpe180', 'ahcys', 'h'}	cfa	P0A9H7
EX_dcmp_e	DCMP exchange	Extracellular exchange	1.0 dcmp_e = 	1.0 DCMP C9H12N3O7P = 	1.0 CHEBI:15918 = 	{'dcmp'}	Unknown	Unknown
CFAS180G	Cyclopropane fatty acid synthase (Phosphatidylglycerol, n-C18:0)	Glycerophospholipid Metabolism	2.0 amet_c + 1.0 pg181_c = 2.0 ahcys_c + 1.0 cpg180_c + 2.0 h_c	2.0 S-Adenosyl-L-methionine + 1.0 Phosphatidylglycerol (dioctadec-11-enoyl, n-C18:1) = 2.0 S-Adenosyl-L-homocysteine + 1.0 Cyclopropane phosphatidylglycerol (dioctadec-11,12-cyclo-anoyl, n-C18:0 cyclo) + 2.0 H+	2.0 CHEBI:33442 + 1.0 Unknown = 2.0 CHEBI:12741 + 1.0 Unknown + 2.0 CHEBI:5584	{'pg181', 'amet', 'ahcys', 'cpg180', 'h'}	cfa	P0A9H7
PAPA160	Phosphatidate phosphatase (n-C16:0)	Glycerophospholipid Metabolism	1.0 h2o_c + 1.0 pa160_c = 1.0 12dgr160_c + 1.0 pi_c	1.0 H2O H2O + 1.0 1,2-dihexadecanoyl-sn-glycerol 3-phosphate = 1.0 1,2-Diacyl-sn-glycerol (dihexadecanoyl, n-C16:0) + 1.0 Phosphate	1.0 CHEBI:13352 + 1.0 CHEBI:72859 = 1.0 Unknown + 1.0 CHEBI:26078	{'pa160', 'pi', '12dgr160', 'h2o'}	pgpB	P0A924
PAPA180	Phosphatidate phosphatase (n-C18:0)	Glycerophospholipid Metabolism	1.0 h2o_c + 1.0 pa180_c = 1.0 12dgr180_c + 1.0 pi_c	1.0 H2O H2O + 1.0 1,2-dioctadecanoyl-sn-glycerol 3-phosphate = 1.0 1,2-Diacyl-sn-glycerol (dioctadecanoyl, n-C18:0) + 1.0 Phosphate	1.0 CHEBI:13352 + 1.0 CHEBI:82921 = 1.0 Unknown + 1.0 CHEBI:26078	{'12dgr180', 'pa180', 'pi', 'h2o'}	pgpB	P0A924
PAPA181	Phosphatidate phosphatase (n-C18:1)	Glycerophospholipid Metabolism	1.0 h2o_c + 1.0 pa181_c = 1.0 12dgr181_c + 1.0 pi_c	1.0 H2O H2O + 1.0 1,2-dioctadec-11-enoyl-sn-glycerol 3-phosphate = 1.0 1,2-Diacyl-sn-glycerol (dioctadec-11-enoyl, n-C18:1) + 1.0 Phosphate	1.0 CHEBI:13352 + 1.0 Unknown = 1.0 Unknown + 1.0 CHEBI:26078	{'12dgr181', 'pa181', 'pi', 'h2o'}	pgpB	P0A924
EX_23ccmp_e	2',3'-Cyclic CMP exchange	Extracellular exchange	1.0 23ccmp_e = 	1.0 2',3'-Cyclic CMP = 	1.0 CHEBI:824 = 	{'23ccmp'}	Unknown	Unknown
LPLIPAL2G120	Lysophospholipase L2 (2-acylglycerophosphoglycerol, n-C12:0)	Glycerophospholipid Metabolism	1.0 2agpg120_c + 1.0 h2o_c = 1.0 ddca_c + 1.0 g3pg_c + 1.0 h_c	1.0 2-Acyl-sn-glycero-3-phosphoglycerol (n-C12:0) + 1.0 H2O H2O = 1.0 Dodecanoate (n-C12:0) + 1.0 Glycerophosphoglycerol + 1.0 H+	1.0 Unknown + 1.0 CHEBI:13352 = 1.0 Unknown + 1.0 CHEBI:61933 + 1.0 CHEBI:5584	{'2agpg120', 'h2o', 'ddca', 'g3pg', 'h'}	pldB	P07000
PETNT161pp	Phosphoethanolamine transferase (c-C16:1)	Lipopolysaccharide Biosynthesis / Recycling	1.0 lipa_p + 1.0 pe161_p = 1.0 12dgr161_p + 1.0 enlipa_p	1.0 KDO(2)-lipid (A) + 1.0 Phosphatidylethanolamine (dihexadec-9enoyl, n-C16:1) = 1.0 1,2-Diacyl-sn-glycerol (dihexadec-9-enoyl, n-C16:1) + 1.0 Phosphoethanolamine KDO(2)-lipid (A)	1.0 CHEBI:27963 + 1.0 Unknown = 1.0 Unknown + 1.0 CHEBI:47762	{'pe161', 'lipa', '12dgr161', 'enlipa'}	eptB	P37661
PSSA160	Phosphatidylserine syntase (n-C16:0)	Glycerophospholipid Metabolism	1.0 cdpdhdecg_c + 1.0 ser__L_c = 1.0 cmp_c + 1.0 h_c + 1.0 ps160_c	1.0 CDP-1,2-dihexadecanoylglycerol + 1.0 L-Serine = 1.0 CMP C9H12N3O8P + 1.0 H+ + 1.0 Phosphatidylserine (dihexadecanoyl, n-C16:0)	1.0 Unknown + 1.0 CHEBI:32845 = 1.0 CHEBI:60377 + 1.0 CHEBI:5584 + 1.0 CHEBI:84523	{'ser__L', 'cdpdhdecg', 'cmp', 'ps160', 'h'}	pssA	P23830
PSSA181	Phosphatidylserine syntase (n-C18:1)	Glycerophospholipid Metabolism	1.0 cdpdodec11eg_c + 1.0 ser__L_c = 1.0 cmp_c + 1.0 h_c + 1.0 ps181_c	1.0 CDP-1,2-dioctadec-11-enoylglycerol + 1.0 L-Serine = 1.0 CMP C9H12N3O8P + 1.0 H+ + 1.0 Phosphatidylserine (dioctadec-11-enoyl, n-C18:1)	1.0 CHEBI:104362 + 1.0 CHEBI:32845 = 1.0 CHEBI:60377 + 1.0 CHEBI:5584 + 1.0 Unknown	{'ser__L', 'cmp', 'ps181', 'cdpdodec11eg', 'h'}	pssA	P23830
DAGK140	Diacylglycerol kinase (n-C14:0)	Glycerophospholipid Metabolism	1.0 12dgr140_c + 1.0 atp_c = 1.0 adp_c + 1.0 h_c + 1.0 pa140_c	1.0 1,2-Diacyl-sn-glycerol (ditetradecanoyl, n-C14:0) + 1.0 ATP C10H12N5O13P3 = 1.0 ADP C10H12N5O10P2 + 1.0 H+ + 1.0 1,2-ditetradecanoyl-sn-glycerol 3-phosphate	1.0 Unknown + 1.0 CHEBI:15422 = 1.0 CHEBI:2342 + 1.0 CHEBI:5584 + 1.0 CHEBI:84266	{'atp', 'adp', '12dgr140', 'pa140', 'h'}	dgkA	P0ABN1
DAGK160	Diacylglycerol kinase (n-C16:0)	Glycerophospholipid Metabolism	1.0 12dgr160_c + 1.0 atp_c = 1.0 adp_c + 1.0 h_c + 1.0 pa160_c	1.0 1,2-Diacyl-sn-glycerol (dihexadecanoyl, n-C16:0) + 1.0 ATP C10H12N5O13P3 = 1.0 ADP C10H12N5O10P2 + 1.0 H+ + 1.0 1,2-dihexadecanoyl-sn-glycerol 3-phosphate	1.0 Unknown + 1.0 CHEBI:15422 = 1.0 CHEBI:2342 + 1.0 CHEBI:5584 + 1.0 CHEBI:72859	{'pa160', 'atp', '12dgr160', 'adp', 'h'}	dgkA	P0ABN1
DAGK141	Diacylglycerol kinase (n-C14:1)	Glycerophospholipid Metabolism	1.0 12dgr141_c + 1.0 atp_c = 1.0 adp_c + 1.0 h_c + 1.0 pa141_c	1.0 1,2-Diacyl-sn-glycerol (ditetradec-7-enoyl, n-C14:1) + 1.0 ATP C10H12N5O13P3 = 1.0 ADP C10H12N5O10P2 + 1.0 H+ + 1.0 1,2-ditetradec-7-enoyl-sn-glycerol 3-phosphate	1.0 Unknown + 1.0 CHEBI:15422 = 1.0 CHEBI:2342 + 1.0 CHEBI:5584 + 1.0 Unknown	{'atp', 'pa141', 'adp', '12dgr141', 'h'}	dgkA	P0ABN1
DAGK161	Diacylglycerol kinase (n-C16:1)	Glycerophospholipid Metabolism	1.0 12dgr161_c + 1.0 atp_c = 1.0 adp_c + 1.0 h_c + 1.0 pa161_c	1.0 1,2-Diacyl-sn-glycerol (dihexadec-9-enoyl, n-C16:1) + 1.0 ATP C10H12N5O13P3 = 1.0 ADP C10H12N5O10P2 + 1.0 H+ + 1.0 1,2-dihexadec-9-enoyl-sn-glycerol 3-phosphate	1.0 Unknown + 1.0 CHEBI:15422 = 1.0 CHEBI:2342 + 1.0 CHEBI:5584 + 1.0 Unknown	{'pa161', 'atp', 'adp', '12dgr161', 'h'}	dgkA	P0ABN1
AGPAT181	1-octadec-7-enoyl-sn-glycerol 3-phosphate O-acyltransferase (n-C18:1)	Glycerophospholipid Metabolism	1.0 1odec11eg3p_c + 1.0 octeACP_c = 1.0 ACP_c + 1.0 pa181_c	1.0 1-octadec-11-enoyl-sn-glycerol 3-phosphate + 1.0 Cis-octadec-11-enoyl-[acyl-carrier protein] (n-C18:1) = 1.0 Acyl carrier protein + 1.0 1,2-dioctadec-11-enoyl-sn-glycerol 3-phosphate	1.0 Unknown + 1.0 Unknown = 1.0 CHEBI:14405 + 1.0 Unknown	{'ACP', '1odec11eg3p', 'pa181', 'octeACP'}	plsC	P26647
PGPP161pp	Phosphatidylglycerol phosphate phosphatase (periplasm, n-C16:1)	Glycerophospholipid Metabolism	1.0 h2o_p + 1.0 pgp161_p = 1.0 pg161_p + 1.0 pi_p	1.0 H2O H2O + 1.0 Phosphatidylglycerophosphate (dihexadec-9-enoyl, n-C16:1) = 1.0 Phosphatidylglycerol (dihexadec-9-enoyl, n-C16:1) + 1.0 Phosphate	1.0 CHEBI:13352 + 1.0 Unknown = 1.0 Unknown + 1.0 CHEBI:26078	{'pgp161', 'pi', 'pg161', 'h2o'}	pgpA, pgpB	P18200, P0A924
MDDEP3pp	Murein D,D-endopeptidase (murein5px4p) (periplasm)	Murein Recycling	1.0 h2o_p + 1.0 murein5px4p_p = 1.0 murein5p4p_p	1.0 H2O H2O + 1.0 Two disacharide linked murein units, pentapeptide crosslinked tetrapeptide (A2pm->D-ala) (middle of chain) = 1.0 Two linked disacharide pentapeptide and tetrapeptide murein units (uncrosslinked, middle of chain)	1.0 CHEBI:13352 + 1.0 Unknown = 1.0 Unknown	{'murein5p4p', 'murein5px4p', 'h2o'}	dacB, mepA, pbpG, mepS, ampH, mepH, mepM	P24228, P0C0T5, P0AFI5, P0AFV4, P0AD70, P76190, P0AFS9
MDDEP4pp	Murein D,D-endopeptidase (murein4px4px4p) (periplasm)	Murein Recycling	1.0 h2o_p + 1.0 murein4px4px4p_p = 1.0 murein4px4p4p_p	1.0 H2O H2O + 1.0 Three disacharide linked murein units (tetrapeptide crosslinked tetrapeptide (A2pm->D-ala) & tetrapeptide corsslinked tetrapeptide (A2pm->D-ala)) (middle of chain) = 1.0 Three disacharide linked murein units (tetrapeptide crosslinked tetrapeptide (A2pm->D-ala), one uncrosslinked tetrapaptide) (middle of chain)	1.0 CHEBI:13352 + 1.0 Unknown = 1.0 Unknown	{'murein4px4p4p', 'murein4px4px4p', 'h2o'}	dacB, mepA, pbpG, ampH, mepS, mepH, mepM	P24228, P0C0T5, P0AFI5, P0AD70, P0AFV4, P76190, P0AFS9
PAPA140	Phosphatidate phosphatase (n-C14:0)	Glycerophospholipid Metabolism	1.0 h2o_c + 1.0 pa140_c = 1.0 12dgr140_c + 1.0 pi_c	1.0 H2O H2O + 1.0 1,2-ditetradecanoyl-sn-glycerol 3-phosphate = 1.0 1,2-Diacyl-sn-glycerol (ditetradecanoyl, n-C14:0) + 1.0 Phosphate	1.0 CHEBI:13352 + 1.0 CHEBI:84266 = 1.0 Unknown + 1.0 CHEBI:26078	{'pa140', 'h2o', 'pi', '12dgr140'}	pgpB	P0A924
MLTGY1pp	Murein lytic transglycosylase (murein4p4p) (periplasm)	Murein Recycling	1.0 murein4p4p_p = 2.0 anhgm4p_p	1.0 Two linked disacharide tetrapeptide murein units (uncrosslinked, middle of chain) = 2.0 N-Acetyl-D-glucosamine(anhydrous)N-Acetylmuramyl-tetrapeptide	1.0 Unknown = 2.0 Unknown	{'murein4p4p', 'anhgm4p'}	mltC, slt, mltA, mltB, emtA, mltF, mltD, yceG	P0C066, P0AGC3, P0A935, P41052, P0C960, P0AGC5, P0AEZ7, P28306
EX_3cmp_e	3'-cmp exchange	Extracellular exchange	1.0 3cmp_e = 	1.0 3  CMP C9H12N3O8P = 	1.0 CHEBI:28929 = 	{'3cmp'}	Unknown	Unknown
3HAD40	3-hydroxyacyl-[acyl-carrier-protein] dehydratase (n-C4:0)	Cell Envelope Biosynthesis	1.0 3haACP_c = 1.0 but2eACP_c + 1.0 h2o_c	1.0 (3R)-3-Hydroxyacyl-[acyl-carrier protein] = 1.0 But-2-enoyl-[acyl-carrier protein] + 1.0 H2O H2O	1.0 CHEBI:84648 = 1.0 Unknown + 1.0 CHEBI:13352	{'3haACP', 'but2eACP', 'h2o'}	fabA, fabZ	P0A6Q3, P0A6Q6
PLIPA1E141pp	Phospholipase A1 (phosphatidylethanolamine, n-C14:1) (periplasm)	Glycerophospholipid Metabolism	1.0 h2o_p + 1.0 pe141_p = 1.0 2agpe141_p + 1.0 h_p + 1.0 ttdcea_p	1.0 H2O H2O + 1.0 Phosphatidylethanolamine (ditetradec-7-enoyl, n-C14:1) = 1.0 2-Acyl-sn-glycero-3-phosphoethanolamine (n-C14:1) + 1.0 H+ + 1.0 Tetradecenoate (n-C14:1)	1.0 CHEBI:13352 + 1.0 Unknown = 1.0 Unknown + 1.0 CHEBI:5584 + 1.0 Unknown	{'pe141', 'ttdcea', 'h2o', '2agpe141', 'h'}	pldA	P0A921
3OAS60	3-oxoacyl-[acyl-carrier-protein] synthase (n-C6:0)	Cell Envelope Biosynthesis	1.0 butACP_c + 1.0 h_c + 1.0 malACP_c = 1.0 3ohexACP_c + 1.0 ACP_c + 1.0 co2_c	1.0 Butyryl-ACP (n-C4:0ACP) + 1.0 H+ + 1.0 Malonyl-[acyl-carrier protein] = 1.0 3-Oxohexanoyl-[acyl-carrier protein] + 1.0 Acyl carrier protein + 1.0 CO2 CO2	1.0 Unknown + 1.0 CHEBI:5584 + 1.0 CHEBI:6662 = 1.0 CHEBI:1642 + 1.0 CHEBI:14405 + 1.0 CHEBI:23011	{'3ohexACP', 'malACP', 'butACP', 'ACP', 'co2', 'h'}	fabF, fabB	P0AAI5, P0A953
3OAS160	3-oxoacyl-[acyl-carrier-protein] synthase (n-C16:0)	Cell Envelope Biosynthesis	1.0 h_c + 1.0 malACP_c + 1.0 myrsACP_c = 1.0 3opalmACP_c + 1.0 ACP_c + 1.0 co2_c	1.0 H+ + 1.0 Malonyl-[acyl-carrier protein] + 1.0 Myristoyl-ACP (n-C14:0ACP) = 1.0 3-Oxohexadecanoyl-[acyl-carrier protein] + 1.0 Acyl carrier protein + 1.0 CO2 CO2	1.0 CHEBI:5584 + 1.0 CHEBI:6662 + 1.0 Unknown = 1.0 CHEBI:1639 + 1.0 CHEBI:14405 + 1.0 CHEBI:23011	{'malACP', 'myrsACP', 'ACP', 'co2', '3opalmACP', 'h'}	fabB, fabF	P0A953, P0AAI5
PAPA141	Phosphatidate phosphatase (n-C14:1)	Glycerophospholipid Metabolism	1.0 h2o_c + 1.0 pa141_c = 1.0 12dgr141_c + 1.0 pi_c	1.0 H2O H2O + 1.0 1,2-ditetradec-7-enoyl-sn-glycerol 3-phosphate = 1.0 1,2-Diacyl-sn-glycerol (ditetradec-7-enoyl, n-C14:1) + 1.0 Phosphate	1.0 CHEBI:13352 + 1.0 Unknown = 1.0 Unknown + 1.0 CHEBI:26078	{'pa141', '12dgr141', 'pi', 'h2o'}	pgpB	P0A924
PAPA161	Phosphatidate phosphatase (n-C16:1)	Glycerophospholipid Metabolism	1.0 h2o_c + 1.0 pa161_c = 1.0 12dgr161_c + 1.0 pi_c	1.0 H2O H2O + 1.0 1,2-dihexadec-9-enoyl-sn-glycerol 3-phosphate = 1.0 1,2-Diacyl-sn-glycerol (dihexadec-9-enoyl, n-C16:1) + 1.0 Phosphate	1.0 CHEBI:13352 + 1.0 Unknown = 1.0 Unknown + 1.0 CHEBI:26078	{'pa161', 'pi', '12dgr161', 'h2o'}	pgpB	P0A924
DSBAO1	DsbA protein reoxidation reaction (aerobic)	Unassigned	1.0 dsbard_p + 1.0 q8_c = 1.0 dsbaox_p + 1.0 q8h2_c	1.0 Periplasmic protein disulfide isomerase I (reduced) + 1.0 Ubiquinone-8 = 1.0 Periplasmic protein disulfide isomerase I (oxidized) + 1.0 Ubiquinol-8	1.0 Unknown + 1.0 CHEBI:61683 = 1.0 Unknown + 1.0 CHEBI:61682	{'dsbard', 'q8h2', 'dsbaox', 'q8'}	dsbB, dsbA	P0A6M2, P0AEG4
DSBAO2	DsbA protein reoxidation reaction (anaerobic)	Unassigned	1.0 dsbard_p + 1.0 mqn8_c = 1.0 dsbaox_p + 1.0 mql8_c	1.0 Periplasmic protein disulfide isomerase I (reduced) + 1.0 Menaquinone 8 = 1.0 Periplasmic protein disulfide isomerase I (oxidized) + 1.0 Menaquinol 8	1.0 Unknown + 1.0 CHEBI:44027 = 1.0 Unknown + 1.0 CHEBI:61684	{'dsbard', 'mqn8', 'dsbaox', 'mql8'}	dsbB, dsbA	P0A6M2, P0AEG4
DSBDR	DsbD reductase	Unassigned	1.0 dsbdox_c + 1.0 trdrd_c = 1.0 dsbdrd_c + 1.0 trdox_c	1.0 Fused thiol:disulfide interchange protein (oxidized) + 1.0 Reduced thioredoxin = 1.0 Fused thiol:disulfide interchange protein (reduced) + 1.0 Oxidized thioredoxin	1.0 Unknown + 1.0 CHEBI:15033 = 1.0 Unknown + 1.0 CHEBI:14726	{'trdrd', 'dsbdox', 'trdox', 'dsbdrd'}	trxC, dsbD, trxA, dsbD	P0AGG4, P36655, P0AA25
PLIPA2A120pp	Phospholipase A2 (phosphatidate, n-C12:0) (periplasm)	Glycerophospholipid Metabolism	1.0 h2o_p + 1.0 pa120_p = 1.0 1ddecg3p_p + 1.0 ddca_p + 1.0 h_p	1.0 H2O H2O + 1.0 1,2-didodecanoyl-sn-glycerol 3-phosphate = 1.0 1-dodecanoyl-sn-glycerol 3-phosphate + 1.0 Dodecanoate (n-C12:0) + 1.0 H+	1.0 CHEBI:13352 + 1.0 Unknown = 1.0 CHEBI:72682 + 1.0 Unknown + 1.0 CHEBI:5584	{'pa120', '1ddecg3p', 'h2o', 'ddca', 'h'}	pldA	P0A921
PLIPA2A160pp	Phospholipase A2 (phosphatidate, n-C16:0) (periplasm)	Glycerophospholipid Metabolism	1.0 h2o_p + 1.0 pa160_p = 1.0 1hdecg3p_p + 1.0 h_p + 1.0 hdca_p	1.0 H2O H2O + 1.0 1,2-dihexadecanoyl-sn-glycerol 3-phosphate = 1.0 1-hexadecanoyl-sn-glycerol 3-phosphate + 1.0 H+ + 1.0 Hexadecanoate (n-C16:0)	1.0 CHEBI:13352 + 1.0 CHEBI:72859 = 1.0 Unknown + 1.0 CHEBI:5584 + 1.0 CHEBI:7896	{'pa160', 'hdca', 'h2o', '1hdecg3p', 'h'}	pldA	P0A921
CLPNH180pp	Cardiolipin hydrolase (periplasm, n-C18:0)	Glycerophospholipid Metabolism	1.0 clpn180_p + 1.0 h2o_p = 1.0 h_p + 1.0 pa180_p + 1.0 pg180_p	1.0 Cardiolipin (tetraoctadecanoyl, n-C18:0) + 1.0 H2O H2O = 1.0 H+ + 1.0 1,2-dioctadecanoyl-sn-glycerol 3-phosphate + 1.0 Phosphatidylglycerol (dioctadecanoyl, n-C18:0)	1.0 Unknown + 1.0 CHEBI:13352 = 1.0 CHEBI:5584 + 1.0 CHEBI:82921 + 1.0 Unknown	{'clpn180', 'pg180', 'pa180', 'h2o', 'h'}	Unknown	Unknown
3OAR60	3-oxoacyl-[acyl-carrier-protein] reductase (n-C6:0)	Cell Envelope Biosynthesis	1.0 3ohexACP_c + 1.0 h_c + 1.0 nadph_c = 1.0 3hhexACP_c + 1.0 nadp_c	1.0 3-Oxohexanoyl-[acyl-carrier protein] + 1.0 H+ + 1.0 Nicotinamide adenine dinucleotide phosphate - reduced = 1.0 (R)-3-Hydroxyhexanoyl-[acyl-carrier protein] + 1.0 Nicotinamide adenine dinucleotide phosphate	1.0 CHEBI:1642 + 1.0 CHEBI:5584 + 1.0 CHEBI:16474 = 1.0 CHEBI:326 + 1.0 CHEBI:29868	{'3ohexACP', 'nadp', 'nadph', '3hhexACP', 'h'}	fabG	P0AEK2
3OAR80	3-oxoacyl-[acyl-carrier-protein] reductase (n-C8:0)	Cell Envelope Biosynthesis	1.0 3ooctACP_c + 1.0 h_c + 1.0 nadph_c = 1.0 3hoctACP_c + 1.0 nadp_c	1.0 3-Oxooctanoyl-[acyl-carrier protein] + 1.0 H+ + 1.0 Nicotinamide adenine dinucleotide phosphate - reduced = 1.0 (R)-3-Hydroxyoctanoyl-[acyl-carrier protein] + 1.0 Nicotinamide adenine dinucleotide phosphate	1.0 CHEBI:1646 + 1.0 CHEBI:5584 + 1.0 CHEBI:16474 = 1.0 Unknown + 1.0 CHEBI:29868	{'nadp', '3hoctACP', 'nadph', '3ooctACP', 'h'}	fabG	P0AEK2
MLDCP3App	Murein L,D-carboxypeptidase (murein5px3p) (periplasm)	Murein Biosynthesis	1.0 h2o_p + 1.0 murein5px3p_p = 1.0 alaala_p + 1.0 murein3px3p_p	1.0 H2O H2O + 1.0 Two disacharide linked murein units, pentapeptide corsslinked tripeptide (A2pm->A2pm) (middle of chain) = 1.0 D-Alanyl-D-alanine + 1.0 Two disacharide linked murein units, tripeptide crosslinked tripeptide (A2pm->A2pm) (middle of chain)	1.0 CHEBI:13352 + 1.0 Unknown = 1.0 CHEBI:13749 + 1.0 Unknown	{'murein5px3p', 'alaala', 'murein3px3p', 'h2o'}	ldtD, ldtA, ldtC, ldtE, ldtB	P22525, P39176, P75954, P76193, P0AAX8
MLDCP1Bpp	Murein L,D-carboxypeptidase (murein4p4p) (periplasm)	Murein Biosynthesis	1.0 h2o_p + 1.0 murein4p4p_p = 1.0 ala__D_p + 1.0 murein4p3p_p	1.0 H2O H2O + 1.0 Two linked disacharide tetrapeptide murein units (uncrosslinked, middle of chain) = 1.0 D-Alanine + 1.0 Two linked disacharide tetrapeptide and tripeptide murein units (uncrosslinked, middle of chain)	1.0 CHEBI:13352 + 1.0 Unknown = 1.0 CHEBI:12899 + 1.0 Unknown	{'murein4p4p', 'ala__D', 'murein4p3p', 'h2o'}	ldtD, ldtA, ldtC, ldtE, ldtB	P22525, P39176, P75954, P76193, P0AAX8
LPLIPAL2E120	Lysophospholipase L2 (2-acylglycerophosphoethanolamine, n-C12:0)	Glycerophospholipid Metabolism	1.0 2agpe120_c + 1.0 h2o_c = 1.0 ddca_c + 1.0 g3pe_c + 1.0 h_c	1.0 2-Acyl-sn-glycero-3-phosphoethanolamine (n-C12:0) + 1.0 H2O H2O = 1.0 Dodecanoate (n-C12:0) + 1.0 Sn-Glycero-3-phosphoethanolamine + 1.0 H+	1.0 Unknown + 1.0 CHEBI:13352 = 1.0 Unknown + 1.0 CHEBI:57952 + 1.0 CHEBI:5584	{'2agpe120', 'h2o', 'g3pe', 'ddca', 'h'}	pldB	P07000
EAR100x	Enoyl-[acyl-carrier-protein] reductase (NADH) (n-C10:0)	Cell Envelope Biosynthesis	1.0 h_c + 1.0 nadh_c + 1.0 tdec2eACP_c = 1.0 dcaACP_c + 1.0 nad_c	1.0 H+ + 1.0 Nicotinamide adenine dinucleotide - reduced + 1.0 Trans-Dec-2-enoyl-[acyl-carrier protein] = 1.0 Decanoyl-ACP (n-C10:0ACP) + 1.0 Nicotinamide adenine dinucleotide	1.0 CHEBI:5584 + 1.0 CHEBI:13395 + 1.0 CHEBI:10724 = 1.0 Unknown + 1.0 CHEBI:7422	{'dcaACP', 'tdec2eACP', 'nad', 'nadh', 'h'}	fabI	P0AEK4
EAR120x	Enoyl-[acyl-carrier-protein] reductase (NADH) (n-C12:0)	Cell Envelope Biosynthesis	1.0 h_c + 1.0 nadh_c + 1.0 tddec2eACP_c = 1.0 ddcaACP_c + 1.0 nad_c	1.0 H+ + 1.0 Nicotinamide adenine dinucleotide - reduced + 1.0 Trans-Dodec-2-enoyl-[acyl-carrier protein] = 1.0 Dodecanoyl-ACP (n-C12:0ACP) + 1.0 Nicotinamide adenine dinucleotide	1.0 CHEBI:5584 + 1.0 CHEBI:13395 + 1.0 CHEBI:10725 = 1.0 Unknown + 1.0 CHEBI:7422	{'tddec2eACP', 'ddcaACP', 'nad', 'nadh', 'h'}	fabI	P0AEK4
EAR160x	Enoyl-[acyl-carrier-protein] reductase (NADH) (n-C16:0)	Cell Envelope Biosynthesis	1.0 h_c + 1.0 nadh_c + 1.0 tpalm2eACP_c = 1.0 nad_c + 1.0 palmACP_c	1.0 H+ + 1.0 Nicotinamide adenine dinucleotide - reduced + 1.0 Trans-Hexadec-2-enoyl-[acyl-carrier protein] = 1.0 Nicotinamide adenine dinucleotide + 1.0 Palmitoyl-ACP (n-C16:0ACP)	1.0 CHEBI:5584 + 1.0 CHEBI:13395 + 1.0 CHEBI:10729 = 1.0 CHEBI:7422 + 1.0 Unknown	{'palmACP', 'tpalm2eACP', 'nad', 'nadh', 'h'}	fabI	P0AEK4
ATHRDHr	L-allo-threonine dehydrogenase	Threonine and Lysine Metabolism	1.0 athr__L_c + 1.0 nadp_c = 1.0 2aobut_c + 1.0 h_c + 1.0 nadph_c	1.0 L-Allo-threonine + 1.0 Nicotinamide adenine dinucleotide phosphate = 1.0 L-2-Amino-3-oxobutanoate + 1.0 H+ + 1.0 Nicotinamide adenine dinucleotide phosphate - reduced	1.0 CHEBI:6174 + 1.0 CHEBI:29868 = 1.0 CHEBI:6156 + 1.0 CHEBI:5584 + 1.0 CHEBI:16474	{'nadp', 'athr__L', 'nadph', '2aobut', 'h'}	ydfG	P39831
EAR140y	Enoyl-[acyl-carrier-protein] reductase (NADPH) (n-C14:0)	Cell Envelope Biosynthesis	1.0 h_c + 1.0 nadph_c + 1.0 tmrs2eACP_c = 1.0 myrsACP_c + 1.0 nadp_c	1.0 H+ + 1.0 Nicotinamide adenine dinucleotide phosphate - reduced + 1.0 Trans-Tetradec-2-enoyl-[acyl-carrier protein] = 1.0 Myristoyl-ACP (n-C14:0ACP) + 1.0 Nicotinamide adenine dinucleotide phosphate	1.0 CHEBI:5584 + 1.0 CHEBI:16474 + 1.0 CHEBI:10735 = 1.0 Unknown + 1.0 CHEBI:29868	{'myrsACP', 'nadp', 'nadph', 'tmrs2eACP', 'h'}	fabI	P0AEK4
3OAS121	3-oxoacyl-[acyl-carrier-protein] synthase (n-C12:1)	Cell Envelope Biosynthesis	1.0 cdec3eACP_c + 1.0 h_c + 1.0 malACP_c = 1.0 3ocddec5eACP_c + 1.0 ACP_c + 1.0 co2_c	1.0 Cis-dec-3-enoyl-[acyl-carrier protein] (n-C10:1) + 1.0 H+ + 1.0 Malonyl-[acyl-carrier protein] = 1.0 3-oxo-cis-dodec-5-enoyl-[acyl-carrier protein] + 1.0 Acyl carrier protein + 1.0 CO2 CO2	1.0 Unknown + 1.0 CHEBI:5584 + 1.0 CHEBI:6662 = 1.0 Unknown + 1.0 CHEBI:14405 + 1.0 CHEBI:23011	{'malACP', 'cdec3eACP', 'ACP', 'co2', '3ocddec5eACP', 'h'}	fabB	P0A953
3OAS80	3-oxoacyl-[acyl-carrier-protein] synthase (n-C8:0)	Cell Envelope Biosynthesis	1.0 h_c + 1.0 hexACP_c + 1.0 malACP_c = 1.0 3ooctACP_c + 1.0 ACP_c + 1.0 co2_c	1.0 H+ + 1.0 Hexanoyl-ACP (n-C6:0ACP) + 1.0 Malonyl-[acyl-carrier protein] = 1.0 3-Oxooctanoyl-[acyl-carrier protein] + 1.0 Acyl carrier protein + 1.0 CO2 CO2	1.0 CHEBI:5584 + 1.0 Unknown + 1.0 CHEBI:6662 = 1.0 CHEBI:1646 + 1.0 CHEBI:14405 + 1.0 CHEBI:23011	{'malACP', 'hexACP', 'ACP', '3ooctACP', 'co2', 'h'}	fabB, fabF	P0A953, P0AAI5
3OAS100	3-oxoacyl-[acyl-carrier-protein] synthase (n-C10:0)	Cell Envelope Biosynthesis	1.0 h_c + 1.0 malACP_c + 1.0 ocACP_c = 1.0 3odecACP_c + 1.0 ACP_c + 1.0 co2_c	1.0 H+ + 1.0 Malonyl-[acyl-carrier protein] + 1.0 Octanoyl-ACP (n-C8:0ACP) = 1.0 3-Oxodecanoyl-[acyl-carrier protein] + 1.0 Acyl carrier protein + 1.0 CO2 CO2	1.0 CHEBI:5584 + 1.0 CHEBI:6662 + 1.0 Unknown = 1.0 CHEBI:1634 + 1.0 CHEBI:14405 + 1.0 CHEBI:23011	{'malACP', '3odecACP', 'ACP', 'co2', 'ocACP', 'h'}	fabB, fabF	P0A953, P0AAI5
3OAS120	3-oxoacyl-[acyl-carrier-protein] synthase (n-C12:0)	Cell Envelope Biosynthesis	1.0 dcaACP_c + 1.0 h_c + 1.0 malACP_c = 1.0 3oddecACP_c + 1.0 ACP_c + 1.0 co2_c	1.0 Decanoyl-ACP (n-C10:0ACP) + 1.0 H+ + 1.0 Malonyl-[acyl-carrier protein] = 1.0 3-Oxododecanoyl-[acyl-carrier protein] + 1.0 Acyl carrier protein + 1.0 CO2 CO2	1.0 Unknown + 1.0 CHEBI:5584 + 1.0 CHEBI:6662 = 1.0 CHEBI:1637 + 1.0 CHEBI:14405 + 1.0 CHEBI:23011	{'malACP', 'dcaACP', '3oddecACP', 'ACP', 'co2', 'h'}	fabF, fabB	P0AAI5, P0A953
LSERDHr	L-serine dehydrogenase	Glycine and Serine Metabolism	1.0 nadp_c + 1.0 ser__L_c = 1.0 2amsa_c + 1.0 h_c + 1.0 nadph_c	1.0 Nicotinamide adenine dinucleotide phosphate + 1.0 L-Serine = 1.0 2-Aminomalonate semialdehyde + 1.0 H+ + 1.0 Nicotinamide adenine dinucleotide phosphate - reduced	1.0 CHEBI:29868 + 1.0 CHEBI:32845 = 1.0 CHEBI:77662 + 1.0 CHEBI:5584 + 1.0 CHEBI:16474	{'ser__L', 'nadp', 'nadph', '2amsa', 'h'}	ydfG	P39831
3OAR40	3-oxoacyl-[acyl-carrier-protein] reductase (n-C4:0)	Cell Envelope Biosynthesis	1.0 actACP_c + 1.0 h_c + 1.0 nadph_c = 1.0 3haACP_c + 1.0 nadp_c	1.0 Acetoacetyl-ACP + 1.0 H+ + 1.0 Nicotinamide adenine dinucleotide phosphate - reduced = 1.0 (3R)-3-Hydroxyacyl-[acyl-carrier protein] + 1.0 Nicotinamide adenine dinucleotide phosphate	1.0 CHEBI:2393 + 1.0 CHEBI:5584 + 1.0 CHEBI:16474 = 1.0 CHEBI:84648 + 1.0 CHEBI:29868	{'3haACP', 'nadp', 'nadph', 'actACP', 'h'}	fabG	P0AEK2
3OAR100	3-oxoacyl-[acyl-carrier-protein] reductase (n-C10:0)	Cell Envelope Biosynthesis	1.0 3odecACP_c + 1.0 h_c + 1.0 nadph_c = 1.0 3hdecACP_c + 1.0 nadp_c	1.0 3-Oxodecanoyl-[acyl-carrier protein] + 1.0 H+ + 1.0 Nicotinamide adenine dinucleotide phosphate - reduced = 1.0 (R)-3-Hydroxydecanoyl-[acyl-carrier protein] + 1.0 Nicotinamide adenine dinucleotide phosphate	1.0 CHEBI:1634 + 1.0 CHEBI:5584 + 1.0 CHEBI:16474 = 1.0 Unknown + 1.0 CHEBI:29868	{'nadp', '3odecACP', 'nadph', '3hdecACP', 'h'}	fabG	P0AEK2
DSERDHr	D-serine dehydrogenase	Glycine and Serine Metabolism	1.0 nadp_c + 1.0 ser__D_c = 1.0 2amsa_c + 1.0 h_c + 1.0 nadph_c	1.0 Nicotinamide adenine dinucleotide phosphate + 1.0 D-Serine = 1.0 2-Aminomalonate semialdehyde + 1.0 H+ + 1.0 Nicotinamide adenine dinucleotide phosphate - reduced	1.0 CHEBI:29868 + 1.0 CHEBI:35247 = 1.0 CHEBI:77662 + 1.0 CHEBI:5584 + 1.0 CHEBI:16474	{'ser__D', 'nadp', 'nadph', '2amsa', 'h'}	ydfG	P39831
3HAD60	3-hydroxyacyl-[acyl-carrier-protein] dehydratase (n-C6:0)	Cell Envelope Biosynthesis	1.0 3hhexACP_c = 1.0 h2o_c + 1.0 thex2eACP_c	1.0 (R)-3-Hydroxyhexanoyl-[acyl-carrier protein] = 1.0 H2O H2O + 1.0 Trans-Hex-2-enoyl-[acyl-carrier protein]	1.0 CHEBI:326 = 1.0 CHEBI:13352 + 1.0 CHEBI:10727	{'3hhexACP', 'thex2eACP', 'h2o'}	fabA, fabZ	P0A6Q3, P0A6Q6
3HAD100	3-hydroxyacyl-[acyl-carrier-protein] dehydratase (n-C10:0)	Cell Envelope Biosynthesis	1.0 3hdecACP_c = 1.0 h2o_c + 1.0 tdec2eACP_c	1.0 (R)-3-Hydroxydecanoyl-[acyl-carrier protein] = 1.0 H2O H2O + 1.0 Trans-Dec-2-enoyl-[acyl-carrier protein]	1.0 Unknown = 1.0 CHEBI:13352 + 1.0 CHEBI:10724	{'tdec2eACP', 'h2o', '3hdecACP'}	fabA, fabZ	P0A6Q3, P0A6Q6
3HAD140	3-hydroxyacyl-[acyl-carrier-protein] dehydratase (n-C14:0)	Cell Envelope Biosynthesis	1.0 3hmrsACP_c = 1.0 h2o_c + 1.0 tmrs2eACP_c	1.0 (R)-3-Hydroxytetradecanoyl-[acyl-carrier protein] = 1.0 H2O H2O + 1.0 Trans-Tetradec-2-enoyl-[acyl-carrier protein]	1.0 Unknown = 1.0 CHEBI:13352 + 1.0 CHEBI:10735	{'tmrs2eACP', 'h2o', '3hmrsACP'}	fabA, fabZ	P0A6Q3, P0A6Q6
3HAD160	3-hydroxyacyl-[acyl-carrier-protein] dehydratase (n-C16:0)	Cell Envelope Biosynthesis	1.0 3hpalmACP_c = 1.0 h2o_c + 1.0 tpalm2eACP_c	1.0 R-3-hydroxypalmitoyl-[acyl-carrier protein] = 1.0 H2O H2O + 1.0 Trans-Hexadec-2-enoyl-[acyl-carrier protein]	1.0 Unknown = 1.0 CHEBI:13352 + 1.0 CHEBI:10729	{'tpalm2eACP', '3hpalmACP', 'h2o'}	fabA, fabZ	P0A6Q3, P0A6Q6
EX_urate_e	Urate exchange	Extracellular exchange	1.0 urate_e = 	1.0 Urate C5H4N4O3 = 	1.0 CHEBI:27216 = 	{'urate'}	Unknown	Unknown
PSD120	Phosphatidylserine decarboxylase (n-C12:0)	Glycerophospholipid Metabolism	1.0 h_c + 1.0 ps120_c = 1.0 co2_c + 1.0 pe120_c	1.0 H+ + 1.0 Phosphatidylserine (didodecanoyl, n-C12:0) = 1.0 CO2 CO2 + 1.0 Phosphatidylethanolamine (didodecanoyl, n-C12:0)	1.0 CHEBI:5584 + 1.0 Unknown = 1.0 CHEBI:23011 + 1.0 Unknown	{'pe120', 'h', 'ps120', 'co2'}	psd	P0A8K1
AGPAT180	1-octadecanoyl-sn-glycerol 3-phosphate O-acyltransferase (n-C18:0)	Glycerophospholipid Metabolism	1.0 1odecg3p_c + 1.0 ocdcaACP_c = 1.0 ACP_c + 1.0 pa180_c	1.0 1-octadecanoyl-sn-glycerol 3-phosphate + 1.0 Octadecanoyl-ACP (n-C18:0ACP) = 1.0 Acyl carrier protein + 1.0 1,2-dioctadecanoyl-sn-glycerol 3-phosphate	1.0 CHEBI:74850 + 1.0 Unknown = 1.0 CHEBI:14405 + 1.0 CHEBI:82921	{'ocdcaACP', 'pa180', 'ACP', '1odecg3p'}	plsC	P26647
AGPAT141	1-tetradec-7-enoyl-sn-glycerol 3-phosphate O-acyltransferase (n-C14:1)	Glycerophospholipid Metabolism	1.0 1tdec7eg3p_c + 1.0 tdeACP_c = 1.0 ACP_c + 1.0 pa141_c	1.0 1-tetradec-7-enoyl-sn-glycerol 3-phosphate + 1.0 Cis-tetradec-7-enoyl-[acyl-carrier protein] (n-C14:1) = 1.0 Acyl carrier protein + 1.0 1,2-ditetradec-7-enoyl-sn-glycerol 3-phosphate	1.0 Unknown + 1.0 Unknown = 1.0 CHEBI:14405 + 1.0 Unknown	{'pa141', 'tdeACP', 'ACP', '1tdec7eg3p'}	plsC	P26647
PAPA120	Phosphatidate phosphatase (n-C12:0)	Glycerophospholipid Metabolism	1.0 h2o_c + 1.0 pa120_c = 1.0 12dgr120_c + 1.0 pi_c	1.0 H2O H2O + 1.0 1,2-didodecanoyl-sn-glycerol 3-phosphate = 1.0 1,2-Diacyl-sn-glycerol (didodecanoyl, n-C12:0) + 1.0 Phosphate	1.0 CHEBI:13352 + 1.0 Unknown = 1.0 Unknown + 1.0 CHEBI:26078	{'pa120', 'pi', '12dgr120', 'h2o'}	pgpB	P0A924
EX_skm_e	Shikimate exchange	Extracellular exchange	1.0 skm_e = 	1.0 Shikimate = 	1.0 CHEBI:15083 = 	{'skm'}	Unknown	Unknown
EX_cpgn_un_e	Coprogen unloaded (no Fe(III)) exchange	Extracellular exchange	1.0 cpgn_un_e = 	1.0 Coprogen unloaded (no Fe(III)) = 	1.0 Unknown = 	{'cpgn_un'}	Unknown	Unknown
MDDEP1pp	Murein D,D-endopeptidase (murein4px4p) (periplasm)	Murein Recycling	1.0 h2o_p + 1.0 murein4px4p_p = 1.0 murein4p4p_p	1.0 H2O H2O + 1.0 Two disacharide linked murein units, tetrapeptide corsslinked tetrapeptide (A2pm->D-ala) (middle of chain) = 1.0 Two linked disacharide tetrapeptide murein units (uncrosslinked, middle of chain)	1.0 CHEBI:13352 + 1.0 Unknown = 1.0 Unknown	{'murein4p4p', 'murein4px4p', 'h2o'}	dacB, mepA, pbpG, mepH, mepM, mepS, ampH	P24228, P0C0T5, P0AFI5, P76190, P0AFS9, P0AFV4, P0AD70
MDDEP2pp	Murein D,D-endopeptidase (murein3px4p) (periplasm)	Murein Recycling	1.0 h2o_p + 1.0 murein3px4p_p = 1.0 murein4p3p_p	1.0 H2O H2O + 1.0 Two disacharide linked murein units, tripeptide crosslinked tetrapeptide (A2pm->D-ala) (middle of chain) = 1.0 Two linked disacharide tetrapeptide and tripeptide murein units (uncrosslinked, middle of chain)	1.0 CHEBI:13352 + 1.0 Unknown = 1.0 Unknown	{'murein3px4p', 'murein4p3p', 'h2o'}	dacB, mepA, pbpG, mepH, mepM, mepS, ampH	P24228, P0C0T5, P0AFI5, P76190, P0AFS9, P0AFV4, P0AD70
AGPAT161	1-hexadec-7-enoyl-sn-glycerol 3-phosphate O-acyltransferase (n-C16:1)	Glycerophospholipid Metabolism	1.0 1hdec9eg3p_c + 1.0 hdeACP_c = 1.0 ACP_c + 1.0 pa161_c	1.0 1-hexadec-9-enoyl-sn-glycerol 3-phosphate + 1.0 Cis-hexadec-9-enoyl-[acyl-carrier protein] (n-C16:1) = 1.0 Acyl carrier protein + 1.0 1,2-dihexadec-9-enoyl-sn-glycerol 3-phosphate	1.0 Unknown + 1.0 Unknown = 1.0 CHEBI:14405 + 1.0 Unknown	{'pa161', '1hdec9eg3p', 'hdeACP', 'ACP'}	plsC	P26647
DASYN120	CDP-diacylglycerol synthetase (n-C12:0)	Glycerophospholipid Metabolism	1.0 ctp_c + 1.0 h_c + 1.0 pa120_c = 1.0 cdpdddecg_c + 1.0 ppi_c	1.0 CTP C9H12N3O14P3 + 1.0 H+ + 1.0 1,2-didodecanoyl-sn-glycerol 3-phosphate = 1.0 CDP-1,2-didodecanoylglycerol + 1.0 Diphosphate	1.0 CHEBI:3285 + 1.0 CHEBI:5584 + 1.0 Unknown = 1.0 Unknown + 1.0 CHEBI:45212	{'pa120', 'cdpdddecg', 'ppi', 'ctp', 'h'}	cdsA	P0ABG1
EAR40x	Enoyl-[acyl-carrier-protein] reductase (NADH) (n-C4:0)	Cell Envelope Biosynthesis	1.0 but2eACP_c + 1.0 h_c + 1.0 nadh_c = 1.0 butACP_c + 1.0 nad_c	1.0 But-2-enoyl-[acyl-carrier protein] + 1.0 H+ + 1.0 Nicotinamide adenine dinucleotide - reduced = 1.0 Butyryl-ACP (n-C4:0ACP) + 1.0 Nicotinamide adenine dinucleotide	1.0 Unknown + 1.0 CHEBI:5584 + 1.0 CHEBI:13395 = 1.0 Unknown + 1.0 CHEBI:7422	{'butACP', 'but2eACP', 'nad', 'nadh', 'h'}	fabI	P0AEK4
EAR60y	Enoyl-[acyl-carrier-protein] reductase (NADPH) (n-C6:0)	Cell Envelope Biosynthesis	1.0 h_c + 1.0 nadph_c + 1.0 thex2eACP_c = 1.0 hexACP_c + 1.0 nadp_c	1.0 H+ + 1.0 Nicotinamide adenine dinucleotide phosphate - reduced + 1.0 Trans-Hex-2-enoyl-[acyl-carrier protein] = 1.0 Hexanoyl-ACP (n-C6:0ACP) + 1.0 Nicotinamide adenine dinucleotide phosphate	1.0 CHEBI:5584 + 1.0 CHEBI:16474 + 1.0 CHEBI:10727 = 1.0 Unknown + 1.0 CHEBI:29868	{'thex2eACP', 'nadp', 'nadph', 'hexACP', 'h'}	fabI	P0AEK4
MLDEP1pp	Murein L,D-endopeptidase (murein3px3p) (periplasm)	Murein Recycling	1.0 h2o_p + 1.0 murein3px3p_p = 1.0 murein3p3p_p	1.0 H2O H2O + 1.0 Two disacharide linked murein units, tripeptide crosslinked tripeptide (A2pm->A2pm) (middle of chain) = 1.0 Two linked disacharide tripeptide murein units (uncrosslinked, middle of chain)	1.0 CHEBI:13352 + 1.0 Unknown = 1.0 Unknown	{'murein3px3p', 'murein3p3p', 'h2o'}	mepA	P0C0T5
PSD181	Phosphatidylserine decarboxylase (n-C18:1)	Glycerophospholipid Metabolism	1.0 h_c + 1.0 ps181_c = 1.0 co2_c + 1.0 pe181_c	1.0 H+ + 1.0 Phosphatidylserine (dioctadec-11-enoyl, n-C18:1) = 1.0 CO2 CO2 + 1.0 Phosphatidylethanolamine (dioctadec-11-enoyl, n-C18:1)	1.0 CHEBI:5584 + 1.0 Unknown = 1.0 CHEBI:23011 + 1.0 Unknown	{'h', 'ps181', 'pe181', 'co2'}	psd	P0A8K1
DAGK180	Diacylglycerol kinase (n-C18:0)	Glycerophospholipid Metabolism	1.0 12dgr180_c + 1.0 atp_c = 1.0 adp_c + 1.0 h_c + 1.0 pa180_c	1.0 1,2-Diacyl-sn-glycerol (dioctadecanoyl, n-C18:0) + 1.0 ATP C10H12N5O13P3 = 1.0 ADP C10H12N5O10P2 + 1.0 H+ + 1.0 1,2-dioctadecanoyl-sn-glycerol 3-phosphate	1.0 Unknown + 1.0 CHEBI:15422 = 1.0 CHEBI:2342 + 1.0 CHEBI:5584 + 1.0 CHEBI:82921	{'atp', 'pa180', 'adp', '12dgr180', 'h'}	dgkA	P0ABN1
DAGK181	Diacylglycerol kinase (n-C18:1)	Glycerophospholipid Metabolism	1.0 12dgr181_c + 1.0 atp_c = 1.0 adp_c + 1.0 h_c + 1.0 pa181_c	1.0 1,2-Diacyl-sn-glycerol (dioctadec-11-enoyl, n-C18:1) + 1.0 ATP C10H12N5O13P3 = 1.0 ADP C10H12N5O10P2 + 1.0 H+ + 1.0 1,2-dioctadec-11-enoyl-sn-glycerol 3-phosphate	1.0 Unknown + 1.0 CHEBI:15422 = 1.0 CHEBI:2342 + 1.0 CHEBI:5584 + 1.0 Unknown	{'atp', '12dgr181', 'adp', 'pa181', 'h'}	dgkA	P0ABN1
MLDEP2pp	Murein L,D-endopeptidase (murein5px3p) (periplasm)	Murein Recycling	1.0 h2o_p + 1.0 murein5px3p_p = 1.0 murein5p3p_p	1.0 H2O H2O + 1.0 Two disacharide linked murein units, pentapeptide corsslinked tripeptide (A2pm->A2pm) (middle of chain) = 1.0 Two linked disacharide pentapeptide and tripeptide murein units (uncrosslinked, middle of chain)	1.0 CHEBI:13352 + 1.0 Unknown = 1.0 Unknown	{'murein5px3p', 'murein5p3p', 'h2o'}	mepA	P0C0T5
EX_ag_e	Silver exchange	Extracellular exchange	1.0 ag_e = 	1.0 Silver = 	1.0 CHEBI:49467 = 	{'ag'}	Unknown	Unknown
MLTGY2pp	Murein lytic transglycosylase (murein4p3p) (periplasm)	Murein Recycling	1.0 murein4p3p_p = 1.0 anhgm3p_p + 1.0 anhgm4p_p	1.0 Two linked disacharide tetrapeptide and tripeptide murein units (uncrosslinked, middle of chain) = 1.0 N-Acetyl-D-glucosamine(anhydrous)N-Acetylmuramyl-tripeptide + 1.0 N-Acetyl-D-glucosamine(anhydrous)N-Acetylmuramyl-tetrapeptide	1.0 Unknown = 1.0 Unknown + 1.0 Unknown	{'anhgm3p', 'anhgm4p', 'murein4p3p'}	mltC, slt, mltA, mltB, emtA, mltF, mltD, yceG	P0C066, P0AGC3, P0A935, P41052, P0C960, P0AGC5, P0AEZ7, P28306
PLIPA2E120pp	Phospholipase A2 (phosphatidylethanolamine, n-C12:0) (periplasm)	Glycerophospholipid Metabolism	1.0 h2o_p + 1.0 pe120_p = 1.0 1agpe120_p + 1.0 ddca_p + 1.0 h_p	1.0 H2O H2O + 1.0 Phosphatidylethanolamine (didodecanoyl, n-C12:0) = 1.0 1-Acyl-sn-glycero-3-phosphoethanolamine (n-C12:0) + 1.0 Dodecanoate (n-C12:0) + 1.0 H+	1.0 CHEBI:13352 + 1.0 Unknown = 1.0 Unknown + 1.0 Unknown + 1.0 CHEBI:5584	{'pe120', 'h2o', '1agpe120', 'ddca', 'h'}	pldA	P0A921
PLIPA2G141pp	Phospholipase A2 (phosphatidylglycerol, n-C14:1) (periplasm)	Glycerophospholipid Metabolism	1.0 h2o_p + 1.0 pg141_p = 1.0 1agpg141_p + 1.0 h_p + 1.0 ttdcea_p	1.0 H2O H2O + 1.0 Phosphatidylglycerol (ditetradec-7-enoyl, n-C14:1) = 1.0 1-Acyl-sn-glycero-3-phosphoglycerol (n-C14:1) + 1.0 H+ + 1.0 Tetradecenoate (n-C14:1)	1.0 CHEBI:13352 + 1.0 Unknown = 1.0 Unknown + 1.0 CHEBI:5584 + 1.0 Unknown	{'ttdcea', 'pg141', 'h2o', '1agpg141', 'h'}	pldA	P0A921
MLTGY4pp	Murein lytic transglycosylase (murein4px4p4p) (periplasm)	Murein Recycling	1.0 murein4px4p4p_p = 1.0 anhgm4p_p + 1.0 murein4px4p_p	1.0 Three disacharide linked murein units (tetrapeptide crosslinked tetrapeptide (A2pm->D-ala), one uncrosslinked tetrapaptide) (middle of chain) = 1.0 N-Acetyl-D-glucosamine(anhydrous)N-Acetylmuramyl-tetrapeptide + 1.0 Two disacharide linked murein units, tetrapeptide corsslinked tetrapeptide (A2pm->D-ala) (middle of chain)	1.0 Unknown = 1.0 Unknown + 1.0 Unknown	{'anhgm4p', 'murein4px4p', 'murein4px4p4p'}	slt, mltA, mltB, emtA, mltC, mltF, mltD, yceG	P0AGC3, P0A935, P41052, P0C960, P0C066, P0AGC5, P0AEZ7, P28306
EAR60x	Enoyl-[acyl-carrier-protein] reductase (NADH) (n-C6:0)	Cell Envelope Biosynthesis	1.0 h_c + 1.0 nadh_c + 1.0 thex2eACP_c = 1.0 hexACP_c + 1.0 nad_c	1.0 H+ + 1.0 Nicotinamide adenine dinucleotide - reduced + 1.0 Trans-Hex-2-enoyl-[acyl-carrier protein] = 1.0 Hexanoyl-ACP (n-C6:0ACP) + 1.0 Nicotinamide adenine dinucleotide	1.0 CHEBI:5584 + 1.0 CHEBI:13395 + 1.0 CHEBI:10727 = 1.0 Unknown + 1.0 CHEBI:7422	{'thex2eACP', 'hexACP', 'nad', 'nadh', 'h'}	fabI	P0AEK4
PLIPA2G161pp	Phospholipase A2 (phosphatidylglycerol, n-C16:1) (periplasm)	Glycerophospholipid Metabolism	1.0 h2o_p + 1.0 pg161_p = 1.0 1agpg161_p + 1.0 h_p + 1.0 hdcea_p	1.0 H2O H2O + 1.0 Phosphatidylglycerol (dihexadec-9-enoyl, n-C16:1) = 1.0 1-Acyl-sn-glycero-3-phosphoglycerol (n-C16:1) + 1.0 H+ + 1.0 Hexadecenoate (n-C16:1)	1.0 CHEBI:13352 + 1.0 Unknown = 1.0 Unknown + 1.0 CHEBI:5584 + 1.0 Unknown	{'hdcea', 'h2o', '1agpg161', 'pg161', 'h'}	pldA	P0A921
EX_cys__D_e	D-Cysteine exchange	Extracellular exchange	1.0 cys__D_e = 	1.0 D-Cysteine = 	1.0 CHEBI:41887 = 	{'cys__D'}	Unknown	Unknown
LPLIPAL1A120pp	Lysophospholipase L1 (2-acylglycerophosphotidate, n-C12:0) (periplasm)	Glycerophospholipid Metabolism	1.0 1ddecg3p_p + 1.0 h2o_p = 1.0 ddca_p + 1.0 glyc3p_p + 1.0 h_p	1.0 1-dodecanoyl-sn-glycerol 3-phosphate + 1.0 H2O H2O = 1.0 Dodecanoate (n-C12:0) + 1.0 Glycerol 3-phosphate + 1.0 H+	1.0 CHEBI:72682 + 1.0 CHEBI:13352 = 1.0 Unknown + 1.0 CHEBI:12843 + 1.0 CHEBI:5584	{'1ddecg3p', 'h2o', 'glyc3p', 'ddca', 'h'}	tesA	P0ADA1
LPLIPAL1A140pp	Lysophospholipase L1 (2-acylglycerophosphotidate, n-C14:0) (periplasm)	Glycerophospholipid Metabolism	1.0 1tdecg3p_p + 1.0 h2o_p = 1.0 glyc3p_p + 1.0 h_p + 1.0 ttdca_p	1.0 1-tetradecanoyl-sn-glycerol 3-phosphate + 1.0 H2O H2O = 1.0 Glycerol 3-phosphate + 1.0 H+ + 1.0 Tetradecanoate (n-C14:0)	1.0 CHEBI:62833 + 1.0 CHEBI:13352 = 1.0 CHEBI:12843 + 1.0 CHEBI:5584 + 1.0 Unknown	{'ttdca', 'h2o', 'glyc3p', '1tdecg3p', 'h'}	tesA	P0ADA1
EAR80x	Enoyl-[acyl-carrier-protein] reductase (NADH) (n-C8:0)	Cell Envelope Biosynthesis	1.0 h_c + 1.0 nadh_c + 1.0 toct2eACP_c = 1.0 nad_c + 1.0 ocACP_c	1.0 H+ + 1.0 Nicotinamide adenine dinucleotide - reduced + 1.0 Trans-Oct-2-enoyl-[acyl-carrier protein] = 1.0 Nicotinamide adenine dinucleotide + 1.0 Octanoyl-ACP (n-C8:0ACP)	1.0 CHEBI:5584 + 1.0 CHEBI:13395 + 1.0 Unknown = 1.0 CHEBI:7422 + 1.0 Unknown	{'toct2eACP', 'ocACP', 'nad', 'nadh', 'h'}	fabI	P0AEK4
NTP11	Nucleoside-triphosphatase (dITP)	Nucleotide Salvage Pathway	1.0 ditp_c + 1.0 h2o_c = 1.0 didp_c + 1.0 h_c + 1.0 pi_c	1.0 DITP(4-) + 1.0 H2O H2O = 1.0 DIDP; 2'-deoxyinosine-5'-diphosphate(3-) + 1.0 H+ + 1.0 Phosphate	1.0 CHEBI:19251 + 1.0 CHEBI:13352 = 1.0 CHEBI:10498 + 1.0 CHEBI:5584 + 1.0 CHEBI:26078	{'didp', 'h2o', 'ditp', 'pi', 'h'}	yjjX	P39411
LPLIPAL1A181pp	Lysophospholipase L1 (2-acylglycerophosphotidate, n-C18:1) (periplasm)	Glycerophospholipid Metabolism	1.0 1odec11eg3p_p + 1.0 h2o_p = 1.0 glyc3p_p + 1.0 h_p + 1.0 ocdcea_p	1.0 1-octadec-11-enoyl-sn-glycerol 3-phosphate + 1.0 H2O H2O = 1.0 Glycerol 3-phosphate + 1.0 H+ + 1.0 Octadecenoate (n-C18:1)	1.0 Unknown + 1.0 CHEBI:13352 = 1.0 CHEBI:12843 + 1.0 CHEBI:5584 + 1.0 CHEBI:30823	{'ocdcea', 'h2o', '1odec11eg3p', 'glyc3p', 'h'}	tesA	P0ADA1
LPLIPAL1E120pp	Lysophospholipase L1 (2-acylglycerophosphoethanolamine, n-C12:0) (periplasm)	Glycerophospholipid Metabolism	1.0 1agpe120_p + 1.0 h2o_p = 1.0 ddca_p + 1.0 g3pe_p + 1.0 h_p	1.0 1-Acyl-sn-glycero-3-phosphoethanolamine (n-C12:0) + 1.0 H2O H2O = 1.0 Dodecanoate (n-C12:0) + 1.0 Sn-Glycero-3-phosphoethanolamine + 1.0 H+	1.0 Unknown + 1.0 CHEBI:13352 = 1.0 Unknown + 1.0 CHEBI:57952 + 1.0 CHEBI:5584	{'h2o', '1agpe120', 'g3pe', 'ddca', 'h'}	tesA	P0ADA1
3OAR180	3-oxoacyl-[acyl-carrier-protein] reductase (n-C18:0)	Cell Envelope Biosynthesis	1.0 3ooctdACP_c + 1.0 h_c + 1.0 nadph_c = 1.0 3hoctaACP_c + 1.0 nadp_c	1.0 3-Oxooctadecanoyl-[acyl-carrier protein] + 1.0 H+ + 1.0 Nicotinamide adenine dinucleotide phosphate - reduced = 1.0 (R)-3-Hydroxyoctadecanoyl-[acyl-carrier protein] + 1.0 Nicotinamide adenine dinucleotide phosphate	1.0 Unknown + 1.0 CHEBI:5584 + 1.0 CHEBI:16474 = 1.0 Unknown + 1.0 CHEBI:29868	{'3hoctaACP', 'nadp', 'nadph', '3ooctdACP', 'h'}	fabG	P0AEK2
G3PAT120	Glycerol-3-phosphate acyltransferase (C12:0)	Glycerophospholipid Metabolism	1.0 ddcaACP_c + 1.0 glyc3p_c = 1.0 1ddecg3p_c + 1.0 ACP_c	1.0 Dodecanoyl-ACP (n-C12:0ACP) + 1.0 Glycerol 3-phosphate = 1.0 1-dodecanoyl-sn-glycerol 3-phosphate + 1.0 Acyl carrier protein	1.0 Unknown + 1.0 CHEBI:12843 = 1.0 CHEBI:72682 + 1.0 CHEBI:14405	{'ddcaACP', 'ACP', '1ddecg3p', 'glyc3p'}	acpP, plsB	P0A6A8, P0A7A7
PGSA120	Phosphatidylglycerol synthase (n-C12:0)	Glycerophospholipid Metabolism	1.0 cdpdddecg_c + 1.0 glyc3p_c = 1.0 cmp_c + 1.0 h_c + 1.0 pgp120_c	1.0 CDP-1,2-didodecanoylglycerol + 1.0 Glycerol 3-phosphate = 1.0 CMP C9H12N3O8P + 1.0 H+ + 1.0 Phosphatidylglycerophosphate (didodecanoyl, n-C12:0)	1.0 Unknown + 1.0 CHEBI:12843 = 1.0 CHEBI:60377 + 1.0 CHEBI:5584 + 1.0 Unknown	{'cdpdddecg', 'cmp', 'pgp120', 'glyc3p', 'h'}	pgsA	P0ABF8
3OAS180	3-oxoacyl-[acyl-carrier-protein] synthase (n-C18:0)	Cell Envelope Biosynthesis	1.0 h_c + 1.0 malACP_c + 1.0 palmACP_c = 1.0 3ooctdACP_c + 1.0 ACP_c + 1.0 co2_c	1.0 H+ + 1.0 Malonyl-[acyl-carrier protein] + 1.0 Palmitoyl-ACP (n-C16:0ACP) = 1.0 3-Oxooctadecanoyl-[acyl-carrier protein] + 1.0 Acyl carrier protein + 1.0 CO2 CO2	1.0 CHEBI:5584 + 1.0 CHEBI:6662 + 1.0 Unknown = 1.0 Unknown + 1.0 CHEBI:14405 + 1.0 CHEBI:23011	{'malACP', 'ACP', 'co2', 'palmACP', '3ooctdACP', 'h'}	fabF, fabB	P0AAI5, P0A953
3HAD180	3-hydroxyacyl-[acyl-carrier-protein] dehydratase (n-C18:0)	Cell Envelope Biosynthesis	1.0 3hoctaACP_c = 1.0 h2o_c + 1.0 toctd2eACP_c	1.0 (R)-3-Hydroxyoctadecanoyl-[acyl-carrier protein] = 1.0 H2O H2O + 1.0 Trans-octadec-2-enoyl-[acyl-carrier protein]	1.0 Unknown = 1.0 CHEBI:13352 + 1.0 CHEBI:80388	{'toctd2eACP', '3hoctaACP', 'h2o'}	fabA, fabZ	P0A6Q3, P0A6Q6
CDAPPA120	CDP-Diacylglycerol pyrophostatase (n-C12:0)	Glycerophospholipid Metabolism	1.0 cdpdddecg_c + 1.0 h2o_c = 1.0 cmp_c + 2.0 h_c + 1.0 pa120_c	1.0 CDP-1,2-didodecanoylglycerol + 1.0 H2O H2O = 1.0 CMP C9H12N3O8P + 2.0 H+ + 1.0 1,2-didodecanoyl-sn-glycerol 3-phosphate	1.0 Unknown + 1.0 CHEBI:13352 = 1.0 CHEBI:60377 + 2.0 CHEBI:5584 + 1.0 Unknown	{'pa120', 'cdpdddecg', 'cmp', 'h2o', 'h'}	cdh	P06282
EX_acser_e	O-Acetyl-L-serine exchange	Extracellular exchange	1.0 acser_e = 	1.0 O-Acetyl-L-serine = 	1.0 CHEBI:44568 = 	{'acser'}	Unknown	Unknown
OMMBLHX3	2-Octaprenyl-3-methyl-6-methoxy-1,4-benzoquinol hydroxylase (anaerobic)	Cofactor and Prosthetic Group Biosynthesis	1.0 2ommbl_c + 2.0 atp_c + 3.0 h2o_c + 1.0 nad_c = 1.0 2omhmbl_c + 2.0 adp_c + 3.0 h_c + 1.0 nadh_c + 2.0 pi_c	1.0 2-Octaprenyl-3-methyl-6-methoxy- 1,4-benzoquinol + 2.0 ATP C10H12N5O13P3 + 3.0 H2O H2O + 1.0 Nicotinamide adenine dinucleotide = 1.0 2-Octaprenyl-3-methyl-5-hydroxy-6-methoxy-1,4-benzoquinol + 2.0 ADP C10H12N5O10P2 + 3.0 H+ + 1.0 Nicotinamide adenine dinucleotide - reduced + 2.0 Phosphate	1.0 CHEBI:60656 + 2.0 CHEBI:15422 + 3.0 CHEBI:13352 + 1.0 CHEBI:7422 = 1.0 CHEBI:61705 + 2.0 CHEBI:2342 + 3.0 CHEBI:5584 + 1.0 CHEBI:13395 + 2.0 CHEBI:26078	{'atp', 'adp', '2omhmbl', 'h2o', '2ommbl', 'pi', 'nad', 'nadh', 'h'}	Unknown	Unknown
PSSA120	Phosphatidylserine syntase (n-C12:0)	Glycerophospholipid Metabolism	1.0 cdpdddecg_c + 1.0 ser__L_c = 1.0 cmp_c + 1.0 h_c + 1.0 ps120_c	1.0 CDP-1,2-didodecanoylglycerol + 1.0 L-Serine = 1.0 CMP C9H12N3O8P + 1.0 H+ + 1.0 Phosphatidylserine (didodecanoyl, n-C12:0)	1.0 Unknown + 1.0 CHEBI:32845 = 1.0 CHEBI:60377 + 1.0 CHEBI:5584 + 1.0 Unknown	{'ser__L', 'cdpdddecg', 'cmp', 'ps120', 'h'}	pssA	P23830
UM4PL	UDP-N-acetylmuramate:L-alanyl-gamma-D-glutamyl-meso-diaminopimelate-D-alanine ligase	Murein Recycling	1.0 LalaDgluMdapDala_c + 1.0 atp_c + 1.0 uamr_c = 1.0 adp_c + 1.0 h_c + 1.0 pi_c + 1.0 um4p_c	1.0 L-alanine-D-glutamate-meso-2,6-diaminoheptanedioate-D-alanine + 1.0 ATP C10H12N5O13P3 + 1.0 UDP-N-acetylmuramate = 1.0 ADP C10H12N5O10P2 + 1.0 H+ + 1.0 Phosphate + 1.0 UDP-N-acetylmuramoyl-L-alanyl-D-gamma-glutamyl-meso-2,6-diaminopimelate-D-alanine	1.0 Unknown + 1.0 CHEBI:15422 + 1.0 CHEBI:70757 = 1.0 CHEBI:2342 + 1.0 CHEBI:5584 + 1.0 CHEBI:26078 + 1.0 Unknown	{'atp', 'adp', 'um4p', 'uamr', 'LalaDgluMdapDala', 'pi', 'h'}	mpl	P37773
2MAHMP	2-Methyl-4-amino-5-hydroxymethylpyrimidine diphosphatase	Cofactor and Prosthetic Group Biosynthesis	1.0 2mahmp_c + 1.0 h2o_c = 1.0 4ampm_c + 1.0 h_c + 1.0 pi_c	1.0 2-Methyl-4-amino-5-hydroxymethylpyrimidine diphosphate + 1.0 H2O H2O = 1.0 4-Amino-2-methyl-5-phosphomethylpyrimidine + 1.0 H+ + 1.0 Phosphate	1.0 CHEBI:16629 + 1.0 CHEBI:13352 = 1.0 CHEBI:44219 + 1.0 CHEBI:5584 + 1.0 CHEBI:26078	{'2mahmp', 'h2o', 'pi', '4ampm', 'h'}	cof, nudJ	P46891, P0AEI6
EX_cu_e	Cu+ exchange	Extracellular exchange	1.0 cu_e = 	1.0 Cu+ = 	1.0 CHEBI:49551 = 	{'cu'}	Unknown	Unknown
EX_arbtn_e	Aerobactin minus Fe3 exchange	Extracellular exchange	1.0 arbtn_e = 	1.0 Aerobactin minus Fe3 = 	1.0 Unknown = 	{'arbtn'}	Unknown	Unknown
NADHPO	NADH peroxidase	Unassigned	1.0 h2o2_c + 1.0 h_c + 1.0 nadh_c = 2.0 h2o_c + 1.0 nad_c	1.0 Hydrogen peroxide + 1.0 H+ + 1.0 Nicotinamide adenine dinucleotide - reduced = 2.0 H2O H2O + 1.0 Nicotinamide adenine dinucleotide	1.0 CHEBI:29192 + 1.0 CHEBI:5584 + 1.0 CHEBI:13395 = 2.0 CHEBI:13352 + 1.0 CHEBI:7422	{'h2o2', 'h2o', 'nad', 'nadh', 'h'}	ahpF, ahpC	P35340, P0AE08
ACOAD7f	Acyl-CoA dehydrogenase (hexadecanoyl-CoA)	Membrane Lipid Metabolism	1.0 fad_c + 1.0 pmtcoa_c = 1.0 fadh2_c + 1.0 hdd2coa_c	1.0 Flavin adenine dinucleotide oxidized + 1.0 Palmitoyl-CoA (n-C16:0CoA) = 1.0 Flavin adenine dinucleotide reduced + 1.0 Trans-Hexadec-2-enoyl-CoA	1.0 CHEBI:16238 + 1.0 CHEBI:14397 = 1.0 CHEBI:13316 + 1.0 CHEBI:27047	{'fadh2', 'pmtcoa', 'hdd2coa', 'fad'}	fadE	Q47146
ACOAD8f	Acyl-CoA dehydrogenase (octadecanoyl-CoA)	Membrane Lipid Metabolism	1.0 fad_c + 1.0 stcoa_c = 1.0 fadh2_c + 1.0 od2coa_c	1.0 Flavin adenine dinucleotide oxidized + 1.0 Stearoyl-CoA (n-C18:0CoA) = 1.0 Flavin adenine dinucleotide reduced + 1.0 Trans-Octadec-2-enoyl-CoA	1.0 CHEBI:16238 + 1.0 CHEBI:15107 = 1.0 CHEBI:13316 + 1.0 CHEBI:50570	{'fadh2', 'stcoa', 'od2coa', 'fad'}	fadE	Q47146
PLIPA1A120pp	Phospholipase A1 (phosphatidate, n-C12:0) (periplasm)	Glycerophospholipid Metabolism	1.0 h2o_p + 1.0 pa120_p = 1.0 2ddecg3p_p + 1.0 ddca_p	1.0 H2O H2O + 1.0 1,2-didodecanoyl-sn-glycerol 3-phosphate = 1.0 2-dodecanoyl-sn-glycerol 3-phosphate + 1.0 Dodecanoate (n-C12:0)	1.0 CHEBI:13352 + 1.0 Unknown = 1.0 Unknown + 1.0 Unknown	{'2ddecg3p', 'pa120', 'ddca', 'h2o'}	pldA	P0A921
ACOAD5f	Acyl-CoA dehydrogenase (dodecanoyl-CoA)	Membrane Lipid Metabolism	1.0 ddcacoa_c + 1.0 fad_c = 1.0 dd2coa_c + 1.0 fadh2_c	1.0 Dodecanoyl-CoA (n-C12:0CoA) + 1.0 Flavin adenine dinucleotide oxidized = 1.0 Trans-Dodec-2-enoyl-CoA + 1.0 Flavin adenine dinucleotide reduced	1.0 CHEBI:15521 + 1.0 CHEBI:16238 = 1.0 CHEBI:1287 + 1.0 CHEBI:13316	{'fadh2', 'dd2coa', 'fad', 'ddcacoa'}	fadE	Q47146
PLIPA1A140pp	Phospholipase A1 (phosphatidate, n-C14:0) (periplasm)	Glycerophospholipid Metabolism	1.0 h2o_p + 1.0 pa140_p = 1.0 2tdecg3p_p + 1.0 ttdca_p	1.0 H2O H2O + 1.0 1,2-ditetradecanoyl-sn-glycerol 3-phosphate = 1.0 2-tetradecanoyl-sn-glycerol 3-phosphate + 1.0 Tetradecanoate (n-C14:0)	1.0 CHEBI:13352 + 1.0 CHEBI:84266 = 1.0 Unknown + 1.0 Unknown	{'2tdecg3p', 'pa140', 'ttdca', 'h2o'}	pldA	P0A921
EX_dopa_e	Dopamine exchange	Extracellular exchange	1.0 dopa_e = 	1.0 Dopamine = 	1.0 CHEBI:11695 = 	{'dopa'}	Unknown	Unknown
PLIPA1A141pp	Phospholipase A1 (phosphatidate, n-C14:1) (periplasm)	Glycerophospholipid Metabolism	1.0 h2o_p + 1.0 pa141_p = 1.0 2tdec7eg3p_p + 1.0 ttdcea_p	1.0 H2O H2O + 1.0 1,2-ditetradec-7-enoyl-sn-glycerol 3-phosphate = 1.0 2-tetradec-7-enoyl-sn-glycerol 3-phosphate + 1.0 Tetradecenoate (n-C14:1)	1.0 CHEBI:13352 + 1.0 Unknown = 1.0 Unknown + 1.0 Unknown	{'pa141', 'h2o', 'ttdcea', '2tdec7eg3p'}	pldA	P0A921
PLIPA1A160pp	Phospholipase A1 (phosphatidate, n-C16:0) (periplasm)	Glycerophospholipid Metabolism	1.0 h2o_p + 1.0 pa160_p = 1.0 2hdecg3p_p + 1.0 hdca_p	1.0 H2O H2O + 1.0 1,2-dihexadecanoyl-sn-glycerol 3-phosphate = 1.0 2-hexadecanoyl-sn-glycerol 3-phosphate + 1.0 Hexadecanoate (n-C16:0)	1.0 CHEBI:13352 + 1.0 CHEBI:72859 = 1.0 Unknown + 1.0 CHEBI:7896	{'2hdecg3p', 'hdca', 'pa160', 'h2o'}	pldA	P0A921
PLIPA1A161pp	Phospholipase A1 (phosphatidate, n-C16:1) (periplasm)	Glycerophospholipid Metabolism	1.0 h2o_p + 1.0 pa161_p = 1.0 2hdec9eg3p_p + 1.0 hdcea_p	1.0 H2O H2O + 1.0 1,2-dihexadec-9-enoyl-sn-glycerol 3-phosphate = 1.0 2-hexadec-9-enoyl-sn-glycerol 3-phosphate + 1.0 Hexadecenoate (n-C16:1)	1.0 CHEBI:13352 + 1.0 Unknown = 1.0 Unknown + 1.0 Unknown	{'2hdec9eg3p', 'hdcea', 'pa161', 'h2o'}	pldA	P0A921
PLIPA1A180pp	Phospholipase A1 (phosphatidate, n-C18:0) (periplasm)	Glycerophospholipid Metabolism	1.0 h2o_p + 1.0 pa180_p = 1.0 2odecg3p_p + 1.0 ocdca_p	1.0 H2O H2O + 1.0 1,2-dioctadecanoyl-sn-glycerol 3-phosphate = 1.0 2-octadecanoyl-sn-glycerol 3-phosphate + 1.0 Octadecanoate (n-C18:0)	1.0 CHEBI:13352 + 1.0 CHEBI:82921 = 1.0 Unknown + 1.0 CHEBI:25631	{'pa180', '2odecg3p', 'ocdca', 'h2o'}	pldA	P0A921
LPLIPAL2A120	Lysophospholipase L2 (2-acylglycerophosphotidate, n-C12:0)	Glycerophospholipid Metabolism	1.0 2ddecg3p_c + 1.0 h2o_c = 1.0 ddca_c + 1.0 glyc3p_c + 2.0 h_c	1.0 2-dodecanoyl-sn-glycerol 3-phosphate + 1.0 H2O H2O = 1.0 Dodecanoate (n-C12:0) + 1.0 Glycerol 3-phosphate + 2.0 H+	1.0 Unknown + 1.0 CHEBI:13352 = 1.0 Unknown + 1.0 CHEBI:12843 + 2.0 CHEBI:5584	{'h2o', '2ddecg3p', 'glyc3p', 'ddca', 'h'}	pldB	P07000
ACOAD3f	Acyl-CoA dehydrogenase (octanoyl-CoA)	Membrane Lipid Metabolism	1.0 fad_c + 1.0 occoa_c = 1.0 fadh2_c + 1.0 oc2coa_c	1.0 Flavin adenine dinucleotide oxidized + 1.0 Octanoyl-CoA (n-C8:0CoA) = 1.0 Flavin adenine dinucleotide reduced + 1.0 Trans-Oct-2-enoyl-CoA	1.0 CHEBI:16238 + 1.0 CHEBI:41542 = 1.0 CHEBI:13316 + 1.0 CHEBI:62242	{'fadh2', 'oc2coa', 'occoa', 'fad'}	fadE	Q47146
ACOAD2f	Acyl-CoA dehydrogenase (hexanoyl-CoA)	Membrane Lipid Metabolism	1.0 fad_c + 1.0 hxcoa_c = 1.0 fadh2_c + 1.0 hx2coa_c	1.0 Flavin adenine dinucleotide oxidized + 1.0 Hexanoyl-CoA (n-C6:0CoA) = 1.0 Flavin adenine dinucleotide reduced + 1.0 Trans-Hex-2-enoyl-CoA	1.0 CHEBI:16238 + 1.0 Unknown = 1.0 CHEBI:13316 + 1.0 CHEBI:27076	{'fadh2', 'hx2coa', 'hxcoa', 'fad'}	fadE	Q47146
ACOAD4f	Acyl-CoA dehydrogenase (decanoyl-CoA)	Membrane Lipid Metabolism	1.0 dcacoa_c + 1.0 fad_c = 1.0 dc2coa_c + 1.0 fadh2_c	1.0 Decanoyl-CoA (n-C10:0CoA) + 1.0 Flavin adenine dinucleotide oxidized = 1.0 Trans-Dec-2-enoyl-CoA + 1.0 Flavin adenine dinucleotide reduced	1.0 Unknown + 1.0 CHEBI:16238 = 1.0 CHEBI:10723 + 1.0 CHEBI:13316	{'fadh2', 'dc2coa', 'dcacoa', 'fad'}	fadE	Q47146
ACOAD6f	Acyl-CoA dehydrogenase (tetradecanoyl-CoA)	Membrane Lipid Metabolism	1.0 fad_c + 1.0 tdcoa_c = 1.0 fadh2_c + 1.0 td2coa_c	1.0 Flavin adenine dinucleotide oxidized + 1.0 Tetradecanoyl-CoA (n-C14:0CoA) = 1.0 Flavin adenine dinucleotide reduced + 1.0 Trans-Tetradec-2-enoyl-CoA	1.0 CHEBI:16238 + 1.0 CHEBI:15532 = 1.0 CHEBI:13316 + 1.0 CHEBI:10734	{'fadh2', 'tdcoa', 'fad', 'td2coa'}	fadE	Q47146
NADH16pp	NADH dehydrogenase (ubiquinone-8 & 3 protons) (periplasm)	Oxidative Phosphorylation	4.0 h_c + 1.0 nadh_c + 1.0 q8_c = 3.0 h_p + 1.0 nad_c + 1.0 q8h2_c	4.0 H+ + 1.0 Nicotinamide adenine dinucleotide - reduced + 1.0 Ubiquinone-8 = 3.0 H+ + 1.0 Nicotinamide adenine dinucleotide + 1.0 Ubiquinol-8	4.0 CHEBI:5584 + 1.0 CHEBI:13395 + 1.0 CHEBI:61683 = 3.0 CHEBI:5584 + 1.0 CHEBI:7422 + 1.0 CHEBI:61682	{'q8', 'q8h2', 'nad', 'nadh', 'h'}	nuoK, nuoM, nuoF, nuoH, nuoL, nuoA, nuoN, nuoB, nuoG, nuoI, nuoC, nuoJ, nuoE	P0AFE4, P0AFE8, P31979, P0AFD4, P33607, P0AFC3, P0AFF0, P0AFC7, P33602, P0AFD6, P33599, P0AFE0, P0AFD1
NADH18pp	NADH dehydrogenase (demethylmenaquinone-8 & 3 protons) (periplasm)	Oxidative Phosphorylation	1.0 2dmmq8_c + 4.0 h_c + 1.0 nadh_c = 1.0 2dmmql8_c + 3.0 h_p + 1.0 nad_c	1.0 2-Demethylmenaquinone 8 + 4.0 H+ + 1.0 Nicotinamide adenine dinucleotide - reduced = 1.0 2-Demethylmenaquinol 8 + 3.0 H+ + 1.0 Nicotinamide adenine dinucleotide	1.0 CHEBI:48455 + 4.0 CHEBI:5584 + 1.0 CHEBI:13395 = 1.0 CHEBI:61873 + 3.0 CHEBI:5584 + 1.0 CHEBI:7422	{'2dmmq8', '2dmmql8', 'nad', 'nadh', 'h'}	nuoK, nuoM, nuoF, nuoH, nuoL, nuoA, nuoN, nuoB, nuoG, nuoI, nuoC, nuoJ, nuoE	P0AFE4, P0AFE8, P31979, P0AFD4, P33607, P0AFC3, P0AFF0, P0AFC7, P33602, P0AFD6, P33599, P0AFE0, P0AFD1
EX_tartr__D_e	D-tartrate exchange	Extracellular exchange	1.0 tartr__D_e = 	1.0 D-tartrate = 	1.0 CHEBI:30927 = 	{'tartr__D'}	Unknown	Unknown
EX_galctn__L_e	L-Galactonate exchange	Extracellular exchange	1.0 galctn__L_e = 	1.0 L-Galactonate = 	1.0 CHEBI:37425 = 	{'galctn__L'}	Unknown	Unknown
EX_hom__L_e	L-Homoserine exchange	Extracellular exchange	1.0 hom__L_e = 	1.0 L-Homoserine = 	1.0 CHEBI:57476 = 	{'hom__L'}	Unknown	Unknown
KDUI	5-keto-4-deoxyuronate isomerase	Cell Envelope Biosynthesis	1.0 dt5hsu_c = 1.0 dkdglcn_c	1.0 4-Deoxy-L-threo-5-hexosulose uronate = 1.0 2,5-Diketo-3-deoxy-D-gluconate	1.0 Unknown = 1.0 Unknown	{'dt5hsu', 'dkdglcn'}	kduI	Q46938
EX_tungs_e	Tungstate exchange	Extracellular exchange	1.0 tungs_e = 	1.0 Tungstate = 	1.0 CHEBI:36271 = 	{'tungs'}	Unknown	Unknown
CTBTCAL2	Crotonobetaine-CoA Ligase	Oxidative Phosphorylation	1.0 atp_c + 1.0 coa_c + 1.0 ctbt_c = 1.0 adp_c + 1.0 ctbtcoa_c + 1.0 pi_c	1.0 ATP C10H12N5O13P3 + 1.0 Coenzyme A + 1.0 Crotonobetaine = 1.0 ADP C10H12N5O10P2 + 1.0 Crotonobetainyl-CoA + 1.0 Phosphate	1.0 CHEBI:15422 + 1.0 CHEBI:41631 + 1.0 CHEBI:48867 = 1.0 CHEBI:2342 + 1.0 CHEBI:60933 + 1.0 CHEBI:26078	{'atp', 'coa', 'ctbt', 'adp', 'pi', 'ctbtcoa'}	caiC	P31552
OBTFL	2-Oxobutanoate formate lyase	Alternate Carbon Metabolism	1.0 2obut_c + 1.0 coa_c = 1.0 for_c + 1.0 ppcoa_c	1.0 2-Oxobutanoate + 1.0 Coenzyme A = 1.0 Formate + 1.0 Propanoyl-CoA	1.0 CHEBI:1250 + 1.0 CHEBI:41631 = 1.0 CHEBI:24081 + 1.0 CHEBI:14907	{'coa', 'for', '2obut', 'ppcoa'}	pflA, pflB, grcA, pflA, pflB, pflA, tdcE	P0A9N4, P09373, P68066, P42632
NADH17pp	NADH dehydrogenase (menaquinone-8 & 3 protons) (periplasm)	Oxidative Phosphorylation	4.0 h_c + 1.0 mqn8_c + 1.0 nadh_c = 3.0 h_p + 1.0 mql8_c + 1.0 nad_c	4.0 H+ + 1.0 Menaquinone 8 + 1.0 Nicotinamide adenine dinucleotide - reduced = 3.0 H+ + 1.0 Menaquinol 8 + 1.0 Nicotinamide adenine dinucleotide	4.0 CHEBI:5584 + 1.0 CHEBI:44027 + 1.0 CHEBI:13395 = 3.0 CHEBI:5584 + 1.0 CHEBI:61684 + 1.0 CHEBI:7422	{'mqn8', 'mql8', 'nad', 'nadh', 'h'}	nuoK, nuoM, nuoF, nuoH, nuoL, nuoA, nuoN, nuoB, nuoG, nuoI, nuoC, nuoJ, nuoE	P0AFE4, P0AFE8, P31979, P0AFD4, P33607, P0AFC3, P0AFF0, P0AFC7, P33602, P0AFD6, P33599, P0AFE0, P0AFD1
FA161ACPHi	Fatty-acyl-ACP hydrolase	Cell Envelope Biosynthesis	1.0 h2o_c + 1.0 hdeACP_c = 1.0 ACP_c + 1.0 h_c + 1.0 hdcea_c	1.0 H2O H2O + 1.0 Cis-hexadec-9-enoyl-[acyl-carrier protein] (n-C16:1) = 1.0 Acyl carrier protein + 1.0 H+ + 1.0 Hexadecenoate (n-C16:1)	1.0 CHEBI:13352 + 1.0 Unknown = 1.0 CHEBI:14405 + 1.0 CHEBI:5584 + 1.0 Unknown	{'hdcea', 'hdeACP', 'ACP', 'h2o', 'h'}	acpH	P21515
BGLA1	6-phospho-beta-glucosidase	Alternate Carbon Metabolism	1.0 6pgg_c + 1.0 h2o_c = 1.0 g6p_c + 1.0 glc__D_c	1.0 6-Phospho-beta-D-glucosyl-(1,4)-D-glucose + 1.0 H2O H2O = 1.0 D-Glucose 6-phosphate + 1.0 D-Glucose	1.0 Unknown + 1.0 CHEBI:13352 = 1.0 CHEBI:61548 + 1.0 CHEBI:12965	{'g6p', 'glc__D', '6pgg', 'h2o'}	chbF, ascB, bglB	P17411, P24240, P11988
FA141ACPHi	Fatty-acyl-ACP hydrolase	Cell Envelope Biosynthesis	1.0 h2o_c + 1.0 tdeACP_c = 1.0 ACP_c + 1.0 h_c + 1.0 ttdcea_c	1.0 H2O H2O + 1.0 Cis-tetradec-7-enoyl-[acyl-carrier protein] (n-C14:1) = 1.0 Acyl carrier protein + 1.0 H+ + 1.0 Tetradecenoate (n-C14:1)	1.0 CHEBI:13352 + 1.0 Unknown = 1.0 CHEBI:14405 + 1.0 CHEBI:5584 + 1.0 Unknown	{'ACP', 'ttdcea', 'h2o', 'tdeACP', 'h'}	acpH	P21515
FA160ACPHi	Fatty-acyl-ACP hydrolase	Cell Envelope Biosynthesis	1.0 h2o_c + 1.0 palmACP_c = 1.0 ACP_c + 1.0 h_c + 1.0 hdca_c	1.0 H2O H2O + 1.0 Palmitoyl-ACP (n-C16:0ACP) = 1.0 Acyl carrier protein + 1.0 H+ + 1.0 Hexadecanoate (n-C16:0)	1.0 CHEBI:13352 + 1.0 Unknown = 1.0 CHEBI:14405 + 1.0 CHEBI:5584 + 1.0 CHEBI:7896	{'hdca', 'ACP', 'h2o', 'palmACP', 'h'}	acpH	P21515
EX_crn__D_e	D-carnitine exchange	Extracellular exchange	1.0 crn__D_e = 	1.0 D-Carnitine = 	1.0 CHEBI:51453 = 	{'crn__D'}	Unknown	Unknown
GDPMNP	GDP-mannose phyrophosphatase	Cell Envelope Biosynthesis	1.0 gdpmann_c + 1.0 h2o_c = 1.0 gmp_c + 2.0 h_c + 1.0 man1p_c	1.0 GDP-D-mannose + 1.0 H2O H2O = 1.0 GMP C10H12N5O8P + 2.0 H+ + 1.0 D-Mannose 1-phosphate	1.0 CHEBI:13328 + 1.0 CHEBI:13352 = 1.0 CHEBI:24449 + 2.0 CHEBI:5584 + 1.0 CHEBI:35374	{'man1p', 'gmp', 'h2o', 'gdpmann', 'h'}	nudK	P37128
OPHHX3	2-Octaprenylphenol hydroxylase (anaerobic)	Cofactor and Prosthetic Group Biosynthesis	1.0 2oph_c + 2.0 atp_c + 3.0 h2o_c + 1.0 nad_c = 1.0 2ohph_c + 2.0 adp_c + 3.0 h_c + 1.0 nadh_c + 2.0 pi_c	1.0 2-Octaprenylphenol + 2.0 ATP C10H12N5O13P3 + 3.0 H2O H2O + 1.0 Nicotinamide adenine dinucleotide = 1.0 2-Octaprenyl-6-hydroxyphenol + 2.0 ADP C10H12N5O10P2 + 3.0 H+ + 1.0 Nicotinamide adenine dinucleotide - reduced + 2.0 Phosphate	1.0 CHEBI:40407 + 2.0 CHEBI:15422 + 3.0 CHEBI:13352 + 1.0 CHEBI:7422 = 1.0 CHEBI:62730 + 2.0 CHEBI:2342 + 3.0 CHEBI:5584 + 1.0 CHEBI:13395 + 2.0 CHEBI:26078	{'atp', 'adp', 'h2o', 'pi', '2oph', 'nad', '2ohph', 'nadh', 'h'}	Unknown	Unknown
AMMQLT8	S-adenosylmethione:2-demthylmenaquinole methyltransferase (menaquinone 8)	Cofactor and Prosthetic Group Biosynthesis	1.0 2dmmql8_c + 1.0 amet_c = 1.0 ahcys_c + 1.0 h_c + 1.0 mql8_c	1.0 2-Demethylmenaquinol 8 + 1.0 S-Adenosyl-L-methionine = 1.0 S-Adenosyl-L-homocysteine + 1.0 H+ + 1.0 Menaquinol 8	1.0 CHEBI:61873 + 1.0 CHEBI:33442 = 1.0 CHEBI:12741 + 1.0 CHEBI:5584 + 1.0 CHEBI:61684	{'2dmmql8', 'amet', 'mql8', 'ahcys', 'h'}	ubiE	P0A887
FA120ACPHi	Fatty-acyl-ACP hydrolase	Cell Envelope Biosynthesis	1.0 ddcaACP_c + 1.0 h2o_c = 1.0 ACP_c + 1.0 ddca_c + 1.0 h_c	1.0 Dodecanoyl-ACP (n-C12:0ACP) + 1.0 H2O H2O = 1.0 Acyl carrier protein + 1.0 Dodecanoate (n-C12:0) + 1.0 H+	1.0 Unknown + 1.0 CHEBI:13352 = 1.0 CHEBI:14405 + 1.0 Unknown + 1.0 CHEBI:5584	{'ACP', 'h2o', 'ddcaACP', 'ddca', 'h'}	acpH	P21515
FA80ACPHi	Fatty-acyl-ACP hydrolase	Cell Envelope Biosynthesis	1.0 h2o_c + 1.0 ocACP_c = 1.0 ACP_c + 1.0 h_c + 1.0 octa_c	1.0 H2O H2O + 1.0 Octanoyl-ACP (n-C8:0ACP) = 1.0 Acyl carrier protein + 1.0 H+ + 1.0 Octanoate (n-C8:0)	1.0 CHEBI:13352 + 1.0 Unknown = 1.0 CHEBI:14405 + 1.0 CHEBI:5584 + 1.0 CHEBI:25648	{'ACP', 'h2o', 'ocACP', 'octa', 'h'}	acpH	P21515
FA140ACPHi	Fatty-acyl-ACP hydrolase	Cell Envelope Biosynthesis	1.0 h2o_c + 1.0 myrsACP_c = 1.0 ACP_c + 1.0 h_c + 1.0 ttdca_c	1.0 H2O H2O + 1.0 Myristoyl-ACP (n-C14:0ACP) = 1.0 Acyl carrier protein + 1.0 H+ + 1.0 Tetradecanoate (n-C14:0)	1.0 CHEBI:13352 + 1.0 Unknown = 1.0 CHEBI:14405 + 1.0 CHEBI:5584 + 1.0 Unknown	{'myrsACP', 'ttdca', 'ACP', 'h2o', 'h'}	acpH	P21515
FA100ACPHi	Fatty-acyl-ACP hydrolase	Cell Envelope Biosynthesis	1.0 dcaACP_c + 1.0 h2o_c = 1.0 ACP_c + 1.0 dca_c + 1.0 h_c	1.0 Decanoyl-ACP (n-C10:0ACP) + 1.0 H2O H2O = 1.0 Acyl carrier protein + 1.0 Decanoate (n-C10:0) + 1.0 H+	1.0 Unknown + 1.0 CHEBI:13352 = 1.0 CHEBI:14405 + 1.0 Unknown + 1.0 CHEBI:5584	{'dcaACP', 'ACP', 'h2o', 'dca', 'h'}	acpH	P21515
CRNDCAL2	D-Carnitine-CoA Ligase	Oxidative Phosphorylation	1.0 atp_c + 1.0 coa_c + 1.0 crn__D_c = 1.0 adp_c + 1.0 crnDcoa_c + 1.0 pi_c	1.0 ATP C10H12N5O13P3 + 1.0 Coenzyme A + 1.0 D-Carnitine = 1.0 ADP C10H12N5O10P2 + 1.0 D-carnitinyl-CoA + 1.0 Phosphate	1.0 CHEBI:15422 + 1.0 CHEBI:41631 + 1.0 CHEBI:51453 = 1.0 CHEBI:2342 + 1.0 CHEBI:62194 + 1.0 CHEBI:26078	{'atp', 'coa', 'crn__D', 'crnDcoa', 'adp', 'pi'}	caiC	P31552
EX_LalaDgluMdapDala_e	L-alanine-D-glutamate-meso-2,6-diaminoheptanedioate-D-alanine exchange	Extracellular exchange	1.0 LalaDgluMdapDala_e = 	1.0 L-alanine-D-glutamate-meso-2,6-diaminoheptanedioate-D-alanine = 	1.0 Unknown = 	{'LalaDgluMdapDala'}	Unknown	Unknown
EX_5dglcn_e	5-Dehydro-D-gluconate exchange	Extracellular exchange	1.0 5dglcn_e = 	1.0 5-Dehydro-D-gluconate = 	1.0 CHEBI:12121 = 	{'5dglcn'}	Unknown	Unknown
DTARTD	D(-)-tartrate dehydratase	Alternate Carbon Metabolism	1.0 tartr__D_c = 1.0 h2o_c + 1.0 oaa_c	1.0 D-tartrate = 1.0 H2O H2O + 1.0 Oxaloacetate	1.0 CHEBI:30927 = 1.0 CHEBI:13352 + 1.0 CHEBI:25731	{'oaa', 'tartr__D', 'h2o'}	fumB	P14407
CRNCAL2	Carnitine-CoA Ligase	Oxidative Phosphorylation	1.0 atp_c + 1.0 coa_c + 1.0 crn_c = 1.0 adp_c + 1.0 crncoa_c + 1.0 pi_c	1.0 ATP C10H12N5O13P3 + 1.0 Coenzyme A + 1.0 L-Carnitine = 1.0 ADP C10H12N5O10P2 + 1.0 L-Carnitinyl-CoA + 1.0 Phosphate	1.0 CHEBI:15422 + 1.0 CHEBI:41631 + 1.0 CHEBI:29085 = 1.0 CHEBI:2342 + 1.0 CHEBI:41482 + 1.0 CHEBI:26078	{'atp', 'coa', 'crn', 'adp', 'pi', 'crncoa'}	caiC	P31552
PLIPA2E161pp	Phospholipase A2 (phosphatidylethanolamine, n-C16:1) (periplasm)	Glycerophospholipid Metabolism	1.0 h2o_p + 1.0 pe161_p = 1.0 1agpe161_p + 1.0 h_p + 1.0 hdcea_p	1.0 H2O H2O + 1.0 Phosphatidylethanolamine (dihexadec-9enoyl, n-C16:1) = 1.0 1-Acyl-sn-glycero-3-phosphoethanolamine (n-C16:1) + 1.0 H+ + 1.0 Hexadecenoate (n-C16:1)	1.0 CHEBI:13352 + 1.0 Unknown = 1.0 Unknown + 1.0 CHEBI:5584 + 1.0 Unknown	{'hdcea', '1agpe161', 'h2o', 'pe161', 'h'}	pldA	P0A921
PLIPA2E180pp	Phospholipase A2 (phosphatidylethanolamine, n-C18:0) (periplasm)	Glycerophospholipid Metabolism	1.0 h2o_p + 1.0 pe180_p = 1.0 1agpe180_p + 1.0 h_p + 1.0 ocdca_p	1.0 H2O H2O + 1.0 Phosphatidylethanolamine (dioctadecanoyl, n-C18:0) = 1.0 1-Acyl-sn-glycero-3-phosphoethanolamine (n-C18:0) + 1.0 H+ + 1.0 Octadecanoate (n-C18:0)	1.0 CHEBI:13352 + 1.0 CHEBI:47765 = 1.0 CHEBI:75036 + 1.0 CHEBI:5584 + 1.0 CHEBI:25631	{'pe180', '1agpe180', 'h2o', 'ocdca', 'h'}	pldA	P0A921
FRULYSE	Fructoselysine 3-epimerase	Alternate Carbon Metabolism	1.0 psclys_c = 1.0 frulys_c	1.0 Psicoselysine = 1.0 Fructoselysine	1.0 CHEBI:61403 = 1.0 CHEBI:24109	{'psclys', 'frulys'}	frlC	P45541
EX_LalaDgluMdap_e	L-alanine-D-glutamate-meso-2,6-diaminoheptanedioate exchange	Extracellular exchange	1.0 LalaDgluMdap_e = 	1.0 L-alanine-D-glutamate-meso-2,6-diaminoheptanedioate = 	1.0 Unknown = 	{'LalaDgluMdap'}	Unknown	Unknown
EX_psclys_e	Psicoselysine exchange	Extracellular exchange	1.0 psclys_e = 	1.0 Psicoselysine = 	1.0 CHEBI:61403 = 	{'psclys'}	Unknown	Unknown
PLIPA2G120pp	Phospholipase A2 (phosphatidylglycerol, n-C12:0) (periplasm)	Glycerophospholipid Metabolism	1.0 h2o_p + 1.0 pg120_p = 1.0 1agpg120_p + 1.0 ddca_p + 1.0 h_p	1.0 H2O H2O + 1.0 Phosphatidylglycerol (didodecanoyl, n-C12:0) = 1.0 1-Acyl-sn-glycero-3-phosphoglycerol (n-C12:0) + 1.0 Dodecanoate (n-C12:0) + 1.0 H+	1.0 CHEBI:13352 + 1.0 Unknown = 1.0 Unknown + 1.0 Unknown + 1.0 CHEBI:5584	{'h2o', 'pg120', 'ddca', '1agpg120', 'h'}	pldA	P0A921
PLIPA2G180pp	Phospholipase A2 (phosphatidylglycerol, n-C18:0) (periplasm)	Glycerophospholipid Metabolism	1.0 h2o_p + 1.0 pg180_p = 1.0 1agpg180_p + 1.0 h_p + 1.0 ocdca_p	1.0 H2O H2O + 1.0 Phosphatidylglycerol (dioctadecanoyl, n-C18:0) = 1.0 1-Acyl-sn-glycero-3-phosphoglycerol (n-C18:0) + 1.0 H+ + 1.0 Octadecanoate (n-C18:0)	1.0 CHEBI:13352 + 1.0 Unknown = 1.0 CHEBI:73091 + 1.0 CHEBI:5584 + 1.0 CHEBI:25631	{'1agpg180', 'pg180', 'h2o', 'ocdca', 'h'}	pldA	P0A921
LPLIPAL1A161pp	Lysophospholipase L1 (2-acylglycerophosphotidate, n-C16:1) (periplasm)	Glycerophospholipid Metabolism	1.0 1hdec9eg3p_p + 1.0 h2o_p = 1.0 glyc3p_p + 1.0 h_p + 1.0 hdcea_p	1.0 1-hexadec-9-enoyl-sn-glycerol 3-phosphate + 1.0 H2O H2O = 1.0 Glycerol 3-phosphate + 1.0 H+ + 1.0 Hexadecenoate (n-C16:1)	1.0 Unknown + 1.0 CHEBI:13352 = 1.0 CHEBI:12843 + 1.0 CHEBI:5584 + 1.0 Unknown	{'hdcea', 'h2o', '1hdec9eg3p', 'glyc3p', 'h'}	tesA	P0ADA1
LPLIPAL1A160pp	Lysophospholipase L1 (2-acylglycerophosphotidate, n-C16:0) (periplasm)	Glycerophospholipid Metabolism	1.0 1hdecg3p_p + 1.0 h2o_p = 1.0 glyc3p_p + 1.0 h_p + 1.0 hdca_p	1.0 1-hexadecanoyl-sn-glycerol 3-phosphate + 1.0 H2O H2O = 1.0 Glycerol 3-phosphate + 1.0 H+ + 1.0 Hexadecanoate (n-C16:0)	1.0 Unknown + 1.0 CHEBI:13352 = 1.0 CHEBI:12843 + 1.0 CHEBI:5584 + 1.0 CHEBI:7896	{'hdca', 'h2o', 'glyc3p', '1hdecg3p', 'h'}	tesA	P0ADA1
OXCDC	Oxalyl-CoA decarboxylase	Alternate Carbon Metabolism	1.0 h_c + 1.0 oxalcoa_c = 1.0 co2_c + 1.0 forcoa_c	1.0 H+ + 1.0 Oxalyl-CoA = 1.0 CO2 CO2 + 1.0 Formyl-CoA(4-)	1.0 CHEBI:5584 + 1.0 CHEBI:14707 = 1.0 CHEBI:23011 + 1.0 CHEBI:5150	{'oxalcoa', 'h', 'forcoa', 'co2'}	oxc	P0AFI0
LPLIPAL2A140	Lysophospholipase L2 (2-acylglycerophosphotidate, n-C14:0)	Glycerophospholipid Metabolism	1.0 2tdecg3p_c + 1.0 h2o_c = 1.0 glyc3p_c + 2.0 h_c + 1.0 ttdca_c	1.0 2-tetradecanoyl-sn-glycerol 3-phosphate + 1.0 H2O H2O = 1.0 Glycerol 3-phosphate + 2.0 H+ + 1.0 Tetradecanoate (n-C14:0)	1.0 Unknown + 1.0 CHEBI:13352 = 1.0 CHEBI:12843 + 2.0 CHEBI:5584 + 1.0 Unknown	{'ttdca', 'h2o', 'glyc3p', '2tdecg3p', 'h'}	pldB	P07000
LPLIPAL2A160	Lysophospholipase L2 (2-acylglycerophosphotidate, n-C16:0)	Glycerophospholipid Metabolism	1.0 2hdecg3p_c + 1.0 h2o_c = 1.0 glyc3p_c + 2.0 h_c + 1.0 hdca_c	1.0 2-hexadecanoyl-sn-glycerol 3-phosphate + 1.0 H2O H2O = 1.0 Glycerol 3-phosphate + 2.0 H+ + 1.0 Hexadecanoate (n-C16:0)	1.0 Unknown + 1.0 CHEBI:13352 = 1.0 CHEBI:12843 + 2.0 CHEBI:5584 + 1.0 CHEBI:7896	{'2hdecg3p', 'hdca', 'h2o', 'glyc3p', 'h'}	pldB	P07000
LPLIPAL2A161	Lysophospholipase L2 (2-acylglycerophosphotidate, n-C16:1)	Glycerophospholipid Metabolism	1.0 2hdec9eg3p_c + 1.0 h2o_c = 1.0 glyc3p_c + 2.0 h_c + 1.0 hdcea_c	1.0 2-hexadec-9-enoyl-sn-glycerol 3-phosphate + 1.0 H2O H2O = 1.0 Glycerol 3-phosphate + 2.0 H+ + 1.0 Hexadecenoate (n-C16:1)	1.0 Unknown + 1.0 CHEBI:13352 = 1.0 CHEBI:12843 + 2.0 CHEBI:5584 + 1.0 Unknown	{'hdcea', 'h2o', 'glyc3p', '2hdec9eg3p', 'h'}	pldB	P07000
LPLIPAL2A180	Lysophospholipase L2 (2-acylglycerophosphotidate, n-C18:0)	Glycerophospholipid Metabolism	1.0 2odecg3p_c + 1.0 h2o_c = 1.0 glyc3p_c + 2.0 h_c + 1.0 ocdca_c	1.0 2-octadecanoyl-sn-glycerol 3-phosphate + 1.0 H2O H2O = 1.0 Glycerol 3-phosphate + 2.0 H+ + 1.0 Octadecanoate (n-C18:0)	1.0 Unknown + 1.0 CHEBI:13352 = 1.0 CHEBI:12843 + 2.0 CHEBI:5584 + 1.0 CHEBI:25631	{'2odecg3p', 'h2o', 'glyc3p', 'ocdca', 'h'}	pldB	P07000
EX_anhgm_e	N-Acetyl-D-glucosamine(anhydrous)N-Acetylmuramic acid exchange	Extracellular exchange	1.0 anhgm_e = 	1.0 N-Acetyl-D-glucosamine(anhydrous)N-Acetylmuramic acid = 	1.0 Unknown = 	{'anhgm'}	Unknown	Unknown
LPLIPAL2A181	Lysophospholipase L2 (2-acylglycerophosphotidate, n-C18:1)	Glycerophospholipid Metabolism	1.0 2odec11eg3p_c + 1.0 h2o_c = 1.0 glyc3p_c + 2.0 h_c + 1.0 ocdcea_c	1.0 2-octadec-11-enoyl-sn-glycerol 3-phosphate + 1.0 H2O H2O = 1.0 Glycerol 3-phosphate + 2.0 H+ + 1.0 Octadecenoate (n-C18:1)	1.0 Unknown + 1.0 CHEBI:13352 = 1.0 CHEBI:12843 + 2.0 CHEBI:5584 + 1.0 CHEBI:30823	{'2odec11eg3p', 'ocdcea', 'h2o', 'glyc3p', 'h'}	pldB	P07000
DM_aacald_c	Sink needed to allow aminoacetaldehyde to leave system	Intracellular demand	1.0 aacald_c = 	1.0 Aminoacetaldehyde = 	1.0 CHEBI:58213 = 	{'aacald'}	Unknown	Unknown
UM3PL	UDP-N-acetylmuramate:L-alanyl-gamma-D-glutamyl-meso-diaminopimelate ligase	Murein Recycling	1.0 LalaDgluMdap_c + 1.0 atp_c + 1.0 uamr_c = 1.0 adp_c + 1.0 h_c + 1.0 pi_c + 1.0 ugmd_c	1.0 L-alanine-D-glutamate-meso-2,6-diaminoheptanedioate + 1.0 ATP C10H12N5O13P3 + 1.0 UDP-N-acetylmuramate = 1.0 ADP C10H12N5O10P2 + 1.0 H+ + 1.0 Phosphate + 1.0 UDP-N-acetylmuramoyl-L-alanyl-D-gamma-glutamyl-meso-2,6-diaminopimelate	1.0 Unknown + 1.0 CHEBI:15422 + 1.0 CHEBI:70757 = 1.0 CHEBI:2342 + 1.0 CHEBI:5584 + 1.0 CHEBI:26078 + 1.0 CHEBI:9831	{'atp', 'adp', 'uamr', 'LalaDgluMdap', 'pi', 'ugmd', 'h'}	mpl	P37773
GALCTLO	L-galactonate oxidoreductase	Alternate Carbon Metabolism	1.0 galctn__L_c + 1.0 nad_c = 1.0 h_c + 1.0 nadh_c + 1.0 tagur_c	1.0 L-Galactonate + 1.0 Nicotinamide adenine dinucleotide = 1.0 H+ + 1.0 Nicotinamide adenine dinucleotide - reduced + 1.0 D-Tagaturonate	1.0 CHEBI:37425 + 1.0 CHEBI:7422 = 1.0 CHEBI:5584 + 1.0 CHEBI:13395 + 1.0 CHEBI:58493	{'tagur', 'galctn__L', 'nad', 'nadh', 'h'}	lgoD	P39400
EX_ppal_e	Propanal exchange	Extracellular exchange	1.0 ppal_e = 	1.0 Propanal = 	1.0 CHEBI:45052 = 	{'ppal'}	Unknown	Unknown
POR5	Pyruvate synthase	Pyruvate Metabolism	1.0 coa_c + 2.0 flxso_c + 1.0 pyr_c = 1.0 accoa_c + 1.0 co2_c + 2.0 flxr_c + 1.0 h_c	1.0 Coenzyme A + 2.0 Flavodoxin semi oxidized + 1.0 Pyruvate = 1.0 Acetyl-CoA + 1.0 CO2 CO2 + 2.0 Flavodoxin reduced + 1.0 H+	1.0 CHEBI:41631 + 2.0 Unknown + 1.0 CHEBI:26462 = 1.0 CHEBI:57288 + 1.0 CHEBI:23011 + 2.0 Unknown + 1.0 CHEBI:5584	{'flxso', 'coa', 'accoa', 'co2', 'pyr', 'flxr', 'h'}	pfo, fldA, pfo, fldB	P52647, P61949, P0ABY4
HACD8	3-hydroxyacyl-CoA dehydrogenase (3-oxooctadecanoyl-CoA), peroxisomal	Membrane Lipid Metabolism	1.0 3ohodcoa_c + 1.0 h_c + 1.0 nadh_c = 1.0 3hodcoa_c + 1.0 nad_c	1.0 3-Oxooctadecanoyl-CoA + 1.0 H+ + 1.0 Nicotinamide adenine dinucleotide - reduced = 1.0 (S)-3-Hydroxyoctadecanoyl-CoA + 1.0 Nicotinamide adenine dinucleotide	1.0 CHEBI:50571 + 1.0 CHEBI:5584 + 1.0 CHEBI:13395 = 1.0 CHEBI:87561 + 1.0 CHEBI:7422	{'3ohodcoa', '3hodcoa', 'nad', 'nadh', 'h'}	fadB, fadJ	P21177, P77399
CTECOAI8	3-cis-2-trans-enoyl-CoA isomerase	Membrane Lipid Metabolism	1.0 odecoa_c = 1.0 od2coa_c	1.0 Octadecenoyl-CoA (n-C18:1CoA) = 1.0 Trans-Octadec-2-enoyl-CoA	1.0 Unknown = 1.0 CHEBI:50570	{'odecoa', 'od2coa'}	fadB	P21177
CTECOAI6	3-cis-2-trans-enoyl-CoA isomerase	Membrane Lipid Metabolism	1.0 tdecoa_c = 1.0 td2coa_c	1.0 Tetradecenoyl-CoA (n-C14:1CoA) = 1.0 Trans-Tetradec-2-enoyl-CoA	1.0 Unknown = 1.0 CHEBI:10734	{'td2coa', 'tdecoa'}	fadB	P21177
MTHTHFSs	(2R,4S)-2-methyl-2,3,3,4-tetrahydroxytetrahydrofuran synthesis (spontaneous)	Methionine Metabolism	1.0 h2o_c + 1.0 mdhdhf_c = 1.0 mththf_c	1.0 H2O H2O + 1.0 (2R,4S)-2-methyl-2,4-dihydroxydihydrofuran-3-one = 1.0 (2R,4S)-2-methyl-2,3,3,4-tetrahydroxytetrahydrofuran	1.0 CHEBI:13352 + 1.0 CHEBI:71316 = 1.0 CHEBI:44800	{'mdhdhf', 'mththf', 'h2o'}		Unknown
EX_slnt_e	Selenite exchange	Extracellular exchange	1.0 slnt_e = 	1.0 Selenite = 	1.0 CHEBI:18212 = 	{'slnt'}	Unknown	Unknown
MALCOAMT	Malonyl-CoA methyltransferase	Cofactor and Prosthetic Group Biosynthesis	1.0 amet_c + 1.0 malcoa_c = 1.0 ahcys_c + 1.0 malcoame_c	1.0 S-Adenosyl-L-methionine + 1.0 Malonyl CoA C24H33N7O19P3S = 1.0 S-Adenosyl-L-homocysteine + 1.0 Malonyl-CoA methyl ester	1.0 CHEBI:33442 + 1.0 CHEBI:25135 = 1.0 CHEBI:12741 + 1.0 CHEBI:71244	{'amet', 'malcoame', 'malcoa', 'ahcys'}	bioC	P12999
THRA	Threonine aldolase	Threonine and Lysine Metabolism	1.0 thr__L_c = 1.0 acald_c + 1.0 gly_c	1.0 L-Threonine = 1.0 Acetaldehyde + 1.0 Glycine	1.0 CHEBI:16857 = 1.0 CHEBI:40533 + 1.0 CHEBI:32508	{'thr__L', 'acald', 'gly'}	glyA, ltaE	P0A825, P75823
OGMEACPS	3-Oxo-glutaryl-[ACP] methyl ester synthase	Cofactor and Prosthetic Group Biosynthesis	1.0 h_c + 1.0 malACP_c + 1.0 malcoame_c = 1.0 co2_c + 1.0 coa_c + 1.0 ogmeACP_c	1.0 H+ + 1.0 Malonyl-[acyl-carrier protein] + 1.0 Malonyl-CoA methyl ester = 1.0 CO2 CO2 + 1.0 Coenzyme A + 1.0 3-Oxo-glutaryl-[acyl-carrier protein] methyl ester	1.0 CHEBI:5584 + 1.0 CHEBI:6662 + 1.0 CHEBI:71244 = 1.0 CHEBI:23011 + 1.0 CHEBI:41631 + 1.0 Unknown	{'malACP', 'malcoame', 'coa', 'co2', 'ogmeACP', 'h'}	fabH	P0A6R0
OGMEACPR	3-Oxo-glutaryl-[ACP] methyl ester reductase	Cofactor and Prosthetic Group Biosynthesis	1.0 h_c + 1.0 nadph_c + 1.0 ogmeACP_c = 1.0 hgmeACP_c + 1.0 nadp_c	1.0 H+ + 1.0 Nicotinamide adenine dinucleotide phosphate - reduced + 1.0 3-Oxo-glutaryl-[acyl-carrier protein] methyl ester = 1.0 3-Hydroxyglutaryl-[acyl-carrier protein] methyl ester + 1.0 Nicotinamide adenine dinucleotide phosphate	1.0 CHEBI:5584 + 1.0 CHEBI:16474 + 1.0 Unknown = 1.0 Unknown + 1.0 CHEBI:29868	{'nadp', 'nadph', 'ogmeACP', 'hgmeACP', 'h'}	fabG	P0AEK2
OPMEACPS	3-Oxo-pimeloyl-[ACP] methyl ester synthase	Cofactor and Prosthetic Group Biosynthesis	1.0 gmeACP_c + 1.0 h_c + 1.0 malACP_c = 1.0 ACP_c + 1.0 co2_c + 1.0 opmeACP_c	1.0 Glutaryl-[acyl-carrier protein] methyl ester + 1.0 H+ + 1.0 Malonyl-[acyl-carrier protein] = 1.0 Acyl carrier protein + 1.0 CO2 CO2 + 1.0 3-Oxo-pimeloyl-[acyl-carrier protein] methyl ester	1.0 Unknown + 1.0 CHEBI:5584 + 1.0 CHEBI:6662 = 1.0 CHEBI:14405 + 1.0 CHEBI:23011 + 1.0 Unknown	{'malACP', 'opmeACP', 'ACP', 'co2', 'gmeACP', 'h'}	fabB	P0A953
LIPAabctex	Lipid A transport via ABC system (periplasm to extracellular)	Lipopolysaccharide Biosynthesis / Recycling	1.0 atp_c + 1.0 h2o_c + 1.0 lipa_p = 1.0 adp_c + 1.0 h_c + 1.0 lipa_e + 1.0 pi_c	1.0 ATP C10H12N5O13P3 + 1.0 H2O H2O + 1.0 KDO(2)-lipid (A) = 1.0 ADP C10H12N5O10P2 + 1.0 H+ + 1.0 KDO(2)-lipid (A) + 1.0 Phosphate	1.0 CHEBI:15422 + 1.0 CHEBI:13352 + 1.0 CHEBI:27963 = 1.0 CHEBI:2342 + 1.0 CHEBI:5584 + 1.0 CHEBI:27963 + 1.0 CHEBI:26078	{'atp', 'h', 'adp', 'h2o', 'pi', 'lipa'}	lptG, lptF, lptC, lptB, lptA, lptD, lptE	P0ADC6, P0AF98, P0ADV9, P0A9V1, P0ADV1, P31554, P0ADC1
DGUNC	Diguanylate cyclase	Nucleotide Salvage Pathway	2.0 gtp_c = 1.0 cdigmp_c + 2.0 ppi_c	2.0 GTP C10H12N5O14P3 = 1.0 Cyclic diguanosine monophosphate + 2.0 Diphosphate	2.0 CHEBI:37565 = 1.0 Unknown + 2.0 CHEBI:45212	{'gtp', 'cdigmp', 'ppi'}	ydaM, yeaP, dgcZ, ycdT, dosC	P77302, P76245, P31129, P75908, P0AA89
XYLK2	L-xylulokinase	Alternate Carbon Metabolism	1.0 atp_c + 1.0 xylu__L_c = 1.0 adp_c + 1.0 h_c + 1.0 xu5p__L_c	1.0 ATP C10H12N5O13P3 + 1.0 L-Xylulose = 1.0 ADP C10H12N5O10P2 + 1.0 H+ + 1.0 L-Xylulose 5-phosphate	1.0 CHEBI:15422 + 1.0 CHEBI:13190 = 1.0 CHEBI:2342 + 1.0 CHEBI:5584 + 1.0 CHEBI:21427	{'atp', 'adp', 'xu5p__L', 'xylu__L', 'h'}	araB, lyxK	P08204, P37677
GLDBRAN2	Glycogen debranching enzyme (bglycogen -> glycogen)	Glycolysis/Gluconeogenesis	1.0 bglycogen_c = 1.0 glycogen_c	1.0 Branching glycogen = 1.0 Glycogen C6H10O5	1.0 Unknown = 1.0 CHEBI:24379	{'glycogen', 'bglycogen'}	glgX	P15067
S2FE2SR	SUF [2Fe-2S] regeneration	Cofactor and Prosthetic Group Biosynthesis	1.0 2fe1s_c + 1.0 atp_c + 1.0 h2o_c + 1.0 sufbcd_c + 1.0 sufsesh_c = 1.0 adp_c + 5.0 h_c + 1.0 pi_c + 1.0 sufbcd_2fe2s_c + 1.0 sufse_c	1.0 [2Fe-1S] desulfurated iron-sulfur cluster + 1.0 ATP C10H12N5O13P3 + 1.0 H2O H2O + 1.0 SufBCD scaffold complex + 1.0 SufSE with bound sulfur = 1.0 ADP C10H12N5O10P2 + 5.0 H+ + 1.0 Phosphate + 1.0 SufBCD with bound [2Fe-2S] cluster + 1.0 SufSE sulfur acceptor complex	1.0 Unknown + 1.0 CHEBI:15422 + 1.0 CHEBI:13352 + 1.0 Unknown + 1.0 Unknown = 1.0 CHEBI:2342 + 5.0 CHEBI:5584 + 1.0 CHEBI:26078 + 1.0 Unknown + 1.0 Unknown	{'atp', 'sufbcd', '2fe1s', 'adp', 'h2o', 'sufse', 'sufsesh', 'pi', 'sufbcd_2fe2s', 'h'}	sufS, sufE, sufC, sufD, sufB	P77444, P76194, P77499, P77689, P77522
CDGUNPD	3,5-cyclic-nucleotide phosphodiesterase	Alternate Carbon Metabolism	1.0 cdigmp_c + 1.0 h2o_c = 1.0 5pg35pg_c + 1.0 h_c	1.0 Cyclic diguanosine monophosphate + 1.0 H2O H2O = 1.0 5-Phosphoguanylyl(3->5)guanosine + 1.0 H+	1.0 Unknown + 1.0 CHEBI:13352 = 1.0 CHEBI:48622 + 1.0 CHEBI:5584	{'5pg35pg', 'h', 'cdigmp', 'h2o'}	yfgF, dosP, yhjH, gmr, yahA	P77172, P76129, P37646, P77334, P21514
ACACT8r	Acetyl-CoA acyltransferase (hexadecanoyl-CoA), (r)	Membrane Lipid Metabolism	1.0 3ohodcoa_c + 1.0 coa_c = 1.0 accoa_c + 1.0 pmtcoa_c	1.0 3-Oxooctadecanoyl-CoA + 1.0 Coenzyme A = 1.0 Acetyl-CoA + 1.0 Palmitoyl-CoA (n-C16:0CoA)	1.0 CHEBI:50571 + 1.0 CHEBI:41631 = 1.0 CHEBI:57288 + 1.0 CHEBI:14397	{'3ohodcoa', 'pmtcoa', 'coa', 'accoa'}	fadI, fadA	P76503, P21151
CTECOAI7	3-cis-2-trans-enoyl-CoA isomerase	Membrane Lipid Metabolism	1.0 hdcoa_c = 1.0 hdd2coa_c	1.0 Hexadecenoyl-CoA (n-C16:1CoA) = 1.0 Trans-Hexadec-2-enoyl-CoA	1.0 Unknown = 1.0 CHEBI:27047	{'hdd2coa', 'hdcoa'}	fadB	P21177
CLIPAabctex	Cold lipid A transport via ABC system (periplasm to extracellular)	Lipopolysaccharide Biosynthesis / Recycling	1.0 atp_c + 1.0 h2o_c + 1.0 lipa_cold_p = 1.0 adp_c + 1.0 h_c + 1.0 lipa_cold_e + 1.0 pi_c	1.0 ATP C10H12N5O13P3 + 1.0 H2O H2O + 1.0 Cold adapted KDO(2)-lipid (A) = 1.0 ADP C10H12N5O10P2 + 1.0 H+ + 1.0 Cold adapted KDO(2)-lipid (A) + 1.0 Phosphate	1.0 CHEBI:15422 + 1.0 CHEBI:13352 + 1.0 CHEBI:61556 = 1.0 CHEBI:2342 + 1.0 CHEBI:5584 + 1.0 CHEBI:61556 + 1.0 CHEBI:26078	{'atp', 'adp', 'h2o', 'pi', 'lipa_cold', 'h'}	lptG, lptF, lptC, lptB, lptA, lptD, lptE	P0ADC6, P0AF98, P0ADV9, P0A9V1, P0ADV1, P31554, P0ADC1
3AMACHYD	3-aminoacrylate hydrolase	Nucleotide Salvage Pathway	1.0 3amac_c + 1.0 h2o_c + 1.0 h_c = 1.0 msa_c + 1.0 nh4_c	1.0 3-Aminoacrylate + 1.0 H2O H2O + 1.0 H+ = 1.0 Malonate semialdehyde + 1.0 Ammonium	1.0 CHEBI:59894 + 1.0 CHEBI:13352 + 1.0 CHEBI:5584 = 1.0 CHEBI:33190 + 1.0 CHEBI:44284	{'nh4', 'h2o', 'msa', '3amac', 'h'}	rutD	P75895
K2L4Aabctex	KDO(2)-lipid IV A transport via ABC system (periplasm to extracellular)	Lipopolysaccharide Biosynthesis / Recycling	1.0 atp_c + 1.0 h2o_c + 1.0 kdo2lipid4_p = 1.0 adp_c + 1.0 h_c + 1.0 kdo2lipid4_e + 1.0 pi_c	1.0 ATP C10H12N5O13P3 + 1.0 H2O H2O + 1.0 KDO(2)-lipid IV(A) = 1.0 ADP C10H12N5O10P2 + 1.0 H+ + 1.0 KDO(2)-lipid IV(A) + 1.0 Phosphate	1.0 CHEBI:15422 + 1.0 CHEBI:13352 + 1.0 CHEBI:28526 = 1.0 CHEBI:2342 + 1.0 CHEBI:5584 + 1.0 CHEBI:28526 + 1.0 CHEBI:26078	{'atp', 'adp', 'kdo2lipid4', 'h2o', 'pi', 'h'}	lptG, lptF, lptC, lptB, lptA, lptD, lptE	P0ADC6, P0AF98, P0ADV9, P0A9V1, P0ADV1, P31554, P0ADC1
FDH4pp	Formate dehydrogenase (quinone-8) (periplasm)	Oxidative Phosphorylation	1.0 for_p + 2.0 h_c + 1.0 q8_c = 1.0 co2_p + 1.0 h_p + 1.0 q8h2_c	1.0 Formate + 2.0 H+ + 1.0 Ubiquinone-8 = 1.0 CO2 CO2 + 1.0 H+ + 1.0 Ubiquinol-8	1.0 CHEBI:24081 + 2.0 CHEBI:5584 + 1.0 CHEBI:61683 = 1.0 CHEBI:23011 + 1.0 CHEBI:5584 + 1.0 CHEBI:61682	{'for', 'q8', 'co2', 'q8h2', 'h'}	fdoH, fdoG, fdoI, fdnG, fdnI, fdnH	P0AAJ5, P32176, P0AEL0, P24183, P0AEK7, P0AAJ3
FDH5pp	Formate Dehydrogenase (menaquinone-8) (periplasm)	Oxidative Phosphorylation	1.0 for_p + 2.0 h_c + 1.0 mqn8_c = 1.0 co2_p + 1.0 h_p + 1.0 mql8_c	1.0 Formate + 2.0 H+ + 1.0 Menaquinone 8 = 1.0 CO2 CO2 + 1.0 H+ + 1.0 Menaquinol 8	1.0 CHEBI:24081 + 2.0 CHEBI:5584 + 1.0 CHEBI:44027 = 1.0 CHEBI:23011 + 1.0 CHEBI:5584 + 1.0 CHEBI:61684	{'for', 'mqn8', 'co2', 'mql8', 'h'}	fdnG, fdnI, fdnH, fdoH, fdoG, fdoI	P24183, P0AEK7, P0AAJ3, P0AAJ5, P32176, P0AEL0
ACPPAT140	Acyl-(acyl carrier protein):phosphate acyltransferase (C14:0)	Glycerophospholipid Metabolism	1.0 h_c + 1.0 myrsACP_c + 1.0 pi_c = 1.0 ACP_c + 1.0 ttdcap_c	1.0 H+ + 1.0 Myristoyl-ACP (n-C14:0ACP) + 1.0 Phosphate = 1.0 Acyl carrier protein + 1.0 Tetradecanoyl-phosphate (n-C14:0)	1.0 CHEBI:5584 + 1.0 Unknown + 1.0 CHEBI:26078 = 1.0 CHEBI:14405 + 1.0 Unknown	{'ttdcap', 'myrsACP', 'ACP', 'pi', 'h'}	acpP, plsX	P0A6A8, P27247
APG3PAT140	Acyl-phosphate:glycerol-3-phosphate acyltransferase (C14:0)	Glycerophospholipid Metabolism	1.0 glyc3p_c + 1.0 ttdcap_c = 1.0 1tdecg3p_c + 1.0 h_c + 1.0 pi_c	1.0 Glycerol 3-phosphate + 1.0 Tetradecanoyl-phosphate (n-C14:0) = 1.0 1-tetradecanoyl-sn-glycerol 3-phosphate + 1.0 H+ + 1.0 Phosphate	1.0 CHEBI:12843 + 1.0 Unknown = 1.0 CHEBI:62833 + 1.0 CHEBI:5584 + 1.0 CHEBI:26078	{'ttdcap', 'pi', 'glyc3p', '1tdecg3p', 'h'}	plsY	P60782
LDGUNPD	Linear diguanylate phosphodiesterase	Nucleotide Salvage Pathway	1.0 5pg35pg_c + 1.0 h2o_c = 2.0 gmp_c + 1.0 h_c	1.0 5-Phosphoguanylyl(3->5)guanosine + 1.0 H2O H2O = 2.0 GMP C10H12N5O8P + 1.0 H+	1.0 CHEBI:48622 + 1.0 CHEBI:13352 = 2.0 CHEBI:24449 + 1.0 CHEBI:5584	{'5pg35pg', 'h', 'gmp', 'h2o'}	gmr	P77334
MPTAT	Molybdopterin adenylyltransferase	Cofactor and Prosthetic Group Biosynthesis	1.0 atp_c + 1.0 h_c + 1.0 mpt_c = 1.0 mptamp_c + 1.0 ppi_c	1.0 ATP C10H12N5O13P3 + 1.0 H+ + 1.0 Molybdopterin = 1.0 Adenylated molybdopterin + 1.0 Diphosphate	1.0 CHEBI:15422 + 1.0 CHEBI:5584 + 1.0 CHEBI:58698 = 1.0 CHEBI:62728 + 1.0 CHEBI:45212	{'atp', 'ppi', 'mptamp', 'mpt', 'h'}	mog	P0AF03
APG3PAT141	Acyl-phosphate:glycerol-3-phosphate acyltransferase (C14:1)	Glycerophospholipid Metabolism	1.0 glyc3p_c + 1.0 ttdceap_c = 1.0 1tdec7eg3p_c + 1.0 h_c + 1.0 pi_c	1.0 Glycerol 3-phosphate + 1.0 Tetradecanoyl-phosphate (n-C14:1) = 1.0 1-tetradec-7-enoyl-sn-glycerol 3-phosphate + 1.0 H+ + 1.0 Phosphate	1.0 CHEBI:12843 + 1.0 Unknown = 1.0 Unknown + 1.0 CHEBI:5584 + 1.0 CHEBI:26078	{'1tdec7eg3p', 'ttdceap', 'pi', 'glyc3p', 'h'}	plsY	P60782
MOADSUx	MoaD sulfuration (nadh, assumed)	Cofactor and Prosthetic Group Biosynthesis	1.0 iscssh_c + 1.0 moadamp_c + 1.0 nadh_c = 1.0 amp_c + 1.0 iscs_c + 1.0 moadcosh_c + 1.0 nad_c	1.0 IscS with bound sulfur + 1.0 MoaD Protein with bound AMP + 1.0 Nicotinamide adenine dinucleotide - reduced = 1.0 AMP C10H12N5O7P + 1.0 IscS sulfur acceptor protein + 1.0 MoaD Protein with thiocarboxylate + 1.0 Nicotinamide adenine dinucleotide	1.0 Unknown + 1.0 Unknown + 1.0 CHEBI:13395 = 1.0 CHEBI:13736 + 1.0 Unknown + 1.0 Unknown + 1.0 CHEBI:7422	{'iscs', 'moadcosh', 'moadamp', 'iscssh', 'amp', 'nad', 'nadh'}	moaD, iscS	P30748, P0A6B7
APG3PAT181	Acyl-phosphate:glycerol-3-phosphate acyltransferase (C18:1)	Glycerophospholipid Metabolism	1.0 glyc3p_c + 1.0 ocdceap_c = 1.0 1odec11eg3p_c + 1.0 h_c + 1.0 pi_c	1.0 Glycerol 3-phosphate + 1.0 Octadecanoyl-phosphate (n-C18:1) = 1.0 1-octadec-11-enoyl-sn-glycerol 3-phosphate + 1.0 H+ + 1.0 Phosphate	1.0 CHEBI:12843 + 1.0 Unknown = 1.0 Unknown + 1.0 CHEBI:5584 + 1.0 CHEBI:26078	{'1odec11eg3p', 'ocdceap', 'glyc3p', 'pi', 'h'}	plsY	P60782
APH140	Acylphosphatase (C14:0)	Glycerophospholipid Metabolism	1.0 h2o_c + 1.0 ttdcap_c = 2.0 h_c + 1.0 pi_c + 1.0 ttdca_c	1.0 H2O H2O + 1.0 Tetradecanoyl-phosphate (n-C14:0) = 2.0 H+ + 1.0 Phosphate + 1.0 Tetradecanoate (n-C14:0)	1.0 CHEBI:13352 + 1.0 Unknown = 2.0 CHEBI:5584 + 1.0 CHEBI:26078 + 1.0 Unknown	{'ttdcap', 'ttdca', 'h2o', 'pi', 'h'}	yccX	P0AB65
APH160	Acylphosphatase (C16:0)	Glycerophospholipid Metabolism	1.0 h2o_c + 1.0 hdcap_c = 2.0 h_c + 1.0 hdca_c + 1.0 pi_c	1.0 H2O H2O + 1.0 Hexadecanoyl-phosphate (n-C16:0) = 2.0 H+ + 1.0 Hexadecanoate (n-C16:0) + 1.0 Phosphate	1.0 CHEBI:13352 + 1.0 Unknown = 2.0 CHEBI:5584 + 1.0 CHEBI:7896 + 1.0 CHEBI:26078	{'hdca', 'hdcap', 'h2o', 'pi', 'h'}	yccX	P0AB65
OPMEACPD	3-Oxo-pimeloyl-[ACP] methyl ester dehydratase	Cofactor and Prosthetic Group Biosynthesis	1.0 hpmeACP_c = 1.0 epmeACP_c + 1.0 h2o_c	1.0 3-Hydroxypimeloyl-[acyl-carrier protein] methyl ester = 1.0 Enoylpimeloyl-[acyl-carrier protein] methyl ester + 1.0 H2O H2O	1.0 Unknown = 1.0 Unknown + 1.0 CHEBI:13352	{'hpmeACP', 'epmeACP', 'h2o'}	fabZ	P0A6Q6
EPMEACPR	Enoylpimeloyl-[ACP] methyl ester reductase	Cofactor and Prosthetic Group Biosynthesis	1.0 epmeACP_c + 1.0 h_c + 1.0 nadph_c = 1.0 nadp_c + 1.0 pmeACP_c	1.0 Enoylpimeloyl-[acyl-carrier protein] methyl ester + 1.0 H+ + 1.0 Nicotinamide adenine dinucleotide phosphate - reduced = 1.0 Nicotinamide adenine dinucleotide phosphate + 1.0 Pimeloyl-[acyl-carrier protein] methyl ester	1.0 Unknown + 1.0 CHEBI:5584 + 1.0 CHEBI:16474 = 1.0 CHEBI:29868 + 1.0 Unknown	{'nadp', 'nadph', 'epmeACP', 'pmeACP', 'h'}	fabI	P0AEK4
AOXSr2	8-amino-7-oxononanoate synthase	Cofactor and Prosthetic Group Biosynthesis	1.0 ala__L_c + 1.0 pimACP_c = 1.0 8aonn_c + 1.0 ACP_c + 1.0 co2_c	1.0 L-Alanine + 1.0 Pimeloyl-[acyl-carrier protein] = 1.0 8-Amino-7-oxononanoate + 1.0 Acyl carrier protein + 1.0 CO2 CO2	1.0 CHEBI:21216 + 1.0 Unknown = 1.0 CHEBI:57532 + 1.0 CHEBI:14405 + 1.0 CHEBI:23011	{'pimACP', 'ala__L', 'ACP', '8aonn', 'co2'}	bioF	P12998
EX_LalaDglu_e	L-alanine-D-glutamate exchange	Extracellular exchange	1.0 LalaDglu_e = 	1.0 L-alanine-D-glutamate = 	1.0 CHEBI:61566 = 	{'LalaDglu'}	Unknown	Unknown
SCYSDS	SUF Cysteine desulfuration	Cofactor and Prosthetic Group Biosynthesis	1.0 cys__L_c + 1.0 sufse_c = 1.0 ala__L_c + 1.0 sufsesh_c	1.0 L-Cysteine + 1.0 SufSE sulfur acceptor complex = 1.0 L-Alanine + 1.0 SufSE with bound sulfur	1.0 CHEBI:32457 + 1.0 Unknown = 1.0 CHEBI:21216 + 1.0 Unknown	{'ala__L', 'cys__L', 'sufsesh', 'sufse'}	sufS, sufE	P77444, P76194
S2FE2SS	SUF [2Fe-2S] Synthesis	Cofactor and Prosthetic Group Biosynthesis	1.0 atp_c + 1.0 fadh2_c + 2.0 fe2_c + 1.0 h2o_c + 1.0 sufbcd_c + 2.0 sufsesh_c = 1.0 adp_c + 1.0 fad_c + 7.0 h_c + 1.0 pi_c + 1.0 sufbcd_2fe2s_c + 2.0 sufse_c	1.0 ATP C10H12N5O13P3 + 1.0 Flavin adenine dinucleotide reduced + 2.0 Fe2+ mitochondria + 1.0 H2O H2O + 1.0 SufBCD scaffold complex + 2.0 SufSE with bound sulfur = 1.0 ADP C10H12N5O10P2 + 1.0 Flavin adenine dinucleotide oxidized + 7.0 H+ + 1.0 Phosphate + 1.0 SufBCD with bound [2Fe-2S] cluster + 2.0 SufSE sulfur acceptor complex	1.0 CHEBI:15422 + 1.0 CHEBI:13316 + 2.0 CHEBI:29033 + 1.0 CHEBI:13352 + 1.0 Unknown + 2.0 Unknown = 1.0 CHEBI:2342 + 1.0 CHEBI:16238 + 7.0 CHEBI:5584 + 1.0 CHEBI:26078 + 1.0 Unknown + 2.0 Unknown	{'atp', 'sufbcd', 'adp', 'h2o', 'sufse', 'sufsesh', 'pi', 'fad', 'fe2', 'fadh2', 'sufbcd_2fe2s', 'h'}	sufS, sufB, sufD, sufC, sufE	P77444, P77522, P77689, P77499, P76194
S4FE4SR	SUF [4Fe-4S] Reduction	Cofactor and Prosthetic Group Biosynthesis	1.0 fadh2_c + 2.0 h_c + 1.0 sufbcd_2fe2s2_c = 1.0 fad_c + 1.0 sufbcd_4fe4s_c	1.0 Flavin adenine dinucleotide reduced + 2.0 H+ + 1.0 SufBCD with two bound [2Fe-2S] clusters = 1.0 Flavin adenine dinucleotide oxidized + 1.0 SufBCD with bound [4Fe-4S] cluster	1.0 CHEBI:13316 + 2.0 CHEBI:5584 + 1.0 Unknown = 1.0 CHEBI:16238 + 1.0 Unknown	{'sufbcd_4fe4s', 'sufbcd_2fe2s2', 'fad', 'fadh2', 'h'}	sufC, sufD, sufB	P77499, P77689, P77522
CCGS	7-cyano-7-carbaguanine synthase	Cofactor and Prosthetic Group Biosynthesis	1.0 atp_c + 1.0 cdg_c + 1.0 nh4_c = 1.0 adp_c + 1.0 h2o_c + 1.0 h_c + 1.0 pi_c + 1.0 preq0_c	1.0 ATP C10H12N5O13P3 + 1.0 7-deaza-7-carboxyguanine + 1.0 Ammonium = 1.0 ADP C10H12N5O10P2 + 1.0 H2O H2O + 1.0 H+ + 1.0 Phosphate + 1.0 7-cyano-7-carbaguanine	1.0 CHEBI:15422 + 1.0 CHEBI:61125 + 1.0 CHEBI:44284 = 1.0 CHEBI:2342 + 1.0 CHEBI:13352 + 1.0 CHEBI:5584 + 1.0 CHEBI:26078 + 1.0 CHEBI:45075	{'atp', 'nh4', 'preq0', 'adp', 'h2o', 'pi', 'cdg', 'h'}	queC	P77756
OGMEACPD	3-Oxo-glutaryl-[ACP] methyl ester dehydratase	Cofactor and Prosthetic Group Biosynthesis	1.0 hgmeACP_c = 1.0 egmeACP_c + 1.0 h2o_c	1.0 3-Hydroxyglutaryl-[acyl-carrier protein] methyl ester = 1.0 Enoylglutaryl-[acyl-carrier protein] methyl ester + 1.0 H2O H2O	1.0 Unknown = 1.0 Unknown + 1.0 CHEBI:13352	{'hgmeACP', 'egmeACP', 'h2o'}	fabZ	P0A6Q6
EGMEACPR	Enoylglutaryl-[ACP] methyl ester reductase	Cofactor and Prosthetic Group Biosynthesis	1.0 egmeACP_c + 1.0 h_c + 1.0 nadph_c = 1.0 gmeACP_c + 1.0 nadp_c	1.0 Enoylglutaryl-[acyl-carrier protein] methyl ester + 1.0 H+ + 1.0 Nicotinamide adenine dinucleotide phosphate - reduced = 1.0 Glutaryl-[acyl-carrier protein] methyl ester + 1.0 Nicotinamide adenine dinucleotide phosphate	1.0 Unknown + 1.0 CHEBI:5584 + 1.0 CHEBI:16474 = 1.0 Unknown + 1.0 CHEBI:29868	{'nadp', 'nadph', 'egmeACP', 'gmeACP', 'h'}	fabI	P0AEK4
OPMEACPR	3-Oxo-pimeloyl-[ACP] methyl ester reductase	Cofactor and Prosthetic Group Biosynthesis	1.0 h_c + 1.0 nadph_c + 1.0 opmeACP_c = 1.0 hpmeACP_c + 1.0 nadp_c	1.0 H+ + 1.0 Nicotinamide adenine dinucleotide phosphate - reduced + 1.0 3-Oxo-pimeloyl-[acyl-carrier protein] methyl ester = 1.0 3-Hydroxypimeloyl-[acyl-carrier protein] methyl ester + 1.0 Nicotinamide adenine dinucleotide phosphate	1.0 CHEBI:5584 + 1.0 CHEBI:16474 + 1.0 Unknown = 1.0 Unknown + 1.0 CHEBI:29868	{'nadp', 'opmeACP', 'nadph', 'hpmeACP', 'h'}	fabG	P0AEK2
PMEACPE	Pimeloyl-[ACP] methyl ester esterase	Cofactor and Prosthetic Group Biosynthesis	1.0 h2o_c + 1.0 pmeACP_c = 1.0 meoh_c + 1.0 pimACP_c	1.0 H2O H2O + 1.0 Pimeloyl-[acyl-carrier protein] methyl ester = 1.0 Methanol + 1.0 Pimeloyl-[acyl-carrier protein]	1.0 CHEBI:13352 + 1.0 Unknown = 1.0 CHEBI:52090 + 1.0 Unknown	{'pimACP', 'pmeACP', 'meoh', 'h2o'}	bioH	P13001
REPHACCOAI	Ring 1,2-epoxyphenylacetyl-CoA isomerase (oxepin-CoA forming)	Alternate Carbon Metabolism	1.0 rephaccoa_c = 1.0 2oxpaccoa_c	1.0 Ring 1,2-epoxyphenylacetyl-CoA = 1.0 2-oxepin-2(3H)-ylideneacetyl-CoA	1.0 Unknown = 1.0 CHEBI:63252	{'rephaccoa', '2oxpaccoa'}	paaG	P77467
ACPPAT141	Acyl-(acyl carrier protein):phosphate acyltransferase (C14:1)	Glycerophospholipid Metabolism	1.0 h_c + 1.0 pi_c + 1.0 tdeACP_c = 1.0 ACP_c + 1.0 ttdceap_c	1.0 H+ + 1.0 Phosphate + 1.0 Cis-tetradec-7-enoyl-[acyl-carrier protein] (n-C14:1) = 1.0 Acyl carrier protein + 1.0 Tetradecanoyl-phosphate (n-C14:1)	1.0 CHEBI:5584 + 1.0 CHEBI:26078 + 1.0 Unknown = 1.0 CHEBI:14405 + 1.0 Unknown	{'ACP', 'ttdceap', 'pi', 'tdeACP', 'h'}	acpP, plsX	P0A6A8, P27247
ACPPAT161	Acyl-(acyl carrier protein):phosphate acyltransferase (C16:1)	Glycerophospholipid Metabolism	1.0 h_c + 1.0 hdeACP_c + 1.0 pi_c = 1.0 ACP_c + 1.0 hdceap_c	1.0 H+ + 1.0 Cis-hexadec-9-enoyl-[acyl-carrier protein] (n-C16:1) + 1.0 Phosphate = 1.0 Acyl carrier protein + 1.0 Hexadecanoyl-phosphate (n-C16:1)	1.0 CHEBI:5584 + 1.0 Unknown + 1.0 CHEBI:26078 = 1.0 CHEBI:14405 + 1.0 Unknown	{'hdeACP', 'ACP', 'hdceap', 'pi', 'h'}	acpP, plsX	P0A6A8, P27247
ACPPAT180	Acyl-(acyl carrier protein):phosphate acyltransferase (C18:0)	Glycerophospholipid Metabolism	1.0 h_c + 1.0 ocdcaACP_c + 1.0 pi_c = 1.0 ACP_c + 1.0 ocdcap_c	1.0 H+ + 1.0 Octadecanoyl-ACP (n-C18:0ACP) + 1.0 Phosphate = 1.0 Acyl carrier protein + 1.0 Octadecanoyl-phosphate (n-C18:0)	1.0 CHEBI:5584 + 1.0 Unknown + 1.0 CHEBI:26078 = 1.0 CHEBI:14405 + 1.0 Unknown	{'ACP', 'ocdcap', 'ocdcaACP', 'pi', 'h'}	acpP, plsX	P0A6A8, P27247
APG3PAT160	Acyl-phosphate:glycerol-3-phosphate acyltransferase (C16:0)	Glycerophospholipid Metabolism	1.0 glyc3p_c + 1.0 hdcap_c = 1.0 1hdecg3p_c + 1.0 h_c + 1.0 pi_c	1.0 Glycerol 3-phosphate + 1.0 Hexadecanoyl-phosphate (n-C16:0) = 1.0 1-hexadecanoyl-sn-glycerol 3-phosphate + 1.0 H+ + 1.0 Phosphate	1.0 CHEBI:12843 + 1.0 Unknown = 1.0 Unknown + 1.0 CHEBI:5584 + 1.0 CHEBI:26078	{'hdcap', 'pi', 'glyc3p', '1hdecg3p', 'h'}	plsY	P60782
APG3PAT161	Acyl-phosphate:glycerol-3-phosphate acyltransferase (C16:1)	Glycerophospholipid Metabolism	1.0 glyc3p_c + 1.0 hdceap_c = 1.0 1hdec9eg3p_c + 1.0 h_c + 1.0 pi_c	1.0 Glycerol 3-phosphate + 1.0 Hexadecanoyl-phosphate (n-C16:1) = 1.0 1-hexadec-9-enoyl-sn-glycerol 3-phosphate + 1.0 H+ + 1.0 Phosphate	1.0 CHEBI:12843 + 1.0 Unknown = 1.0 Unknown + 1.0 CHEBI:5584 + 1.0 CHEBI:26078	{'hdceap', '1hdec9eg3p', 'pi', 'glyc3p', 'h'}	plsY	P60782
EX_5mtr_e	5-Methylthio-D-ribose exchange	Extracellular exchange	1.0 5mtr_e = 	1.0 5-Methylthio-D-ribose = 	1.0 CHEBI:16895 = 	{'5mtr'}	Unknown	Unknown
APG3PAT180	Acyl-phosphate:glycerol-3-phosphate acyltransferase (C18:0)	Glycerophospholipid Metabolism	1.0 glyc3p_c + 1.0 ocdcap_c = 1.0 1odecg3p_c + 1.0 h_c + 1.0 pi_c	1.0 Glycerol 3-phosphate + 1.0 Octadecanoyl-phosphate (n-C18:0) = 1.0 1-octadecanoyl-sn-glycerol 3-phosphate + 1.0 H+ + 1.0 Phosphate	1.0 CHEBI:12843 + 1.0 Unknown = 1.0 CHEBI:74850 + 1.0 CHEBI:5584 + 1.0 CHEBI:26078	{'1odecg3p', 'ocdcap', 'pi', 'glyc3p', 'h'}	plsY	P60782
ICYSDS	ISC Cysteine desulfuration	Cofactor and Prosthetic Group Biosynthesis	1.0 cys__L_c + 1.0 iscs_c = 1.0 ala__L_c + 1.0 iscssh_c	1.0 L-Cysteine + 1.0 IscS sulfur acceptor protein = 1.0 L-Alanine + 1.0 IscS with bound sulfur	1.0 CHEBI:32457 + 1.0 Unknown = 1.0 CHEBI:21216 + 1.0 Unknown	{'ala__L', 'iscssh', 'iscs', 'cys__L'}	iscS	P0A6B7
MECDPDH5	2C-methyl-D-erythritol 2,4 cyclodiphosphate dehydratase	Cofactor and Prosthetic Group Biosynthesis	1.0 2mecdp_c + 2.0 flxr_c + 1.0 h_c = 2.0 flxso_c + 1.0 h2mb4p_c + 1.0 h2o_c	1.0 2-C-methyl-D-erythritol 2,4-cyclodiphosphate + 2.0 Flavodoxin reduced + 1.0 H+ = 2.0 Flavodoxin semi oxidized + 1.0 1-hydroxy-2-methyl-2-(E)-butenyl 4-diphosphate + 1.0 H2O H2O	1.0 CHEBI:1029 + 2.0 Unknown + 1.0 CHEBI:5584 = 2.0 Unknown + 1.0 CHEBI:10952 + 1.0 CHEBI:13352	{'2mecdp', 'flxso', 'h2o', 'h2mb4p', 'flxr', 'h'}	ispG, fldB, ispG, fldA	P62620, P0ABY4, P61949
CDGR	7-cyano-7-deazaguanine reductase	Cofactor and Prosthetic Group Biosynthesis	3.0 h_c + 2.0 nadph_c + 1.0 preq0_c = 2.0 nadp_c + 1.0 preq1_c	3.0 H+ + 2.0 Nicotinamide adenine dinucleotide phosphate - reduced + 1.0 7-cyano-7-carbaguanine = 2.0 Nicotinamide adenine dinucleotide phosphate + 1.0 7-aminomethyl-7-deazaguanine	3.0 CHEBI:5584 + 2.0 CHEBI:16474 + 1.0 CHEBI:45075 = 2.0 CHEBI:29868 + 1.0 CHEBI:45126	{'preq0', 'nadp', 'nadph', 'preq1', 'h'}	queF	Q46920
RNTR1c2	Ribonucleoside-triphosphate reductase (ATP) (flavodoxin)	Nucleotide Salvage Pathway	1.0 atp_c + 2.0 flxr_c + 2.0 h_c = 1.0 datp_c + 2.0 flxso_c + 1.0 h2o_c	1.0 ATP C10H12N5O13P3 + 2.0 Flavodoxin reduced + 2.0 H+ = 1.0 DATP C10H12N5O12P3 + 2.0 Flavodoxin semi oxidized + 1.0 H2O H2O	1.0 CHEBI:15422 + 2.0 Unknown + 2.0 CHEBI:5584 = 1.0 CHEBI:495505 + 2.0 Unknown + 1.0 CHEBI:13352	{'atp', 'flxso', 'h2o', 'datp', 'flxr', 'h'}	fpr, fldA, nrdD, nrdG, fpr, fldB, nrdD, nrdG, fldA, nrdD, fldB, nrdD	P28861, P61949, P28903, P0A9N8, P0ABY4
RNTR2c2	Ribonucleoside-triphosphate reductase (GTP) (flavodoxin)	Nucleotide Salvage Pathway	2.0 flxr_c + 1.0 gtp_c + 2.0 h_c = 1.0 dgtp_c + 2.0 flxso_c + 1.0 h2o_c	2.0 Flavodoxin reduced + 1.0 GTP C10H12N5O14P3 + 2.0 H+ = 1.0 DGTP C10H12N5O13P3 + 2.0 Flavodoxin semi oxidized + 1.0 H2O H2O	2.0 Unknown + 1.0 CHEBI:37565 + 2.0 CHEBI:5584 = 1.0 CHEBI:16497 + 2.0 Unknown + 1.0 CHEBI:13352	{'flxso', 'h2o', 'gtp', 'flxr', 'dgtp', 'h'}	fpr, fldB, nrdD, nrdG, fldB, nrdD, fpr, fldA, nrdD, nrdG, fldA, nrdD	P28861, P0ABY4, P28903, P0A9N8, P61949
I4FE4SR	ISC [4Fe-4S] Reduction	Cofactor and Prosthetic Group Biosynthesis	1.0 fadh2_c + 2.0 h_c + 1.0 iscu_2fe2s2_c = 1.0 fad_c + 1.0 iscu_4fe4s_c	1.0 Flavin adenine dinucleotide reduced + 2.0 H+ + 1.0 IscU with two bound [2Fe-2S] clusters = 1.0 Flavin adenine dinucleotide oxidized + 1.0 IscU with bound [4Fe-4S] cluster	1.0 CHEBI:13316 + 2.0 CHEBI:5584 + 1.0 Unknown = 1.0 CHEBI:16238 + 1.0 Unknown	{'iscu_4fe4s', 'iscu_2fe2s2', 'fad', 'fadh2', 'h'}	iscU	P0ACD4
S2FE2ST	SUF [2Fe-2S] Transfer	Cofactor and Prosthetic Group Biosynthesis	4.0 h_c + 1.0 sufbcd_2fe2s_c = 1.0 2fe2s_c + 1.0 sufbcd_c	4.0 H+ + 1.0 SufBCD with bound [2Fe-2S] cluster = 1.0 [2Fe-2S] iron-sulfur cluster + 1.0 SufBCD scaffold complex	4.0 CHEBI:5584 + 1.0 Unknown = 1.0 CHEBI:21134 + 1.0 Unknown	{'sufbcd', 'h', 'sufbcd_2fe2s', '2fe2s'}	sufC, sufD, sufA, sufB	P77499, P77689, P77667, P77522
BMOCOS	Bis-molybdenum cofactor synthase	Cofactor and Prosthetic Group Biosynthesis	1.0 moco_c + 1.0 mptamp_c = 1.0 amp_c + 1.0 bmoco_c + 1.0 cu2_c	1.0 Molybdenum cofactor + 1.0 Adenylated molybdopterin = 1.0 AMP C10H12N5O7P + 1.0 Bis-molybdenum cofactor + 1.0 Copper	1.0 CHEBI:79026 + 1.0 CHEBI:62728 = 1.0 CHEBI:13736 + 1.0 Unknown + 1.0 CHEBI:29036	{'bmoco', 'moco', 'mptamp', 'amp', 'cu2'}	moeA	P12281
BWCOS	Tungsten bispterin cofactor synthase	Cofactor and Prosthetic Group Biosynthesis	1.0 mptamp_c + 1.0 wco_c = 1.0 amp_c + 1.0 bwco_c + 1.0 cu2_c	1.0 Adenylated molybdopterin + 1.0 Tungsten binding cofactor = 1.0 AMP C10H12N5O7P + 1.0 Tungsten bispterin cofactor + 1.0 Copper	1.0 CHEBI:62728 + 1.0 Unknown = 1.0 CHEBI:13736 + 1.0 Unknown + 1.0 CHEBI:29036	{'bwco', 'wco', 'mptamp', 'amp', 'cu2'}	moeA	P12281
RNTR3c2	Ribonucleoside-triphosphate reductase (CTP) (flavodoxin)	Nucleotide Salvage Pathway	1.0 ctp_c + 2.0 flxr_c + 2.0 h_c = 1.0 dctp_c + 2.0 flxso_c + 1.0 h2o_c	1.0 CTP C9H12N3O14P3 + 2.0 Flavodoxin reduced + 2.0 H+ = 1.0 DCTP C9H12N3O13P3 + 2.0 Flavodoxin semi oxidized + 1.0 H2O H2O	1.0 CHEBI:3285 + 2.0 Unknown + 2.0 CHEBI:5584 = 1.0 CHEBI:19243 + 2.0 Unknown + 1.0 CHEBI:13352	{'flxso', 'dctp', 'h2o', 'flxr', 'ctp', 'h'}	fpr, fldA, nrdD, nrdG, fpr, fldB, nrdD, nrdG, fldB, nrdD, fldA, nrdD	P28861, P61949, P28903, P0A9N8, P0ABY4
RNTR4c2	Ribonucleoside-triphosphate reductase (UTP) (flavodoxin)	Nucleotide Salvage Pathway	2.0 flxr_c + 2.0 h_c + 1.0 utp_c = 1.0 dutp_c + 2.0 flxso_c + 1.0 h2o_c	2.0 Flavodoxin reduced + 2.0 H+ + 1.0 UTP C9H11N2O15P3 = 1.0 DUTP C9H11N2O14P3 + 2.0 Flavodoxin semi oxidized + 1.0 H2O H2O	2.0 Unknown + 2.0 CHEBI:5584 + 1.0 CHEBI:9850 = 1.0 CHEBI:17625 + 2.0 Unknown + 1.0 CHEBI:13352	{'utp', 'flxso', 'h2o', 'flxr', 'dutp', 'h'}	fpr, fldA, nrdD, nrdG, fpr, fldB, nrdD, nrdG, fldA, nrdD, fldB, nrdD	P28861, P61949, P28903, P0A9N8, P0ABY4
BWCOGDS1	Tungsten bispterin guanine dinucleotide synthase (single GDP)	Cofactor and Prosthetic Group Biosynthesis	1.0 bwco_c + 1.0 gtp_c + 1.0 h_c = 1.0 bwco1gdp_c + 1.0 ppi_c	1.0 Tungsten bispterin cofactor + 1.0 GTP C10H12N5O14P3 + 1.0 H+ = 1.0 Tungsten bispterin cofactor mono-guanine dinucleotide + 1.0 Diphosphate	1.0 Unknown + 1.0 CHEBI:37565 + 1.0 CHEBI:5584 = 1.0 Unknown + 1.0 CHEBI:45212	{'bwco', 'bwco1gdp', 'ppi', 'gtp', 'h'}	mobA, mobB, mobA	P32173, P32125
BWCOGDS2	Tungsten bispterin guanine dinucleotide synthase	Cofactor and Prosthetic Group Biosynthesis	1.0 bwco1gdp_c + 1.0 gtp_c + 1.0 h_c = 1.0 bwcogdp_c + 1.0 ppi_c	1.0 Tungsten bispterin cofactor mono-guanine dinucleotide + 1.0 GTP C10H12N5O14P3 + 1.0 H+ = 1.0 Tungsten bispterin cofactor guanine dinucleotide + 1.0 Diphosphate	1.0 Unknown + 1.0 CHEBI:37565 + 1.0 CHEBI:5584 = 1.0 Unknown + 1.0 CHEBI:45212	{'bwco1gdp', 'ppi', 'gtp', 'bwcogdp', 'h'}	mobA, mobB, mobA	P32173, P32125
FLDR2	Flavodoxin reductase (NADPH)	Unassigned	2.0 flxso_c + 1.0 nadph_c = 2.0 flxr_c + 1.0 h_c + 1.0 nadp_c	2.0 Flavodoxin semi oxidized + 1.0 Nicotinamide adenine dinucleotide phosphate - reduced = 2.0 Flavodoxin reduced + 1.0 H+ + 1.0 Nicotinamide adenine dinucleotide phosphate	2.0 Unknown + 1.0 CHEBI:16474 = 2.0 Unknown + 1.0 CHEBI:5584 + 1.0 CHEBI:29868	{'flxso', 'nadp', 'nadph', 'flxr', 'h'}	fpr, fldB, fpr, fldA	P28861, P0ABY4, P61949
CDGS	7-deaza-7-carboxyguanine synthase	Cofactor and Prosthetic Group Biosynthesis	1.0 cph4_c + 1.0 h_c = 1.0 cdg_c + 1.0 nh4_c	1.0 6-carboxy-5,6,7,8-tetrahydropterin + 1.0 H+ = 1.0 7-deaza-7-carboxyguanine + 1.0 Ammonium	1.0 CHEBI:61032 + 1.0 CHEBI:5584 = 1.0 CHEBI:61125 + 1.0 CHEBI:44284	{'h', 'nh4', 'cdg', 'cph4'}	Unknown	Unknown
DHNPTE	Dihydroneopterin epimerase	Cofactor and Prosthetic Group Biosynthesis	1.0 dhnpt_c = 1.0 dhmpt_c	1.0 Dihydroneopterin = 1.0 Dihydromonapterin	1.0 CHEBI:30567 = 1.0 Unknown	{'dhmpt', 'dhnpt'}	folB	P0AC16
DHMPTR	Dihydromonapterin reductase	Cofactor and Prosthetic Group Biosynthesis	1.0 dhmpt_c + 1.0 h_c + 1.0 nadph_c = 1.0 nadp_c + 1.0 thmnp_c	1.0 Dihydromonapterin + 1.0 H+ + 1.0 Nicotinamide adenine dinucleotide phosphate - reduced = 1.0 Nicotinamide adenine dinucleotide phosphate + 1.0 Tetrahydromonapterin	1.0 Unknown + 1.0 CHEBI:5584 + 1.0 CHEBI:16474 = 1.0 CHEBI:29868 + 1.0 CHEBI:71177	{'nadp', 'nadph', 'dhmpt', 'thmnp', 'h'}	folM	P0AFS3
CBMD	Carbamate deaminase	Nucleotide Salvage Pathway	1.0 cbm_c + 2.0 h_c = 1.0 co2_c + 1.0 nh4_c	1.0 Carbamate + 2.0 H+ = 1.0 CO2 CO2 + 1.0 Ammonium	1.0 CHEBI:28616 + 2.0 CHEBI:5584 = 1.0 CHEBI:23011 + 1.0 CHEBI:44284	{'h', 'cbm', 'nh4', 'co2'}		Unknown
I2FE2SS	ISC [2Fe-2S] Synthesis	Cofactor and Prosthetic Group Biosynthesis	1.0 fadh2_c + 2.0 fe2_c + 2.0 iscssh_c + 1.0 iscu_c = 1.0 fad_c + 6.0 h_c + 2.0 iscs_c + 1.0 iscu_2fe2s_c	1.0 Flavin adenine dinucleotide reduced + 2.0 Fe2+ mitochondria + 2.0 IscS with bound sulfur + 1.0 IscU scaffold protein = 1.0 Flavin adenine dinucleotide oxidized + 6.0 H+ + 2.0 IscS sulfur acceptor protein + 1.0 IscU with bound [2Fe-2S] cluster	1.0 CHEBI:13316 + 2.0 CHEBI:29033 + 2.0 Unknown + 1.0 Unknown = 1.0 CHEBI:16238 + 6.0 CHEBI:5584 + 2.0 Unknown + 1.0 Unknown	{'iscu', 'iscs', 'iscu_2fe2s', 'fad', 'fe2', 'fadh2', 'iscssh', 'h'}	iscS, iscU	P0A6B7, P0ACD4
I2FE2ST	ISC [2Fe-2S] Transfer	Cofactor and Prosthetic Group Biosynthesis	4.0 h_c + 1.0 iscu_2fe2s_c = 1.0 2fe2s_c + 1.0 iscu_c	4.0 H+ + 1.0 IscU with bound [2Fe-2S] cluster = 1.0 [2Fe-2S] iron-sulfur cluster + 1.0 IscU scaffold protein	4.0 CHEBI:5584 + 1.0 Unknown = 1.0 CHEBI:21134 + 1.0 Unknown	{'iscu', 'h', 'iscu_2fe2s', '2fe2s'}	iscU, iscA	P0ACD4, P0AAC8
FESR	Iron-sulfur cluster repair	Cofactor and Prosthetic Group Biosynthesis	1.0 3fe4s_c + 1.0 fe2_c = 1.0 4fe4s_c	1.0 [3Fe-4S] damaged iron-sulfur cluster + 1.0 Fe2+ mitochondria = 1.0 [4Fe-4S] iron-sulfur cluster	1.0 Unknown + 1.0 CHEBI:29033 = 1.0 CHEBI:33725	{'3fe4s', '4fe4s', 'fe2'}	ytfE	P69506
OXCOAHDH	Oxepin-CoA hydrolase/ 3-oxo-5,6-dehydrosuberyl-CoA semialdehyde dehydrogenase (NADP+)	Alternate Carbon Metabolism	1.0 2oxpaccoa_c + 2.0 h2o_c + 1.0 nadp_c = 1.0 3oxdhscoa_c + 2.0 h_c + 1.0 nadph_c	1.0 2-oxepin-2(3H)-ylideneacetyl-CoA + 2.0 H2O H2O + 1.0 Nicotinamide adenine dinucleotide phosphate = 1.0 3-oxo-5,6-dehydrosuberyl-CoA + 2.0 H+ + 1.0 Nicotinamide adenine dinucleotide phosphate - reduced	1.0 CHEBI:63252 + 2.0 CHEBI:13352 + 1.0 CHEBI:29868 = 1.0 CHEBI:63253 + 2.0 CHEBI:5584 + 1.0 CHEBI:16474	{'nadp', 'nadph', '2oxpaccoa', 'h2o', '3oxdhscoa', 'h'}	paaZ	P77455
DHACOAH	2,3-dehydroadipyl-CoA hydratase	Alternate Carbon Metabolism	1.0 23dhacoa_c + 1.0 h2o_c = 1.0 3hadpcoa_c	1.0 2,3-dehydroadipyl-CoA + 1.0 H2O H2O = 1.0 (3S)-3-Hydroxyadipyl-CoA	1.0 CHEBI:67261 + 1.0 CHEBI:13352 = 1.0 CHEBI:132183	{'3hadpcoa', '23dhacoa', 'h2o'}	paaF	P76082
I2FE2SS2	ISC [2Fe-2S] Synthesis II	Cofactor and Prosthetic Group Biosynthesis	1.0 fadh2_c + 2.0 fe2_c + 2.0 iscssh_c + 1.0 iscu_2fe2s_c = 1.0 fad_c + 6.0 h_c + 2.0 iscs_c + 1.0 iscu_2fe2s2_c	1.0 Flavin adenine dinucleotide reduced + 2.0 Fe2+ mitochondria + 2.0 IscS with bound sulfur + 1.0 IscU with bound [2Fe-2S] cluster = 1.0 Flavin adenine dinucleotide oxidized + 6.0 H+ + 2.0 IscS sulfur acceptor protein + 1.0 IscU with two bound [2Fe-2S] clusters	1.0 CHEBI:13316 + 2.0 CHEBI:29033 + 2.0 Unknown + 1.0 Unknown = 1.0 CHEBI:16238 + 6.0 CHEBI:5584 + 2.0 Unknown + 1.0 Unknown	{'iscu_2fe2s2', 'iscs', 'iscu_2fe2s', 'fad', 'fe2', 'fadh2', 'iscssh', 'h'}	iscS, iscU	P0A6B7, P0ACD4
MSAR	Malonic semialdehyde reductase	Nucleotide Salvage Pathway	1.0 h_c + 1.0 msa_c + 1.0 nadph_c = 1.0 3hpp_c + 1.0 nadp_c	1.0 H+ + 1.0 Malonate semialdehyde + 1.0 Nicotinamide adenine dinucleotide phosphate - reduced = 1.0 3-Hydroxypropanoate + 1.0 Nicotinamide adenine dinucleotide phosphate	1.0 CHEBI:5584 + 1.0 CHEBI:33190 + 1.0 CHEBI:16474 = 1.0 CHEBI:20079 + 1.0 CHEBI:29868	{'nadp', 'nadph', '3hpp', 'msa', 'h'}	rutE, ydfG	P75894, P39831
I4FE4ST	ISC [4Fe-4S] Transfer	Cofactor and Prosthetic Group Biosynthesis	4.0 h_c + 1.0 iscu_4fe4s_c = 1.0 4fe4s_c + 1.0 iscu_c	4.0 H+ + 1.0 IscU with bound [4Fe-4S] cluster = 1.0 [4Fe-4S] iron-sulfur cluster + 1.0 IscU scaffold protein	4.0 CHEBI:5584 + 1.0 Unknown = 1.0 CHEBI:33725 + 1.0 Unknown	{'iscu', 'iscu_4fe4s', '4fe4s', 'h'}	iscU, iscA	P0ACD4, P0AAC8
S4FE4ST	SUF [4Fe-4S] Transfer	Cofactor and Prosthetic Group Biosynthesis	4.0 h_c + 1.0 sufbcd_4fe4s_c = 1.0 4fe4s_c + 1.0 sufbcd_c	4.0 H+ + 1.0 SufBCD with bound [4Fe-4S] cluster = 1.0 [4Fe-4S] iron-sulfur cluster + 1.0 SufBCD scaffold complex	4.0 CHEBI:5584 + 1.0 Unknown = 1.0 CHEBI:33725 + 1.0 Unknown	{'sufbcd', 'sufbcd_4fe4s', '4fe4s', 'h'}	sufC, sufD, sufA, sufB	P77499, P77689, P77667, P77522
THFAT	Tetrahydrofolate aminomethyltransferase	Folate Metabolism	1.0 h2o_c + 1.0 methf_c = 1.0 5fthf_c + 1.0 h_c	1.0 H2O H2O + 1.0 5,10-Methenyltetrahydrofolate = 1.0 5-Formyltetrahydrofolate + 1.0 H+	1.0 CHEBI:13352 + 1.0 CHEBI:12069 = 1.0 CHEBI:2057 + 1.0 CHEBI:5584	{'5fthf', 'methf', 'h', 'h2o'}	glyA	P0A825
FOMETRi	Aminomethyltransferase	Folate Metabolism	1.0 5fthf_c + 1.0 h_c = 1.0 h2o_c + 1.0 methf_c	1.0 5-Formyltetrahydrofolate + 1.0 H+ = 1.0 H2O H2O + 1.0 5,10-Methenyltetrahydrofolate	1.0 CHEBI:2057 + 1.0 CHEBI:5584 = 1.0 CHEBI:13352 + 1.0 CHEBI:12069	{'5fthf', 'methf', 'h', 'h2o'}	fau	P0AC28
S2FE2SS2	SUF [2Fe-2S] Synthesis II	Cofactor and Prosthetic Group Biosynthesis	1.0 atp_c + 1.0 fadh2_c + 2.0 fe2_c + 1.0 h2o_c + 1.0 sufbcd_2fe2s_c + 2.0 sufsesh_c = 1.0 adp_c + 1.0 fad_c + 7.0 h_c + 1.0 pi_c + 1.0 sufbcd_2fe2s2_c + 2.0 sufse_c	1.0 ATP C10H12N5O13P3 + 1.0 Flavin adenine dinucleotide reduced + 2.0 Fe2+ mitochondria + 1.0 H2O H2O + 1.0 SufBCD with bound [2Fe-2S] cluster + 2.0 SufSE with bound sulfur = 1.0 ADP C10H12N5O10P2 + 1.0 Flavin adenine dinucleotide oxidized + 7.0 H+ + 1.0 Phosphate + 1.0 SufBCD with two bound [2Fe-2S] clusters + 2.0 SufSE sulfur acceptor complex	1.0 CHEBI:15422 + 1.0 CHEBI:13316 + 2.0 CHEBI:29033 + 1.0 CHEBI:13352 + 1.0 Unknown + 2.0 Unknown = 1.0 CHEBI:2342 + 1.0 CHEBI:16238 + 7.0 CHEBI:5584 + 1.0 CHEBI:26078 + 1.0 Unknown + 2.0 Unknown	{'atp', 'adp', 'h2o', 'sufbcd_2fe2s2', 'sufse', 'sufsesh', 'pi', 'fad', 'fe2', 'fadh2', 'sufbcd_2fe2s', 'h'}	sufS, sufB, sufD, sufC, sufE	P77444, P77522, P77689, P77499, P76194
BTS5	Biotin synthase	Cofactor and Prosthetic Group Biosynthesis	1.0 2fe2s_c + 1.0 amet_c + 1.0 dtbt_c = 1.0 2fe1s_c + 1.0 btn_c + 1.0 dad_5_c + 1.0 h_c + 1.0 met__L_c	1.0 [2Fe-2S] iron-sulfur cluster + 1.0 S-Adenosyl-L-methionine + 1.0 Dethiobiotin = 1.0 [2Fe-1S] desulfurated iron-sulfur cluster + 1.0 Biotin + 1.0 5'-Deoxyadenosine + 1.0 H+ + 1.0 L-Methionine	1.0 CHEBI:21134 + 1.0 CHEBI:33442 + 1.0 CHEBI:42280 = 1.0 Unknown + 1.0 CHEBI:13905 + 1.0 CHEBI:17319 + 1.0 CHEBI:5584 + 1.0 CHEBI:32644	{'btn', 'h', 'met__L', 'dad_5', '2fe1s', 'amet', 'dtbt', '2fe2s'}	bioB	P12996
EX_LalaLglu_e	L-alanine-L-glutamate exchange	Extracellular exchange	1.0 LalaLglu_e = 	1.0 L-alanine-L-glutamate = 	1.0 CHEBI:61396 = 	{'LalaLglu'}	Unknown	Unknown
GDPTPDP	Guanosine 3'-diphosphate 5'-triphosphate 3'-diphosphatase	Cofactor and Prosthetic Group Biosynthesis	1.0 gdptp_c + 1.0 h2o_c = 1.0 gtp_c + 1.0 ppi_c	1.0 Guanosine 3'-diphosphate 5'-triphosphate + 1.0 H2O H2O = 1.0 GTP C10H12N5O14P3 + 1.0 Diphosphate	1.0 CHEBI:14382 + 1.0 CHEBI:13352 = 1.0 CHEBI:37565 + 1.0 CHEBI:45212	{'gtp', 'h2o', 'ppi', 'gdptp'}	spoT	P0AG24
LIPOS	Lipoate synthase	Cofactor and Prosthetic Group Biosynthesis	1.0 4fe4s_c + 2.0 amet_c + 1.0 h_c + 1.0 nad_c + 1.0 octapb_c = 1.0 2fe2s_c + 2.0 dad_5_c + 2.0 fe2_c + 1.0 lipopb_c + 2.0 met__L_c + 1.0 nadh_c	1.0 [4Fe-4S] iron-sulfur cluster + 2.0 S-Adenosyl-L-methionine + 1.0 H+ + 1.0 Nicotinamide adenine dinucleotide + 1.0 Octanoate (protein bound) = 1.0 [2Fe-2S] iron-sulfur cluster + 2.0 5'-Deoxyadenosine + 2.0 Fe2+ mitochondria + 1.0 Lipoate (protein bound) + 2.0 L-Methionine + 1.0 Nicotinamide adenine dinucleotide - reduced	1.0 CHEBI:33725 + 2.0 CHEBI:33442 + 1.0 CHEBI:5584 + 1.0 CHEBI:7422 + 1.0 Unknown = 1.0 CHEBI:21134 + 2.0 CHEBI:17319 + 2.0 CHEBI:29033 + 1.0 Unknown + 2.0 CHEBI:32644 + 1.0 CHEBI:13395	{'h', 'met__L', 'dad_5', 'amet', 'octapb', '4fe4s', 'fe2', 'nad', 'lipopb', 'nadh', '2fe2s'}	lipA	P60716
COLIPAKpp	Lipid A core kinase (periplasm)	Lipopolysaccharide Biosynthesis / Recycling	1.0 colipa_p + 1.0 udcpdp_p = 1.0 colipap_p + 1.0 udcpp_p	1.0 Core oligosaccharide lipid A + 1.0 Undecaprenyl diphosphate = 1.0 Core oligosaccharide lipid A diphosphate + 1.0 Undecaprenyl phosphate	1.0 Unknown + 1.0 CHEBI:27192 = 1.0 Unknown + 1.0 CHEBI:15286	{'colipap', 'udcpp', 'udcpdp', 'colipa'}	lpxT	P76445
ACPPAT120	Acyl-(acyl carrier protein):phosphate acyltransferase (C12:0)	Glycerophospholipid Metabolism	1.0 ddcaACP_c + 1.0 h_c + 1.0 pi_c = 1.0 ACP_c + 1.0 ddcap_c	1.0 Dodecanoyl-ACP (n-C12:0ACP) + 1.0 H+ + 1.0 Phosphate = 1.0 Acyl carrier protein + 1.0 Dodecanoly-phosphate (n-C12:0)	1.0 Unknown + 1.0 CHEBI:5584 + 1.0 CHEBI:26078 = 1.0 CHEBI:14405 + 1.0 Unknown	{'ddcap', 'ACP', 'pi', 'ddcaACP', 'h'}	acpP, plsX	P0A6A8, P27247
MPTSS	Molybdopterin synthase sulfurylase	Cofactor and Prosthetic Group Biosynthesis	1.0 atp_c + 1.0 h_c + 1.0 moadcoo_c = 1.0 moadamp_c + 1.0 ppi_c	1.0 ATP C10H12N5O13P3 + 1.0 H+ + 1.0 MoaD Protein with carboxylate = 1.0 MoaD Protein with bound AMP + 1.0 Diphosphate	1.0 CHEBI:15422 + 1.0 CHEBI:5584 + 1.0 Unknown = 1.0 Unknown + 1.0 CHEBI:45212	{'atp', 'ppi', 'moadamp', 'moadcoo', 'h'}	moeB	P12282
CPMPS	Cyclic pyranopterin monophosphate synthase	Cofactor and Prosthetic Group Biosynthesis	1.0 gtp_c + 1.0 h2o_c = 1.0 cpmp_c + 1.0 ppi_c	1.0 GTP C10H12N5O14P3 + 1.0 H2O H2O = 1.0 Cyclic pyranopterin monophosphate + 1.0 Diphosphate	1.0 CHEBI:37565 + 1.0 CHEBI:13352 = 1.0 Unknown + 1.0 CHEBI:45212	{'gtp', 'ppi', 'cpmp', 'h2o'}	moaC, moaA	P0A738, P30745
LIPOCT	Lipoyl(octanoyl) transferase	Cofactor and Prosthetic Group Biosynthesis	1.0 h_c + 1.0 ocACP_c = 1.0 ACP_c + 1.0 octapb_c	1.0 H+ + 1.0 Octanoyl-ACP (n-C8:0ACP) = 1.0 Acyl carrier protein + 1.0 Octanoate (protein bound)	1.0 CHEBI:5584 + 1.0 Unknown = 1.0 CHEBI:14405 + 1.0 Unknown	{'ocACP', 'octapb', 'ACP', 'h'}	lipB	P60720
LIPATPT	Lipoate-ATP adenylate transferase	Cofactor and Prosthetic Group Biosynthesis	1.0 atp_c + 1.0 lipoate_c = 1.0 lipoamp_c + 1.0 ppi_c	1.0 ATP C10H12N5O13P3 + 1.0 Lipoate = 1.0 Lipoyl-AMP + 1.0 Diphosphate	1.0 CHEBI:15422 + 1.0 CHEBI:43796 = 1.0 CHEBI:83864 + 1.0 CHEBI:45212	{'lipoate', 'atp', 'ppi', 'lipoamp'}	lplA	P32099
LIPAMPL	Lipoyl-adenylate protein ligase	Cofactor and Prosthetic Group Biosynthesis	1.0 lipoamp_c = 1.0 amp_c + 1.0 lipopb_c	1.0 Lipoyl-AMP = 1.0 AMP C10H12N5O7P + 1.0 Lipoate (protein bound)	1.0 CHEBI:83864 = 1.0 CHEBI:13736 + 1.0 Unknown	{'amp', 'lipoamp', 'lipopb'}	lplA	P32099
ALDD19xr	Aldehyde dehydrogenase (phenylacetaldehyde, NAD)	Alternate Carbon Metabolism	1.0 h2o_c + 1.0 nad_c + 1.0 pacald_c = 2.0 h_c + 1.0 nadh_c + 1.0 pac_c	1.0 H2O H2O + 1.0 Nicotinamide adenine dinucleotide + 1.0 Phenylacetaldehyde = 2.0 H+ + 1.0 Nicotinamide adenine dinucleotide - reduced + 1.0 Phenylacetic acid	1.0 CHEBI:13352 + 1.0 CHEBI:7422 + 1.0 CHEBI:14778 = 2.0 CHEBI:5584 + 1.0 CHEBI:13395 + 1.0 CHEBI:25977	{'pac', 'pacald', 'h2o', 'nad', 'nadh', 'h'}	feaB	P80668
MMM	Methylmalonyl-CoA mutase	Alternate Carbon Metabolism	1.0 succoa_c = 1.0 mmcoa__S_c	1.0 Succinyl-CoA = 1.0 (S)-Methylmalonyl-CoA	1.0 CHEBI:57292 = 1.0 CHEBI:43874	{'succoa', 'mmcoa__S'}	scpA	P27253
MOGDS	Molybdopterin guanine dinucleotide synthase	Cofactor and Prosthetic Group Biosynthesis	1.0 gtp_c + 1.0 h_c + 1.0 moco_c = 1.0 mocogdp_c + 1.0 ppi_c	1.0 GTP C10H12N5O14P3 + 1.0 H+ + 1.0 Molybdenum cofactor = 1.0 Molybdopterin guanine dinucleotide + 1.0 Diphosphate	1.0 CHEBI:37565 + 1.0 CHEBI:5584 + 1.0 CHEBI:79026 = 1.0 CHEBI:30406 + 1.0 CHEBI:45212	{'mocogdp', 'moco', 'ppi', 'gtp', 'h'}	mobA, mobB, mobA	P32173, P32125
CPH4S	6-carboxy-5,6,7,8-tetrahydropterin synthase	Cofactor and Prosthetic Group Biosynthesis	1.0 ahdt_c + 1.0 h2o_c = 1.0 acald_c + 1.0 cph4_c + 1.0 h_c + 1.0 pppi_c	1.0 2-Amino-4-hydroxy-6-(erythro-1,2,3-trihydroxypropyl)dihydropteridine triphosphate + 1.0 H2O H2O = 1.0 Acetaldehyde + 1.0 6-carboxy-5,6,7,8-tetrahydropterin + 1.0 H+ + 1.0 Inorganic triphosphate	1.0 CHEBI:19455 + 1.0 CHEBI:13352 = 1.0 CHEBI:40533 + 1.0 CHEBI:61032 + 1.0 CHEBI:5584 + 1.0 CHEBI:48315	{'acald', 'pppi', 'cph4', 'h2o', 'ahdt', 'h'}	queD	P65870
WCOS	Tungsten pterin cofactor synthase	Cofactor and Prosthetic Group Biosynthesis	2.0 h_c + 1.0 mptamp_c + 1.0 tungs_c = 1.0 amp_c + 1.0 cu2_c + 1.0 h2o_c + 1.0 wco_c	2.0 H+ + 1.0 Adenylated molybdopterin + 1.0 Tungstate = 1.0 AMP C10H12N5O7P + 1.0 Copper + 1.0 H2O H2O + 1.0 Tungsten binding cofactor	2.0 CHEBI:5584 + 1.0 CHEBI:62728 + 1.0 CHEBI:36271 = 1.0 CHEBI:13736 + 1.0 CHEBI:29036 + 1.0 CHEBI:13352 + 1.0 Unknown	{'wco', 'h2o', 'mptamp', 'amp', 'cu2', 'tungs', 'h'}	moeA	P12281
SHCHCS3	2-succinyl-6-hydroxy-2,4-cyclohexadiene 1-carboxylate synthase	Cofactor and Prosthetic Group Biosynthesis	1.0 2sephchc_c = 1.0 2shchc_c + 1.0 pyr_c	1.0 2-succinyl-5-enolpyruvyl-6-hydroxy-3-cyclohexene-1-carboxylate = 1.0 2-Succinyl-6-hydroxy-2,4-cyclohexadiene-1-carboxylate + 1.0 Pyruvate	1.0 CHEBI:50271 = 1.0 CHEBI:39564 + 1.0 CHEBI:26462	{'pyr', '2sephchc', '2shchc'}	menH	P37355
VPAMTr	Valine-pyruvate aminotransferase	Valine, Leucine, and Isoleucine Metabolism	1.0 3mob_c + 1.0 ala__L_c = 1.0 pyr_c + 1.0 val__L_c	1.0 3-Methyl-2-oxobutanoate + 1.0 L-Alanine = 1.0 Pyruvate + 1.0 L-Valine	1.0 CHEBI:11851 + 1.0 CHEBI:21216 = 1.0 CHEBI:26462 + 1.0 CHEBI:32859	{'ala__L', 'val__L', '3mob', 'pyr'}	avtA	P09053
ACOLIPAabctex	Arabinose modified core oligosaccharide lipid A transport via ABC system (periplasm to extracellular)	Lipopolysaccharide Biosynthesis / Recycling	1.0 acolipa_p + 1.0 atp_c + 1.0 h2o_c = 1.0 acolipa_e + 1.0 adp_c + 1.0 h_c + 1.0 pi_c	1.0 4-Amino-4-deoxy-L-arabinose modified core oligosaccharide lipid A + 1.0 ATP C10H12N5O13P3 + 1.0 H2O H2O = 1.0 4-Amino-4-deoxy-L-arabinose modified core oligosaccharide lipid A + 1.0 ADP C10H12N5O10P2 + 1.0 H+ + 1.0 Phosphate	1.0 Unknown + 1.0 CHEBI:15422 + 1.0 CHEBI:13352 = 1.0 Unknown + 1.0 CHEBI:2342 + 1.0 CHEBI:5584 + 1.0 CHEBI:26078	{'atp', 'adp', 'acolipa', 'h2o', 'pi', 'h'}	lptG, lptF, lptC, lptB, lptA, lptD, lptE	P0ADC6, P0AF98, P0ADV9, P0A9V1, P0ADV1, P31554, P0ADC1
PYK4	Pyruvate kinase(4)	Nucleotide Salvage Pathway	1.0 cdp_c + 1.0 h_c + 1.0 pep_c = 1.0 ctp_c + 1.0 pyr_c	1.0 CDP C9H12N3O11P2 + 1.0 H+ + 1.0 Phosphoenolpyruvate = 1.0 CTP C9H12N3O14P3 + 1.0 Pyruvate	1.0 CHEBI:41451 + 1.0 CHEBI:5584 + 1.0 CHEBI:18021 = 1.0 CHEBI:3285 + 1.0 CHEBI:26462	{'pep', 'pyr', 'cdp', 'ctp', 'h'}	pykA	P21599
NADPHXD	NADPHX dehydratase	Metabolite Repair	1.0 adp_c + 1.0 nadphx__S_c = 1.0 amp_c + 1.0 h_c + 1.0 nadph_c + 1.0 pi_c	1.0 ADP C10H12N5O10P2 + 1.0 (S)-NADPHX = 1.0 AMP C10H12N5O7P + 1.0 H+ + 1.0 Nicotinamide adenine dinucleotide phosphate - reduced + 1.0 Phosphate	1.0 CHEBI:2342 + 1.0 Unknown = 1.0 CHEBI:13736 + 1.0 CHEBI:5584 + 1.0 CHEBI:16474 + 1.0 CHEBI:26078	{'nadph', 'adp', 'nadphx__S', 'pi', 'amp', 'h'}	nnr	P31806
NADHHR	NADH hydratase	Metabolite Repair	1.0 h2o_c + 1.0 nadh_c = 1.0 nadhx__R_c	1.0 H2O H2O + 1.0 Nicotinamide adenine dinucleotide - reduced = 1.0 (R)-NADHX	1.0 CHEBI:13352 + 1.0 CHEBI:13395 = 1.0 Unknown	{'nadhx__R', 'nadh', 'h2o'}	, gapA	Unknown, P0A9B2
ECA4COLIPAabctex	Enterobacterial common antigen (x4) core oligosaccharide lipid A transport via ABC system (periplasm to extracellular)	Lipopolysaccharide Biosynthesis / Recycling	1.0 atp_c + 1.0 eca4colipa_p + 1.0 h2o_c = 1.0 adp_c + 1.0 eca4colipa_e + 1.0 h_c + 1.0 pi_c	1.0 ATP C10H12N5O13P3 + 1.0 (enterobacterial common antigen)x4 core oligosaccharide lipid A + 1.0 H2O H2O = 1.0 ADP C10H12N5O10P2 + 1.0 (enterobacterial common antigen)x4 core oligosaccharide lipid A + 1.0 H+ + 1.0 Phosphate	1.0 CHEBI:15422 + 1.0 Unknown + 1.0 CHEBI:13352 = 1.0 CHEBI:2342 + 1.0 Unknown + 1.0 CHEBI:5584 + 1.0 CHEBI:26078	{'atp', 'adp', 'h2o', 'eca4colipa', 'pi', 'h'}	lptG, lptF, lptC, lptB, lptA, lptD, lptE	P0ADC6, P0AF98, P0ADV9, P0A9V1, P0ADV1, P31554, P0ADC1
EX_ttrcyc_e	Tetracycline exchange	Extracellular exchange	1.0 ttrcyc_e = 	1.0 Tetracycline = 	1.0 CHEBI:9474 = 	{'ttrcyc'}	Unknown	Unknown
COLIPAPabctex	Core oligosaccharide lipid A diphosphate transport via ABC system (periplasm to extracellular)	Lipopolysaccharide Biosynthesis / Recycling	1.0 atp_c + 1.0 colipap_p + 1.0 h2o_c = 1.0 adp_c + 1.0 colipap_e + 1.0 h_c + 1.0 pi_c	1.0 ATP C10H12N5O13P3 + 1.0 Core oligosaccharide lipid A diphosphate + 1.0 H2O H2O = 1.0 ADP C10H12N5O10P2 + 1.0 Core oligosaccharide lipid A diphosphate + 1.0 H+ + 1.0 Phosphate	1.0 CHEBI:15422 + 1.0 Unknown + 1.0 CHEBI:13352 = 1.0 CHEBI:2342 + 1.0 Unknown + 1.0 CHEBI:5584 + 1.0 CHEBI:26078	{'colipap', 'atp', 'adp', 'h2o', 'pi', 'h'}	lptG, lptF, lptC, lptB, lptA, lptD, lptE	P0ADC6, P0AF98, P0ADV9, P0A9V1, P0ADV1, P31554, P0ADC1
NADPHXE	NADPHX epimerase	Metabolite Repair	1.0 nadphx__R_c = 1.0 nadphx__S_c	1.0 (R)-NADPHX = 1.0 (S)-NADPHX	1.0 Unknown = 1.0 Unknown	{'nadphx__S', 'nadphx__R'}	nnr	P31806
EX_mincyc_e	Minocycline exchange	Extracellular exchange	1.0 mincyc_e = 	1.0 Minocycline = 	1.0 CHEBI:71337 = 	{'mincyc'}	Unknown	Unknown
DM_4crsol_c	Sink needed to allow p-Cresol to leave system	Intracellular demand	1.0 4crsol_c = 	1.0 P-Cresol = 	1.0 CHEBI:1816 = 	{'4crsol'}	Unknown	Unknown
3OXCOAT	3-oxoadipyl-CoA thiolase	Alternate Carbon Metabolism	1.0 coa_c + 1.0 oxadpcoa_c = 1.0 accoa_c + 1.0 succoa_c	1.0 Coenzyme A + 1.0 3-Oxoadipyl-CoA = 1.0 Acetyl-CoA + 1.0 Succinyl-CoA	1.0 CHEBI:41631 + 1.0 CHEBI:15490 = 1.0 CHEBI:57288 + 1.0 CHEBI:57292	{'coa', 'accoa', 'succoa', 'oxadpcoa'}	paaJ	P0C7L2
URACPAH	Peroxyureidoacrylate hydrolase	Nucleotide Salvage Pathway	1.0 h2o_c + 1.0 uracp_c = 1.0 cbm_c + 1.0 h_c + 1.0 poaac_c	1.0 H2O H2O + 1.0 Ureidoacrylate peracid = 1.0 Carbamate + 1.0 H+ + 1.0 Peroxyaminoacrylate	1.0 CHEBI:13352 + 1.0 CHEBI:59889 = 1.0 CHEBI:28616 + 1.0 CHEBI:5584 + 1.0 CHEBI:59892	{'poaac', 'cbm', 'h2o', 'uracp', 'h'}	rutB	P75897
DXYLTD	D-xylonate dehydratase	Alternate Carbon Metabolism	1.0 dxylnt_c = 1.0 2ddara_c + 1.0 h2o_c	1.0 D-Xylonate = 1.0 2-dehydro-3-deoxy-D-arabinonate + 1.0 H2O H2O	1.0 Unknown = 1.0 Unknown + 1.0 CHEBI:13352	{'2ddara', 'h2o', 'dxylnt'}	yagF, yjhG	P77596, P39358
2DDARAA	2-dehydro-3-deoxy-D-arabinonate Aldolase	Alternate Carbon Metabolism	1.0 2ddara_c = 1.0 gcald_c + 1.0 pyr_c	1.0 2-dehydro-3-deoxy-D-arabinonate = 1.0 Glycolaldehyde + 1.0 Pyruvate	1.0 Unknown = 1.0 CHEBI:17071 + 1.0 CHEBI:26462	{'pyr', '2ddara', 'gcald'}	yjhH, yagE	P39359, P75682
2DGULRGx	2-Dehydro-L-gulonate reductase to gluconate (NADH)	Alternate Carbon Metabolism	1.0 2dhguln_c + 1.0 h_c + 1.0 nadh_c = 1.0 glcn_c + 1.0 nad_c	1.0 2-Dehydro-L-gulonate + 1.0 H+ + 1.0 Nicotinamide adenine dinucleotide - reduced = 1.0 D-Gluconate + 1.0 Nicotinamide adenine dinucleotide	1.0 Unknown + 1.0 CHEBI:5584 + 1.0 CHEBI:13395 = 1.0 CHEBI:20983 + 1.0 CHEBI:7422	{'glcn', '2dhguln', 'nad', 'nadh', 'h'}	ghrB	P37666
2DGULRGy	2-Dehydro-L-gulonate reductase to gluconate (NADPH)	Alternate Carbon Metabolism	1.0 2dhguln_c + 1.0 h_c + 1.0 nadph_c = 1.0 glcn_c + 1.0 nadp_c	1.0 2-Dehydro-L-gulonate + 1.0 H+ + 1.0 Nicotinamide adenine dinucleotide phosphate - reduced = 1.0 D-Gluconate + 1.0 Nicotinamide adenine dinucleotide phosphate	1.0 Unknown + 1.0 CHEBI:5584 + 1.0 CHEBI:16474 = 1.0 CHEBI:20983 + 1.0 CHEBI:29868	{'nadp', 'nadph', 'glcn', '2dhguln', 'h'}	ghrB	P37666
AP4AS	Ap4A synthetase	Nucleotide Salvage Pathway	2.0 atp_c + 1.0 h_c = 1.0 ap4a_c + 1.0 ppi_c	2.0 ATP C10H12N5O13P3 + 1.0 H+ = 1.0 P1,P4-Bis(5'-adenosyl) tetraphosphate + 1.0 Diphosphate	2.0 CHEBI:15422 + 1.0 CHEBI:5584 = 1.0 CHEBI:58141 + 1.0 CHEBI:45212	{'atp', 'ppi', 'h', 'ap4a'}	lysU	P0A8N5
EX_arbt_e	Arbutin exchange	Extracellular exchange	1.0 arbt_e = 	1.0 Arbutin C12H16O7 = 	1.0 CHEBI:2806 = 	{'arbt'}	Unknown	Unknown
GNP	Phosphogluconate phosphatase	Alternate Carbon Metabolism	1.0 6pgc_c + 1.0 h2o_c = 1.0 glcn_c + 1.0 pi_c	1.0 6-Phospho-D-gluconate + 1.0 H2O H2O = 1.0 D-Gluconate + 1.0 Phosphate	1.0 CHEBI:33851 + 1.0 CHEBI:13352 = 1.0 CHEBI:20983 + 1.0 CHEBI:26078	{'pi', 'glcn', '6pgc', 'h2o'}	yieH, yqaB	P31467, P77475
ALLTAMH2	Allantoate amidinohydrolase	Nitrogen Metabolism	1.0 alltt_c + 1.0 h2o_c + 2.0 h_c = 1.0 co2_c + 1.0 nh4_c + 1.0 urdgci_c	1.0 Allantoate + 1.0 H2O H2O + 2.0 H+ = 1.0 CO2 CO2 + 1.0 Ammonium + 1.0 S-ureidoglycine	1.0 CHEBI:22353 + 1.0 CHEBI:13352 + 2.0 CHEBI:5584 = 1.0 CHEBI:23011 + 1.0 CHEBI:44284 + 1.0 Unknown	{'urdgci', 'nh4', 'h2o', 'co2', 'alltt', 'h'}	allC	P77425
UGCIAMH	Ureidoglycine aminohydrolase	Nitrogen Metabolism	1.0 h2o_c + 1.0 urdgci_c = 1.0 nh4_c + 1.0 urdglyc_c	1.0 H2O H2O + 1.0 S-ureidoglycine = 1.0 Ammonium + 1.0 (-)-Ureidoglycolate	1.0 CHEBI:13352 + 1.0 Unknown = 1.0 CHEBI:44284 + 1.0 CHEBI:18499	{'urdgci', 'nh4', 'urdglyc', 'h2o'}	allE	P75713
POAACR	Peroxyaminoacrylate reductase	Nucleotide Salvage Pathway	1.0 nadh_c + 1.0 poaac_c = 1.0 3amac_c + 1.0 h2o_c + 1.0 nad_c	1.0 Nicotinamide adenine dinucleotide - reduced + 1.0 Peroxyaminoacrylate = 1.0 3-Aminoacrylate + 1.0 H2O H2O + 1.0 Nicotinamide adenine dinucleotide	1.0 CHEBI:13395 + 1.0 CHEBI:59892 = 1.0 CHEBI:59894 + 1.0 CHEBI:13352 + 1.0 CHEBI:7422	{'poaac', 'h2o', '3amac', 'nad', 'nadh'}	rutC	P0AFQ5
METGLCUR	1-O-Methyl-Beta-D-glucuronidase	Alternate Carbon Metabolism	1.0 h2o_c + 1.0 metglcur_c = 1.0 glcur_c + 1.0 meoh_c	1.0 H2O H2O + 1.0 1-O-methyl-Beta-D-glucuronate = 1.0 D-Glucuronate + 1.0 Methanol	1.0 CHEBI:13352 + 1.0 Unknown = 1.0 CHEBI:12975 + 1.0 CHEBI:52090	{'metglcur', 'glcur', 'meoh', 'h2o'}	uidA	P05804
ACOAD1fr	Acyl-CoA dehydrogenase (butanoyl-CoA)	Membrane Lipid Metabolism	1.0 b2coa_c + 1.0 fadh2_c = 1.0 btcoa_c + 1.0 fad_c	1.0 Crotonoyl-CoA + 1.0 Flavin adenine dinucleotide reduced = 1.0 Butanoyl-CoA + 1.0 Flavin adenine dinucleotide oxidized	1.0 CHEBI:3928 + 1.0 CHEBI:13316 = 1.0 CHEBI:57371 + 1.0 CHEBI:16238	{'b2coa', 'btcoa', 'fadh2', 'fad'}	ydiO	P0A9U8
ACPPAT160	Acyl-(acyl carrier protein):phosphate acyltransferase (C16:0)	Glycerophospholipid Metabolism	1.0 h_c + 1.0 palmACP_c + 1.0 pi_c = 1.0 ACP_c + 1.0 hdcap_c	1.0 H+ + 1.0 Palmitoyl-ACP (n-C16:0ACP) + 1.0 Phosphate = 1.0 Acyl carrier protein + 1.0 Hexadecanoyl-phosphate (n-C16:0)	1.0 CHEBI:5584 + 1.0 Unknown + 1.0 CHEBI:26078 = 1.0 CHEBI:14405 + 1.0 Unknown	{'ACP', 'hdcap', 'palmACP', 'pi', 'h'}	acpP, plsX	P0A6A8, P27247
ALR2x	Aldose reductase (methylglyoxal) (nadh)	Methylglyoxal Metabolism	1.0 h_c + 1.0 mthgxl_c + 1.0 nadh_c = 1.0 acetol_c + 1.0 nad_c	1.0 H+ + 1.0 Methylglyoxal + 1.0 Nicotinamide adenine dinucleotide - reduced = 1.0 Acetol cytosol + 1.0 Nicotinamide adenine dinucleotide	1.0 CHEBI:5584 + 1.0 CHEBI:14599 + 1.0 CHEBI:13395 = 1.0 CHEBI:27957 + 1.0 CHEBI:7422	{'acetol', 'mthgxl', 'nad', 'nadh', 'h'}	ydjG	P77256
OMPHHXy	2-octaprenyl-6-methoxyphenol hydroxylase (NADPH)	Cofactor and Prosthetic Group Biosynthesis	1.0 2omph_c + 1.0 h_c + 1.0 nadph_c + 1.0 o2_c = 1.0 2ombzl_c + 1.0 h2o_c + 1.0 nadp_c	1.0 2-Octaprenyl-6-methoxyphenol + 1.0 H+ + 1.0 Nicotinamide adenine dinucleotide phosphate - reduced + 1.0 O2 O2 = 1.0 2-Octaprenyl-6-methoxy-1,4-benzoquinol + 1.0 H2O H2O + 1.0 Nicotinamide adenine dinucleotide phosphate	1.0 CHEBI:1235 + 1.0 CHEBI:5584 + 1.0 CHEBI:16474 + 1.0 CHEBI:7860 = 1.0 CHEBI:60655 + 1.0 CHEBI:13352 + 1.0 CHEBI:29868	{'nadp', 'nadph', '2ombzl', 'h2o', 'o2', '2omph', 'h'}	ubiH	P25534
13PPDH2	1,3-propanediol dehydrogenase	Alternate Carbon Metabolism	1.0 3hppnl_c + 1.0 h_c + 1.0 nadph_c = 1.0 13ppd_c + 1.0 nadp_c	1.0 3-Hydroxypropanal + 1.0 H+ + 1.0 Nicotinamide adenine dinucleotide phosphate - reduced = 1.0 1,3-Propanediol + 1.0 Nicotinamide adenine dinucleotide phosphate	1.0 CHEBI:1552 + 1.0 CHEBI:5584 + 1.0 CHEBI:16474 = 1.0 CHEBI:44868 + 1.0 CHEBI:29868	{'nadp', '13ppd', 'nadph', '3hppnl', 'h'}	yqhD	Q46856
APCS	Aminopropylcadaverine synthase	Arginine and Proline Metabolism	1.0 15dap_c + 1.0 ametam_c = 1.0 5mta_c + 1.0 h_c + 1.0 na15dap_c	1.0 1,5-Diaminopentane + 1.0 S-Adenosylmethioninamine = 1.0 5-Methylthioadenosine + 1.0 H+ + 1.0 N-3-aminopropyl-1,5-diaminopentane	1.0 CHEBI:58384 + 1.0 CHEBI:22035 = 1.0 CHEBI:1966 + 1.0 CHEBI:5584 + 1.0 CHEBI:64858	{'15dap', 'ametam', '5mta', 'na15dap', 'h'}	speE	P09158
ACPPAT181	Acyl-(acyl carrier protein):phosphate acyltransferase (C18:1)	Glycerophospholipid Metabolism	1.0 h_c + 1.0 octeACP_c + 1.0 pi_c = 1.0 ACP_c + 1.0 ocdceap_c	1.0 H+ + 1.0 Cis-octadec-11-enoyl-[acyl-carrier protein] (n-C18:1) + 1.0 Phosphate = 1.0 Acyl carrier protein + 1.0 Octadecanoyl-phosphate (n-C18:1)	1.0 CHEBI:5584 + 1.0 Unknown + 1.0 CHEBI:26078 = 1.0 CHEBI:14405 + 1.0 Unknown	{'octeACP', 'ACP', 'pi', 'ocdceap', 'h'}	acpP, plsX	P0A6A8, P27247
SQVOSI	Sulfoquinovose isomerase	Alternate Carbon Metabolism	1.0 sq_c = 1.0 sf_c	1.0 Sulphoquinovose = 1.0 6-deoxy-6-sulphofructose	1.0 Unknown = 1.0 Unknown	{'sf', 'sq'}	yihS	P32140
6D6SPA	6-deoxy-6-sulfofructose-1-phosphate aldolase	Alternate Carbon Metabolism	1.0 sfp_c = 1.0 dhap_c + 1.0 sla_c	1.0 6-deoxy-6-sulphofructose 1-phosphate = 1.0 Dihydroxyacetone phosphate + 1.0 Sulpholactaldehyde	1.0 Unknown = 1.0 CHEBI:14341 + 1.0 Unknown	{'sla', 'sfp', 'dhap'}	yihT	P32141
ThDPAT	ThDP adenylyl transferase	Cofactor and Prosthetic Group Biosynthesis	1.0 adp_c + 1.0 h_c + 1.0 thmpp_c = 1.0 athtp_c + 1.0 pi_c	1.0 ADP C10H12N5O10P2 + 1.0 H+ + 1.0 Thiamine diphosphate = 1.0 Adenosine thiamine triphosphate + 1.0 Phosphate	1.0 CHEBI:2342 + 1.0 CHEBI:5584 + 1.0 CHEBI:15229 = 1.0 CHEBI:71393 + 1.0 CHEBI:26078	{'thmpp', 'athtp', 'adp', 'pi', 'h'}	Unknown	Unknown
GHBDHx	Gamma-hydroxybutyrate dehydrogenase (NADH)	Arginine and Proline Metabolism	1.0 h_c + 1.0 nadh_c + 1.0 sucsal_c = 1.0 ghb_c + 1.0 nad_c	1.0 H+ + 1.0 Nicotinamide adenine dinucleotide - reduced + 1.0 Succinic semialdehyde = 1.0 Gamma-hydroxybutyrate + 1.0 Nicotinamide adenine dinucleotide	1.0 CHEBI:5584 + 1.0 CHEBI:13395 + 1.0 CHEBI:26805 = 1.0 CHEBI:12006 + 1.0 CHEBI:7422	{'sucsal', 'ghb', 'nad', 'nadh', 'h'}	yihU	P0A9V8
APPLDHr	Aminopropanol dehydrogenase reversible	Threonine and Lysine Metabolism	1.0 aact_c + 1.0 h_c + 1.0 nadh_c = 1.0 appl_c + 1.0 nad_c	1.0 Aminoacetone + 1.0 H+ + 1.0 Nicotinamide adenine dinucleotide - reduced = 1.0 1-Aminopropan-2-ol + 1.0 Nicotinamide adenine dinucleotide	1.0 CHEBI:42749 + 1.0 CHEBI:5584 + 1.0 CHEBI:13395 = 1.0 CHEBI:610 + 1.0 CHEBI:7422	{'appl', 'aact', 'nad', 'nadh', 'h'}	gldA	P0A9S5
APH141	Acylphosphatase (C14:1)	Glycerophospholipid Metabolism	1.0 h2o_c + 1.0 ttdceap_c = 2.0 h_c + 1.0 pi_c + 1.0 ttdcea_c	1.0 H2O H2O + 1.0 Tetradecanoyl-phosphate (n-C14:1) = 2.0 H+ + 1.0 Phosphate + 1.0 Tetradecenoate (n-C14:1)	1.0 CHEBI:13352 + 1.0 Unknown = 2.0 CHEBI:5584 + 1.0 CHEBI:26078 + 1.0 Unknown	{'ttdcea', 'h2o', 'ttdceap', 'pi', 'h'}	yccX	P0AB65
EX_dxylnt_e	D-Xylonate exchange	Extracellular exchange	1.0 dxylnt_e = 	1.0 D-Xylonate = 	1.0 Unknown = 	{'dxylnt'}	Unknown	Unknown
AI2K	Autoinducer-2 kinase	Methionine Metabolism	1.0 atp_c + 1.0 dhptd_c = 1.0 adp_c + 1.0 dhptdp_c + 1.0 h_c	1.0 ATP C10H12N5O13P3 + 1.0 4,5-dihydroxy-2,3-pentanedione = 1.0 ADP C10H12N5O10P2 + 1.0 (4S)-4-hydroxy-5-phosphonooxypentane-2,3-dione + 1.0 H+	1.0 CHEBI:15422 + 1.0 CHEBI:29484 = 1.0 CHEBI:2342 + 1.0 Unknown + 1.0 CHEBI:5584	{'atp', 'adp', 'dhptd', 'dhptdp', 'h'}	lsrK	P77432
G2PP	Glycerol-2-phosphate phosphatase	Alternate Carbon Metabolism	1.0 glyc2p_c + 1.0 h2o_c = 1.0 glyc_c + 1.0 pi_c	1.0 Glycerol 2-phosphate + 1.0 H2O H2O = 1.0 Glycerol + 1.0 Phosphate	1.0 CHEBI:26704 + 1.0 CHEBI:13352 = 1.0 CHEBI:5448 + 1.0 CHEBI:26078	{'glyc', 'pi', 'glyc2p', 'h2o'}	suhB	P0ADG4
APH161	Acylphosphatase (C16:1)	Glycerophospholipid Metabolism	1.0 h2o_c + 1.0 hdceap_c = 2.0 h_c + 1.0 hdcea_c + 1.0 pi_c	1.0 H2O H2O + 1.0 Hexadecanoyl-phosphate (n-C16:1) = 2.0 H+ + 1.0 Hexadecenoate (n-C16:1) + 1.0 Phosphate	1.0 CHEBI:13352 + 1.0 Unknown = 2.0 CHEBI:5584 + 1.0 Unknown + 1.0 CHEBI:26078	{'hdcea', 'h2o', 'hdceap', 'pi', 'h'}	yccX	P0AB65
DHNPA2r	Dihydroneopterin aldolase reversible	Cofactor and Prosthetic Group Biosynthesis	1.0 dhnpt_c = 1.0 6hmhpt_c + 1.0 gcald_c	1.0 Dihydroneopterin = 1.0 6-hydroxymethyl dihydropterin + 1.0 Glycolaldehyde	1.0 CHEBI:30567 = 1.0 CHEBI:19456 + 1.0 CHEBI:17071	{'dhnpt', 'gcald', '6hmhpt'}	folB	P0AC16
SHGO	S-2-hydroxyglutarate oxidase	Glycine and Serine Metabolism	1.0 S2hglut_c + 1.0 o2_c = 1.0 akg_c + 1.0 h2o2_c	1.0 (S)-2-Hydroxyglutarate + 1.0 O2 O2 = 1.0 2-Oxoglutarate + 1.0 Hydrogen peroxide	1.0 CHEBI:11036 + 1.0 CHEBI:7860 = 1.0 CHEBI:40661 + 1.0 CHEBI:29192	{'S2hglut', 'akg', 'h2o2', 'o2'}	lhgO	P37339
ACOXT	Acetyl-CoA:oxalate CoA-transferase	Membrane Lipid Metabolism	1.0 accoa_c + 1.0 oxa_c = 1.0 ac_c + 1.0 oxalcoa_c	1.0 Acetyl-CoA + 1.0 Oxalate = 1.0 Acetate + 1.0 Oxalyl-CoA	1.0 CHEBI:57288 + 1.0 CHEBI:46904 = 1.0 CHEBI:13704 + 1.0 CHEBI:14707	{'oxalcoa', 'oxa', 'accoa', 'ac'}	yfdE	P76518
EX_mththf_e	(2R,4S)-2-methyl-2,3,3,4-tetrahydroxytetrahydrofuran exchange	Extracellular exchange	1.0 mththf_e = 	1.0 (2R,4S)-2-methyl-2,3,3,4-tetrahydroxytetrahydrofuran = 	1.0 CHEBI:44800 = 	{'mththf'}	Unknown	Unknown
2HESR	2-hydroxyethyldisulfide reductase	Alternate Carbon Metabolism	1.0 dtgcl_c + 2.0 gthrd_c = 1.0 gthox_c + 2.0 mercpeth_c	1.0 2-hydroxyethyldisulfide + 2.0 Reduced glutathione = 1.0 Oxidized glutathione + 2.0 Mercaptoethanol	1.0 Unknown + 2.0 CHEBI:43049 = 1.0 CHEBI:42832 + 2.0 Unknown	{'gthox', 'mercpeth', 'dtgcl', 'gthrd'}	yghU, yfcG	Q46845, P77526
CHOLID	7-?-hydroxysteroid dehydrogenase	Alternate Carbon Metabolism	1.0 cholate_c + 1.0 nad_c = 1.0 dhcholn_c + 1.0 h_c + 1.0 nadh_c	1.0 Cholate c + 1.0 Nicotinamide adenine dinucleotide = 1.0 3?,12?-dihydroxy-7-oxo-5?-cholan-24-oate + 1.0 H+ + 1.0 Nicotinamide adenine dinucleotide - reduced	1.0 CHEBI:23168 + 1.0 CHEBI:7422 = 1.0 Unknown + 1.0 CHEBI:5584 + 1.0 CHEBI:13395	{'cholate', 'dhcholn', 'nad', 'nadh', 'h'}	hdhA	P0AET8
NADHXD	NADHX dehydratase	Metabolite Repair	1.0 adp_c + 1.0 nadhx__S_c = 1.0 amp_c + 1.0 h_c + 1.0 nadh_c + 1.0 pi_c	1.0 ADP C10H12N5O10P2 + 1.0 Adenosine 5'-(3-{5-[(2S)-5-carbamoyl-2-hydroxy-3,4-dihydropyridin-1-yl]-5-deoxy-?-D-ribofuranosyl} dihydrogen diphosphate) = 1.0 AMP C10H12N5O7P + 1.0 H+ + 1.0 Nicotinamide adenine dinucleotide - reduced + 1.0 Phosphate	1.0 CHEBI:2342 + 1.0 Unknown = 1.0 CHEBI:13736 + 1.0 CHEBI:5584 + 1.0 CHEBI:13395 + 1.0 CHEBI:26078	{'adp', 'pi', 'nadhx__S', 'amp', 'nadh', 'h'}	nnr	P31806
NADPHHR	NADPH hydratase	Metabolite Repair	1.0 h2o_c + 1.0 nadph_c = 1.0 nadphx__R_c	1.0 H2O H2O + 1.0 Nicotinamide adenine dinucleotide phosphate - reduced = 1.0 (R)-NADPHX	1.0 CHEBI:13352 + 1.0 CHEBI:16474 = 1.0 Unknown	{'nadph', 'nadphx__R', 'h2o'}	, gapA	Unknown, P0A9B2
NADPHHS	NADPH hydratase	Metabolite Repair	1.0 h2o_c + 1.0 nadph_c = 1.0 nadphx__S_c	1.0 H2O H2O + 1.0 Nicotinamide adenine dinucleotide phosphate - reduced = 1.0 (S)-NADPHX	1.0 CHEBI:13352 + 1.0 CHEBI:16474 = 1.0 Unknown	{'nadphx__S', 'nadph', 'h2o'}	gapA, 	P0A9B2, Unknown
4ABZGLUH	P-aminobenzoyl-glutamate hydrolase	Cofactor and Prosthetic Group Biosynthesis	1.0 4abzglu_c + 1.0 h2o_c = 1.0 4abz_c + 1.0 glu__L_c	1.0 4-aminobenzoyl-glutamate + 1.0 H2O H2O = 1.0 4-Aminobenzoate + 1.0 L-Glutamate	1.0 Unknown + 1.0 CHEBI:13352 = 1.0 CHEBI:30753 + 1.0 CHEBI:76051	{'4abzglu', 'glu__L', '4abz', 'h2o'}	abgB, abgA	P76052, P77357
NADHHS	NADH hydratase	Metabolite Repair	1.0 h2o_c + 1.0 nadh_c = 1.0 nadhx__S_c	1.0 H2O H2O + 1.0 Nicotinamide adenine dinucleotide - reduced = 1.0 Adenosine 5'-(3-{5-[(2S)-5-carbamoyl-2-hydroxy-3,4-dihydropyridin-1-yl]-5-deoxy-?-D-ribofuranosyl} dihydrogen diphosphate)	1.0 CHEBI:13352 + 1.0 CHEBI:13395 = 1.0 Unknown	{'nadhx__S', 'nadh', 'h2o'}	, gapA	Unknown, P0A9B2
APH180	Acylphosphatase (C18:0)	Glycerophospholipid Metabolism	1.0 h2o_c + 1.0 ocdcap_c = 2.0 h_c + 1.0 ocdca_c + 1.0 pi_c	1.0 H2O H2O + 1.0 Octadecanoyl-phosphate (n-C18:0) = 2.0 H+ + 1.0 Octadecanoate (n-C18:0) + 1.0 Phosphate	1.0 CHEBI:13352 + 1.0 Unknown = 2.0 CHEBI:5584 + 1.0 CHEBI:25631 + 1.0 CHEBI:26078	{'ocdcap', 'h2o', 'pi', 'ocdca', 'h'}	yccX	P0AB65
NADHXE	NADHX epimerase	Metabolite Repair	1.0 nadhx__S_c = 1.0 nadhx__R_c	1.0 Adenosine 5'-(3-{5-[(2S)-5-carbamoyl-2-hydroxy-3,4-dihydropyridin-1-yl]-5-deoxy-?-D-ribofuranosyl} dihydrogen diphosphate) = 1.0 (R)-NADHX	1.0 Unknown = 1.0 Unknown	{'nadhx__S', 'nadhx__R'}	nnr	P31806
PHDA	Phenylhydantoinase	Alternate Carbon Metabolism	1.0 5phdt_c + 1.0 h2o_c = 1.0 5phua_c	1.0 Phenylhydantoin + 1.0 H2O H2O = 1.0 Phenylureidoacetic acid	1.0 Unknown + 1.0 CHEBI:13352 = 1.0 Unknown	{'5phdt', '5phua', 'h2o'}	hyuA	Q46806
TEO2M	Tellurite methyltransferase	Unassigned	1.0 amet_c + 1.0 teo2_c = 1.0 ahcys_c + 1.0 mteo2_c	1.0 S-Adenosyl-L-methionine + 1.0 Tellurite = 1.0 S-Adenosyl-L-homocysteine + 1.0 Methanetelluronate	1.0 CHEBI:33442 + 1.0 Unknown = 1.0 CHEBI:12741 + 1.0 Unknown	{'mteo2', 'amet', 'teo2', 'ahcys'}	tehB	P25397
PACOAT	Phenylacetyl-CoA thioesterase	Alternate Carbon Metabolism	1.0 h2o_c + 1.0 phaccoa_c = 1.0 coa_c + 1.0 h_c + 1.0 pac_c	1.0 H2O H2O + 1.0 Phenylacetyl-CoA = 1.0 Coenzyme A + 1.0 H+ + 1.0 Phenylacetic acid	1.0 CHEBI:13352 + 1.0 CHEBI:25980 = 1.0 CHEBI:41631 + 1.0 CHEBI:5584 + 1.0 CHEBI:25977	{'pac', 'coa', 'h2o', 'phaccoa', 'h'}	paaI	P76084
PYK2	Pyruvate kinase(2)	Nucleotide Salvage Pathway	1.0 h_c + 1.0 pep_c + 1.0 udp_c = 1.0 pyr_c + 1.0 utp_c	1.0 H+ + 1.0 Phosphoenolpyruvate + 1.0 UDP C9H11N2O12P2 = 1.0 Pyruvate + 1.0 UTP C9H11N2O15P3	1.0 CHEBI:5584 + 1.0 CHEBI:18021 + 1.0 CHEBI:13445 = 1.0 CHEBI:26462 + 1.0 CHEBI:9850	{'utp', 'pep', 'pyr', 'udp', 'h'}	pykA	P21599
PYK3	Pyruvate kinase(3)	Nucleotide Salvage Pathway	1.0 gdp_c + 1.0 h_c + 1.0 pep_c = 1.0 gtp_c + 1.0 pyr_c	1.0 GDP C10H12N5O11P2 + 1.0 H+ + 1.0 Phosphoenolpyruvate = 1.0 GTP C10H12N5O14P3 + 1.0 Pyruvate	1.0 CHEBI:5212 + 1.0 CHEBI:5584 + 1.0 CHEBI:18021 = 1.0 CHEBI:37565 + 1.0 CHEBI:26462	{'gdp', 'pep', 'gtp', 'pyr', 'h'}	pykA	P21599
APH181	Acylphosphatase (C18:1)	Glycerophospholipid Metabolism	1.0 h2o_c + 1.0 ocdceap_c = 2.0 h_c + 1.0 ocdcea_c + 1.0 pi_c	1.0 H2O H2O + 1.0 Octadecanoyl-phosphate (n-C18:1) = 2.0 H+ + 1.0 Octadecenoate (n-C18:1) + 1.0 Phosphate	1.0 CHEBI:13352 + 1.0 Unknown = 2.0 CHEBI:5584 + 1.0 CHEBI:30823 + 1.0 CHEBI:26078	{'ocdcea', 'h2o', 'pi', 'ocdceap', 'h'}	yccX	P0AB65
DHPTDNR	Dihydropteridine reductase	Alternate Carbon Metabolism	1.0 dhptdn_c + 3.0 h_c + 1.0 nadph_c = 1.0 nadp_c + 1.0 thptdn_c	1.0 6,7-Dihydropteridine + 3.0 H+ + 1.0 Nicotinamide adenine dinucleotide phosphate - reduced = 1.0 Nicotinamide adenine dinucleotide phosphate + 1.0 5,6,7,8-tetrahydropteridine	1.0 CHEBI:4580 + 3.0 CHEBI:5584 + 1.0 CHEBI:16474 = 1.0 CHEBI:29868 + 1.0 CHEBI:9487	{'dhptdn', 'nadp', 'nadph', 'thptdn', 'h'}	nfsB	P38489
DHPTDNRN	Dihydropteridine reductase (NADH)	Alternate Carbon Metabolism	1.0 dhptdn_c + 3.0 h_c + 1.0 nadh_c = 1.0 nad_c + 1.0 thptdn_c	1.0 6,7-Dihydropteridine + 3.0 H+ + 1.0 Nicotinamide adenine dinucleotide - reduced = 1.0 Nicotinamide adenine dinucleotide + 1.0 5,6,7,8-tetrahydropteridine	1.0 CHEBI:4580 + 3.0 CHEBI:5584 + 1.0 CHEBI:13395 = 1.0 CHEBI:7422 + 1.0 CHEBI:9487	{'dhptdn', 'thptdn', 'nad', 'nadh', 'h'}	nfsB	P38489
GTHPi	Glutathione peridoxase	Unassigned	2.0 gthrd_c + 1.0 h2o2_c = 1.0 gthox_c + 2.0 h2o_c	2.0 Reduced glutathione + 1.0 Hydrogen peroxide = 1.0 Oxidized glutathione + 2.0 H2O H2O	2.0 CHEBI:43049 + 1.0 CHEBI:29192 = 1.0 CHEBI:42832 + 2.0 CHEBI:13352	{'gthrd', 'h2o2', 'gthox', 'h2o'}	btuE	P06610
SEPHCHCS	2-succinyl-5-enolpyruvyl-6-hydroxy-3-cyclohexene-1-carboxylate synthase	Cofactor and Prosthetic Group Biosynthesis	1.0 akg_c + 1.0 h_c + 1.0 ichor_c = 1.0 2sephchc_c + 1.0 co2_c	1.0 2-Oxoglutarate + 1.0 H+ + 1.0 Isochorismate = 1.0 2-succinyl-5-enolpyruvyl-6-hydroxy-3-cyclohexene-1-carboxylate + 1.0 CO2 CO2	1.0 CHEBI:40661 + 1.0 CHEBI:5584 + 1.0 CHEBI:24883 = 1.0 CHEBI:50271 + 1.0 CHEBI:23011	{'ichor', 'co2', '2sephchc', 'akg', 'h'}	menD	P17109
DHNCOAS	1,4-dihydroxy-2-napthoyl-CoA synthase	Cofactor and Prosthetic Group Biosynthesis	1.0 h_c + 1.0 sbzcoa_c = 1.0 14dhncoa_c + 1.0 h2o_c	1.0 H+ + 1.0 O-Succinylbenzoyl-CoA = 1.0 1,4-dihydroxy-2-napthoyl-CoA + 1.0 H2O H2O	1.0 CHEBI:5584 + 1.0 CHEBI:15509 = 1.0 Unknown + 1.0 CHEBI:13352	{'h', 'sbzcoa', '14dhncoa', 'h2o'}	menB	P0ABU0
PCNO	Propanoyl-CoA:NADP+ 2-oxidoreductase	Alternate Carbon Metabolism	1.0 nadp_c + 1.0 ppcoa_c = 1.0 h_c + 1.0 nadph_c + 1.0 prpncoa_c	1.0 Nicotinamide adenine dinucleotide phosphate + 1.0 Propanoyl-CoA = 1.0 H+ + 1.0 Nicotinamide adenine dinucleotide phosphate - reduced + 1.0 Propenoyl-CoA	1.0 CHEBI:29868 + 1.0 CHEBI:14907 = 1.0 CHEBI:5584 + 1.0 CHEBI:16474 + 1.0 CHEBI:26301	{'nadp', 'nadph', 'ppcoa', 'prpncoa', 'h'}	acuI	P26646
PYK6	RE2954	Nucleotide Salvage Pathway	1.0 dtdp_c + 1.0 h_c + 1.0 pep_c = 1.0 dttp_c + 1.0 pyr_c	1.0 DTDP C10H13N2O11P2 + 1.0 H+ + 1.0 Phosphoenolpyruvate = 1.0 DTTP C10H13N2O14P3 + 1.0 Pyruvate	1.0 CHEBI:58369 + 1.0 CHEBI:5584 + 1.0 CHEBI:18021 = 1.0 CHEBI:27000 + 1.0 CHEBI:26462	{'dttp', 'pep', 'pyr', 'dtdp', 'h'}	pykA	P21599
DHNCOAT	1,4-dihydroxy-2-napthoyl-CoA thioesterase	Cofactor and Prosthetic Group Biosynthesis	1.0 14dhncoa_c + 1.0 h2o_c = 1.0 coa_c + 1.0 dhna_c + 1.0 h_c	1.0 1,4-dihydroxy-2-napthoyl-CoA + 1.0 H2O H2O = 1.0 Coenzyme A + 1.0 1,4-Dihydroxy-2-naphthoate + 1.0 H+	1.0 Unknown + 1.0 CHEBI:13352 = 1.0 CHEBI:41631 + 1.0 CHEBI:11173 + 1.0 CHEBI:5584	{'dhna', 'coa', 'h2o', '14dhncoa', 'h'}	menI	P77781
HPACOAT	Hydroxyphenylacetyl-CoA thioesterase	Alternate Carbon Metabolism	1.0 34dphacoa_c + 1.0 h2o_c = 1.0 34dhpha_c + 1.0 coa_c + 1.0 h_c	1.0 3,4-dihydroxyphenylacetyl-CoA + 1.0 H2O H2O = 1.0 3-4-Dihydroxyphenylacetate + 1.0 Coenzyme A + 1.0 H+	1.0 Unknown + 1.0 CHEBI:13352 = 1.0 CHEBI:19889 + 1.0 CHEBI:41631 + 1.0 CHEBI:5584	{'coa', '34dphacoa', 'h2o', '34dhpha', 'h'}	paaI	P76084
DC6PDA	Chito-oligosaccharide mono-deacetylase	Alternate Carbon Metabolism	1.0 chtbs6p_c + 1.0 h2o_c = 1.0 ac_c + 1.0 mchtbs6p_c	1.0 Diacetylchitobiose-6-phosphate + 1.0 H2O H2O = 1.0 Acetate + 1.0 N-monoacetylchitobiose 6'-phosphate	1.0 CHEBI:64897 + 1.0 CHEBI:13352 = 1.0 CHEBI:13704 + 1.0 Unknown	{'chtbs6p', 'h2o', 'mchtbs6p', 'ac'}	chbG	P37794
5DGLCNR	5-dehydro-D-gluconate reductase	Alternate Carbon Metabolism	1.0 5dglcn_c + 1.0 h_c + 1.0 nadph_c = 1.0 glcn_c + 1.0 nadp_c	1.0 5-Dehydro-D-gluconate + 1.0 H+ + 1.0 Nicotinamide adenine dinucleotide phosphate - reduced = 1.0 D-Gluconate + 1.0 Nicotinamide adenine dinucleotide phosphate	1.0 CHEBI:12121 + 1.0 CHEBI:5584 + 1.0 CHEBI:16474 = 1.0 CHEBI:20983 + 1.0 CHEBI:29868	{'nadp', 'nadph', 'glcn', '5dglcn', 'h'}	idnO	P0A9P9
PAI2I	Phospho-AI-2 isomerase	Methionine Metabolism	1.0 dhptdp_c = 1.0 dhptdd_c	1.0 (4S)-4-hydroxy-5-phosphonooxypentane-2,3-dione = 1.0 3-hydroxy-5-phosphonooxypentane-2,4-dione	1.0 Unknown = 1.0 Unknown	{'dhptdd', 'dhptdp'}	lsrG	P64461
CURR	NADPH-dependent curcumin reductase	Alternate Carbon Metabolism	1.0 cur_c + 1.0 h_c + 1.0 nadph_c = 1.0 dhcur_c + 1.0 nadp_c	1.0 Curcumin + 1.0 H+ + 1.0 Nicotinamide adenine dinucleotide phosphate - reduced = 1.0 Dihydrocurcumin + 1.0 Nicotinamide adenine dinucleotide phosphate	1.0 Unknown + 1.0 CHEBI:5584 + 1.0 CHEBI:16474 = 1.0 Unknown + 1.0 CHEBI:29868	{'nadp', 'dhcur', 'nadph', 'cur', 'h'}	curA	P76113
LKDRA	2-keto-3-deoxy-L-rhamnonate aldolase	Alternate Carbon Metabolism	1.0 lkdr_c = 1.0 lald__L_c + 1.0 pyr_c	1.0 2-dehydro-3-deoxy-L-rhamnonate = 1.0 L-Lactaldehyde + 1.0 Pyruvate	1.0 Unknown = 1.0 CHEBI:11064 + 1.0 CHEBI:26462	{'lald__L', 'pyr', 'lkdr'}	rhmA	P76469
METNA	L-amino acid N-acyltransferase	Methionine Metabolism	1.0 accoa_c + 1.0 met__L_c = 1.0 acmet_c + 1.0 coa_c + 1.0 h_c	1.0 Acetyl-CoA + 1.0 L-Methionine = 1.0 N-Acetylmethionine + 1.0 Coenzyme A + 1.0 H+	1.0 CHEBI:57288 + 1.0 CHEBI:32644 = 1.0 Unknown + 1.0 CHEBI:41631 + 1.0 CHEBI:5584	{'coa', 'met__L', 'accoa', 'acmet', 'h'}	mnaT	P76112
FESD1s	Iron-sulfur cluster damage (peroxide, spontaneous)	Cofactor and Prosthetic Group Biosynthesis	2.0 4fe4s_c + 1.0 h2o2_c + 2.0 h_c = 2.0 3fe4s_c + 2.0 fe3_c + 2.0 h2o_c	2.0 [4Fe-4S] iron-sulfur cluster + 1.0 Hydrogen peroxide + 2.0 H+ = 2.0 [3Fe-4S] damaged iron-sulfur cluster + 2.0 Iron (Fe3+) + 2.0 H2O H2O	2.0 CHEBI:33725 + 1.0 CHEBI:29192 + 2.0 CHEBI:5584 = 2.0 Unknown + 2.0 CHEBI:49595 + 2.0 CHEBI:13352	{'fe3', '3fe4s', 'h2o2', 'h2o', '4fe4s', 'h'}		Unknown
5DKGR	5-keto-D-gluconate 5-reductase	Alternate Carbon Metabolism	1.0 glcn_c + 1.0 nad_c = 1.0 5dglcn_c + 1.0 h_c + 1.0 nadh_c	1.0 D-Gluconate + 1.0 Nicotinamide adenine dinucleotide = 1.0 5-Dehydro-D-gluconate + 1.0 H+ + 1.0 Nicotinamide adenine dinucleotide - reduced	1.0 CHEBI:20983 + 1.0 CHEBI:7422 = 1.0 CHEBI:12121 + 1.0 CHEBI:5584 + 1.0 CHEBI:13395	{'glcn', 'nad', '5dglcn', 'nadh', 'h'}	kduD, idnO	P37769, P0A9P9
XYHDL	?-D-xyloside xylohydrolase	Cell Envelope Biosynthesis	1.0 h2o_c + 1.0 iprimv_c = 1.0 glc__D_c + 1.0 xyl__D_c	1.0 H2O H2O + 1.0 Isoprimeverose = 1.0 D-Glucose + 1.0 D-Xylose	1.0 CHEBI:13352 + 1.0 Unknown = 1.0 CHEBI:12965 + 1.0 CHEBI:65327	{'iprimv', 'glc__D', 'xyl__D', 'h2o'}	yicI	P31434
E4PP	Erythrose-4-phosphate phosphatase	Alternate Carbon Metabolism	1.0 e4p_c + 1.0 h2o_c = 1.0 erthrs_c + 1.0 pi_c	1.0 D-Erythrose 4-phosphate + 1.0 H2O H2O = 1.0 D-erythrose + 1.0 Phosphate	1.0 CHEBI:4114 + 1.0 CHEBI:13352 = 1.0 Unknown + 1.0 CHEBI:26078	{'pi', 'h2o', 'erthrs', 'e4p'}	ybiV, yfbT, yqaB, yigL, yniC	P75792, P77625, P77475, P27848, P77247
PUACGAMS	Poly-?-1,6-N-acetyl-D-glucosamine synthase	Cell Envelope Biosynthesis	1.0 puacgam_c + 1.0 udp_c = 1.0 uacgam_c	1.0 Poly-?-1,6-N-acetyl-D-glucosamine + 1.0 UDP C9H11N2O12P2 = 1.0 UDP-N-acetyl-D-glucosamine	1.0 Unknown + 1.0 CHEBI:13445 = 1.0 CHEBI:13473	{'uacgam', 'puacgam', 'udp'}	pgaD, pgaC	P69432, P75905
RU5PP	Ribulose-5-Phosphate Phosphatase	Alternate Carbon Metabolism	1.0 h2o_c + 1.0 ru5p__D_c = 1.0 pi_c + 1.0 rbl__D_c	1.0 H2O H2O + 1.0 D-Ribulose 5-phosphate = 1.0 Phosphate + 1.0 D-Ribulose	1.0 CHEBI:13352 + 1.0 CHEBI:40192 = 1.0 CHEBI:26078 + 1.0 CHEBI:17173	{'ru5p__D', 'rbl__D', 'pi', 'h2o'}	yfbT	P77625
EX_doxrbcn_e	Doxorubicin exchange	Extracellular exchange	1.0 doxrbcn_e = 	1.0 Doxorubicin = 	1.0 CHEBI:28748 = 	{'doxrbcn'}	Unknown	Unknown
6D6SFK	6-deoxy-6-sulfofructose kinase	Alternate Carbon Metabolism	1.0 atp_c + 1.0 sf_c = 1.0 adp_c + 1.0 h_c + 1.0 sfp_c	1.0 ATP C10H12N5O13P3 + 1.0 6-deoxy-6-sulphofructose = 1.0 ADP C10H12N5O10P2 + 1.0 H+ + 1.0 6-deoxy-6-sulphofructose 1-phosphate	1.0 CHEBI:15422 + 1.0 Unknown = 1.0 CHEBI:2342 + 1.0 CHEBI:5584 + 1.0 Unknown	{'atp', 'sf', 'adp', 'sfp', 'h'}	yihV	P32143
3SLAR	3-sulfolactaldehyde reductase	Alternate Carbon Metabolism	1.0 h_c + 1.0 nadh_c + 1.0 sla_c = 1.0 dhps_c + 1.0 nad_c	1.0 H+ + 1.0 Nicotinamide adenine dinucleotide - reduced + 1.0 Sulpholactaldehyde = 1.0 2,3-Dihydroxypropane-1-sulfonate + 1.0 Nicotinamide adenine dinucleotide	1.0 CHEBI:5584 + 1.0 CHEBI:13395 + 1.0 Unknown = 1.0 Unknown + 1.0 CHEBI:7422	{'sla', 'nad', 'dhps', 'nadh', 'h'}	yihU	P0A9V8
EX_dhps_e	2,3-Dihydroxypropane-1-sulfonate exchange	Extracellular exchange	1.0 dhps_e = 	1.0 2,3-Dihydroxypropane-1-sulfonate = 	1.0 Unknown = 	{'dhps'}	Unknown	Unknown
MOX	Malate oxidase	Citric Acid Cycle	1.0 mal__L_c + 1.0 o2_c = 1.0 h2o2_c + 1.0 oaa_c	1.0 L-Malate + 1.0 O2 O2 = 1.0 Hydrogen peroxide + 1.0 Oxaloacetate	1.0 CHEBI:15589 + 1.0 CHEBI:7860 = 1.0 CHEBI:29192 + 1.0 CHEBI:25731	{'mal__L', 'oaa', 'h2o2', 'o2'}	Unknown	Unknown
EX_cs1_e	Cesium ion exchange	Extracellular exchange	1.0 cs1_e = 	1.0 Cesium ion = 	1.0 Unknown = 	{'cs1'}	Unknown	Unknown
EX_fusa_e	Fusidic acid exchange	Extracellular exchange	1.0 fusa_e = 	1.0 Fusidic acid = 	1.0 CHEBI:42742 = 	{'fusa'}	Unknown	Unknown
ARHGDx	(R)-alpha-hydroxyglutarate dehydrogenase	Glycine and Serine Metabolism	1.0 nad_c + 1.0 r2hglut_c = 1.0 akg_c + 1.0 h_c + 1.0 nadh_c	1.0 Nicotinamide adenine dinucleotide + 1.0 (R)-2-Hydroxyglutarate = 1.0 2-Oxoglutarate + 1.0 H+ + 1.0 Nicotinamide adenine dinucleotide - reduced	1.0 CHEBI:7422 + 1.0 Unknown = 1.0 CHEBI:40661 + 1.0 CHEBI:5584 + 1.0 CHEBI:13395	{'r2hglut', 'nad', 'akg', 'nadh', 'h'}	serA	P0A9T0
CPL	Carbon-phosphorous lyase	Alternate Carbon Metabolism	1.0 prpmn_c = 1.0 ch4_c + 1.0 prcp_c	1.0 ?-D-ribose-1-methylphosphonate 5-phosphate = 1.0 Methane + 1.0 5-phospho-?-D-ribose 1,2-cyclic phosphate	1.0 Unknown = 1.0 CHEBI:25220 + 1.0 Unknown	{'ch4', 'prcp', 'prpmn'}	phnJ	P16688
EX_mepn_e	Methylphosphonic acid exchange	Extracellular exchange	1.0 mepn_e = 	1.0 Methylphosphonic acid = 	1.0 Unknown = 	{'mepn'}	Unknown	Unknown
CYSTA	Cysteine transaminase	Cysteine Metabolism	1.0 akg_c + 1.0 cys__L_c = 1.0 glu__L_c + 1.0 mercppyr_c	1.0 2-Oxoglutarate + 1.0 L-Cysteine = 1.0 L-Glutamate + 1.0 Mercaptopyruvate	1.0 CHEBI:40661 + 1.0 CHEBI:32457 = 1.0 CHEBI:76051 + 1.0 CHEBI:6767	{'mercppyr', 'akg', 'glu__L', 'cys__L'}	aspC	P00509
EX_cm_e	Chloramphenicol exchange	Extracellular exchange	1.0 cm_e = 	1.0 Chloramphenicol = 	1.0 CHEBI:94390 = 	{'cm'}	Unknown	Unknown
4HTHRA	4-hydroxy-L-threonine aldolase	Glycine and Serine Metabolism	1.0 4hthr_c = 1.0 gcald_c + 1.0 gly_c	1.0 4-Hydroxy-L-threonine = 1.0 Glycolaldehyde + 1.0 Glycine	1.0 CHEBI:60904 = 1.0 CHEBI:17071 + 1.0 CHEBI:32508	{'gly', 'gcald', '4hthr'}	ltaE	P75823
EX_novbcn_e	Novobiocin exchange	Extracellular exchange	1.0 novbcn_e = 	1.0 Novobiocin = 	1.0 CHEBI:25597 = 	{'novbcn'}	Unknown	Unknown
I2FE2SR	ISC [2Fe-2S] regeneration	Cofactor and Prosthetic Group Biosynthesis	1.0 2fe1s_c + 1.0 iscssh_c + 1.0 iscu_c = 4.0 h_c + 1.0 iscs_c + 1.0 iscu_2fe2s_c	1.0 [2Fe-1S] desulfurated iron-sulfur cluster + 1.0 IscS with bound sulfur + 1.0 IscU scaffold protein = 4.0 H+ + 1.0 IscS sulfur acceptor protein + 1.0 IscU with bound [2Fe-2S] cluster	1.0 Unknown + 1.0 Unknown + 1.0 Unknown = 4.0 CHEBI:5584 + 1.0 Unknown + 1.0 Unknown	{'iscu', 'iscs', '2fe1s', 'iscu_2fe2s', 'iscssh', 'h'}	iscU, iscS	P0ACD4, P0A6B7
GAPP	Glyceraldehyde-3-phosphate phosphatase	Alternate Carbon Metabolism	1.0 g3p_c + 1.0 h2o_c = 1.0 glyald_c + 1.0 pi_c	1.0 Glyceraldehyde 3-phosphate + 1.0 H2O H2O = 1.0 D-Glyceraldehyde + 1.0 Phosphate	1.0 CHEBI:5446 + 1.0 CHEBI:13352 = 1.0 CHEBI:17378 + 1.0 CHEBI:26078	{'pi', 'h2o', 'glyald', 'g3p'}	yniC	P77247
TYRL	Tyrosine lyase	Cofactor and Prosthetic Group Biosynthesis	1.0 amet_c + 1.0 nadph_c + 1.0 tyr__L_c = 1.0 4crsol_c + 1.0 dad_5_c + 1.0 dhgly_c + 1.0 h_c + 1.0 met__L_c + 1.0 nadp_c	1.0 S-Adenosyl-L-methionine + 1.0 Nicotinamide adenine dinucleotide phosphate - reduced + 1.0 L-Tyrosine = 1.0 P-Cresol + 1.0 5'-Deoxyadenosine + 1.0 Dehydroglycine + 1.0 H+ + 1.0 L-Methionine + 1.0 Nicotinamide adenine dinucleotide phosphate	1.0 CHEBI:33442 + 1.0 CHEBI:16474 + 1.0 CHEBI:6313 = 1.0 CHEBI:1816 + 1.0 CHEBI:17319 + 1.0 CHEBI:77846 + 1.0 CHEBI:5584 + 1.0 CHEBI:32644 + 1.0 CHEBI:29868	{'met__L', 'dad_5', 'nadp', 'nadph', 'tyr__L', 'dhgly', 'amet', '4crsol', 'h'}	thiG	P30139
INOSTO	Myo-Inositol:oxygen oxidoreductase	Alternate Carbon Metabolism	1.0 inost_c + 1.0 o2_c = 1.0 glcur_c + 1.0 h2o_c + 1.0 h_c	1.0 Myo-Inositol + 1.0 O2 O2 = 1.0 D-Glucuronate + 1.0 H2O H2O + 1.0 H+	1.0 CHEBI:4200 + 1.0 CHEBI:7860 = 1.0 CHEBI:12975 + 1.0 CHEBI:13352 + 1.0 CHEBI:5584	{'o2', 'h2o', 'inost', 'glcur', 'h'}	yhiJ	P37627
THZPSN3	Thiazole phosphate synthesis	Cofactor and Prosthetic Group Biosynthesis	1.0 atp_c + 1.0 dhgly_c + 1.0 dxyl5p_c + 1.0 h_c + 1.0 iscssh_c + 1.0 nadph_c = 1.0 4mpetz_c + 1.0 amp_c + 1.0 co2_c + 2.0 h2o_c + 1.0 iscs_c + 1.0 nadp_c + 1.0 ppi_c	1.0 ATP C10H12N5O13P3 + 1.0 Dehydroglycine + 1.0 1-deoxy-D-xylulose 5-phosphate + 1.0 H+ + 1.0 IscS with bound sulfur + 1.0 Nicotinamide adenine dinucleotide phosphate - reduced = 1.0 4-Methyl-5-(2-phosphoethyl)-thiazole + 1.0 AMP C10H12N5O7P + 1.0 CO2 CO2 + 2.0 H2O H2O + 1.0 IscS sulfur acceptor protein + 1.0 Nicotinamide adenine dinucleotide phosphate + 1.0 Diphosphate	1.0 CHEBI:15422 + 1.0 CHEBI:77846 + 1.0 CHEBI:57792 + 1.0 CHEBI:5584 + 1.0 Unknown + 1.0 CHEBI:16474 = 1.0 CHEBI:12024 + 1.0 CHEBI:13736 + 1.0 CHEBI:23011 + 2.0 CHEBI:13352 + 1.0 Unknown + 1.0 CHEBI:29868 + 1.0 CHEBI:45212	{'atp', '4mpetz', 'dxyl5p', 'nadp', 'iscs', 'nadph', 'ppi', 'dhgly', 'co2', 'h2o', 'iscssh', 'amp', 'h'}	thiI, thiH, iscS, thiF, thiS	P77718, P30140, P0A6B7, P30138, O32583
HPYRP	3-phosphohydroxypyruvate phosphatase	Alternate Carbon Metabolism	1.0 3php_c + 1.0 h2o_c = 1.0 hpyr_c + 1.0 pi_c	1.0 3-Phosphohydroxypyruvate + 1.0 H2O H2O = 1.0 Hydroxypyruvate + 1.0 Phosphate	1.0 CHEBI:11883 + 1.0 CHEBI:13352 = 1.0 CHEBI:20083 + 1.0 CHEBI:26078	{'pi', '3php', 'hpyr', 'h2o'}	nudL	P43337
PSURIK	Pseudouridine kinase	Purine and Pyrimidine Biosynthesis	1.0 atp_c + 1.0 psuri_c = 1.0 adp_c + 1.0 h_c + 1.0 psd5p_c	1.0 ATP C10H12N5O13P3 + 1.0 Pseudouridine = 1.0 ADP C10H12N5O10P2 + 1.0 H+ + 1.0 Pseudouridine 5  phosphate C9H11N2O9P	1.0 CHEBI:15422 + 1.0 Unknown = 1.0 CHEBI:2342 + 1.0 CHEBI:5584 + 1.0 Unknown	{'atp', 'psd5p', 'adp', 'psuri', 'h'}	psuK	P30235
PAI2T	3-hydroxy-2,4-pentadione 5-phosphate thiolase	Methionine Metabolism	1.0 coa_c + 1.0 dhptdd_c = 1.0 accoa_c + 1.0 dhap_c	1.0 Coenzyme A + 1.0 3-hydroxy-5-phosphonooxypentane-2,4-dione = 1.0 Acetyl-CoA + 1.0 Dihydroxyacetone phosphate	1.0 CHEBI:41631 + 1.0 Unknown = 1.0 CHEBI:57288 + 1.0 CHEBI:14341	{'coa', 'dhptdd', 'accoa', 'dhap'}	lsrF	P76143
APG3PAT120	Acyl-phosphate:glycerol-3-phosphate acyltransferase (C12:0)	Glycerophospholipid Metabolism	1.0 ddcap_c + 1.0 glyc3p_c = 1.0 1ddecg3p_c + 1.0 h_c + 1.0 pi_c	1.0 Dodecanoly-phosphate (n-C12:0) + 1.0 Glycerol 3-phosphate = 1.0 1-dodecanoyl-sn-glycerol 3-phosphate + 1.0 H+ + 1.0 Phosphate	1.0 Unknown + 1.0 CHEBI:12843 = 1.0 CHEBI:72682 + 1.0 CHEBI:5584 + 1.0 CHEBI:26078	{'ddcap', '1ddecg3p', 'pi', 'glyc3p', 'h'}	plsY	P60782
QUINDHyi	Quinate dehydrogenase (NADP)	Tyrosine, Tryptophan, and Phenylalanine Metabolism	1.0 nadp_c + 1.0 quin_c = 1.0 3dhq_c + 2.0 h_c + 1.0 nadph_c	1.0 Nicotinamide adenine dinucleotide phosphate + 1.0 Quinate = 1.0 3-Dehydroquinate + 2.0 H+ + 1.0 Nicotinamide adenine dinucleotide phosphate - reduced	1.0 CHEBI:29868 + 1.0 CHEBI:26492 = 1.0 CHEBI:19997 + 2.0 CHEBI:5584 + 1.0 CHEBI:16474	{'quin', 'nadp', 'nadph', '3dhq', 'h'}	ydiB	P0A6D5
DHCURR	NADPH-dependent dihydrocurcumin reductase	Alternate Carbon Metabolism	1.0 dhcur_c + 1.0 h_c + 1.0 nadph_c = 1.0 nadp_c + 1.0 thcur_c	1.0 Dihydrocurcumin + 1.0 H+ + 1.0 Nicotinamide adenine dinucleotide phosphate - reduced = 1.0 Nicotinamide adenine dinucleotide phosphate + 1.0 Tetrahydrocurcumin	1.0 Unknown + 1.0 CHEBI:5584 + 1.0 CHEBI:16474 = 1.0 CHEBI:29868 + 1.0 Unknown	{'nadp', 'dhcur', 'nadph', 'thcur', 'h'}	curA	P76113
RHMND	L-rhamnonate dehydratase	Alternate Carbon Metabolism	1.0 rhmn_c = 1.0 h2o_c + 1.0 lkdr_c	1.0 L-rhamnonate = 1.0 H2O H2O + 1.0 2-dehydro-3-deoxy-L-rhamnonate	1.0 Unknown = 1.0 CHEBI:13352 + 1.0 Unknown	{'lkdr', 'rhmn', 'h2o'}	rhmD	P77215
3HBZCT	3-hydroxybenzoyl-CoA thioesterase	Lipopolysaccharide Biosynthesis / Recycling	1.0 3hbzcoa_c + 1.0 h2o_c = 1.0 3hbz_c + 1.0 coa_c	1.0 3-hydroxybenzoyl-CoA + 1.0 H2O H2O = 1.0 3-Hydroxybenzoate + 1.0 Coenzyme A	1.0 Unknown + 1.0 CHEBI:13352 = 1.0 Unknown + 1.0 CHEBI:41631	{'coa', '3hbz', '3hbzcoa', 'h2o'}	entH	P0A8Y8
CXSAMS	Carboxy-S-adenosyl-L-methionine synthase	Cofactor and Prosthetic Group Biosynthesis	1.0 amet_c + 1.0 pphn_c = 1.0 cxsam_c + 1.0 h2o_c + 1.0 phpyr_c	1.0 S-Adenosyl-L-methionine + 1.0 Prephenate = 1.0 Carboxy-S-adenosyl-L-methionine + 1.0 H2O H2O + 1.0 Phenylpyruvate	1.0 CHEBI:33442 + 1.0 CHEBI:8399 = 1.0 Unknown + 1.0 CHEBI:13352 + 1.0 CHEBI:14784	{'h2o', 'amet', 'pphn', 'phpyr', 'cxsam'}	cmoA	P76290
EX_2dglc_e	2-Deoxy-D-glucose exchange	Extracellular exchange	1.0 2dglc_e = 	1.0 2 Deoxy D glucose C6H12O5 = 	1.0 CHEBI:90760 = 	{'2dglc'}	Unknown	Unknown
DHGLYH	Dehydroglycine Hydratase	Glyoxylate Metabolism	1.0 dhgly_c + 1.0 h2o_c + 1.0 h_c = 1.0 glx_c + 1.0 nh4_c	1.0 Dehydroglycine + 1.0 H2O H2O + 1.0 H+ = 1.0 Glyoxylate + 1.0 Ammonium	1.0 CHEBI:77846 + 1.0 CHEBI:13352 + 1.0 CHEBI:5584 = 1.0 CHEBI:24420 + 1.0 CHEBI:44284	{'glx', 'nh4', 'dhgly', 'h2o', 'h'}		Unknown
PNSPA	Purine Nucleoside Phorphoramidase	Purine and Pyrimidine Biosynthesis	1.0 gmplys_c + 1.0 h2o_c = 1.0 gmp_c + 1.0 nalme_c	1.0 GMP-N-?-(N-?-acetyl lysine methyl ester) 5'-phosphoramidate + 1.0 H2O H2O = 1.0 GMP C10H12N5O8P + 1.0 N-?-acetyl lysine methyl ester	1.0 Unknown + 1.0 CHEBI:13352 = 1.0 CHEBI:24449 + 1.0 Unknown	{'nalme', 'gmp', 'gmplys', 'h2o'}	hinT	P0ACE7
4HTHRK	4-Hydroxy-L-threonine kinase	Glycine and Serine Metabolism	1.0 4hthr_c + 1.0 atp_c = 1.0 adp_c + 1.0 h_c + 1.0 phthr_c	1.0 4-Hydroxy-L-threonine + 1.0 ATP C10H12N5O13P3 = 1.0 ADP C10H12N5O10P2 + 1.0 H+ + 1.0 O-Phospho-4-hydroxy-L-threonine	1.0 CHEBI:60904 + 1.0 CHEBI:15422 = 1.0 CHEBI:2342 + 1.0 CHEBI:5584 + 1.0 CHEBI:58452	{'atp', '4hthr', 'adp', 'phthr', 'h'}	thrB	P00547
ACOAD1f	Acyl-CoA dehydrogenase (butanoyl-CoA)	Membrane Lipid Metabolism	1.0 btcoa_c + 1.0 fad_c = 1.0 b2coa_c + 1.0 fadh2_c	1.0 Butanoyl-CoA + 1.0 Flavin adenine dinucleotide oxidized = 1.0 Crotonoyl-CoA + 1.0 Flavin adenine dinucleotide reduced	1.0 CHEBI:57371 + 1.0 CHEBI:16238 = 1.0 CHEBI:3928 + 1.0 CHEBI:13316	{'b2coa', 'btcoa', 'fadh2', 'fad'}	fadE	Q47146
EX_sq_e	Sulphoquinovose exchange	Extracellular exchange	1.0 sq_e = 	1.0 Sulphoquinovose = 	1.0 Unknown = 	{'sq'}	Unknown	Unknown
APH120	Acylphosphatase (C12:0)	Glycerophospholipid Metabolism	1.0 ddcap_c + 1.0 h2o_c = 1.0 ddca_c + 2.0 h_c + 1.0 pi_c	1.0 Dodecanoly-phosphate (n-C12:0) + 1.0 H2O H2O = 1.0 Dodecanoate (n-C12:0) + 2.0 H+ + 1.0 Phosphate	1.0 Unknown + 1.0 CHEBI:13352 = 1.0 Unknown + 2.0 CHEBI:5584 + 1.0 CHEBI:26078	{'ddcap', 'h2o', 'pi', 'ddca', 'h'}	yccX	P0AB65
SQGH	Sulfoquinovosidase	Alternate Carbon Metabolism	1.0 h2o_c + 1.0 sqg_c = 1.0 glyc_c + 1.0 sq_c	1.0 H2O H2O + 1.0 1-(?-D-sulfoquinovosyl)glycerol = 1.0 Glycerol + 1.0 Sulphoquinovose	1.0 CHEBI:13352 + 1.0 Unknown = 1.0 CHEBI:5448 + 1.0 Unknown	{'glyc', 'sq', 'sqg', 'h2o'}	yihQ	P32138
QUINDH	Quinate dehydrogenase	Tyrosine, Tryptophan, and Phenylalanine Metabolism	1.0 nad_c + 1.0 quin_c = 1.0 3dhq_c + 2.0 h_c + 1.0 nadh_c	1.0 Nicotinamide adenine dinucleotide + 1.0 Quinate = 1.0 3-Dehydroquinate + 2.0 H+ + 1.0 Nicotinamide adenine dinucleotide - reduced	1.0 CHEBI:7422 + 1.0 CHEBI:26492 = 1.0 CHEBI:19997 + 2.0 CHEBI:5584 + 1.0 CHEBI:13395	{'quin', '3dhq', 'nad', 'nadh', 'h'}	ydiB	P0A6D5
PETNT181pp	Phosphoethanolamine transferase (c-C16:1)	Lipopolysaccharide Biosynthesis / Recycling	1.0 lipa_p + 1.0 pe181_p = 1.0 12dgr181_p + 1.0 enlipa_p	1.0 KDO(2)-lipid (A) + 1.0 Phosphatidylethanolamine (dioctadec-11-enoyl, n-C18:1) = 1.0 1,2-Diacyl-sn-glycerol (dioctadec-11-enoyl, n-C18:1) + 1.0 Phosphoethanolamine KDO(2)-lipid (A)	1.0 CHEBI:27963 + 1.0 Unknown = 1.0 Unknown + 1.0 CHEBI:47762	{'12dgr181', 'lipa', 'pe181', 'enlipa'}	eptB	P37661
ARMEPNS	?-D-ribose 1-methylphosphonate 5-triphosphate synthase	Alternate Carbon Metabolism	1.0 atp_c + 1.0 mepn_c = 1.0 ade_c + 1.0 rpntp_c	1.0 ATP C10H12N5O13P3 + 1.0 Methylphosphonic acid = 1.0 Adenine + 1.0 ?-D-ribose-1-methylphosphonate-5-triphosphate	1.0 CHEBI:15422 + 1.0 Unknown = 1.0 CHEBI:16708 + 1.0 Unknown	{'mepn', 'ade', 'rpntp', 'atp'}	phnL, phnH, phnI, phnG	P16679, P16686, P16687, P16685
LCARSyi	Lacaldehyde reductase (S-propane-1,2-diol forming)	Alternate Carbon Metabolism	1.0 h_c + 1.0 lald__L_c + 1.0 nadph_c = 1.0 12ppd__S_c + 1.0 nadp_c	1.0 H+ + 1.0 L-Lactaldehyde + 1.0 Nicotinamide adenine dinucleotide phosphate - reduced = 1.0 (S)-Propane-1,2-diol + 1.0 Nicotinamide adenine dinucleotide phosphate	1.0 CHEBI:5584 + 1.0 CHEBI:11064 + 1.0 CHEBI:16474 = 1.0 CHEBI:29002 + 1.0 CHEBI:29868	{'12ppd__S', 'lald__L', 'nadp', 'nadph', 'h'}	yahK	P75691
MOCDS	Molybdopterin cytidine dinucleotide synthase	Cofactor and Prosthetic Group Biosynthesis	1.0 ctp_c + 1.0 h_c + 1.0 moco_c = 1.0 mococdp_c + 1.0 ppi_c	1.0 CTP C9H12N3O14P3 + 1.0 H+ + 1.0 Molybdenum cofactor = 1.0 Molybdopterin cytosine dinucleotide + 1.0 Diphosphate	1.0 CHEBI:3285 + 1.0 CHEBI:5584 + 1.0 CHEBI:79026 = 1.0 CHEBI:43955 + 1.0 CHEBI:45212	{'moco', 'ppi', 'mococdp', 'ctp', 'h'}	mocA	Q46810
BIOMASS_Ec_iML1515_core_75p37M	E. coli biomass objective function (iML1515) - core - with 75.37 GAM estimate	Biomass and maintenance functions	0.000223 10fthf_c + 2.6e-05 2fe2s_c + 0.000223 2ohph_c + 0.00026 4fe4s_c + 0.513689 ala__L_c + 0.000223 amet_c + 0.295792 arg__L_c + 0.241055 asn__L_c + 0.241055 asp__L_c + 75.55223 atp_c + 2e-06 btn_c + 0.005205 ca2_c + 0.005205 cl_c + 0.000576 coa_c + 2.5e-05 cobalt2_c + 0.133508 ctp_c + 0.000709 cu2_c + 0.09158 cys__L_c + 0.026166 datp_c + 0.027017 dctp_c + 0.027017 dgtp_c + 0.026166 dttp_c + 0.000223 fad_c + 0.006715 fe2_c + 0.007808 fe3_c + 0.26316 gln__L_c + 0.26316 glu__L_c + 0.612638 gly_c + 0.215096 gtp_c + 70.028756 h2o_c + 0.094738 his__L_c + 0.290529 ile__L_c + 0.195193 k_c + 0.019456 kdo2lipid4_e + 0.450531 leu__L_c + 0.343161 lys__L_c + 0.153686 met__L_c + 0.008675 mg2_c + 0.000223 mlthf_c + 0.000691 mn2_c + 7e-06 mobd_c + 0.013894 murein5px4p_p + 0.001831 nad_c + 0.000447 nadp_c + 0.013013 nh4_c + 0.000323 ni2_c + 0.063814 pe160_p + 0.075214 pe161_p + 0.185265 phe__L_c + 0.000223 pheme_c + 0.221055 pro__L_c + 0.000223 pydx5p_c + 0.000223 ribflv_c + 0.215792 ser__L_c + 0.000223 sheme_c + 0.004338 so4_c + 9.8e-05 succoa_c + 0.000223 thf_c + 0.000223 thmpp_c + 0.253687 thr__L_c + 0.056843 trp__L_c + 0.137896 tyr__L_c + 5.5e-05 udcpdp_c + 0.144104 utp_c + 0.423162 val__L_c + 0.000341 zn2_c = 75.37723 adp_c + 75.37723 h_c + 75.37323 pi_c + 0.773903 ppi_c	0.000223 10-Formyltetrahydrofolate + 2.6e-05 [2Fe-2S] iron-sulfur cluster + 0.000223 2-Octaprenyl-6-hydroxyphenol + 0.00026 [4Fe-4S] iron-sulfur cluster + 0.513689 L-Alanine + 0.000223 S-Adenosyl-L-methionine + 0.295792 L-Arginine + 0.241055 L-Asparagine + 0.241055 L-Aspartate + 75.55223 ATP C10H12N5O13P3 + 2e-06 Biotin + 0.005205 Calcium + 0.005205 Chloride + 0.000576 Coenzyme A + 2.5e-05 Co2+ + 0.133508 CTP C9H12N3O14P3 + 0.000709 Copper + 0.09158 L-Cysteine + 0.026166 DATP C10H12N5O12P3 + 0.027017 DCTP C9H12N3O13P3 + 0.027017 DGTP C10H12N5O13P3 + 0.026166 DTTP C10H13N2O14P3 + 0.000223 Flavin adenine dinucleotide oxidized + 0.006715 Fe2+ mitochondria + 0.007808 Iron (Fe3+) + 0.26316 L-Glutamine + 0.26316 L-Glutamate + 0.612638 Glycine + 0.215096 GTP C10H12N5O14P3 + 70.028756 H2O H2O + 0.094738 L-Histidine + 0.290529 L-Isoleucine + 0.195193 Potassium + 0.019456 KDO(2)-lipid IV(A) + 0.450531 L-Leucine + 0.343161 L-Lysine + 0.153686 L-Methionine + 0.008675 Magnesium + 0.000223 5,10-Methylenetetrahydrofolate + 0.000691 Manganese + 7e-06 Molybdate + 0.013894 Two disacharide linked murein units, pentapeptide crosslinked tetrapeptide (A2pm->D-ala) (middle of chain) + 0.001831 Nicotinamide adenine dinucleotide + 0.000447 Nicotinamide adenine dinucleotide phosphate + 0.013013 Ammonium + 0.000323 Nickel + 0.063814 Phosphatidylethanolamine (dihexadecanoyl, n-C16:0) + 0.075214 Phosphatidylethanolamine (dihexadec-9enoyl, n-C16:1) + 0.185265 L-Phenylalanine + 0.000223 Protoheme C34H30FeN4O4 + 0.221055 L-Proline + 0.000223 Pyridoxal 5'-phosphate + 0.000223 Riboflavin C17H20N4O6 + 0.215792 L-Serine + 0.000223 Siroheme C42H36FeN4O16 + 0.004338 Sulfate + 9.8e-05 Succinyl-CoA + 0.000223 5,6,7,8-Tetrahydrofolate + 0.000223 Thiamine diphosphate + 0.253687 L-Threonine + 0.056843 L-Tryptophan + 0.137896 L-Tyrosine + 5.5e-05 Undecaprenyl diphosphate + 0.144104 UTP C9H11N2O15P3 + 0.423162 L-Valine + 0.000341 Zinc = 75.37723 ADP C10H12N5O10P2 + 75.37723 H+ + 75.37323 Phosphate + 0.773903 Diphosphate	0.000223 CHEBI:19108 + 2.6e-05 CHEBI:21134 + 0.000223 CHEBI:62730 + 0.00026 CHEBI:33725 + 0.513689 CHEBI:21216 + 0.000223 CHEBI:33442 + 0.295792 CHEBI:32683 + 0.241055 CHEBI:6191 + 0.241055 CHEBI:17053 + 75.55223 CHEBI:15422 + 2e-06 CHEBI:13905 + 0.005205 CHEBI:29108 + 0.005205 CHEBI:24635 + 0.000576 CHEBI:41631 + 2.5e-05 CHEBI:48828 + 0.133508 CHEBI:3285 + 0.000709 CHEBI:29036 + 0.09158 CHEBI:32457 + 0.026166 CHEBI:495505 + 0.027017 CHEBI:19243 + 0.027017 CHEBI:16497 + 0.026166 CHEBI:27000 + 0.000223 CHEBI:16238 + 0.006715 CHEBI:29033 + 0.007808 CHEBI:49595 + 0.26316 CHEBI:42943 + 0.26316 CHEBI:76051 + 0.612638 CHEBI:32508 + 0.215096 CHEBI:37565 + 70.028756 CHEBI:13352 + 0.094738 CHEBI:43239 + 0.290529 CHEBI:43290 + 0.195193 CHEBI:26219 + 0.019456 CHEBI:28526 + 0.450531 CHEBI:32620 + 0.343161 CHEBI:6264 + 0.153686 CHEBI:32644 + 0.008675 CHEBI:6635 + 0.000223 CHEBI:10925 + 0.000691 CHEBI:21435 + 7e-06 CHEBI:36263 + 0.013894 Unknown + 0.001831 CHEBI:7422 + 0.000447 CHEBI:29868 + 0.013013 CHEBI:44284 + 0.000323 CHEBI:25517 + 0.063814 CHEBI:73005 + 0.075214 Unknown + 0.185265 CHEBI:21370 + 0.000223 CHEBI:60344 + 0.221055 CHEBI:26271 + 0.000223 CHEBI:8668 + 0.000223 CHEBI:57986 + 0.215792 CHEBI:32845 + 0.000223 CHEBI:9166 + 0.004338 CHEBI:15135 + 9.8e-05 CHEBI:57292 + 0.000223 CHEBI:57453 + 0.000223 CHEBI:15229 + 0.253687 CHEBI:16857 + 0.056843 CHEBI:13178 + 0.137896 CHEBI:6313 + 5.5e-05 CHEBI:27192 + 0.144104 CHEBI:9850 + 0.423162 CHEBI:32859 + 0.000341 CHEBI:49982 = 75.37723 CHEBI:2342 + 75.37723 CHEBI:5584 + 75.37323 CHEBI:26078 + 0.773903 CHEBI:45212	{'succoa', 'fe3', 'nh4', 'phe__L', 'mg2', 'ser__L', '10fthf', 'nadp', 'sheme', 'tyr__L', 'mn2', 'h2o', 'k', 'gly', 'pheme', 'pi', 'mobd', 'datp', 'leu__L', 'pro__L', 'so4', 'thr__L', 'val__L', '2ohph', 'trp__L', 'cu2', 'asp__L', 'coa', 'met__L', 'dttp', 'cys__L', 'ppi', 'thf', 'lys__L', 'cl', 'glu__L', 'pe160', 'gln__L', 'arg__L', 'dgtp', 'ni2', 'pe161', 'udcpdp', 'btn', 'zn2', 'asn__L', 'atp', 'ile__L', 'murein5px4p', 'dctp', 'ribflv', 'adp', 'amet', '4fe4s', 'pydx5p', '2fe2s', 'h', 'thmpp', 'utp', 'ala__L', 'cobalt2', 'kdo2lipid4', 'his__L', 'gtp', 'fad', 'fe2', 'nad', 'mlthf', 'ctp', 'ca2'}	Unknown	Unknown
BIOMASS_Ec_iML1515_WT_75p37M	E. coli biomass objective function (iML1515) - WT - with 75.37 GAM estimate	Biomass and maintenance functions	0.000223 10fthf_c + 0.000223 2dmmql8_c + 2.5e-05 2fe2s_c + 0.000248 4fe4s_c + 0.000223 5mthf_c + 0.000279 accoa_c + 0.000223 adocbl_c + 0.499149 ala__L_c + 0.000223 amet_c + 0.28742 arg__L_c + 0.234232 asn__L_c + 0.234232 asp__L_c + 75.55223 atp_c + 2e-06 btn_c + 0.004952 ca2_c + 0.000223 chor_c + 0.004952 cl_c + 0.002944 clpn160_p + 0.00229 clpn161_p + 0.00118 clpn181_p + 0.000168 coa_c + 2.4e-05 cobalt2_c + 0.008151 colipa_e + 0.129799 ctp_c + 0.000674 cu2_c + 0.088988 cys__L_c + 0.024805 datp_c + 0.025612 dctp_c + 0.025612 dgtp_c + 0.024805 dttp_c + 0.000223 enter_c + 0.000223 fad_c + 0.006388 fe2_c + 0.007428 fe3_c + 0.255712 gln__L_c + 0.255712 glu__L_c + 0.595297 gly_c + 0.154187 glycogen_c + 0.000223 gthrd_c + 0.209121 gtp_c + 70.028756 h2o_c + 0.000223 hemeO_c + 0.092056 his__L_c + 0.282306 ile__L_c + 0.18569 k_c + 0.437778 leu__L_c + 3e-06 lipopb_c + 0.333448 lys__L_c + 3.1e-05 malcoa_c + 0.149336 met__L_c + 0.008253 mg2_c + 0.000223 mlthf_c + 0.000658 mn2_c + 7e-06 mobd_c + 7e-06 mococdp_c + 7e-06 mocogdp_c + 0.000223 mql8_c + 0.001345 murein3p3p_p + 0.000605 murein3px4p_p + 0.005381 murein4p4p_p + 0.005448 murein4px4p_p + 0.000673 murein4px4px4p_p + 0.001787 nad_c + 4.5e-05 nadh_c + 0.000112 nadp_c + 0.000335 nadph_c + 0.012379 nh4_c + 0.000307 ni2_c + 0.044164 pe160_p + 0.03435 pe161_p + 0.017704 pe181_p + 0.010599 pg160_p + 0.008244 pg161_p + 0.004249 pg181_p + 0.180021 phe__L_c + 0.000223 pheme_c + 0.214798 pro__L_c + 0.03327 ptrc_c + 0.000223 pydx5p_c + 0.000223 q8h2_c + 0.000223 ribflv_c + 0.209684 ser__L_c + 0.000223 sheme_c + 0.004126 so4_c + 0.006744 spmd_c + 9.8e-05 succoa_c + 0.000223 thf_c + 0.000223 thmpp_c + 0.246506 thr__L_c + 0.055234 trp__L_c + 0.133993 tyr__L_c + 5.5e-05 udcpdp_c + 0.140101 utp_c + 0.411184 val__L_c + 0.000324 zn2_c = 75.37723 adp_c + 75.37723 h_c + 75.37323 pi_c + 0.749831 ppi_c	0.000223 10-Formyltetrahydrofolate + 0.000223 2-Demethylmenaquinol 8 + 2.5e-05 [2Fe-2S] iron-sulfur cluster + 0.000248 [4Fe-4S] iron-sulfur cluster + 0.000223 5-Methyltetrahydrofolate + 0.000279 Acetyl-CoA + 0.000223 Adenosylcobalamin + 0.499149 L-Alanine + 0.000223 S-Adenosyl-L-methionine + 0.28742 L-Arginine + 0.234232 L-Asparagine + 0.234232 L-Aspartate + 75.55223 ATP C10H12N5O13P3 + 2e-06 Biotin + 0.004952 Calcium + 0.000223 Chorismate + 0.004952 Chloride + 0.002944 Cardiolipin (tetrahexadecanoyl, n-C16:0) + 0.00229 Cardiolipin (tetrahexadec-9-enoyl, n-C16:1) + 0.00118 Cardiolipin (tetraoctadec-11-enoyl, n-C18:1) + 0.000168 Coenzyme A + 2.4e-05 Co2+ + 0.008151 Core oligosaccharide lipid A + 0.129799 CTP C9H12N3O14P3 + 0.000674 Copper + 0.088988 L-Cysteine + 0.024805 DATP C10H12N5O12P3 + 0.025612 DCTP C9H12N3O13P3 + 0.025612 DGTP C10H12N5O13P3 + 0.024805 DTTP C10H13N2O14P3 + 0.000223 Enterochelin + 0.000223 Flavin adenine dinucleotide oxidized + 0.006388 Fe2+ mitochondria + 0.007428 Iron (Fe3+) + 0.255712 L-Glutamine + 0.255712 L-Glutamate + 0.595297 Glycine + 0.154187 Glycogen C6H10O5 + 0.000223 Reduced glutathione + 0.209121 GTP C10H12N5O14P3 + 70.028756 H2O H2O + 0.000223 Heme O C49H56FeN4O5 + 0.092056 L-Histidine + 0.282306 L-Isoleucine + 0.18569 Potassium + 0.437778 L-Leucine + 3e-06 Lipoate (protein bound) + 0.333448 L-Lysine + 3.1e-05 Malonyl CoA C24H33N7O19P3S + 0.149336 L-Methionine + 0.008253 Magnesium + 0.000223 5,10-Methylenetetrahydrofolate + 0.000658 Manganese + 7e-06 Molybdate + 7e-06 Molybdopterin cytosine dinucleotide + 7e-06 Molybdopterin guanine dinucleotide + 0.000223 Menaquinol 8 + 0.001345 Two linked disacharide tripeptide murein units (uncrosslinked, middle of chain) + 0.000605 Two disacharide linked murein units, tripeptide crosslinked tetrapeptide (A2pm->D-ala) (middle of chain) + 0.005381 Two linked disacharide tetrapeptide murein units (uncrosslinked, middle of chain) + 0.005448 Two disacharide linked murein units, tetrapeptide corsslinked tetrapeptide (A2pm->D-ala) (middle of chain) + 0.000673 Three disacharide linked murein units (tetrapeptide crosslinked tetrapeptide (A2pm->D-ala) & tetrapeptide corsslinked tetrapeptide (A2pm->D-ala)) (middle of chain) + 0.001787 Nicotinamide adenine dinucleotide + 4.5e-05 Nicotinamide adenine dinucleotide - reduced + 0.000112 Nicotinamide adenine dinucleotide phosphate + 0.000335 Nicotinamide adenine dinucleotide phosphate - reduced + 0.012379 Ammonium + 0.000307 Nickel + 0.044164 Phosphatidylethanolamine (dihexadecanoyl, n-C16:0) + 0.03435 Phosphatidylethanolamine (dihexadec-9enoyl, n-C16:1) + 0.017704 Phosphatidylethanolamine (dioctadec-11-enoyl, n-C18:1) + 0.010599 Phosphatidylglycerol (dihexadecanoyl, n-C16:0) + 0.008244 Phosphatidylglycerol (dihexadec-9-enoyl, n-C16:1) + 0.004249 Phosphatidylglycerol (dioctadec-11-enoyl, n-C18:1) + 0.180021 L-Phenylalanine + 0.000223 Protoheme C34H30FeN4O4 + 0.214798 L-Proline + 0.03327 Putrescine + 0.000223 Pyridoxal 5'-phosphate + 0.000223 Ubiquinol-8 + 0.000223 Riboflavin C17H20N4O6 + 0.209684 L-Serine + 0.000223 Siroheme C42H36FeN4O16 + 0.004126 Sulfate + 0.006744 Spermidine + 9.8e-05 Succinyl-CoA + 0.000223 5,6,7,8-Tetrahydrofolate + 0.000223 Thiamine diphosphate + 0.246506 L-Threonine + 0.055234 L-Tryptophan + 0.133993 L-Tyrosine + 5.5e-05 Undecaprenyl diphosphate + 0.140101 UTP C9H11N2O15P3 + 0.411184 L-Valine + 0.000324 Zinc = 75.37723 ADP C10H12N5O10P2 + 75.37723 H+ + 75.37323 Phosphate + 0.749831 Diphosphate	0.000223 CHEBI:19108 + 0.000223 CHEBI:61873 + 2.5e-05 CHEBI:21134 + 0.000248 CHEBI:33725 + 0.000223 CHEBI:18608 + 0.000279 CHEBI:57288 + 0.000223 Unknown + 0.499149 CHEBI:21216 + 0.000223 CHEBI:33442 + 0.28742 CHEBI:32683 + 0.234232 CHEBI:6191 + 0.234232 CHEBI:17053 + 75.55223 CHEBI:15422 + 2e-06 CHEBI:13905 + 0.004952 CHEBI:29108 + 0.000223 CHEBI:23225 + 0.004952 CHEBI:24635 + 0.002944 CHEBI:104586 + 0.00229 CHEBI:104873 + 0.00118 CHEBI:105685 + 0.000168 CHEBI:41631 + 2.4e-05 CHEBI:48828 + 0.008151 Unknown + 0.129799 CHEBI:3285 + 0.000674 CHEBI:29036 + 0.088988 CHEBI:32457 + 0.024805 CHEBI:495505 + 0.025612 CHEBI:19243 + 0.025612 CHEBI:16497 + 0.024805 CHEBI:27000 + 0.000223 CHEBI:4799 + 0.000223 CHEBI:16238 + 0.006388 CHEBI:29033 + 0.007428 CHEBI:49595 + 0.255712 CHEBI:42943 + 0.255712 CHEBI:76051 + 0.595297 CHEBI:32508 + 0.154187 CHEBI:24379 + 0.000223 CHEBI:43049 + 0.209121 CHEBI:37565 + 70.028756 CHEBI:13352 + 0.000223 CHEBI:24480 + 0.092056 CHEBI:43239 + 0.282306 CHEBI:43290 + 0.18569 CHEBI:26219 + 0.437778 CHEBI:32620 + 3e-06 Unknown + 0.333448 CHEBI:6264 + 3.1e-05 CHEBI:25135 + 0.149336 CHEBI:32644 + 0.008253 CHEBI:6635 + 0.000223 CHEBI:10925 + 0.000658 CHEBI:21435 + 7e-06 CHEBI:36263 + 7e-06 CHEBI:43955 + 7e-06 CHEBI:30406 + 0.000223 CHEBI:61684 + 0.001345 Unknown + 0.000605 Unknown + 0.005381 Unknown + 0.005448 Unknown + 0.000673 Unknown + 0.001787 CHEBI:7422 + 4.5e-05 CHEBI:13395 + 0.000112 CHEBI:29868 + 0.000335 CHEBI:16474 + 0.012379 CHEBI:44284 + 0.000307 CHEBI:25517 + 0.044164 CHEBI:73005 + 0.03435 Unknown + 0.017704 Unknown + 0.010599 CHEBI:73205 + 0.008244 Unknown + 0.004249 Unknown + 0.180021 CHEBI:21370 + 0.000223 CHEBI:60344 + 0.214798 CHEBI:26271 + 0.03327 CHEBI:8650 + 0.000223 CHEBI:8668 + 0.000223 CHEBI:61682 + 0.000223 CHEBI:57986 + 0.209684 CHEBI:32845 + 0.000223 CHEBI:9166 + 0.004126 CHEBI:15135 + 0.006744 CHEBI:57834 + 9.8e-05 CHEBI:57292 + 0.000223 CHEBI:57453 + 0.000223 CHEBI:15229 + 0.246506 CHEBI:16857 + 0.055234 CHEBI:13178 + 0.133993 CHEBI:6313 + 5.5e-05 CHEBI:27192 + 0.140101 CHEBI:9850 + 0.411184 CHEBI:32859 + 0.000324 CHEBI:49982 = 75.37723 CHEBI:2342 + 75.37723 CHEBI:5584 + 75.37323 CHEBI:26078 + 0.749831 CHEBI:45212	{'fe3', 'tyr__L', 'h2o', 'pro__L', 'thr__L', 'cu2', 'enter', 'lipopb', 'glycogen', 'murein4px4px4p', 'met__L', 'colipa', 'lys__L', 'gln__L', 'arg__L', 'clpn181', 'nadh', 'zn2', 'asn__L', 'clpn160', '2dmmql8', 'gtp', 'mococdp', 'murein3p3p', 'fe2', 'ca2', 'succoa', 'murein4p4p', 'phe__L', 'mg2', 'nadp', 'sheme', 'gly', 'datp', 'val__L', 'dttp', 'thf', 'pg160', 'cl', 'pe160', 'dgtp', 'udcpdp', 'btn', 'pe181', 'ribflv', 'accoa', 'adocbl', 'pg161', 'h', 'thmpp', 'mocogdp', 'ptrc', 'chor', 'murein3px4p', 'nh4', 'pg181', '10fthf', 'mn2', 'k', 'spmd', 'mobd', 'so4', 'malcoa', 'asp__L', 'coa', 'ppi', 'glu__L', 'ni2', '5mthf', 'atp', 'amet', '2fe2s', 'clpn161', 'hemeO', 'mlthf', 'ctp', 'pheme', 'ser__L', 'nadph', 'pi', 'mql8', 'q8h2', 'leu__L', 'gthrd', 'trp__L', 'cys__L', 'pe161', 'ile__L', 'dctp', 'adp', '4fe4s', 'pydx5p', 'utp', 'ala__L', 'cobalt2', 'murein4px4p', 'his__L', 'fad', 'nad'}	Unknown	Unknown
RPNTPH	RPnTP hydrolase	Alternate Carbon Metabolism	1.0 h2o_c + 1.0 rpntp_c = 1.0 h_c + 1.0 ppi_c + 1.0 prpmn_c	1.0 H2O H2O + 1.0 ?-D-ribose-1-methylphosphonate-5-triphosphate = 1.0 H+ + 1.0 Diphosphate + 1.0 ?-D-ribose-1-methylphosphonate 5-phosphate	1.0 CHEBI:13352 + 1.0 Unknown = 1.0 CHEBI:5584 + 1.0 CHEBI:45212 + 1.0 Unknown	{'rpntp', 'ppi', 'h2o', 'prpmn', 'h'}	phnM	P16689
PRCPD	5-phospho-?-D-ribosyl 1,2-cyclic phosphate phosphodiesterase	Alternate Carbon Metabolism	1.0 h2o_c + 1.0 prcp_c = 1.0 h_c + 1.0 r15bp_c	1.0 H2O H2O + 1.0 5-phospho-?-D-ribose 1,2-cyclic phosphate = 1.0 H+ + 1.0 D-Ribose 1,5-bisphosphate	1.0 CHEBI:13352 + 1.0 Unknown = 1.0 CHEBI:5584 + 1.0 CHEBI:17994	{'prcp', 'h', 'r15bp', 'h2o'}	phnP	P16692
UDPGPT	Undecaprenyl-phosphate glucose phosphotransferase	Cell Envelope Biosynthesis	1.0 udcpp_c + 1.0 udpg_c = 1.0 udcpgl_c + 1.0 ump_c	1.0 Undecaprenyl phosphate + 1.0 UDPglucose = 1.0 Undecaprenol-diphosphate-glucose + 1.0 UMP C9H11N2O9P	1.0 CHEBI:15286 + 1.0 CHEBI:13505 = 1.0 Unknown + 1.0 CHEBI:47721	{'udcpp', 'ump', 'udcpgl', 'udpg'}	wcaJ	P71241
OMMBLHXy	2-Octaprenyl-3-methyl-6-methoxy-1,4-benzoquinol hydroxylase (NADPHl)	Cofactor and Prosthetic Group Biosynthesis	1.0 2ommbl_c + 1.0 h_c + 1.0 nadph_c + 1.0 o2_c = 1.0 2omhmbl_c + 1.0 h2o_c + 1.0 nadp_c	1.0 2-Octaprenyl-3-methyl-6-methoxy- 1,4-benzoquinol + 1.0 H+ + 1.0 Nicotinamide adenine dinucleotide phosphate - reduced + 1.0 O2 O2 = 1.0 2-Octaprenyl-3-methyl-5-hydroxy-6-methoxy-1,4-benzoquinol + 1.0 H2O H2O + 1.0 Nicotinamide adenine dinucleotide phosphate	1.0 CHEBI:60656 + 1.0 CHEBI:5584 + 1.0 CHEBI:16474 + 1.0 CHEBI:7860 = 1.0 CHEBI:61705 + 1.0 CHEBI:13352 + 1.0 CHEBI:29868	{'nadp', 'nadph', '2omhmbl', 'h2o', 'o2', '2ommbl', 'h'}	ubiF	P75728
OPHHXy	2-Octaprenylphenol hydroxylase (NADPH)	Cofactor and Prosthetic Group Biosynthesis	1.0 2oph_c + 1.0 h_c + 1.0 nadph_c + 1.0 o2_c = 1.0 2ohph_c + 1.0 h2o_c + 1.0 nadp_c	1.0 2-Octaprenylphenol + 1.0 H+ + 1.0 Nicotinamide adenine dinucleotide phosphate - reduced + 1.0 O2 O2 = 1.0 2-Octaprenyl-6-hydroxyphenol + 1.0 H2O H2O + 1.0 Nicotinamide adenine dinucleotide phosphate	1.0 CHEBI:40407 + 1.0 CHEBI:5584 + 1.0 CHEBI:16474 + 1.0 CHEBI:7860 = 1.0 CHEBI:62730 + 1.0 CHEBI:13352 + 1.0 CHEBI:29868	{'nadp', 'nadph', 'h2o', 'o2', '2oph', '2ohph', 'h'}	ubiI	P25535
PROD3	Proline dehydrogenase (q8)	Arginine and Proline Metabolism	1.0 pro__L_c + 1.0 q8_c = 1.0 1pyr5c_c + 1.0 h_c + 1.0 q8h2_c	1.0 L-Proline + 1.0 Ubiquinone-8 = 1.0 1-Pyrroline-5-carboxylate + 1.0 H+ + 1.0 Ubiquinol-8	1.0 CHEBI:26271 + 1.0 CHEBI:61683 = 1.0 CHEBI:11297 + 1.0 CHEBI:5584 + 1.0 CHEBI:61682	{'q8', 'pro__L', 'q8h2', '1pyr5c', 'h'}	putA	P09546
F1PP	D-fructose 1-phosphate phosphatase	Alternate Carbon Metabolism	1.0 f1p_c + 1.0 h2o_c = 1.0 fru_c + 1.0 pi_c	1.0 D-Fructose 1-phosphate + 1.0 H2O H2O = 1.0 D-Fructose + 1.0 Phosphate	1.0 CHEBI:37515 + 1.0 CHEBI:13352 = 1.0 CHEBI:47424 + 1.0 CHEBI:26078	{'pi', 'fru', 'f1p', 'h2o'}	yqaB, yfbT, ybiV, yidA	P77475, P77625, P75792, P0A8Y5
ACP1p	Acid phosphatase (FMN)	Cofactor and Prosthetic Group Biosynthesis	1.0 fmn_p + 1.0 h2o_p = 1.0 pi_p + 1.0 ribflv_p	1.0 FMN C17H19N4O9P + 1.0 H2O H2O = 1.0 Phosphate + 1.0 Riboflavin C17H20N4O6	1.0 CHEBI:58210 + 1.0 CHEBI:13352 = 1.0 CHEBI:26078 + 1.0 CHEBI:57986	{'pi', 'ribflv', 'fmn', 'h2o'}	phoA	P00634
EX_4abzglu_e	4-aminobenzoyl-glutamate exchange	Extracellular exchange	1.0 4abzglu_e = 	1.0 4-aminobenzoyl-glutamate = 	1.0 Unknown = 	{'4abzglu'}	Unknown	Unknown
EX_rfamp_e	Rifampin exchange	Extracellular exchange	1.0 rfamp_e = 	1.0 Rifampin = 	1.0 CHEBI:26577 = 	{'rfamp'}	Unknown	Unknown
3HPADHi	3-Hydroxypropanal Dehydrogenase	Alternate Carbon Metabolism	1.0 3hppnl_c + 1.0 h2o_c + 1.0 nad_c = 1.0 3hpp_c + 2.0 h_c + 1.0 nadh_c	1.0 3-Hydroxypropanal + 1.0 H2O H2O + 1.0 Nicotinamide adenine dinucleotide = 1.0 3-Hydroxypropanoate + 2.0 H+ + 1.0 Nicotinamide adenine dinucleotide - reduced	1.0 CHEBI:1552 + 1.0 CHEBI:13352 + 1.0 CHEBI:7422 = 1.0 CHEBI:20079 + 2.0 CHEBI:5584 + 1.0 CHEBI:13395	{'3hpp', 'h2o', '3hppnl', 'nad', 'nadh', 'h'}	puuC	P23883
2HPTCOAT	2-hydroxycyclohepta-1,4,6-triene-1-carboxyl-CoA thioesterase	Alternate Carbon Metabolism	1.0 2hptcoa_c + 1.0 h2o_c = 1.0 2hptcl_c + 1.0 coa_c	1.0 2-hydroxycyclohepta-1,4,6-triene-1-carboxyl-CoA + 1.0 H2O H2O = 1.0 2-hydroxycyclohepta-1,4,6-triene-1-carboxylate + 1.0 Coenzyme A	1.0 Unknown + 1.0 CHEBI:13352 = 1.0 Unknown + 1.0 CHEBI:41631	{'coa', '2hptcoa', 'h2o', '2hptcl'}	paaY	P77181
EX_metglcur_e	1-O-methyl-Beta-D-glucuronate exchange	Extracellular exchange	1.0 metglcur_e = 	1.0 1-O-methyl-Beta-D-glucuronate = 	1.0 Unknown = 	{'metglcur'}	Unknown	Unknown
EX_quin_e	Quinate exchange	Extracellular exchange	1.0 quin_e = 	1.0 Quinate = 	1.0 CHEBI:26492 = 	{'quin'}	Unknown	Unknown
MC6PH	Monoacetylchitobiose-6-phosphate hydrolase	Alternate Carbon Metabolism	1.0 h2o_c + 1.0 mchtbs6p_c = 1.0 acgam6p_c + 1.0 gam_c	1.0 H2O H2O + 1.0 N-monoacetylchitobiose 6'-phosphate = 1.0 N-Acetyl-D-glucosamine 6-phosphate + 1.0 D-Glucosamine	1.0 CHEBI:13352 + 1.0 Unknown = 1.0 CHEBI:49353 + 1.0 CHEBI:58723	{'h2o', 'acgam6p', 'mchtbs6p', 'gam'}	chbF	P17411
FORCT	Formyl-CoA Transferase	Alternate Carbon Metabolism	1.0 forcoa_c + 1.0 oxa_c = 1.0 for_c + 1.0 oxalcoa_c	1.0 Formyl-CoA(4-) + 1.0 Oxalate = 1.0 Formate + 1.0 Oxalyl-CoA	1.0 CHEBI:5150 + 1.0 CHEBI:46904 = 1.0 CHEBI:24081 + 1.0 CHEBI:14707	{'for', 'forcoa', 'oxa', 'oxalcoa'}	frc	P69902
DHPTDCs2	4,5-dihydroxy-2,3-pentanedione cyclization (spontaneous)	Methionine Metabolism	1.0 dhptd_c = 1.0 mdhdhf_c	1.0 4,5-dihydroxy-2,3-pentanedione = 1.0 (2R,4S)-2-methyl-2,4-dihydroxydihydrofuran-3-one	1.0 CHEBI:29484 = 1.0 CHEBI:71316	{'mdhdhf', 'dhptd'}		Unknown
EX_3hpp_e	3-Hydroxypropanoate exchange	Extracellular exchange	1.0 3hpp_e = 	1.0 3-Hydroxypropanoate = 	1.0 CHEBI:20079 = 	{'3hpp'}	Unknown	Unknown
PACCOAE	Ring 1,2-phenylacetyl-CoA epoxidase (NADPH)	Alternate Carbon Metabolism	1.0 h_c + 1.0 nadph_c + 1.0 o2_c + 1.0 phaccoa_c = 1.0 h2o_c + 1.0 nadp_c + 1.0 rephaccoa_c	1.0 H+ + 1.0 Nicotinamide adenine dinucleotide phosphate - reduced + 1.0 O2 O2 + 1.0 Phenylacetyl-CoA = 1.0 H2O H2O + 1.0 Nicotinamide adenine dinucleotide phosphate + 1.0 Ring 1,2-epoxyphenylacetyl-CoA	1.0 CHEBI:5584 + 1.0 CHEBI:16474 + 1.0 CHEBI:7860 + 1.0 CHEBI:25980 = 1.0 CHEBI:13352 + 1.0 CHEBI:29868 + 1.0 Unknown	{'nadp', 'nadph', 'o2', 'h2o', 'phaccoa', 'rephaccoa', 'h'}	paaD, paaA, paaE, paaB, paaC	P76080, P76077, P76081, P76078, P76079
OXDHCOAT	3-oxo-5,6-dehydrosuberyl-CoA thiolase	Alternate Carbon Metabolism	1.0 3oxdhscoa_c + 1.0 coa_c = 1.0 23dhacoa_c + 1.0 accoa_c	1.0 3-oxo-5,6-dehydrosuberyl-CoA + 1.0 Coenzyme A = 1.0 2,3-dehydroadipyl-CoA + 1.0 Acetyl-CoA	1.0 CHEBI:63253 + 1.0 CHEBI:41631 = 1.0 CHEBI:67261 + 1.0 CHEBI:57288	{'coa', '3oxdhscoa', 'accoa', '23dhacoa'}	paaJ, paaG	P0C7L2, P77467
HADPCOADH3	3-hydroxyadipyl-CoA dehydrogenase (NAD+)	Alternate Carbon Metabolism	1.0 3hadpcoa_c + 1.0 nad_c = 1.0 h_c + 1.0 nadh_c + 1.0 oxadpcoa_c	1.0 (3S)-3-Hydroxyadipyl-CoA + 1.0 Nicotinamide adenine dinucleotide = 1.0 H+ + 1.0 Nicotinamide adenine dinucleotide - reduced + 1.0 3-Oxoadipyl-CoA	1.0 CHEBI:132183 + 1.0 CHEBI:7422 = 1.0 CHEBI:5584 + 1.0 CHEBI:13395 + 1.0 CHEBI:15490	{'3hadpcoa', 'oxadpcoa', 'nad', 'nadh', 'h'}	paaH	P76083
O16A4COLIPAabctex	O16 antigen (x4) core oligosaccharide lipid A transport via ABC system (periplasm to extracellular)	Lipopolysaccharide Biosynthesis / Recycling	1.0 atp_c + 1.0 h2o_c + 1.0 o16a4colipa_p = 1.0 adp_c + 1.0 h_c + 1.0 o16a4colipa_e + 1.0 pi_c	1.0 ATP C10H12N5O13P3 + 1.0 H2O H2O + 1.0 (O16 antigen)x4 core oligosaccharide lipid A = 1.0 ADP C10H12N5O10P2 + 1.0 H+ + 1.0 (O16 antigen)x4 core oligosaccharide lipid A + 1.0 Phosphate	1.0 CHEBI:15422 + 1.0 CHEBI:13352 + 1.0 Unknown = 1.0 CHEBI:2342 + 1.0 CHEBI:5584 + 1.0 Unknown + 1.0 CHEBI:26078	{'atp', 'o16a4colipa', 'adp', 'h2o', 'pi', 'h'}	lptG, lptF, lptC, lptB, lptA, lptD, lptE	P0ADC6, P0AF98, P0ADV9, P0A9V1, P0ADV1, P31554, P0ADC1
COLIPAabctex	Core oligosaccharide lipid A transport via ABC system (periplasm to extracellular)	Lipopolysaccharide Biosynthesis / Recycling	1.0 atp_c + 1.0 colipa_p + 1.0 h2o_c = 1.0 adp_c + 1.0 colipa_e + 1.0 h_c + 1.0 pi_c	1.0 ATP C10H12N5O13P3 + 1.0 Core oligosaccharide lipid A + 1.0 H2O H2O = 1.0 ADP C10H12N5O10P2 + 1.0 Core oligosaccharide lipid A + 1.0 H+ + 1.0 Phosphate	1.0 CHEBI:15422 + 1.0 Unknown + 1.0 CHEBI:13352 = 1.0 CHEBI:2342 + 1.0 Unknown + 1.0 CHEBI:5584 + 1.0 CHEBI:26078	{'atp', 'adp', 'h2o', 'colipa', 'pi', 'h'}	lptE, lptA, lptG, lptB, lptC, lptD, lptF	P0ADC1, P0ADV1, P0ADC6, P0A9V1, P0ADV9, P31554, P0AF98
ENLIPAabctex	Phosphoethanolamine lipid A transport via ABC system (periplasm to extracellular)	Lipopolysaccharide Biosynthesis / Recycling	1.0 atp_c + 1.0 enlipa_p + 1.0 h2o_c = 1.0 adp_c + 1.0 enlipa_e + 1.0 h_c + 1.0 pi_c	1.0 ATP C10H12N5O13P3 + 1.0 Phosphoethanolamine KDO(2)-lipid (A) + 1.0 H2O H2O = 1.0 ADP C10H12N5O10P2 + 1.0 Phosphoethanolamine KDO(2)-lipid (A) + 1.0 H+ + 1.0 Phosphate	1.0 CHEBI:15422 + 1.0 CHEBI:47762 + 1.0 CHEBI:13352 = 1.0 CHEBI:2342 + 1.0 CHEBI:47762 + 1.0 CHEBI:5584 + 1.0 CHEBI:26078	{'atp', 'enlipa', 'adp', 'h2o', 'pi', 'h'}	lptG, lptF, lptC, lptB, lptA, lptD, lptE	P0ADC6, P0AF98, P0ADV9, P0A9V1, P0ADV1, P31554, P0ADC1
DM_mththf_c	Sink needed to allow (2R,4S)-2-methyl-2,3,3,4-tetrahydroxytetrahydrofuran to leave system	Intracellular demand	1.0 mththf_c = 	1.0 (2R,4S)-2-methyl-2,3,3,4-tetrahydroxytetrahydrofuran = 	1.0 CHEBI:44800 = 	{'mththf'}	Unknown	Unknown
PYROX	Pyrimidine oxygenase	Nucleotide Salvage Pathway	1.0 h_c + 1.0 nadh_c + 1.0 o2_c + 1.0 ura_c = 1.0 nad_c + 1.0 uracp_c	1.0 H+ + 1.0 Nicotinamide adenine dinucleotide - reduced + 1.0 O2 O2 + 1.0 Uracil = 1.0 Nicotinamide adenine dinucleotide + 1.0 Ureidoacrylate peracid	1.0 CHEBI:5584 + 1.0 CHEBI:13395 + 1.0 CHEBI:7860 + 1.0 CHEBI:27210 = 1.0 CHEBI:7422 + 1.0 CHEBI:59889	{'o2', 'uracp', 'ura', 'nad', 'nadh', 'h'}	rutF, rutA	P75893, P75898
BMOGDS1	Bis-molybdopterin guanine dinucleotide synthase (single GDP)	Cofactor and Prosthetic Group Biosynthesis	1.0 bmoco_c + 1.0 gtp_c + 1.0 h_c = 1.0 bmoco1gdp_c + 1.0 ppi_c	1.0 Bis-molybdenum cofactor + 1.0 GTP C10H12N5O14P3 + 1.0 H+ = 1.0 Bis-molybdopterin mono-guanine dinucleotide + 1.0 Diphosphate	1.0 Unknown + 1.0 CHEBI:37565 + 1.0 CHEBI:5584 = 1.0 Unknown + 1.0 CHEBI:45212	{'bmoco', 'bmoco1gdp', 'ppi', 'gtp', 'h'}	mobA, mobA, mobB	P32173, P32125
MPTS	Molybdopterin synthase	Cofactor and Prosthetic Group Biosynthesis	1.0 cpmp_c + 1.0 cu2_c + 2.0 moadcosh_c = 5.0 h_c + 2.0 moadcoo_c + 1.0 mpt_c	1.0 Cyclic pyranopterin monophosphate + 1.0 Copper + 2.0 MoaD Protein with thiocarboxylate = 5.0 H+ + 2.0 MoaD Protein with carboxylate + 1.0 Molybdopterin	1.0 Unknown + 1.0 CHEBI:29036 + 2.0 Unknown = 5.0 CHEBI:5584 + 2.0 Unknown + 1.0 CHEBI:58698	{'moadcosh', 'cpmp', 'cu2', 'moadcoo', 'mpt', 'h'}	moaE, moaD	P30749, P30748
MOCOS	Molybdenum cofactor synthase	Cofactor and Prosthetic Group Biosynthesis	2.0 h_c + 1.0 mobd_c + 1.0 mptamp_c = 1.0 amp_c + 1.0 cu2_c + 1.0 h2o_c + 1.0 moco_c	2.0 H+ + 1.0 Molybdate + 1.0 Adenylated molybdopterin = 1.0 AMP C10H12N5O7P + 1.0 Copper + 1.0 H2O H2O + 1.0 Molybdenum cofactor	2.0 CHEBI:5584 + 1.0 CHEBI:36263 + 1.0 CHEBI:62728 = 1.0 CHEBI:13736 + 1.0 CHEBI:29036 + 1.0 CHEBI:13352 + 1.0 CHEBI:79026	{'moco', 'h2o', 'mobd', 'mptamp', 'amp', 'cu2', 'h'}	moeA	P12281
BMOGDS2	Bis-molybdopterin guanine dinucleotide synthase	Cofactor and Prosthetic Group Biosynthesis	1.0 bmoco1gdp_c + 1.0 gtp_c + 1.0 h_c = 1.0 bmocogdp_c + 1.0 ppi_c	1.0 Bis-molybdopterin mono-guanine dinucleotide + 1.0 GTP C10H12N5O14P3 + 1.0 H+ = 1.0 Bis-molybdopterin guanine dinucleotide + 1.0 Diphosphate	1.0 Unknown + 1.0 CHEBI:37565 + 1.0 CHEBI:5584 = 1.0 Unknown + 1.0 CHEBI:45212	{'bmoco1gdp', 'ppi', 'bmocogdp', 'gtp', 'h'}	mobA, mobB, mobA	P32173, P32125
FESD2s	Iron-sulfur cluster damage (nitrous oxide, spontaneous)	Cofactor and Prosthetic Group Biosynthesis	2.0 4fe4s_c + 2.0 h_c + 2.0 no_c = 2.0 3fe4s_c + 2.0 fe3_c + 1.0 h2o_c + 1.0 n2o_c	2.0 [4Fe-4S] iron-sulfur cluster + 2.0 H+ + 2.0 Nitric oxide = 2.0 [3Fe-4S] damaged iron-sulfur cluster + 2.0 Iron (Fe3+) + 1.0 H2O H2O + 1.0 Nitrous oxide	2.0 CHEBI:33725 + 2.0 CHEBI:5584 + 2.0 CHEBI:16480 = 2.0 Unknown + 2.0 CHEBI:49595 + 1.0 CHEBI:13352 + 1.0 CHEBI:14661	{'fe3', 'n2o', '3fe4s', 'h2o', '4fe4s', 'no', 'h'}		Unknown
OCTNLL	Octanoate non-lipoylated apo domain ligase	Cofactor and Prosthetic Group Biosynthesis	1.0 atp_c + 1.0 h_c + 1.0 octa_c = 1.0 amp_c + 1.0 octapb_c + 1.0 ppi_c	1.0 ATP C10H12N5O13P3 + 1.0 H+ + 1.0 Octanoate (n-C8:0) = 1.0 AMP C10H12N5O7P + 1.0 Octanoate (protein bound) + 1.0 Diphosphate	1.0 CHEBI:15422 + 1.0 CHEBI:5584 + 1.0 CHEBI:25648 = 1.0 CHEBI:13736 + 1.0 Unknown + 1.0 CHEBI:45212	{'atp', 'ppi', 'octapb', 'octa', 'amp', 'h'}	lplA	P32099
