Reaction ID	Name	Subsystem	Reaction (IDs)	Reaction (Names)	Genes	UIDs
H2SO	Hydrogen sulfide oxidation	Inorganic Ion Transport and Metabolism	1.0 h2s_c + 2.0 o2_c → 2.0 h_c + 1.0 so4_c	1.0 Hydrogen sulfide + 2.0 O2 O2 → 2.0 H+ + 1.0 Sulfate	Unknown	Unknown
26DAHtex	Meso-2,6-Diaminoheptanedioate transport via diffusion (extracellular to periplasm)	Transport, Outer Membrane Porin	1.0 26dap__M_e → 1.0 26dap__M_p	1.0 Meso-2,6-Diaminoheptanedioate → 1.0 Meso-2,6-Diaminoheptanedioate	phoE, ompF, ompN, ompC	P02932, P02931, P77747, P06996
HCINNMtex	3-hydroxycinnamic acid transport via diffusion (extracellular to periplasm)	Transport, Outer Membrane Porin	1.0 3hcinnm_e → 1.0 3hcinnm_p	1.0 3-hydroxycinnamic acid → 1.0 3-hydroxycinnamic acid	phoE, ompF, ompN, ompC	P02932, P02931, P77747, P06996
HPPPNtex	3-(3-hydroxyphenyl)propionate transport via diffusion (extracellular to periplasm)	Transport, Outer Membrane Porin	1.0 3hpppn_e → 1.0 3hpppn_p	1.0 3-(3-hydroxy-phenyl)propionate → 1.0 3-(3-hydroxy-phenyl)propionate	ompF, ompN, ompC, phoE	P02931, P77747, P06996, P02932
ACtex	Acetate transport via diffusion (extracellular to periplasm)	Transport, Outer Membrane Porin	1.0 ac_e → 1.0 ac_p	1.0 Acetate → 1.0 Acetate	phoE, ompF, ompN, ompC	P02932, P02931, P77747, P06996
ACALDtex	Acetaldehyde transport via diffusion (extracellular to periplasm)	Transport, Outer Membrane Porin	1.0 acald_e → 1.0 acald_p	1.0 Acetaldehyde → 1.0 Acetaldehyde	phoE, ompF, ompN, ompC	P02932, P02931, P77747, P06996
ACMANAtex	N-acetyl-D-mannosamine transport via diffusion (extracellular to periplasm)	Transport, Outer Membrane Porin	1.0 acmana_e → 1.0 acmana_p	1.0 N-Acetyl-D-mannosamine → 1.0 N-Acetyl-D-mannosamine	ompC, phoE, ompF, ompN	P06996, P02932, P02931, P77747
ACMUMtex	N-acetylmuramate transport via diffusion (extracellular to periplasm)	Transport, Outer Membrane Porin	1.0 acmum_e → 1.0 acmum_p	1.0 N-Acetylmuramate → 1.0 N-Acetylmuramate	phoE, ompF, ompN, ompC	P02932, P02931, P77747, P06996
SUCCt2_2pp	Succinate transport via proton symport (2 H) (periplasm)	Transport, Inner Membrane	2.0 h_p + 1.0 succ_p → 2.0 h_c + 1.0 succ_c	2.0 H+ + 1.0 Succinate → 2.0 H+ + 1.0 Succinate	dctA, satP	P0A830, P0AC98
SUCFUMtpp	Succinate:fumarate antiporter (periplasm)	Transport, Inner Membrane	1.0 fum_p + 1.0 succ_c → 1.0 fum_c + 1.0 succ_p	1.0 Fumarate + 1.0 Succinate → 1.0 Fumarate + 1.0 Succinate	dcuB, dcuC, dcuA	P0ABN9, P0ABP3, P0ABN5
SUCptspp	Sucrose transport via PEP:Pyr  (periplasm)	Transport, Inner Membrane	1.0 pep_c + 1.0 sucr_p → 1.0 pyr_c + 1.0 suc6p_c	1.0 Phosphoenolpyruvate + 1.0 Sucrose C12H22O11 → 1.0 Pyruvate + 1.0 Sucrose 6-phosphate	crr, ptsH, ptsI, murP	P69783, P0AA04, P08839, P77272
SULabcpp	Sulfate transport via ABC system (periplasm)	Inorganic Ion Transport and Metabolism	1.0 atp_c + 1.0 h2o_c + 1.0 so4_p → 1.0 adp_c + 1.0 h_c + 1.0 pi_c + 1.0 so4_c	1.0 ATP C10H12N5O13P3 + 1.0 H2O H2O + 1.0 Sulfate → 1.0 ADP C10H12N5O10P2 + 1.0 H+ + 1.0 Phosphate + 1.0 Sulfate	cysW, cysU, cysA, cysP, modB, modC, modA, cysA, cysW, cysU, sbp	P0AEB0, P16701, P16676, P16700, P0AF01, P09833, P37329, P0AG78
TSULabcpp	Thiosulfate transport via ABC system (periplasm)	Inorganic Ion Transport and Metabolism	1.0 atp_c + 1.0 h2o_c + 1.0 tsul_p → 1.0 adp_c + 1.0 h_c + 1.0 pi_c + 1.0 tsul_c	1.0 ATP C10H12N5O13P3 + 1.0 H2O H2O + 1.0 Thiosulfate → 1.0 ADP C10H12N5O10P2 + 1.0 H+ + 1.0 Phosphate + 1.0 Thiosulfate	cysW, cysA, cysU, sbp, cysA, cysP, cysU, cysW	P0AEB0, P16676, P16701, P0AG78, P16700
TARTRt7pp	Tartrate/succinate antiporter (periplasm)	Transport, Inner Membrane	1.0 succ_c + 1.0 tartr__L_p → 1.0 succ_p + 1.0 tartr__L_c	1.0 Succinate + 1.0 L-tartrate → 1.0 Succinate + 1.0 L-tartrate	ttdT	P39414
TAURabcpp	Taurine transport via ABC system (periplasm)	Transport, Inner Membrane	1.0 atp_c + 1.0 h2o_c + 1.0 taur_p → 1.0 adp_c + 1.0 h_c + 1.0 pi_c + 1.0 taur_c	1.0 ATP C10H12N5O13P3 + 1.0 H2O H2O + 1.0 Taurine C2H7NO3S → 1.0 ADP C10H12N5O10P2 + 1.0 H+ + 1.0 Phosphate + 1.0 Taurine C2H7NO3S	tauA, tauC, tauB	Q47537, Q47539, Q47538
THMDt2pp_copy1	Thymidine transport in via proton symport (periplasm)	Transport, Inner Membrane	1.0 h_p + 1.0 thymd_p → 1.0 h_c + 1.0 thymd_c	1.0 H+ + 1.0 Thymidine C10H14N2O5 → 1.0 H+ + 1.0 Thymidine C10H14N2O5	nupG, nupC	P0AFF4, P0AFF2
NMNt7pp	NMN transport via NMN glycohydrolase (periplasm)	Transport, Inner Membrane	1.0 h2o_c + 1.0 nmn_p → 1.0 h_c + 1.0 ncam_c + 1.0 r5p_c	1.0 H2O H2O + 1.0 NMN C11H14N2O8P → 1.0 H+ + 1.0 Nicotinamide + 1.0 Alpha-D-Ribose 5-phosphate	Unknown	Unknown
GLUtex	L-glutamate transport via diffusion (extracellular to periplasm)	Transport, Outer Membrane Porin	1.0 glu__L_e → 1.0 glu__L_p	1.0 L-Glutamate → 1.0 L-Glutamate	phoE, ompF, ompN, ompC	P02932, P02931, P77747, P06996
Kt2pp	Potassium transport in via proton symport (periplasm)	Inorganic Ion Transport and Metabolism	1.0 h_p + 1.0 k_p → 1.0 h_c + 1.0 k_c	1.0 H+ + 1.0 Potassium → 1.0 H+ + 1.0 Potassium	trkH, sapD, trkA, kch, sapD, trkG, trkA, kup	P0AFZ7, P0AAH4, P0AGI8, P31069, P23849, P63183
GLYtex	Glycine transport via diffusion (extracellular to periplasm)	Transport, Outer Membrane Porin	1.0 gly_e → 1.0 gly_p	1.0 Glycine → 1.0 Glycine	phoE, ompF, ompN, ompC	P02932, P02931, P77747, P06996
GLYALDtex	Glyceraldehyde transport via diffusion (extracellular to periplasm)	Transport, Outer Membrane Porin	1.0 glyald_e → 1.0 glyald_p	1.0 D-Glyceraldehyde → 1.0 D-Glyceraldehyde	phoE, ompF, ompN, ompC	P02932, P02931, P77747, P06996
AKGt2rpp	2-oxoglutarate reversible transport via symport (periplasm)	Transport, Inner Membrane	1.0 akg_p + 1.0 h_p → 1.0 akg_c + 1.0 h_c	1.0 2-Oxoglutarate + 1.0 H+ → 1.0 2-Oxoglutarate + 1.0 H+	kgtP	P0AEX3
XYLt2pp	D-xylose transport in via proton symport (periplasm)	Transport, Inner Membrane	1.0 h_p + 1.0 xyl__D_p → 1.0 h_c + 1.0 xyl__D_c	1.0 H+ + 1.0 D-Xylose → 1.0 H+ + 1.0 D-Xylose	xylE	P0AGF4
GLYBtex	Glycine betaine transport via diffusion (extracellular to periplasm)	Transport, Outer Membrane Porin	1.0 glyb_e → 1.0 glyb_p	1.0 Glycine betaine → 1.0 Glycine betaine	phoE, ompF, ompN, ompC	P02932, P02931, P77747, P06996
GLYCtex	Glycerol transport via diffusion (extracellular to periplasm)	Transport, Outer Membrane Porin	1.0 glyc_e → 1.0 glyc_p	1.0 Glycerol → 1.0 Glycerol	phoE, ompF, ompN, ompC	P02932, P02931, P77747, P06996
GLYC3Ptex	Glycerol-3-phosphate transport via diffusion (extracellular to periplasm)	Transport, Outer Membrane Porin	1.0 glyc3p_e → 1.0 glyc3p_p	1.0 Glycerol 3-phosphate → 1.0 Glycerol 3-phosphate	phoE, ompF, ompN, ompC	P02932, P02931, P77747, P06996
GLYCLTtex	Glycolate transport via diffusion (extracellular to periplasm)	Transport, Outer Membrane Porin	1.0 glyclt_e → 1.0 glyclt_p	1.0 Glycolate C2H3O3 → 1.0 Glycolate C2H3O3	phoE, ompF, ompN, ompC	P02932, P02931, P77747, P06996
GTPtex	GTP transport via diffusion (extracellular to periplasm)	Transport, Outer Membrane Porin	1.0 gtp_e → 1.0 gtp_p	1.0 GTP C10H12N5O14P3 → 1.0 GTP C10H12N5O14P3	ompN, ompC, phoE, ompF	P77747, P06996, P02932, P02931
GUAtex	Guanine transport via diffusion (extracellular to periplasm)	Transport, Outer Membrane	1.0 gua_e → 1.0 gua_p	1.0 Guanine → 1.0 Guanine	tsx	P0A927
Htex	Proton transport via diffusion (extracellular to periplasm)	Transport, Outer Membrane Porin	1.0 h_e → 1.0 h_p	1.0 H+ → 1.0 H+	phoE, ompF, ompN, ompC	P02932, P02931, P77747, P06996
H2tex	Hydrogen transport via diffusion (extracellular to periplasm)	Transport, Outer Membrane Porin	1.0 h2_e → 1.0 h2_p	1.0 Hydrogen → 1.0 Hydrogen	phoE, ompF, ompN, ompC	P02932, P02931, P77747, P06996
H2Otex	H2O transport via diffusion (extracellular to periplasm)	Transport, Outer Membrane Porin	1.0 h2o_e → 1.0 h2o_p	1.0 H2O H2O → 1.0 H2O H2O	ompL, , ompG, ompA, ompC, phoE, ompN, ompF	P76773, Unknown, P76045, P0A910, P06996, P02932, P77747, P02931
O2tpp	O2 transport via diffusion (periplasm)	Inorganic Ion Transport and Metabolism	1.0 o2_p → 1.0 o2_c	1.0 O2 O2 → 1.0 O2 O2		Unknown
PYRt2rpp	Pyruvate reversible transport via proton symport (periplasm)	Transport, Inner Membrane	1.0 h_p + 1.0 pyr_p → 1.0 h_c + 1.0 pyr_c	1.0 H+ + 1.0 Pyruvate → 1.0 H+ + 1.0 Pyruvate	Unknown	Unknown
THMabcpp	Thiamine transport via ABC system (periplasm)	Transport, Inner Membrane	1.0 atp_c + 1.0 h2o_c + 1.0 thm_p → 1.0 adp_c + 1.0 h_c + 1.0 pi_c + 1.0 thm_c	1.0 ATP C10H12N5O13P3 + 1.0 H2O H2O + 1.0 Thiamin → 1.0 ADP C10H12N5O10P2 + 1.0 H+ + 1.0 Phosphate + 1.0 Thiamin	thiQ, thiB, thiP	P31548, P31550, P31549
THMDt2pp_copy2	Thymidine transport in via proton symport (periplasm)	Transport, Inner Membrane	1.0 h_p + 1.0 thymd_p → 1.0 h_c + 1.0 thymd_c	1.0 H+ + 1.0 Thymidine C10H14N2O5 → 1.0 H+ + 1.0 Thymidine C10H14N2O5	xapB	P45562
THRabcpp	L-threonine transport via ABC system (periplasm)	Transport, Inner Membrane	1.0 atp_c + 1.0 h2o_c + 1.0 thr__L_p → 1.0 adp_c + 1.0 h_c + 1.0 pi_c + 1.0 thr__L_c	1.0 ATP C10H12N5O13P3 + 1.0 H2O H2O + 1.0 L-Threonine → 1.0 ADP C10H12N5O10P2 + 1.0 H+ + 1.0 Phosphate + 1.0 L-Threonine	livM, livG, livJ, livH, livF	P22729, P0A9S7, P0AD96, P0AEX7, P22731
TREptspp	Trehalose transport via PEP:Pyr PTS (periplasm)	Transport, Inner Membrane	1.0 pep_c + 1.0 tre_p → 1.0 pyr_c + 1.0 tre6p_c	1.0 Phosphoenolpyruvate + 1.0 Trehalose → 1.0 Pyruvate + 1.0 Alpha,alpha'-Trehalose 6-phosphate	crr, treB, ptsI, ptsH	P69783, P36672, P08839, P0AA04
XANtpp	Xanthine reversible transport (periplasm)	Transport, Inner Membrane	1.0 xan_p → 1.0 xan_c	1.0 Xanthine → 1.0 Xanthine	Unknown	Unknown
DAPtex	1,5-Diaminopentane transport via diffusion (extracellular to periplasm)	Transport, Outer Membrane Porin	1.0 15dap_e → 1.0 15dap_p	1.0 1,5-Diaminopentane → 1.0 1,5-Diaminopentane	phoE, ompF, ompN, ompC	P02932, P02931, P77747, P06996
TRPt2rpp	L-tryptophan reversible transport via proton symport (periplasm)	Transport, Inner Membrane	1.0 h_p + 1.0 trp__L_p → 1.0 h_c + 1.0 trp__L_c	1.0 H+ + 1.0 L-Tryptophan → 1.0 H+ + 1.0 L-Tryptophan	mtr, tnaB, aroP	P0AAD2, P23173, P15993
TYRt2rpp	L-tyrosine reversible transport via proton symport (periplasm)	Transport, Inner Membrane	1.0 h_p + 1.0 tyr__L_p → 1.0 h_c + 1.0 tyr__L_c	1.0 H+ + 1.0 L-Tyrosine → 1.0 H+ + 1.0 L-Tyrosine	tyrP, aroP	P0AAD4, P15993
URIt2pp_copy1	Uridine transport in via proton symport (periplasm)	Transport, Inner Membrane	1.0 h_p + 1.0 uri_p → 1.0 h_c + 1.0 uri_c	1.0 H+ + 1.0 Uridine → 1.0 H+ + 1.0 Uridine	nupG, nupC	P0AFF4, P0AFF2
URIt2pp_copy2	Uridine transport in via proton symport (periplasm)	Transport, Inner Membrane	1.0 h_p + 1.0 uri_p → 1.0 h_c + 1.0 uri_c	1.0 H+ + 1.0 Uridine → 1.0 H+ + 1.0 Uridine	xapB	P45562
VALabcpp	L-valine transport via ABC system (periplasm)	Transport, Inner Membrane	1.0 atp_c + 1.0 h2o_c + 1.0 val__L_p → 1.0 adp_c + 1.0 h_c + 1.0 pi_c + 1.0 val__L_c	1.0 ATP C10H12N5O13P3 + 1.0 H2O H2O + 1.0 L-Valine → 1.0 ADP C10H12N5O10P2 + 1.0 H+ + 1.0 Phosphate + 1.0 L-Valine	livH, livM, livJ, livG, livF	P0AEX7, P22729, P0AD96, P0A9S7, P22731
12PPDStex	(S)-Propane-1,2-diol transport via diffusion (extracellular to periplasm)	Transport, Outer Membrane Porin	1.0 12ppd__S_e → 1.0 12ppd__S_p	1.0 (S)-Propane-1,2-diol → 1.0 (S)-Propane-1,2-diol	phoE, ompF, ompN, ompC	P02932, P02931, P77747, P06996
DDGLCNtex	2-dehydro-3-deoxy-D-gluconate transport via diffusion (extracellular to periplasm)	Transport, Outer Membrane Porin	1.0 2ddglcn_e → 1.0 2ddglcn_p	1.0 2-Dehydro-3-deoxy-D-gluconate → 1.0 2-Dehydro-3-deoxy-D-gluconate	phoE, ompF, ompN, ompC	P02932, P02931, P77747, P06996
XTSNt2rpp	Xanthosine transport via proton symport (periplasm)	Transport, Inner Membrane	1.0 h_p + 1.0 xtsn_p → 1.0 h_c + 1.0 xtsn_c	1.0 H+ + 1.0 Xanthosine → 1.0 H+ + 1.0 Xanthosine	xapB	P45562
XYLabcpp	D-xylose transport via ABC system (periplasm)	Transport, Inner Membrane	1.0 atp_c + 1.0 h2o_c + 1.0 xyl__D_p → 1.0 adp_c + 1.0 h_c + 1.0 pi_c + 1.0 xyl__D_c	1.0 ATP C10H12N5O13P3 + 1.0 H2O H2O + 1.0 D-Xylose → 1.0 ADP C10H12N5O10P2 + 1.0 H+ + 1.0 Phosphate + 1.0 D-Xylose	xylH, xylF, xylG	P0AGI4, P37387, P37388
XYLUt2pp	L-xylulose transport in via proton symport (periplasm)	Transport, Inner Membrane	1.0 h_p + 1.0 xylu__L_p → 1.0 h_c + 1.0 xylu__L_c	1.0 H+ + 1.0 L-Xylulose → 1.0 H+ + 1.0 L-Xylulose	yiaM, yiaN, yiaO	P37674, P37675, P37676
THRt4pp	L-threonine  via sodium symport (periplasm)	Transport, Inner Membrane	1.0 na1_p + 1.0 thr__L_p → 1.0 na1_c + 1.0 thr__L_c	1.0 Sodium + 1.0 L-Threonine → 1.0 Sodium + 1.0 L-Threonine	sstT	P0AGE4
GALURtex	D-galacturonate transport via diffusion (extracellular to periplasm)	Transport, Outer Membrane Porin	1.0 galur_e → 1.0 galur_p	1.0 D-Galacturonate → 1.0 D-Galacturonate	phoE, ompF, ompN, ompC	P02932, P02931, P77747, P06996
FDMO	FMNH2-dependent monooxygenase	Inorganic Ion Transport and Metabolism	1.0 fmnh2_c + 1.0 isetac_c + 1.0 o2_c → 1.0 fmn_c + 1.0 gcald_c + 1.0 h2o_c + 1.0 h_c + 1.0 so3_c	1.0 Reduced FMN + 1.0 Isethionic acid + 1.0 O2 O2 → 1.0 FMN C17H19N4O9P + 1.0 Glycolaldehyde + 1.0 H2O H2O + 1.0 H+ + 1.0 Sulfite	ssuD	P80645
FEOXAMabcpp	Ferroxamine transport via ABC system (periplasm)	Inorganic Ion Transport and Metabolism	1.0 atp_c + 1.0 feoxam_p + 1.0 h2o_c → 1.0 adp_c + 1.0 feoxam_c + 1.0 h_c + 1.0 pi_c	1.0 ATP C10H12N5O13P3 + 1.0 Generic ferrioxamine-Fe-III + 1.0 H2O H2O → 1.0 ADP C10H12N5O10P2 + 1.0 Generic ferrioxamine-Fe-III + 1.0 H+ + 1.0 Phosphate	fhuD, fhuB, fhuC	P07822, P06972, P07821
GALtex	D-galactose transport via diffusion (extracellular to periplasm)	Transport, Outer Membrane Porin	1.0 gal_e → 1.0 gal_p	1.0 D-Galactose → 1.0 D-Galactose	phoE, ompF, ompN, ompC	P02932, P02931, P77747, P06996
CBL1abcpp	Cob(1)alamin transport via ABC system (periplasm)	Transport, Inner Membrane	1.0 atp_c + 1.0 cbl1_p + 1.0 h2o_c → 1.0 adp_c + 1.0 cbl1_c + 1.0 h_c + 1.0 pi_c	1.0 ATP C10H12N5O13P3 + 1.0 Cob(I)alamin + 1.0 H2O H2O → 1.0 ADP C10H12N5O10P2 + 1.0 Cob(I)alamin + 1.0 H+ + 1.0 Phosphate	btuD, btuF, btuC	P06611, P37028, P06609
ACACt2pp	Acetoacetate transport via proton symport  (periplasm)	Transport, Inner Membrane	1.0 acac_p + 1.0 h_p → 1.0 acac_c + 1.0 h_c	1.0 Acetoacetate + 1.0 H+ → 1.0 Acetoacetate + 1.0 H+	atoE	P76460
ACGAptspp	N-Acetyl-D-glucosamine transport via PEP:Pyr PTS  (periplasm)	Transport, Inner Membrane	1.0 acgam_p + 1.0 pep_c → 1.0 acgam6p_c + 1.0 pyr_c	1.0 N-Acetyl-D-glucosamine + 1.0 Phosphoenolpyruvate → 1.0 N-Acetyl-D-glucosamine 6-phosphate + 1.0 Pyruvate	ptsI, crr, ptsH, ptsG, ptsH, ptsI, nagE	P08839, P69783, P0AA04, P69786, P09323
ACMANAptspp	N-acetyl-D-mannosamine transport via PTS  (periplasm)	Transport, Inner Membrane	1.0 acmana_p + 1.0 pep_c → 1.0 acmanap_c + 1.0 pyr_c	1.0 N-Acetyl-D-mannosamine + 1.0 Phosphoenolpyruvate → 1.0 N-Acetyl-D-mannosamine 6-phosphate + 1.0 Pyruvate	ptsH, manY, ptsI, manX, manZ	P0AA04, P69801, P08839, P69797, P69805
ACNAMt2pp	N-acetylneuraminate proton symport (periplasm)	Transport, Inner Membrane	1.0 acnam_p + 1.0 h_p → 1.0 acnam_c + 1.0 h_c	1.0 N-Acetylneuraminate + 1.0 H+ → 1.0 N-Acetylneuraminate + 1.0 H+	nanT	P41036
GALCTtex	D-galactarte transport via diffusion (extracellular to periplasm)	Transport, Outer Membrane Porin	1.0 galct__D_e → 1.0 galct__D_p	1.0 D-Galactarate → 1.0 D-Galactarate	phoE, ompF, ompN, ompC	P02932, P02931, P77747, P06996
GALCTNtex	D-galactonate transport via diffusion (extracellular to periplasm)	Transport, Outer Membrane Porin	1.0 galctn__D_e → 1.0 galctn__D_p	1.0 D-Galactonate → 1.0 D-Galactonate	phoE, ompF, ompN, ompC	P02932, P02931, P77747, P06996
GALTtex	Galactitol transport via diffusion (extracellular to periplasm)	Transport, Outer Membrane Porin	1.0 galt_e → 1.0 galt_p	1.0 Galactitol → 1.0 Galactitol	phoE, ompF, ompN, ompC	P02932, P02931, P77747, P06996
FEENTERabcpp	Fe-enterobactin transport via ABC system (periplasm)	Inorganic Ion Transport and Metabolism	1.0 atp_c + 1.0 feenter_p + 1.0 h2o_c → 1.0 adp_c + 1.0 feenter_c + 1.0 h_c + 1.0 pi_c	1.0 ATP C10H12N5O13P3 + 1.0 Fe-enterobactin + 1.0 H2O H2O → 1.0 ADP C10H12N5O10P2 + 1.0 Fe-enterobactin + 1.0 H+ + 1.0 Phosphate	fepG, fepB, fepD, fepC	P23877, P0AEL6, P23876, P23878
FECRMabcpp	Ferrichrome transport via ABC system (periplasm)	Inorganic Ion Transport and Metabolism	1.0 atp_c + 1.0 fecrm_p + 1.0 h2o_c → 1.0 adp_c + 1.0 fecrm_c + 1.0 h_c + 1.0 pi_c	1.0 ATP C10H12N5O13P3 + 1.0 Ferrichrome + 1.0 H2O H2O → 1.0 ADP C10H12N5O10P2 + 1.0 Ferrichrome + 1.0 H+ + 1.0 Phosphate	fhuB, fhuD, fhuC	P06972, P07822, P07821
GAMtex	D-glucosamine transport via diffusion (extracellular to periplasm)	Transport, Outer Membrane Porin	1.0 gam_e → 1.0 gam_p	1.0 D-Glucosamine → 1.0 D-Glucosamine	phoE, ompF, ompN, ompC	P02932, P02931, P77747, P06996
GBBTNtex	Gamma-butyrobetaine transport via diffusion (extracellular to periplasm)	Transport, Outer Membrane Porin	1.0 gbbtn_e → 1.0 gbbtn_p	1.0 Gamma-butyrobetaine → 1.0 Gamma-butyrobetaine	phoE, ompF, ompN, ompC	P02932, P02931, P77747, P06996
INDOLEtex	Indole transport via diffusion (extracellular to periplasm)	Transport, Outer Membrane Porin	1.0 indole_e → 1.0 indole_p	1.0 Indole → 1.0 Indole	phoE, ompF, ompN, ompC	P02932, P02931, P77747, P06996
ARBt2rpp	L-arabinose transport via proton symport (periplasm)	Transport, Inner Membrane	1.0 arab__L_p + 1.0 h_p → 1.0 arab__L_c + 1.0 h_c	1.0 L-Arabinose + 1.0 H+ → 1.0 L-Arabinose + 1.0 H+	araE	P0AE24
DAPabcpp	M-diaminopimelic acid ABC transport (periplasm)	Transport, Inner Membrane	1.0 26dap__M_p + 1.0 atp_c + 1.0 h2o_c → 1.0 26dap__M_c + 1.0 adp_c + 1.0 h_c + 1.0 pi_c	1.0 Meso-2,6-Diaminoheptanedioate + 1.0 ATP C10H12N5O13P3 + 1.0 H2O H2O → 1.0 Meso-2,6-Diaminoheptanedioate + 1.0 ADP C10H12N5O10P2 + 1.0 H+ + 1.0 Phosphate	Unknown	Unknown
L_LACtex	L-lactate transport via diffusion (extracellular to periplasm)	Transport, Outer Membrane Porin	1.0 lac__L_e → 1.0 lac__L_p	1.0 L-Lactate → 1.0 L-Lactate	ompF, ompN, ompC, phoE	P02931, P77747, P06996, P02932
ACt4pp	Na+/Acetate symport (periplasm)	Transport, Inner Membrane	1.0 ac_p + 1.0 na1_p → 1.0 ac_c + 1.0 na1_c	1.0 Acetate + 1.0 Sodium → 1.0 Acetate + 1.0 Sodium	actP	P32705
ADEt2rpp	Adenine transport via proton symport (reversible) (periplasm)	Transport, Inner Membrane	1.0 ade_p + 1.0 h_p → 1.0 ade_c + 1.0 h_c	1.0 Adenine + 1.0 H+ → 1.0 Adenine + 1.0 H+	xanP, adeP, adeQ	P0AGM9, P31466, P31440
CO2tpp	CO2 transporter via diffusion (periplasm)	Transport, Inner Membrane	1.0 co2_p → 1.0 co2_c	1.0 CO2 CO2 → 1.0 CO2 CO2		Unknown
DHAtpp	Dihydroxyacetone transport via facilitated diffusion (periplasm)	Transport, Inner Membrane	1.0 dha_p → 1.0 dha_c	1.0 Dihydroxyacetone → 1.0 Dihydroxyacetone	Unknown	Unknown
ARGabcpp	L-arginine transport via ABC system (periplasm)	Transport, Inner Membrane	1.0 arg__L_p + 1.0 atp_c + 1.0 h2o_c → 1.0 adp_c + 1.0 arg__L_c + 1.0 h_c + 1.0 pi_c	1.0 L-Arginine + 1.0 ATP C10H12N5O13P3 + 1.0 H2O H2O → 1.0 ADP C10H12N5O10P2 + 1.0 L-Arginine + 1.0 H+ + 1.0 Phosphate	hisQ, hisP, argT, hisM, artP, artJ, artI, artQ, artM	P52094, P07109, P09551, P0AEU3, P0AAF6, P30860, P30859, P0AE34, P0AE30
ADNt2pp_copy1	Adenosine transport in via proton symport (periplasm)	Transport, Inner Membrane	1.0 adn_p + 1.0 h_p → 1.0 adn_c + 1.0 h_c	1.0 Adenosine + 1.0 H+ → 1.0 Adenosine + 1.0 H+	nupG, nupC	P0AFF4, P0AFF2
ADNt2pp_copy2	Adenosine transport in via proton symport (periplasm)	Transport, Inner Membrane	1.0 adn_p + 1.0 h_p → 1.0 adn_c + 1.0 h_c	1.0 Adenosine + 1.0 H+ → 1.0 Adenosine + 1.0 H+	xapB	P45562
ALAabcpp	L-alanine transport via ABC system (periplasm)	Transport, Inner Membrane	1.0 ala__L_p + 1.0 atp_c + 1.0 h2o_c → 1.0 adp_c + 1.0 ala__L_c + 1.0 h_c + 1.0 pi_c	1.0 L-Alanine + 1.0 ATP C10H12N5O13P3 + 1.0 H2O H2O → 1.0 ADP C10H12N5O10P2 + 1.0 L-Alanine + 1.0 H+ + 1.0 Phosphate	livF, livM, livG, livJ, livH	P22731, P22729, P0A9S7, P0AD96, P0AEX7
ALLabcpp	D-allose transport via ABC system (periplasm)	Transport, Inner Membrane	1.0 all__D_p + 1.0 atp_c + 1.0 h2o_c → 1.0 adp_c + 1.0 all__D_c + 1.0 h_c + 1.0 pi_c	1.0 D-Allose + 1.0 ATP C10H12N5O13P3 + 1.0 H2O H2O → 1.0 ADP C10H12N5O10P2 + 1.0 D-Allose + 1.0 H+ + 1.0 Phosphate	alsA, alsB, alsC	P32721, P39265, P32720
ALLTNt2rpp	Allantoin transport in via proton symport (periplasm)	Transport, Inner Membrane	1.0 alltn_p + 1.0 h_p → 1.0 alltn_c + 1.0 h_c	1.0 Allantoin + 1.0 H+ → 1.0 Allantoin + 1.0 H+	ybbW	P75712
ARBabcpp	L-arabinose transport via ABC system (periplasm)	Transport, Inner Membrane	1.0 arab__L_p + 1.0 atp_c + 1.0 h2o_c → 1.0 adp_c + 1.0 arab__L_c + 1.0 h_c + 1.0 pi_c	1.0 L-Arabinose + 1.0 ATP C10H12N5O13P3 + 1.0 H2O H2O → 1.0 ADP C10H12N5O10P2 + 1.0 L-Arabinose + 1.0 H+ + 1.0 Phosphate	araH, araF, araG	P0AE26, P02924, P0AAF3
ARGAGMt7pp	Arginine/agmatine antiport (periplasm)	Transport, Inner Membrane	1.0 agm_c + 1.0 arg__L_p → 1.0 agm_p + 1.0 arg__L_c	1.0 Agmatine + 1.0 L-Arginine → 1.0 Agmatine + 1.0 L-Arginine	adiC	P60061
ASCBptspp	L-ascorbate transport via PEP:Pyr PTS (periplasm)	Transport, Inner Membrane	1.0 ascb__L_p + 1.0 pep_c → 1.0 ascb6p_c + 1.0 pyr_c	1.0 L-Ascorbate + 1.0 Phosphoenolpyruvate → 1.0 L-ascorbate-6-phosphate + 1.0 Pyruvate	ulaC, ulaA, ptsH, ptsI, ulaB	P69820, P39301, P0AA04, P08839, P69822
ASNt2rpp	L-asparagine reversible transport via proton symport (periplasm)	Transport, Inner Membrane	1.0 asn__L_p + 1.0 h_p → 1.0 asn__L_c + 1.0 h_c	1.0 L-Asparagine + 1.0 H+ → 1.0 L-Asparagine + 1.0 H+	ansP	P77610
ASPabcpp	L-aspartate transport via ABC system (periplasm)	Transport, Inner Membrane	1.0 asp__L_p + 1.0 atp_c + 1.0 h2o_c → 1.0 adp_c + 1.0 asp__L_c + 1.0 h_c + 1.0 pi_c	1.0 L-Aspartate + 1.0 ATP C10H12N5O13P3 + 1.0 H2O H2O → 1.0 ADP C10H12N5O10P2 + 1.0 L-Aspartate + 1.0 H+ + 1.0 Phosphate	gltJ, gltL, gltI, gltK	P0AER3, P0AAG3, P37902, P0AER5
ASPt2pp	L-aspartate transport in via proton symport (periplasm)	Transport, Inner Membrane	1.0 asp__L_p + 1.0 h_p → 1.0 asp__L_c + 1.0 h_c	1.0 L-Aspartate + 1.0 H+ → 1.0 L-Aspartate + 1.0 H+	gltP	P21345
GUAtpp	Guanine transport via diffusion (periplasm)	Transport, Inner Membrane	1.0 gua_p → 1.0 gua_c	1.0 Guanine → 1.0 Guanine	ghxQ, ghxP	Q46817, P0AF52
ASPt2_2pp	Aspartate transport via proton symport (2 H) (periplasm)	Transport, Inner Membrane	1.0 asp__L_p + 2.0 h_p → 1.0 asp__L_c + 2.0 h_c	1.0 L-Aspartate + 2.0 H+ → 1.0 L-Aspartate + 2.0 H+	dctA	P0A830
HYXNtpp	Hypoxanthine transport (periplasm)	Transport, Inner Membrane	1.0 hxan_p → 1.0 hxan_c	1.0 Hypoxanthine → 1.0 Hypoxanthine	ghxP, ghxQ	P0AF52, Q46817
NACtpp	Nicotinic acid uptake (periplasm)	Transport, Inner Membrane	1.0 nac_p → 1.0 nac_c	1.0 Nicotinate → 1.0 Nicotinate	Unknown	Unknown
ASPt2_3pp	L-asparate transport via proton symport (3 H) (periplasm)	Transport, Inner Membrane	1.0 asp__L_p + 3.0 h_p → 1.0 asp__L_c + 3.0 h_c	1.0 L-Aspartate + 3.0 H+ → 1.0 L-Aspartate + 3.0 H+	dcuA, dcuB	P0ABN5, P0ABN9
HIStex	L-histidine transport via diffusion (extracellular to periplasm)	Transport, Outer Membrane Porin	1.0 his__L_e → 1.0 his__L_p	1.0 L-Histidine → 1.0 L-Histidine	phoE, ompF, ompN, ompC	P02932, P02931, P77747, P06996
FE3DCITabcpp	Iron transport from ferric-dicitrate via ABC system (periplasm)	Inorganic Ion Transport and Metabolism	1.0 atp_c + 1.0 fe3dcit_p + 1.0 h2o_c → 1.0 adp_c + 2.0 cit_c + 1.0 fe3_c + 1.0 h_c + 1.0 pi_c	1.0 ATP C10H12N5O13P3 + 1.0 Fe(III)dicitrate + 1.0 H2O H2O → 1.0 ADP C10H12N5O10P2 + 2.0 Citrate + 1.0 Iron (Fe3+) + 1.0 H+ + 1.0 Phosphate	fecE, fecD, fecC, fecB	P15031, P15029, P15030, P15028
HXAtex	Hexanoate transport via diffusion (extracellular to periplasm)	Transport, Outer Membrane Porin	1.0 hxa_e → 1.0 hxa_p	1.0 Hexanoate (n-C6:0) → 1.0 Hexanoate (n-C6:0)	phoE, ompF, ompN, ompC	P02932, P02931, P77747, P06996
HYXNtex	Hypoxanthine transport via diffusion (extracellular to periplasm)	Transport, Outer Membrane Porin	1.0 hxan_e → 1.0 hxan_p	1.0 Hypoxanthine → 1.0 Hypoxanthine	ompC, phoE, ompF, ompN	P06996, P02932, P02931, P77747
IDONtex	L-idonate transport via diffusion (extracellular to periplasm)	Transport, Outer Membrane Porin	1.0 idon__L_e → 1.0 idon__L_p	1.0 L-Idonate → 1.0 L-Idonate	phoE, ompF, ompN, ompC	P02932, P02931, P77747, P06996
ILEtex	L-isoleucine transport via diffusion (extracellular to periplasm)	Transport, Outer Membrane Porin	1.0 ile__L_e → 1.0 ile__L_p	1.0 L-Isoleucine → 1.0 L-Isoleucine	phoE, ompF, ompN, ompC	P02932, P02931, P77747, P06996
INSTtex	Inositol transport via diffusion (extracellular to periplasm)	Transport, Outer Membrane Porin	1.0 inost_e → 1.0 inost_p	1.0 Myo-Inositol → 1.0 Myo-Inositol	phoE, ompF, ompN, ompC	P02932, P02931, P77747, P06996
INStex	Inosine transport via diffusion (extracellular to periplasm)	Transport, Outer Membrane	1.0 ins_e → 1.0 ins_p	1.0 Inosine → 1.0 Inosine	tsx	P0A927
Ktex	Potassium transport via diffusion (extracellular to periplasm)	Transport, Outer Membrane Porin	1.0 k_e → 1.0 k_p	1.0 Potassium → 1.0 Potassium	phoE, ompF, ompN, ompC	P02932, P02931, P77747, P06996
CPGNtonex	Coprogen transport via ton system (extracellular)	Transport, Outer Membrane	1.0 cpgn_e + 1.0 h_p → 1.0 cpgn_p + 1.0 h_c	1.0 Coprogen + 1.0 H+ → 1.0 Coprogen + 1.0 H+	fhuE, tonB, exbD, exbB	P16869, P02929, P0ABV2, P0ABU7
GLCRtex	D-glucarate transport via diffusion (extracellular to periplasm)	Transport, Outer Membrane Porin	1.0 glcr_e → 1.0 glcr_p	1.0 D-Glucarate → 1.0 D-Glucarate	phoE, ompF, ompN, ompC	P02932, P02931, P77747, P06996
GLCNtex	D-gluconate transport via diffusion (extracellular to periplasm)	Transport, Outer Membrane Porin	1.0 glcn_e → 1.0 glcn_p	1.0 D-Gluconate → 1.0 D-Gluconate	phoE, ompF, ompN, ompC	P02932, P02931, P77747, P06996
GLCURtex	D-glucuronat transport via diffusion (extracellular to periplasm)	Transport, Outer Membrane Porin	1.0 glcur_e → 1.0 glcur_p	1.0 D-Glucuronate → 1.0 D-Glucuronate	phoE, ompF, ompN, ompC	P02932, P02931, P77747, P06996
GLNtex	L-glutamine transport via diffusion (extracellular to periplasm)	Transport, Outer Membrane Porin	1.0 gln__L_e → 1.0 gln__L_p	1.0 L-Glutamine → 1.0 L-Glutamine	ompF, ompN, ompC, phoE	P02931, P77747, P06996, P02932
O2tex	Oxygen transport via diffusion (extracellular to periplasm)	Transport, Outer Membrane Porin	1.0 o2_e → 1.0 o2_p	1.0 O2 O2 → 1.0 O2 O2	phoE, ompF, ompN, ompC	P02932, P02931, P77747, P06996
OCTAtex	Octanoate transport via diffusion (extracellular to periplasm)	Transport, Outer Membrane Porin	1.0 octa_e → 1.0 octa_p	1.0 Octanoate (n-C8:0) → 1.0 Octanoate (n-C8:0)	phoE, ompF, ompN, ompC	P02932, P02931, P77747, P06996
D_LACtex	D-lactate transport via diffusion (extracellular to periplasm)	Transport, Outer Membrane Porin	1.0 lac__D_e → 1.0 lac__D_p	1.0 D-Lactate → 1.0 D-Lactate	phoE, ompF, ompN, ompC	P02932, P02931, P77747, P06996
ORNtex	Ornithine transport via diffusion (extracellular to periplasm)	Transport, Outer Membrane Porin	1.0 orn_e → 1.0 orn_p	1.0 Ornithine → 1.0 Ornithine	phoE, ompF, ompN, ompC	P02932, P02931, P77747, P06996
FRULYStex	Fructoselysine transporter via diffusion (extracellular)	Transport, Outer Membrane Porin	1.0 frulys_e → 1.0 frulys_p	1.0 Fructoselysine → 1.0 Fructoselysine	phoE, ompF, ompN, ompC	P02932, P02931, P77747, P06996
MALTtexi	MaltoseMaltotriose transport via diffusion (extracellular to periplasm) irreversible	Transport, Outer Membrane	1.0 malt_e → 1.0 malt_p	1.0 Maltose C12H22O11 → 1.0 Maltose C12H22O11	lamB	P02943
CITt7pp	Citrate transport via succinate antiport (periplasm)	Transport, Inner Membrane	1.0 cit_p + 1.0 succ_c → 1.0 cit_c + 1.0 succ_p	1.0 Citrate + 1.0 Succinate → 1.0 Citrate + 1.0 Succinate	citT	P0AE74
CRNt7pp	Carnitine/butyrobetaine antiporter (periplasm)	Transport, Inner Membrane	1.0 crn_p + 1.0 gbbtn_c → 1.0 crn_c + 1.0 gbbtn_p	1.0 L-Carnitine + 1.0 Gamma-butyrobetaine → 1.0 L-Carnitine + 1.0 Gamma-butyrobetaine	caiT	P31553
GLCtex_copy1	Glucose transport via diffusion (extracellular to periplasm)	Transport, Outer Membrane	1.0 glc__D_e → 1.0 glc__D_p	1.0 D-Glucose → 1.0 D-Glucose	lamB	P02943
CHLabcpp	Choline transport via ABC system (periplasm)	Transport, Inner Membrane	1.0 atp_c + 1.0 chol_p + 1.0 h2o_c → 1.0 adp_c + 1.0 chol_c + 1.0 h_c + 1.0 pi_c	1.0 ATP C10H12N5O13P3 + 1.0 Choline C5H14NO + 1.0 H2O H2O → 1.0 ADP C10H12N5O10P2 + 1.0 Choline C5H14NO + 1.0 H+ + 1.0 Phosphate	yehX, yehW, osmF, yehY	P33360, P33359, P33362, P33361
DGSNt2pp	Deoxyguanosine transport in via proton symport (periplasm)	Transport, Inner Membrane	1.0 dgsn_p + 1.0 h_p → 1.0 dgsn_c + 1.0 h_c	1.0 Deoxyguanosine + 1.0 H+ → 1.0 Deoxyguanosine + 1.0 H+	nupG	P0AFF4
FE3DCITtonex	Ferric-dicitrate transport via ton system (extracellular)	Transport, Outer Membrane	1.0 fe3dcit_e + 1.0 h_p → 1.0 fe3dcit_p + 1.0 h_c	1.0 Fe(III)dicitrate + 1.0 H+ → 1.0 Fe(III)dicitrate + 1.0 H+	tonB, exbD, exbB, fecA	P02929, P0ABV2, P0ABU7, P13036
DINSt2pp	Deoxyinosine transport in via proton symport (periplasm)	Transport, Inner Membrane	1.0 din_p + 1.0 h_p → 1.0 din_c + 1.0 h_c	1.0 Deoxyinosine + 1.0 H+ → 1.0 Deoxyinosine + 1.0 H+	nupG	P0AFF4
DURIt2pp	Deoxyuridine transport in via proton symport (periplasm)	Transport, Inner Membrane	1.0 duri_p + 1.0 h_p → 1.0 duri_c + 1.0 h_c	1.0 Deoxyuridine + 1.0 H+ → 1.0 Deoxyuridine + 1.0 H+	nupC, nupG	P0AFF2, P0AFF4
FE2abcpp	Iron (II) transport via ABC system (periplasm)	Inorganic Ion Transport and Metabolism	1.0 atp_c + 1.0 fe2_p + 1.0 h2o_c → 1.0 adp_c + 1.0 fe2_c + 1.0 h_c + 1.0 pi_c	1.0 ATP C10H12N5O13P3 + 1.0 Fe2+ mitochondria + 1.0 H2O H2O → 1.0 ADP C10H12N5O10P2 + 1.0 Fe2+ mitochondria + 1.0 H+ + 1.0 Phosphate	feoB	P33650
FRUptspp	D-fructose transport via PEP:Pyr PTS (periplasm)	Transport, Inner Membrane	1.0 fru_p + 1.0 pep_c → 1.0 f1p_c + 1.0 pyr_c	1.0 D-Fructose + 1.0 Phosphoenolpyruvate → 1.0 D-Fructose 1-phosphate + 1.0 Pyruvate	ptsH, fruA, fruB, ptsI	P0AA04, P20966, P69811, P08839
FUCtpp	L-fucose transport via proton symport (periplasm)	Transport, Inner Membrane	1.0 fuc__L_p + 1.0 h_p → 1.0 fuc__L_c + 1.0 h_c	1.0 L-Fucose + 1.0 H+ → 1.0 L-Fucose + 1.0 H+	fucP	P11551
GALCTt2rpp	D-galactarte transport via proton symport, reversible (periplasm)	Transport, Inner Membrane	1.0 galct__D_p + 1.0 h_p → 1.0 galct__D_c + 1.0 h_c	1.0 D-Galactarate + 1.0 H+ → 1.0 D-Galactarate + 1.0 H+	gudP, garP	Q46916, P0AA80
GALt2pp	D-galactose transport in via proton symport (periplasm)	Transport, Inner Membrane	1.0 gal_p + 1.0 h_p → 1.0 gal_c + 1.0 h_c	1.0 D-Galactose + 1.0 H+ → 1.0 D-Galactose + 1.0 H+	galP	P0AEP1
ASPtex	L-aspartate transport via diffusion (extracellular to periplasm)	Transport, Outer Membrane Porin	1.0 asp__L_e → 1.0 asp__L_p	1.0 L-Aspartate → 1.0 L-Aspartate	phoE, ompF, ompN, ompC	P02932, P02931, P77747, P06996
ABUTt2pp	4-aminobutyrate transport in via proton symport (periplasm)	Transport, Inner Membrane	1.0 4abut_p + 1.0 h_p → 1.0 4abut_c + 1.0 h_c	1.0 4-Aminobutanoate + 1.0 H+ → 1.0 4-Aminobutanoate + 1.0 H+	gabP	P25527
FUMt2_2pp	Fumarate transport via proton symport (2 H) (periplasm)	Transport, Inner Membrane	1.0 fum_p + 2.0 h_p → 1.0 fum_c + 2.0 h_c	1.0 Fumarate + 2.0 H+ → 1.0 Fumarate + 2.0 H+	dctA	P0A830
FUMt2_3pp	Fumarate transport via proton symport (3 H) (periplasm)	Transport, Inner Membrane	1.0 fum_p + 3.0 h_p → 1.0 fum_c + 3.0 h_c	1.0 Fumarate + 3.0 H+ → 1.0 Fumarate + 3.0 H+	dcuA, dcuB, dcuC	P0ABN5, P0ABN9, P0ABP3
PHEtex	L-phenylalanine transport via diffusion (extracellular to periplasm)	Transport, Outer Membrane Porin	1.0 phe__L_e → 1.0 phe__L_p	1.0 L-Phenylalanine → 1.0 L-Phenylalanine	phoE, ompF, ompN, ompC	P02932, P02931, P77747, P06996
FEENTERtonex	Fe-enterobactin transport via ton system (extracellular)	Transport, Outer Membrane	1.0 feenter_e + 1.0 h_p → 1.0 feenter_p + 1.0 h_c	1.0 Fe-enterobactin + 1.0 H+ → 1.0 Fe-enterobactin + 1.0 H+	fepA, tonB, exbD, exbB	P05825, P02929, P0ABV2, P0ABU7
CSNt2pp	Cytosine transport in via proton symport (periplasm)	Transport, Inner Membrane	1.0 csn_p + 1.0 h_p → 1.0 csn_c + 1.0 h_c	1.0 Cytosine + 1.0 H+ → 1.0 Cytosine + 1.0 H+	codB	P0AA82
CYNTt2pp	Cyanate transport via proton symport (periplasm)	Transport, Inner Membrane	1.0 cynt_p + 1.0 h_p → 1.0 cynt_c + 1.0 h_c	1.0 Cyanate + 1.0 H+ → 1.0 Cyanate + 1.0 H+	cynX	P17583
CYSabcpp	L-cysteine uptake via ABC system (periplasm)	Transport, Inner Membrane	1.0 atp_c + 1.0 cys__L_p + 1.0 h2o_c → 1.0 adp_c + 1.0 cys__L_c + 1.0 h_c + 1.0 pi_c	1.0 ATP C10H12N5O13P3 + 1.0 L-Cysteine + 1.0 H2O H2O → 1.0 ADP C10H12N5O10P2 + 1.0 L-Cysteine + 1.0 H+ + 1.0 Phosphate	yecS, fliY, yecC	P0AFT2, P0AEM9, P37774
SBTptspp	D-sorbitol transport via PEP:Pyr PTS (periplasm)	Transport, Inner Membrane	1.0 pep_c + 1.0 sbt__D_p → 1.0 pyr_c + 1.0 sbt6p_c	1.0 Phosphoenolpyruvate + 1.0 D-Sorbitol → 1.0 Pyruvate + 1.0 D-Sorbitol 6-phosphate	ptsI, srlB, srlE, srlA, ptsH	P08839, P05706, P56580, P56579, P0AA04
PItex	Phosphate transport via diffusion (extracellular to periplasm)	Transport, Outer Membrane Porin	1.0 pi_e → 1.0 pi_p	1.0 Phosphate → 1.0 Phosphate	phoE, ompF, ompN, ompC	P02932, P02931, P77747, P06996
CYTDt2pp_copy1	Cytidine transport in via proton symport (periplasm)	Transport, Inner Membrane	1.0 cytd_p + 1.0 h_p → 1.0 cytd_c + 1.0 h_c	1.0 Cytidine + 1.0 H+ → 1.0 Cytidine + 1.0 H+	nupC, nupG	P0AFF2, P0AFF4
CYTDt2pp_copy2	Cytidine transport in via proton symport (periplasm)	Transport, Inner Membrane	1.0 cytd_p + 1.0 h_p → 1.0 cytd_c + 1.0 h_c	1.0 Cytidine + 1.0 H+ → 1.0 Cytidine + 1.0 H+	xapB	P45562
DADNt2pp	Deoxyadenosine transport in via proton symport (periplasm)	Transport, Inner Membrane	1.0 dad_2_p + 1.0 h_p → 1.0 dad_2_c + 1.0 h_c	1.0 Deoxyadenosine + 1.0 H+ → 1.0 Deoxyadenosine + 1.0 H+	nupC, nupG	P0AFF2, P0AFF4
DCYTt2pp	Deoxycytidine transport in via proton symport (periplasm)	Transport, Inner Membrane	1.0 dcyt_p + 1.0 h_p → 1.0 dcyt_c + 1.0 h_c	1.0 Deoxycytidine + 1.0 H+ → 1.0 Deoxycytidine + 1.0 H+	nupC, nupG	P0AFF2, P0AFF4
ACALDtpp	Acetaldehyde reversible transport (periplasm)	Transport, Inner Membrane	1.0 acald_p → 1.0 acald_c	1.0 Acetaldehyde → 1.0 Acetaldehyde		Unknown
ACt2rpp	Acetate reversible transport via proton symport (periplasm)	Transport, Inner Membrane	1.0 ac_p + 1.0 h_p → 1.0 ac_c + 1.0 h_c	1.0 Acetate + 1.0 H+ → 1.0 Acetate + 1.0 H+	satP	P0AC98
DDGLCNt2rpp	2-dehydro-3-deoxy-D-gluconate transport via proton symport, reversible (periplasm)	Transport, Inner Membrane	1.0 2ddglcn_p + 1.0 h_p → 1.0 2ddglcn_c + 1.0 h_c	1.0 2-Dehydro-3-deoxy-D-gluconate + 1.0 H+ → 1.0 2-Dehydro-3-deoxy-D-gluconate + 1.0 H+	kdgT	P0A712
RMNtex	L-rhamnose transport via diffusion (extracellular to periplasm)	Transport, Outer Membrane Porin	1.0 rmn_e → 1.0 rmn_p	1.0 L-Rhamnose → 1.0 L-Rhamnose	phoE, ompC, ompF, ompN	P02932, P06996, P02931, P77747
MALTTRtexi	Maltotriose transport via diffusion (extracellular to periplasm) irreversible	Transport, Outer Membrane	1.0 malttr_e → 1.0 malttr_p	1.0 Maltotriose C18H32O16 → 1.0 Maltotriose C18H32O16	lamB	P02943
MALTTTRtexi	MaltotetraoseMaltotriose transport via diffusion (extracellular to periplasm) irreversible	Transport, Outer Membrane	1.0 maltttr_e → 1.0 maltttr_p	1.0 Maltotetraose → 1.0 Maltotetraose	lamB	P02943
MALTPTtexi	MaltopentaoseMaltotriose transport via diffusion (extracellular to periplasm) irreversible	Transport, Outer Membrane	1.0 maltpt_e → 1.0 maltpt_p	1.0 Maltopentaose → 1.0 Maltopentaose	lamB	P02943
LCTStex	Lactose transport via diffusion (extracellular to periplasm)	Transport, Outer Membrane Porin	1.0 lcts_e → 1.0 lcts_p	1.0 Lactose C12H22O11 → 1.0 Lactose C12H22O11	phoE, ompF, ompN, ompC	P02932, P02931, P77747, P06996
LEUtex	L-leucine transport via diffusion (extracellular to periplasm)	Transport, Outer Membrane Porin	1.0 leu__L_e → 1.0 leu__L_p	1.0 L-Leucine → 1.0 L-Leucine	phoE, ompF, ompN, ompC	P02932, P02931, P77747, P06996
LYStex	L-lysine transport via diffusion (extracellular to periplasm)	Transport, Outer Membrane Porin	1.0 lys__L_e → 1.0 lys__L_p	1.0 L-Lysine → 1.0 L-Lysine	phoE, ompF, ompN, ompC	P02932, P02931, P77747, P06996
FDMO3	FMNH2-dependent monooxygenase (ethanesulfonate)	Inorganic Ion Transport and Metabolism	1.0 ethso3_c + 1.0 fmnh2_c + 1.0 o2_c → 1.0 acald_c + 1.0 fmn_c + 1.0 h2o_c + 1.0 h_c + 1.0 so3_c	1.0 Ethanesulfonate + 1.0 Reduced FMN + 1.0 O2 O2 → 1.0 Acetaldehyde + 1.0 FMN C17H19N4O9P + 1.0 H2O H2O + 1.0 H+ + 1.0 Sulfite	ssuD	P80645
LYXtex	L-Lyxose transport via diffusion (extracellular to periplasm)	Transport, Outer Membrane Porin	1.0 lyx__L_e → 1.0 lyx__L_p	1.0 L-Lyxose → 1.0 L-Lyxose	phoE, ompF, ompN, ompC	P02932, P02931, P77747, P06996
MANtex	D-mannose transport via diffusion (extracellular to periplasm)	Transport, Outer Membrane Porin	1.0 man_e → 1.0 man_p	1.0 D-Mannose → 1.0 D-Mannose	phoE, ompF, ompN, ompC	P02932, P02931, P77747, P06996
MAN6Ptex	Mannose 6-phosphate transport via diffusion (extracellular to periplasm)	Transport, Outer Membrane Porin	1.0 man6p_e → 1.0 man6p_p	1.0 D-Mannose 6-phosphate → 1.0 D-Mannose 6-phosphate	ompC, phoE, ompF, ompN	P06996, P02932, P02931, P77747
FDMO4	FMNH2-dependent monooxygenase (butanesulfonate)	Inorganic Ion Transport and Metabolism	1.0 butso3_c + 1.0 fmnh2_c + 1.0 o2_c → 1.0 btal_c + 1.0 fmn_c + 1.0 h2o_c + 1.0 h_c + 1.0 so3_c	1.0 Butanesulfonate + 1.0 Reduced FMN + 1.0 O2 O2 → 1.0 Butanal C4H8O + 1.0 FMN C17H19N4O9P + 1.0 H2O H2O + 1.0 H+ + 1.0 Sulfite	ssuD	P80645
CYSabc2pp	L-cysteine export via ABC system (cytoplasm to periplasm)	Transport, Inner Membrane	1.0 atp_c + 1.0 cys__L_c + 1.0 h2o_c → 1.0 adp_c + 1.0 cys__L_p + 1.0 h_c + 1.0 pi_c	1.0 ATP C10H12N5O13P3 + 1.0 L-Cysteine + 1.0 H2O H2O → 1.0 ADP C10H12N5O10P2 + 1.0 L-Cysteine + 1.0 H+ + 1.0 Phosphate	cydD, cydC	P29018, P23886
BUTSO3abcpp	Butanesulfonate transport via ABC system (periplasm)	Transport, Inner Membrane	1.0 atp_c + 1.0 butso3_p + 1.0 h2o_c → 1.0 adp_c + 1.0 butso3_c + 1.0 h_c + 1.0 pi_c	1.0 ATP C10H12N5O13P3 + 1.0 Butanesulfonate + 1.0 H2O H2O → 1.0 ADP C10H12N5O10P2 + 1.0 Butanesulfonate + 1.0 H+ + 1.0 Phosphate	ssuC, ssuB, ssuA, tauB, tauA, tauC	P75851, P0AAI1, P75853, Q47538, Q47537, Q47539
ETHSO3abcpp	Ethanesulfonate transport via ABC system (periplasm)	Transport, Inner Membrane	1.0 atp_c + 1.0 ethso3_p + 1.0 h2o_c → 1.0 adp_c + 1.0 ethso3_c + 1.0 h_c + 1.0 pi_c	1.0 ATP C10H12N5O13P3 + 1.0 Ethanesulfonate + 1.0 H2O H2O → 1.0 ADP C10H12N5O10P2 + 1.0 Ethanesulfonate + 1.0 H+ + 1.0 Phosphate	ssuC, ssuB, ssuA	P75851, P0AAI1, P75853
MELIBtex	Melibiose transport via diffusion (extracellular to periplasm)	Transport, Outer Membrane Porin	1.0 melib_e → 1.0 melib_p	1.0 Melibiose C12H22O11 → 1.0 Melibiose C12H22O11	phoE, ompF, ompN, ompC	P02932, P02931, P77747, P06996
DMSOtex	Dimethyl sulfoxide transport via diffusion (extracellular to periplasm)	Transport, Outer Membrane Porin	1.0 dmso_e → 1.0 dmso_p	1.0 Dimethyl sulfoxide → 1.0 Dimethyl sulfoxide	phoE, ompF, ompN, ompC	P02932, P02931, P77747, P06996
DURItex	Deoxyuridine transport via diffusion (extracellular to periplasm)	Transport, Outer Membrane	1.0 duri_e → 1.0 duri_p	1.0 Deoxyuridine → 1.0 Deoxyuridine	tsx	P0A927
FRUtex	D-fructose transport via diffusion (extracellular to periplasm)	Transport, Outer Membrane Porin	1.0 fru_e → 1.0 fru_p	1.0 D-Fructose → 1.0 D-Fructose	phoE, ompF, ompN, ompC	P02932, P02931, P77747, P06996
FUCtex	L-fucose transport via diffusion (extracellular to periplasm)	Transport, Outer Membrane Porin	1.0 fuc__L_e → 1.0 fuc__L_p	1.0 L-Fucose → 1.0 L-Fucose	phoE, ompF, ompN, ompC	P02932, P02931, P77747, P06996
FUMtex	Fumarate transport via diffusion (extracellular to periplasm)	Transport, Outer Membrane Porin	1.0 fum_e → 1.0 fum_p	1.0 Fumarate → 1.0 Fumarate	phoE, ompF, ompN, ompC	P02932, P02931, P77747, P06996
FE2tex	Iron (II) transport via diffusion (extracellular to periplasm)	Transport, Outer Membrane Porin	1.0 fe2_e → 1.0 fe2_p	1.0 Fe2+ mitochondria → 1.0 Fe2+ mitochondria	ompN, ompC, phoE, ompF	P77747, P06996, P02932, P02931
NMNtex	NMN transport via diffusion (extracellular to periplasm)	Transport, Outer Membrane Porin	1.0 nmn_e → 1.0 nmn_p	1.0 NMN C11H14N2O8P → 1.0 NMN C11H14N2O8P	phoE, ompF, ompN, ompC	P02932, P02931, P77747, P06996
ENTERES	Enterochelin Esterase	Inorganic Ion Transport and Metabolism	1.0 enter_c + 3.0 h2o_c → 3.0 23dhbzs_c + 3.0 h_c	1.0 Enterochelin + 3.0 H2O H2O → 3.0 2,3-dihydroxybenzoylserine + 3.0 H+	fes	P13039
NO2tex	Nitrite transport via diffusion (extracellular to periplasm)	Transport, Outer Membrane Porin	1.0 no2_e → 1.0 no2_p	1.0 Nitrite → 1.0 Nitrite	phoE, ompF, ompN, ompC	P02932, P02931, P77747, P06996
FEOXAMUtex	Ferroxamine (minus Fe3) secretion (to extracellular)	Inorganic Ion Transport and Metabolism	1.0 feoxam_un_p + 1.0 h_p → 1.0 feoxam_un_e + 1.0 h_c	1.0 Ferroxamine minus Fe(3) + 1.0 H+ → 1.0 Ferroxamine minus Fe(3) + 1.0 H+	Unknown	Unknown
ARBTNtpp	Aerobactin secretion (to periplasm)	Inorganic Ion Transport and Metabolism	1.0 arbtn_c + 1.0 h_p → 1.0 arbtn_p + 1.0 h_c	1.0 Aerobactin minus Fe3 + 1.0 H+ → 1.0 Aerobactin minus Fe3 + 1.0 H+	Unknown	Unknown
ARBTNtex	Aerobactin secretion (to extracellular)	Transport, Outer Membrane	1.0 arbtn_p + 1.0 h_p → 1.0 arbtn_e + 1.0 h_c	1.0 Aerobactin minus Fe3 + 1.0 H+ → 1.0 Aerobactin minus Fe3 + 1.0 H+	Unknown	Unknown
BUTt2rpp	Butyrate transport via proton symport, reversible (periplasm)	Transport, Inner Membrane	1.0 but_p + 1.0 h_p → 1.0 but_c + 1.0 h_c	1.0 Butyrate (n-C4:0) + 1.0 H+ → 1.0 Butyrate (n-C4:0) + 1.0 H+	atoE	P76460
CADVtpp	Lysine/Cadaverine antiporter (periplasm)	Transport, Inner Membrane	1.0 15dap_c + 1.0 h_p + 1.0 lys__L_p → 1.0 15dap_p + 1.0 h_c + 1.0 lys__L_c	1.0 1,5-Diaminopentane + 1.0 H+ + 1.0 L-Lysine → 1.0 1,5-Diaminopentane + 1.0 H+ + 1.0 L-Lysine	cadB	P0AAE8
23CAMPtex	23cAMP transport via diffusion (extracellular to periplasm)	Transport, Outer Membrane Porin	1.0 23camp_e → 1.0 23camp_p	1.0 2',3'-Cyclic AMP → 1.0 2',3'-Cyclic AMP	phoE, ompF, ompN, ompC	P02932, P02931, P77747, P06996
23CCMPtex	23cCMP transport via diffusion (extracellular to periplasm)	Transport, Outer Membrane Porin	1.0 23ccmp_e → 1.0 23ccmp_p	1.0 2',3'-Cyclic CMP → 1.0 2',3'-Cyclic CMP	phoE, ompF, ompN, ompC	P02932, P02931, P77747, P06996
23CUMPtex	23cUMP transport via diffusion (extracellular to periplasm)	Transport, Outer Membrane Porin	1.0 23cump_e → 1.0 23cump_p	1.0 2',3'-Cyclic UMP → 1.0 2',3'-Cyclic UMP	phoE, ompF, ompN, ompC	P02932, P02931, P77747, P06996
23CGMPtex	23cGMP transport via diffusion (extracellular to periplasm)	Transport, Outer Membrane Porin	1.0 23cgmp_e → 1.0 23cgmp_p	1.0 2',3'-Cyclic GMP → 1.0 2',3'-Cyclic GMP	phoE, ompF, ompN, ompC	P02932, P02931, P77747, P06996
3AMPtex	3AMP transport via diffusion (extracellular to periplasm)	Transport, Outer Membrane Porin	1.0 3amp_e → 1.0 3amp_p	1.0 3  AMP C10H12N5O7P → 1.0 3  AMP C10H12N5O7P	phoE, ompF, ompN, ompC	P02932, P02931, P77747, P06996
3CMPtex	3CMP transport via diffusion (extracellular to periplasm)	Transport, Outer Membrane Porin	1.0 3cmp_e → 1.0 3cmp_p	1.0 3  CMP C9H12N3O8P → 1.0 3  CMP C9H12N3O8P	phoE, ompF, ompN, ompC	P02932, P02931, P77747, P06996
GDPtex	GDP transport via diffusion (extracellular to periplasm)	Transport, Outer Membrane Porin	1.0 gdp_e → 1.0 gdp_p	1.0 GDP C10H12N5O11P2 → 1.0 GDP C10H12N5O11P2	ompF, ompN, ompC, phoE	P02931, P77747, P06996, P02932
FEENTERtpp	Enterochelin transport (secretion)	Transport, Inner Membrane	1.0 enter_c + 1.0 h_p → 1.0 enter_p + 1.0 h_c	1.0 Enterochelin + 1.0 H+ → 1.0 Enterochelin + 1.0 H+	entS	P24077
TMAtex	Trimethylamine transport via diffusion (extracellular to periplasm)	Transport, Outer Membrane Porin	1.0 tma_e → 1.0 tma_p	1.0 Trimethylamine → 1.0 Trimethylamine	phoE, ompF, ompN, ompC	P02932, P02931, P77747, P06996
TMAOtex	Trimethylamine N-oxide transport via diffusion (extracellular to periplasm)	Transport, Outer Membrane Porin	1.0 tmao_e → 1.0 tmao_p	1.0 Trimethylamine N-oxide → 1.0 Trimethylamine N-oxide	phoE, ompF, ompN, ompC	P02932, P02931, P77747, P06996
TREtex	Trehalose transport via diffusion (extracellular to periplasm)	Transport, Outer Membrane Porin	1.0 tre_e → 1.0 tre_p	1.0 Trehalose → 1.0 Trehalose	phoE, ompF, ompN, ompC	P02932, P02931, P77747, P06996
FEENTERtex	Enterochelin transport (secretion periplasm)	Inorganic Ion Transport and Metabolism	1.0 enter_p + 1.0 h_p → 1.0 enter_e + 1.0 h_c	1.0 Enterochelin + 1.0 H+ → 1.0 Enterochelin + 1.0 H+	tolC	P02930
FE3HOXUtpp	Fe(III)hydroxamate unloaded secretion (extracellular)	Inorganic Ion Transport and Metabolism	1.0 fe3hox_un_p + 1.0 h_p → 1.0 fe3hox_un_e + 1.0 h_c	1.0 Fe(III)hydoxamate, unloaded + 1.0 H+ → 1.0 Fe(III)hydoxamate, unloaded + 1.0 H+	Unknown	Unknown
FEOXAMUtpp	Ferroxamine (minus Fe3) secretion (to periplasm)	Inorganic Ion Transport and Metabolism	1.0 feoxam_un_c + 1.0 h_p → 1.0 feoxam_un_p + 1.0 h_c	1.0 Ferroxamine minus Fe(3) + 1.0 H+ → 1.0 Ferroxamine minus Fe(3) + 1.0 H+	Unknown	Unknown
FECRMUtpp	Ferrichrome (minus Fe) secretion (to periplasm)	Inorganic Ion Transport and Metabolism	1.0 fecrm_un_c + 1.0 h_p → 1.0 fecrm_un_p + 1.0 h_c	1.0 Ferrichrome minus Fe(III) + 1.0 H+ → 1.0 Ferrichrome minus Fe(III) + 1.0 H+	Unknown	Unknown
FE3HOXR2	Fe(III)hydroxamate reductase	Inorganic Ion Transport and Metabolism	2.0 fe3hox_c + 1.0 fmnh2_c → 2.0 fe2_c + 2.0 fe3hox_un_c + 1.0 fmn_c + 2.0 h_c	2.0 Fe(III)hydroxamate + 1.0 Reduced FMN → 2.0 Fe2+ mitochondria + 2.0 Fe(III)hydoxamate, unloaded + 1.0 FMN C17H19N4O9P + 2.0 H+	Unknown	Unknown
TRPtex	L-tryptophan transport via diffusion (extracellular to periplasm)	Transport, Outer Membrane Porin	1.0 trp__L_e → 1.0 trp__L_p	1.0 L-Tryptophan → 1.0 L-Tryptophan	phoE, ompF, ompN, ompC	P02932, P02931, P77747, P06996
PTRCt2pp	Putrescine transport in via proton symport	Transport, Inner Membrane	1.0 h_p + 1.0 ptrc_p → 1.0 h_c + 1.0 ptrc_c	1.0 H+ + 1.0 Putrescine → 1.0 H+ + 1.0 Putrescine	potE, puuP, plaP	P0AAF1, P76037, P0AA47
PNTOtex	Pantothenate transport via diffusion (extracellular to periplasm)	Transport, Outer Membrane Porin	1.0 pnto__R_e → 1.0 pnto__R_p	1.0 (R)-Pantothenate → 1.0 (R)-Pantothenate	phoE, ompF, ompN, ompC	P02932, P02931, P77747, P06996
FDMO6	FMNH2-dependent monooxygenase (sulfoacetate)	Inorganic Ion Transport and Metabolism	1.0 fmnh2_c + 1.0 o2_c + 1.0 sulfac_c → 1.0 fmn_c + 1.0 glx_c + 1.0 h2o_c + 1.0 h_c + 1.0 so3_c	1.0 Reduced FMN + 1.0 O2 O2 + 1.0 Sulfoacetate → 1.0 FMN C17H19N4O9P + 1.0 Glyoxylate + 1.0 H2O H2O + 1.0 H+ + 1.0 Sulfite	ssuD	P80645
TSULtex	Thiosulfate transport via diffusion (extracellular to periplasm)	Transport, Outer Membrane Porin	1.0 tsul_e → 1.0 tsul_p	1.0 Thiosulfate → 1.0 Thiosulfate	phoE, ompF, ompN, ompC	P02932, P02931, P77747, P06996
TYRtex	L-tyrosine transport via diffusion (extracellular to periplasm)	Transport, Outer Membrane Porin	1.0 tyr__L_e → 1.0 tyr__L_p	1.0 L-Tyrosine → 1.0 L-Tyrosine	phoE, ompF, ompN, ompC	P02932, P02931, P77747, P06996
URAtex	Uracil transport via diffusion (extracellular to periplasm)	Transport, Outer Membrane Porin	1.0 ura_e → 1.0 ura_p	1.0 Uracil → 1.0 Uracil	phoE, ompF, ompN, ompC	P02932, P02931, P77747, P06996
UREAtex	Urea transport via diffusion (extracellular to periplasm)	Transport, Outer Membrane Porin	1.0 urea_e → 1.0 urea_p	1.0 Urea CH4N2O → 1.0 Urea CH4N2O	phoE, ompF, ompN, ompC	P02932, P02931, P77747, P06996
URItex	Uridine transport via diffusion (extracellular to periplasm)	Transport, Outer Membrane	1.0 uri_e → 1.0 uri_p	1.0 Uridine → 1.0 Uridine	tsx	P0A927
SULFACabcpp	Sulfoacetate transport via ABC system (periplasm)	Transport, Inner Membrane	1.0 atp_c + 1.0 h2o_c + 1.0 sulfac_p → 1.0 adp_c + 1.0 h_c + 1.0 pi_c + 1.0 sulfac_c	1.0 ATP C10H12N5O13P3 + 1.0 H2O H2O + 1.0 Sulfoacetate → 1.0 ADP C10H12N5O10P2 + 1.0 H+ + 1.0 Phosphate + 1.0 Sulfoacetate	ssuC, ssuB, ssuA	P75851, P0AAI1, P75853
ETHSO3tex	Ethanesulfonate transport via diffusion (extracellular to periplasm)	Transport, Outer Membrane Porin	1.0 ethso3_e → 1.0 ethso3_p	1.0 Ethanesulfonate → 1.0 Ethanesulfonate	phoE, ompF, ompN, ompC	P02932, P02931, P77747, P06996
BUTSO3tex	Butanesulfonate transport via diffusion (extracellular to periplasm)	Transport, Outer Membrane Porin	1.0 butso3_e → 1.0 butso3_p	1.0 Butanesulfonate → 1.0 Butanesulfonate	phoE, ompF, ompN, ompC	P02932, P02931, P77747, P06996
LIPOtex	Lipoate transport via diffusion (extracellular to periplasm)	Transport, Outer Membrane Porin	1.0 lipoate_e → 1.0 lipoate_p	1.0 Lipoate → 1.0 Lipoate	ompN, ompC, ompF, phoE	P77747, P06996, P02931, P02932
CYANSTpp	Cyanide sulfurtransferase (periplasmic)	Inorganic Ion Transport and Metabolism	1.0 cyan_p + 1.0 tsul_p → 1.0 h_p + 1.0 so3_p + 1.0 tcynt_p	1.0 Hydrogen cyanide + 1.0 Thiosulfate → 1.0 H+ + 1.0 Sulfite + 1.0 Thiocyanate	pspE	P23857
VALtex	L-valine transport via diffusion (extracellular to periplasm)	Transport, Outer Membrane Porin	1.0 val__L_e → 1.0 val__L_p	1.0 L-Valine → 1.0 L-Valine	phoE, ompF, ompN, ompC	P02932, P02931, P77747, P06996
XANtex	Xanthine transport via diffusion (extracellular to periplasm)	Transport, Outer Membrane Porin	1.0 xan_e → 1.0 xan_p	1.0 Xanthine → 1.0 Xanthine	phoE, ompF, ompN, ompC	P02932, P02931, P77747, P06996
XYLtex	D-xylose transport via diffusion (extracellular to periplasm)	Transport, Outer Membrane Porin	1.0 xyl__D_e → 1.0 xyl__D_p	1.0 D-Xylose → 1.0 D-Xylose	phoE, ompF, ompN, ompC	P02932, P02931, P77747, P06996
PPPNtex	3-phenylpropionate transport via diffusion (extracellular to periplasm)	Transport, Outer Membrane Porin	1.0 pppn_e → 1.0 pppn_p	1.0 Phenylpropanoate → 1.0 Phenylpropanoate	phoE, ompF, ompN, ompC	P02932, P02931, P77747, P06996
ABUTtex	4-aminobutyrate transport via diffusion (extracellular to periplasm)	Transport, Outer Membrane Porin	1.0 4abut_e → 1.0 4abut_p	1.0 4-Aminobutanoate → 1.0 4-Aminobutanoate	phoE, ompF, ompN, ompC	P02932, P02931, P77747, P06996
FORtppi	Formate transport via diffusion (cytoplasm to periplasm)	Transport, Inner Membrane	1.0 for_c → 1.0 for_p	1.0 Formate → 1.0 Formate	focA, focB	P0AC23, P77733
PHEMEabcpp	Protoheme transport via ABC system (periplasm)	Transport, Inner Membrane	1.0 atp_c + 1.0 h2o_c + 1.0 pheme_c → 1.0 adp_c + 1.0 h_c + 1.0 pheme_p + 1.0 pi_c	1.0 ATP C10H12N5O13P3 + 1.0 H2O H2O + 1.0 Protoheme C34H30FeN4O4 → 1.0 ADP C10H12N5O10P2 + 1.0 H+ + 1.0 Protoheme C34H30FeN4O4 + 1.0 Phosphate	ccmD, ccmC, ccmE, ccmB, ccmA	P0ABM5, P0ABM1, P69490, P0ABL8, P33931
METSOX1abcpp	L-methionine S-oxide transport via ABC system (periplasm)	Transport, Inner Membrane	1.0 atp_c + 1.0 h2o_c + 1.0 metsox_S__L_p → 1.0 adp_c + 1.0 h_c + 1.0 metsox_S__L_c + 1.0 pi_c	1.0 ATP C10H12N5O13P3 + 1.0 H2O H2O + 1.0 L-Methionine Sulfoxide → 1.0 ADP C10H12N5O10P2 + 1.0 H+ + 1.0 L-Methionine Sulfoxide + 1.0 Phosphate	Unknown	Unknown
PPTtex	Phosphonate transport via diffusion (extracellular to periplasm)	Transport, Outer Membrane Porin	1.0 ppt_e → 1.0 ppt_p	1.0 Phosphonate → 1.0 Phosphonate	phoE, ompF, ompN, ompC	P02932, P02931, P77747, P06996
GALBDtex	Beta D-galactose transport via diffusion (extracellular to periplasm)	Transport, Outer Membrane Porin	1.0 gal_bD_e → 1.0 gal_bD_p	1.0 Beta D-Galactose → 1.0 Beta D-Galactose	ompC, phoE, ompF, ompN	P06996, P02932, P02931, P77747
PTRCtex	Putrescine transport via diffusion (extracellular to periplasm)	Transport, Outer Membrane Porin	1.0 ptrc_e → 1.0 ptrc_p	1.0 Putrescine → 1.0 Putrescine	phoE, ompF, ompN, ompC	P02932, P02931, P77747, P06996
FE3HOXR3	Fe(III)hydroxamate reductase	Inorganic Ion Transport and Metabolism	2.0 fe3hox_c + 1.0 rbflvrd_c → 2.0 fe2_c + 2.0 fe3hox_un_c + 2.0 h_c + 1.0 ribflv_c	2.0 Fe(III)hydroxamate + 1.0 Reduced riboflavin → 2.0 Fe2+ mitochondria + 2.0 Fe(III)hydoxamate, unloaded + 2.0 H+ + 1.0 Riboflavin C17H20N4O6	Unknown	Unknown
FEENTERR1	Fe-enterobactin reduction (Fe(III)-unloading)	Inorganic Ion Transport and Metabolism	1.0 fadh2_c + 2.0 feenter_c → 2.0 enter_c + 1.0 fad_c + 2.0 fe2_c + 2.0 h_c	1.0 Flavin adenine dinucleotide reduced + 2.0 Fe-enterobactin → 2.0 Enterochelin + 1.0 Flavin adenine dinucleotide oxidized + 2.0 Fe2+ mitochondria + 2.0 H+	Unknown	Unknown
PYRtex	Pyruvate transport via diffusion (extracellular to periplasm)	Transport, Outer Membrane Porin	1.0 pyr_e → 1.0 pyr_p	1.0 Pyruvate → 1.0 Pyruvate	phoE, ompF, ompN, ompC	P02932, P02931, P77747, P06996
CU1abcpp	Copper (Cu +1) ABC transporter (periplasm)	Inorganic Ion Transport and Metabolism	1.0 atp_c + 1.0 cu_c + 1.0 h2o_c → 1.0 adp_c + 1.0 cu_p + 1.0 h_c + 1.0 pi_c	1.0 ATP C10H12N5O13P3 + 1.0 Cu+ + 1.0 H2O H2O → 1.0 ADP C10H12N5O10P2 + 1.0 Cu+ + 1.0 H+ + 1.0 Phosphate	copA	Q59385
HG2abcpp	Mercury (Hg+2) ABC transporter (periplasm)	Inorganic Ion Transport and Metabolism	1.0 atp_c + 1.0 h2o_c + 1.0 hg2_c → 1.0 adp_c + 1.0 h_c + 1.0 hg2_p + 1.0 pi_c	1.0 ATP C10H12N5O13P3 + 1.0 H2O H2O + 1.0 Mercury  charged 2  Hg → 1.0 ADP C10H12N5O10P2 + 1.0 H+ + 1.0 Mercury  charged 2  Hg + 1.0 Phosphate	zntA	P37617
FEENTERR3	Fe-enterobactin reduction (Fe(III)-unloading)	Inorganic Ion Transport and Metabolism	2.0 feenter_c + 1.0 rbflvrd_c → 2.0 enter_c + 2.0 fe2_c + 2.0 h_c + 1.0 ribflv_c	2.0 Fe-enterobactin + 1.0 Reduced riboflavin → 2.0 Enterochelin + 2.0 Fe2+ mitochondria + 2.0 H+ + 1.0 Riboflavin C17H20N4O6	Unknown	Unknown
SULFACtex	Sulfoaceate transport via diffusion (extracellular to periplasm)	Transport, Outer Membrane Porin	1.0 sulfac_e → 1.0 sulfac_p	1.0 Sulfoacetate → 1.0 Sulfoacetate	ompN, ompC, phoE, ompF	P77747, P06996, P02932, P02931
DSERtex	D-serine transport via diffusion (extracellular to periplasm)	Transport, Outer Membrane Porin	1.0 ser__D_e → 1.0 ser__D_p	1.0 D-Serine → 1.0 D-Serine	phoE, ompF, ompN, ompC	P02932, P02931, P77747, P06996
SERtex	L-serine transport via diffusion (extracellular to periplasm)	Transport, Outer Membrane Porin	1.0 ser__L_e → 1.0 ser__L_p	1.0 L-Serine → 1.0 L-Serine	phoE, ompF, ompN, ompC	P02932, P02931, P77747, P06996
NOtex	Nitric oxide transport via diffusion (extracellular to periplasm)	Transport, Outer Membrane Porin	1.0 no_e → 1.0 no_p	1.0 Nitric oxide → 1.0 Nitric oxide	phoE, ompF, ompN, ompC	P02932, P02931, P77747, P06996
NOtpp	NO transport (diffusion)	Inorganic Ion Transport and Metabolism	1.0 no_p → 1.0 no_c	1.0 Nitric oxide → 1.0 Nitric oxide		Unknown
N2Otpp	Nitrious oxide transport (diffusion)	Inorganic Ion Transport and Metabolism	1.0 n2o_p → 1.0 n2o_c	1.0 Nitrous oxide → 1.0 Nitrous oxide		Unknown
N2Otex	Nitrious oxide transport via diffusion (extracellular to periplasm)	Transport, Outer Membrane Porin	1.0 n2o_e → 1.0 n2o_p	1.0 Nitrous oxide → 1.0 Nitrous oxide	phoE, ompF, ompN, ompC	P02932, P02931, P77747, P06996
CRNt8pp	L-carnitine/D-carnitine antiporter (periplasm)	Transport, Inner Membrane	1.0 crn__D_c + 1.0 crn_p → 1.0 crn__D_p + 1.0 crn_c	1.0 D-Carnitine + 1.0 L-Carnitine → 1.0 D-Carnitine + 1.0 L-Carnitine	caiT	P31553
CRNt2rpp	L-carnitine outward transport (H+ antiport)	Transport, Inner Membrane	1.0 crn_p + 1.0 h_p → 1.0 crn_c + 1.0 h_c	1.0 L-Carnitine + 1.0 H+ → 1.0 L-Carnitine + 1.0 H+	proP	P0C0L7
CRNDt2rpp	D-carnitine outward transport (H+ antiport)	Transport, Inner Membrane	1.0 crn__D_p + 1.0 h_p → 1.0 crn__D_c + 1.0 h_c	1.0 D-Carnitine + 1.0 H+ → 1.0 D-Carnitine + 1.0 H+	proP	P0C0L7
CTBTt2rpp	Cronobetaine outward transport (H+ antiport)	Transport, Inner Membrane	1.0 ctbt_p + 1.0 h_p → 1.0 ctbt_c + 1.0 h_c	1.0 Crotonobetaine + 1.0 H+ → 1.0 Crotonobetaine + 1.0 H+	proP	P0C0L7
PACALDt2rpp	Phenylacetaldehyde reversible transport via proton symport (periplasm)	Transport, Inner Membrane	1.0 h_p + 1.0 pacald_p → 1.0 h_c + 1.0 pacald_c	1.0 H+ + 1.0 Phenylacetaldehyde → 1.0 H+ + 1.0 Phenylacetaldehyde	Unknown	Unknown
PEAMNtex	Phenethylamine transport via diffusion (extracellular to periplasm)	Transport, Outer Membrane Porin	1.0 peamn_e → 1.0 peamn_p	1.0 Phenethylamine → 1.0 Phenethylamine	phoE, ompF, ompN, ompC	P02932, P02931, P77747, P06996
PACALDtex	Phenethylacetaldehyde transport via diffusion (extracellular to periplasm)	Transport, Outer Membrane Porin	1.0 pacald_e → 1.0 pacald_p	1.0 Phenylacetaldehyde → 1.0 Phenylacetaldehyde	phoE, ompF, ompN, ompC	P02932, P02931, P77747, P06996
LIPOt2pp	Lipoate transport via proton symport (periplasm)	Transport, Inner Membrane	1.0 h_p + 1.0 lipoate_p → 1.0 h_c + 1.0 lipoate_c	1.0 H+ + 1.0 Lipoate → 1.0 H+ + 1.0 Lipoate	Unknown	Unknown
ACGAL1Ptex	N-acetyl-D-galactosamine 1-phosphate transport via diffusion (extracellular to periplasm)	Transport, Outer Membrane Porin	1.0 acgal1p_e → 1.0 acgal1p_p	1.0 N-Acetyl-D-galactosamine 1-phosphate → 1.0 N-Acetyl-D-galactosamine 1-phosphate	phoE, ompF, ompN, ompC	P02932, P02931, P77747, P06996
ACGALtex	N-acetyl-D-galactosamine transport via diffusion (extracellular to periplasm)	Transport, Outer Membrane Porin	1.0 acgal_e → 1.0 acgal_p	1.0 N-Acetyl-D-galactosamine → 1.0 N-Acetyl-D-galactosamine	phoE, ompF, ompN, ompC	P02932, P02931, P77747, P06996
GLCUR1Ptex	D-glucuronate 1-phosphate transport via diffusion (extracellular to periplasm)	Transport, Outer Membrane Porin	1.0 glcur1p_e → 1.0 glcur1p_p	1.0 D-Glucuronate 1-phosphate → 1.0 D-Glucuronate 1-phosphate	phoE, ompF, ompN, ompC	P02932, P02931, P77747, P06996
UDPGLCURtex	UDP-D-glucuronate transport via diffusion (extracellular to periplasm)	Transport, Outer Membrane Porin	1.0 udpglcur_e → 1.0 udpglcur_p	1.0 UDP-D-glucuronate → 1.0 UDP-D-glucuronate	phoE, ompF, ompN, ompC	P02932, P02931, P77747, P06996
FEROpp	Ferroxidase	Inorganic Ion Transport and Metabolism	4.0 fe2_p + 4.0 h_p + 1.0 o2_p → 4.0 fe3_p + 2.0 h2o_p	4.0 Fe2+ mitochondria + 4.0 H+ + 1.0 O2 O2 → 4.0 Iron (Fe3+) + 2.0 H2O H2O	cueO, bfr	P36649, P0ABD3
ISETACabcpp	Isethionate transport via ABC system (periplasm)	Transport, Inner Membrane	1.0 atp_c + 1.0 h2o_c + 1.0 isetac_p → 1.0 adp_c + 1.0 h_c + 1.0 isetac_c + 1.0 pi_c	1.0 ATP C10H12N5O13P3 + 1.0 H2O H2O + 1.0 Isethionic acid → 1.0 ADP C10H12N5O10P2 + 1.0 H+ + 1.0 Isethionic acid + 1.0 Phosphate	tauA, tauB, tauC, ssuB, ssuC, ssuA	Q47537, Q47538, Q47539, P0AAI1, P75851, P75853
ISETACtex	Isethionate transport via diffusion (extracellular to periplasm)	Transport, Outer Membrane Porin	1.0 isetac_e → 1.0 isetac_p	1.0 Isethionic acid → 1.0 Isethionic acid	phoE, ompF, ompN, ompC	P02932, P02931, P77747, P06996
UDPGtex	UDPglucose transport via diffusion (extracellular to periplasm)	Transport, Outer Membrane Porin	1.0 udpg_e → 1.0 udpg_p	1.0 UDPglucose → 1.0 UDPglucose	phoE, ompF, ompN, ompC	P02932, P02931, P77747, P06996
UDPGALtex	UDPgalactose transport via diffusion (extracellular to periplasm)	Transport, Outer Membrane Porin	1.0 udpgal_e → 1.0 udpgal_p	1.0 UDPgalactose → 1.0 UDPgalactose	ompF, ompN, ompC, phoE	P02931, P77747, P06996, P02932
ACGAM1Ptex	N-acetyl-D-glucosamine 1-phosphate transport via diffusion (extracellular to periplasm)	Transport, Outer Membrane Porin	1.0 acgam1p_e → 1.0 acgam1p_p	1.0 N-Acetyl-D-glucosamine 1-phosphate → 1.0 N-Acetyl-D-glucosamine 1-phosphate	phoE, ompF, ompN, ompC	P02932, P02931, P77747, P06996
UACGAMtex	UDP-N-acetyl-D-glucosamine transport via diffusion (extracellular to periplasm)	Transport, Outer Membrane Porin	1.0 uacgam_e → 1.0 uacgam_p	1.0 UDP-N-acetyl-D-glucosamine → 1.0 UDP-N-acetyl-D-glucosamine	phoE, ompF, ompN, ompC	P02932, P02931, P77747, P06996
UDPACGALtex	UDP-N-acetyl-D-galactosamine transport via diffusion (extracellular to periplasm)	Transport, Outer Membrane Porin	1.0 udpacgal_e → 1.0 udpacgal_p	1.0 UDP-N-acetyl-D-galactosamine → 1.0 UDP-N-acetyl-D-galactosamine	phoE, ompF, ompN, ompC	P02932, P02931, P77747, P06996
INOSTt4pp	Na+/myo-inositol symporter (periplasm)	Transport, Inner Membrane	1.0 inost_p + 1.0 na1_p → 1.0 inost_c + 1.0 na1_c	1.0 Myo-Inositol + 1.0 Sodium → 1.0 Myo-Inositol + 1.0 Sodium	yidK	P31448
PHEMEtiex	Protoheme transport irreversible out via diffusion (periplasm to extracellular)	Transport, Outer Membrane	1.0 pheme_p → 1.0 pheme_e	1.0 Protoheme C34H30FeN4O4 → 1.0 Protoheme C34H30FeN4O4	Unknown	Unknown
CYANtex	Cyanide transport via diffusion (extracellular to periplasm)	Transport, Outer Membrane Porin	1.0 cyan_e → 1.0 cyan_p	1.0 Hydrogen cyanide → 1.0 Hydrogen cyanide	phoE, ompF, ompN, ompC	P02932, P02931, P77747, P06996
SO3tex	Sulfite transport via diffusion (extracellular to periplasm)	Transport, Outer Membrane Porin	1.0 so3_e → 1.0 so3_p	1.0 Sulfite → 1.0 Sulfite	phoE, ompF, ompN, ompC	P02932, P02931, P77747, P06996
TCYNTtex	Thiocyanate transport via diffusion (extracellular to periplasm)	Transport, Outer Membrane Porin	1.0 tcynt_e → 1.0 tcynt_p	1.0 Thiocyanate → 1.0 Thiocyanate	phoE, ompF, ompN, ompC	P02932, P02931, P77747, P06996
METSOX2abcpp	L-methionine R-oxide transport via ABC system (periplasm)	Transport, Inner Membrane	1.0 atp_c + 1.0 h2o_c + 1.0 metsox_R__L_p → 1.0 adp_c + 1.0 h_c + 1.0 metsox_R__L_c + 1.0 pi_c	1.0 ATP C10H12N5O13P3 + 1.0 H2O H2O + 1.0 L-methionine-R-sulfoxide → 1.0 ADP C10H12N5O10P2 + 1.0 H+ + 1.0 L-methionine-R-sulfoxide + 1.0 Phosphate	Unknown	Unknown
METSOX1tex	L-methionine S-oxide diffusion (extracellular)	Transport, Outer Membrane Porin	1.0 metsox_S__L_e → 1.0 metsox_S__L_p	1.0 L-Methionine Sulfoxide → 1.0 L-Methionine Sulfoxide	phoE, ompF, ompN, ompC	P02932, P02931, P77747, P06996
METSOX2tex	L-methionine R-oxide diffusion (extracellular)	Transport, Outer Membrane Porin	1.0 metsox_R__L_e → 1.0 metsox_R__L_p	1.0 L-methionine-R-sulfoxide → 1.0 L-methionine-R-sulfoxide	phoE, ompF, ompN, ompC	P02932, P02931, P77747, P06996
3UMPtex	3UMP transport via diffusion (extracellular to periplasm)	Transport, Outer Membrane Porin	1.0 3ump_e → 1.0 3ump_p	1.0 3  UMP C9H11N2O9P → 1.0 3  UMP C9H11N2O9P	phoE, ompF, ompN, ompC	P02932, P02931, P77747, P06996
MSO3abcpp	Methanesulfonate transport via ABC system (periplasm)	Transport, Inner Membrane	1.0 atp_c + 1.0 h2o_c + 1.0 mso3_p → 1.0 adp_c + 1.0 h_c + 1.0 mso3_c + 1.0 pi_c	1.0 ATP C10H12N5O13P3 + 1.0 H2O H2O + 1.0 Methanesulfonate → 1.0 ADP C10H12N5O10P2 + 1.0 H+ + 1.0 Methanesulfonate + 1.0 Phosphate	ssuB, ssuA, ssuC	P0AAI1, P75853, P75851
MSO3tex	Methanesulfonate transport via diffusion (extracellular to periplasm)	Transport, Outer Membrane Porin	1.0 mso3_e → 1.0 mso3_p	1.0 Methanesulfonate → 1.0 Methanesulfonate	phoE, ompF, ompN, ompC	P02932, P02931, P77747, P06996
FECRMR1	Ferrichrome reductase	Inorganic Ion Transport and Metabolism	1.0 fadh2_c + 2.0 fecrm_c → 1.0 fad_c + 2.0 fe2_c + 2.0 fecrm_un_c + 2.0 h_c	1.0 Flavin adenine dinucleotide reduced + 2.0 Ferrichrome → 1.0 Flavin adenine dinucleotide oxidized + 2.0 Fe2+ mitochondria + 2.0 Ferrichrome minus Fe(III) + 2.0 H+	Unknown	Unknown
FECRMR2	Ferrichrome reductase	Inorganic Ion Transport and Metabolism	2.0 fecrm_c + 1.0 fmnh2_c → 2.0 fe2_c + 2.0 fecrm_un_c + 1.0 fmn_c + 2.0 h_c	2.0 Ferrichrome + 1.0 Reduced FMN → 2.0 Fe2+ mitochondria + 2.0 Ferrichrome minus Fe(III) + 1.0 FMN C17H19N4O9P + 2.0 H+	Unknown	Unknown
3GMPtex	3GMP transport via diffusion (extracellular to periplasm)	Transport, Outer Membrane Porin	1.0 3gmp_e → 1.0 3gmp_p	1.0 Guanosine 3  phosphate C10H12N5O8P → 1.0 Guanosine 3  phosphate C10H12N5O8P	phoE, ompF, ompN, ompC	P02932, P02931, P77747, P06996
FALDtpp	Formaldehyde transport via diffusion (periplasm)	Transport, Inner Membrane	1.0 fald_p → 1.0 fald_c	1.0 Formaldehyde → 1.0 Formaldehyde		Unknown
SO4tex	Sulfate transport via diffusion (extracellular to periplasm)	Transport, Outer Membrane Porin	1.0 so4_e → 1.0 so4_p	1.0 Sulfate → 1.0 Sulfate	phoE, ompF, ompN, ompC	P02932, P02931, P77747, P06996
FECRMexs	Ferrichrome Fe(III)-loading reaction (spontaneous)	Inorganic Ion Transport and Metabolism	1.0 fe3_e + 1.0 fecrm_un_e → 1.0 fecrm_e	1.0 Iron (Fe3+) + 1.0 Ferrichrome minus Fe(III) → 1.0 Ferrichrome		Unknown
ARBTNR1	Aerobactin reductase	Inorganic Ion Transport and Metabolism	2.0 arbtn_fe3_c + 1.0 fadh2_c → 2.0 arbtn_c + 1.0 fad_c + 2.0 fe2_c + 2.0 h_c	2.0 Aerobactin + 1.0 Flavin adenine dinucleotide reduced → 2.0 Aerobactin minus Fe3 + 1.0 Flavin adenine dinucleotide oxidized + 2.0 Fe2+ mitochondria + 2.0 H+	Unknown	Unknown
ARBTNR2	Aerobactin reductase	Inorganic Ion Transport and Metabolism	2.0 arbtn_fe3_c + 1.0 fmnh2_c → 2.0 arbtn_c + 2.0 fe2_c + 1.0 fmn_c + 2.0 h_c	2.0 Aerobactin + 1.0 Reduced FMN → 2.0 Aerobactin minus Fe3 + 2.0 Fe2+ mitochondria + 1.0 FMN C17H19N4O9P + 2.0 H+	Unknown	Unknown
DOPAtex	Dopamine transport via diffusion (extracellular to periplasm)	Transport, Outer Membrane Porin	1.0 dopa_e → 1.0 dopa_p	1.0 Dopamine → 1.0 Dopamine	phoE, ompF, ompN, ompC	P02932, P02931, P77747, P06996
4HOXPACDtex	4-hydroxyphenylacetaldehyde transport via diffusion (extracellular to periplasm)	Transport, Outer Membrane Porin	1.0 4hoxpacd_e → 1.0 4hoxpacd_p	1.0 4-Hydroxyphenylacetaldehyde → 1.0 4-Hydroxyphenylacetaldehyde	phoE, ompF, ompN, ompC	P02932, P02931, P77747, P06996
ARBTNR3	Aerobactin reductase	Inorganic Ion Transport and Metabolism	2.0 arbtn_fe3_c + 1.0 rbflvrd_c → 2.0 arbtn_c + 2.0 fe2_c + 2.0 h_c + 1.0 ribflv_c	2.0 Aerobactin + 1.0 Reduced riboflavin → 2.0 Aerobactin minus Fe3 + 2.0 Fe2+ mitochondria + 2.0 H+ + 1.0 Riboflavin C17H20N4O6	Unknown	Unknown
ARBTNexs	Aerobactin Fe-loading reaction (spontaneous)	Inorganic Ion Transport and Metabolism	1.0 arbtn_e + 1.0 fe3_e → 1.0 arbtn_fe3_e	1.0 Aerobactin minus Fe3 + 1.0 Iron (Fe3+) → 1.0 Aerobactin		Unknown
FEOXAMexs	Ferroxamine Fe3-loading reaction (spontaneous)	Inorganic Ion Transport and Metabolism	1.0 fe3_e + 1.0 feoxam_un_e → 1.0 feoxam_e	1.0 Iron (Fe3+) + 1.0 Ferroxamine minus Fe(3) → 1.0 Generic ferrioxamine-Fe-III		Unknown
SPMDtex	Spermidine transport via diffusion (extracellular to periplasm)	Transport, Outer Membrane Porin	1.0 spmd_e → 1.0 spmd_p	1.0 Spermidine → 1.0 Spermidine	ompC, phoE, ompF, ompN	P06996, P02932, P02931, P77747
ETHAtex	Ethanolamine transport via diffusion (extracellular)	Transport, Outer Membrane Porin	1.0 etha_e → 1.0 etha_p	1.0 Ethanolamine → 1.0 Ethanolamine	phoE, ompF, ompN, ompC	P02932, P02931, P77747, P06996
G3PStex	Glycerophosphserine transport via diffusion (extracellular to periplasm)	Transport, Outer Membrane Porin	1.0 g3ps_e → 1.0 g3ps_p	1.0 Glycerophosphoserine → 1.0 Glycerophosphoserine	phoE, ompF, ompN, ompC	P02932, P02931, P77747, P06996
FEOXAMR1	Ferroxamine reductase	Inorganic Ion Transport and Metabolism	1.0 fadh2_c + 2.0 feoxam_c → 1.0 fad_c + 2.0 fe2_c + 2.0 feoxam_un_c + 2.0 h_c	1.0 Flavin adenine dinucleotide reduced + 2.0 Generic ferrioxamine-Fe-III → 1.0 Flavin adenine dinucleotide oxidized + 2.0 Fe2+ mitochondria + 2.0 Ferroxamine minus Fe(3) + 2.0 H+	fhuF	P39405
FEOXAMR2	Ferroxamine reductase	Inorganic Ion Transport and Metabolism	2.0 feoxam_c + 1.0 fmnh2_c → 2.0 fe2_c + 2.0 feoxam_un_c + 1.0 fmn_c + 2.0 h_c	2.0 Generic ferrioxamine-Fe-III + 1.0 Reduced FMN → 2.0 Fe2+ mitochondria + 2.0 Ferroxamine minus Fe(3) + 1.0 FMN C17H19N4O9P + 2.0 H+	fhuF	P39405
FEOXAMR3	Ferroxamine reductase	Inorganic Ion Transport and Metabolism	2.0 feoxam_c + 1.0 rbflvrd_c → 2.0 fe2_c + 2.0 feoxam_un_c + 2.0 h_c + 1.0 ribflv_c	2.0 Generic ferrioxamine-Fe-III + 1.0 Reduced riboflavin → 2.0 Fe2+ mitochondria + 2.0 Ferroxamine minus Fe(3) + 2.0 H+ + 1.0 Riboflavin C17H20N4O6	fhuF	P39405
FEENTERR2	Fe-enterobactin reduction (Fe(III)-unloading)	Inorganic Ion Transport and Metabolism	2.0 feenter_c + 1.0 fmnh2_c → 2.0 enter_c + 2.0 fe2_c + 1.0 fmn_c + 2.0 h_c	2.0 Fe-enterobactin + 1.0 Reduced FMN → 2.0 Enterochelin + 2.0 Fe2+ mitochondria + 1.0 FMN C17H19N4O9P + 2.0 H+	Unknown	Unknown
SUCCtex	Succinate transport via diffusion (extracellular to periplasm)	Transport, Outer Membrane Porin	1.0 succ_e → 1.0 succ_p	1.0 Succinate → 1.0 Succinate	phoE, ompF, ompN, ompC	P02932, P02931, P77747, P06996
FE3HOXR1	Fe(III)hydroxamate reductase	Inorganic Ion Transport and Metabolism	1.0 fadh2_c + 2.0 fe3hox_c → 1.0 fad_c + 2.0 fe2_c + 2.0 fe3hox_un_c + 2.0 h_c	1.0 Flavin adenine dinucleotide reduced + 2.0 Fe(III)hydroxamate → 1.0 Flavin adenine dinucleotide oxidized + 2.0 Fe2+ mitochondria + 2.0 Fe(III)hydoxamate, unloaded + 2.0 H+	Unknown	Unknown
FEENTERexs	Enterobactin Fe(III) binding (spontaneous)	Inorganic Ion Transport and Metabolism	1.0 enter_e + 1.0 fe3_e → 1.0 feenter_e	1.0 Enterochelin + 1.0 Iron (Fe3+) → 1.0 Fe-enterobactin		Unknown
SUCRtex	Sucrose transport transport via diffusion (extracellular to periplasm)	Transport, Outer Membrane Porin	1.0 sucr_e → 1.0 sucr_p	1.0 Sucrose C12H22O11 → 1.0 Sucrose C12H22O11	phoE, ompF, ompN, ompC	P02932, P02931, P77747, P06996
FE3HOXexs	Fe(III) hydroxamate Fe-loading reaction (spontaneaous)	Inorganic Ion Transport and Metabolism	1.0 fe3_e + 1.0 fe3hox_un_e → 1.0 fe3hox_e	1.0 Iron (Fe3+) + 1.0 Fe(III)hydoxamate, unloaded → 1.0 Fe(III)hydroxamate		Unknown
FECRMR3	Ferrichrome reductase	Inorganic Ion Transport and Metabolism	2.0 fecrm_c + 1.0 rbflvrd_c → 2.0 fe2_c + 2.0 fecrm_un_c + 2.0 h_c + 1.0 ribflv_c	2.0 Ferrichrome + 1.0 Reduced riboflavin → 2.0 Fe2+ mitochondria + 2.0 Ferrichrome minus Fe(III) + 2.0 H+ + 1.0 Riboflavin C17H20N4O6	Unknown	Unknown
FDMO2	FMNH2-dependent monooxygenase (methanesulfonate)	Inorganic Ion Transport and Metabolism	1.0 fmnh2_c + 1.0 mso3_c + 1.0 o2_c → 1.0 fald_c + 1.0 fmn_c + 1.0 h2o_c + 1.0 h_c + 1.0 so3_c	1.0 Reduced FMN + 1.0 Methanesulfonate + 1.0 O2 O2 → 1.0 Formaldehyde + 1.0 FMN C17H19N4O9P + 1.0 H2O H2O + 1.0 H+ + 1.0 Sulfite	ssuD	P80645
AGt3	Silver transport out via proton antiport	Inorganic Ion Transport and Metabolism	1.0 ag_c + 1.0 h_e → 1.0 ag_e + 1.0 h_c	1.0 Silver + 1.0 H+ → 1.0 Silver + 1.0 H+	cusC, cusB, cusF, cusA	P77211, P77239, P77214, P38054
CD2t3pp	Cadmium (Cd+2) transport out via proton antiport (periplasm)	Inorganic Ion Transport and Metabolism	1.0 cd2_c + 1.0 h_p → 1.0 cd2_p + 1.0 h_c	1.0 Cadmium + 1.0 H+ → 1.0 Cadmium + 1.0 H+	fieF, zitB	P69380, P75757
ZNabcpp	Zinc (Zn+2) transport via ABC system (periplasm)	Inorganic Ion Transport and Metabolism	1.0 atp_c + 1.0 h2o_c + 1.0 zn2_p → 1.0 adp_c + 1.0 h_c + 1.0 pi_c + 1.0 zn2_c	1.0 ATP C10H12N5O13P3 + 1.0 H2O H2O + 1.0 Zinc → 1.0 ADP C10H12N5O10P2 + 1.0 H+ + 1.0 Phosphate + 1.0 Zinc	znuB, znuC, znuA	P39832, P0A9X1, P39172
SKMt2pp	Shikimate transport in via proton symport (periplasm)	Transport, Inner Membrane	1.0 h_p + 1.0 skm_p → 1.0 h_c + 1.0 skm_c	1.0 H+ + 1.0 Shikimate → 1.0 H+ + 1.0 Shikimate	shiA	P76350
FE2t2pp	Iron (II) transport in via proton symport (periplasm)	Inorganic Ion Transport and Metabolism	1.0 fe2_p + 1.0 h_p → 1.0 fe2_c + 1.0 h_c	1.0 Fe2+ mitochondria + 1.0 H+ → 1.0 Fe2+ mitochondria + 1.0 H+	mntH	P0A769
GLYC2Ptex	Glycerol-2-phosphate transport via diffusion (extracellular to periplasm)	Transport, Outer Membrane Porin	1.0 glyc2p_e → 1.0 glyc2p_p	1.0 Glycerol 2-phosphate → 1.0 Glycerol 2-phosphate	phoE, ompF, ompN, ompC	P02932, P02931, P77747, P06996
PSERtex	Phospho-L-serine transport via diffusion (extracellular to periplasm)	Transport, Outer Membrane Porin	1.0 pser__L_e → 1.0 pser__L_p	1.0 O-Phospho-L-serine → 1.0 O-Phospho-L-serine	phoE, ompF, ompN, ompC	P02932, P02931, P77747, P06996
TARTRtex	Tartrate transport via diffusion (extracellular to periplasm)	Transport, Outer Membrane Porin	1.0 tartr__L_e → 1.0 tartr__L_p	1.0 L-tartrate → 1.0 L-tartrate	phoE, ompF, ompN, ompC	P02932, P02931, P77747, P06996
R5Ptex	Ribose 5-phosphate transport via diffusion (extracellular to periplasm)	Transport, Outer Membrane Porin	1.0 r5p_e → 1.0 r5p_p	1.0 Alpha-D-Ribose 5-phosphate → 1.0 Alpha-D-Ribose 5-phosphate	phoE, ompF, ompN, ompC	P02932, P02931, P77747, P06996
THRPtex	Phospho-L-threonine transport via diffusion (extracellular to periplasm)	Transport, Outer Membrane Porin	1.0 thrp_e → 1.0 thrp_p	1.0 L-Threonine O-3-phosphate → 1.0 L-Threonine O-3-phosphate	phoE, ompF, ompN, ompC	P02932, P02931, P77747, P06996
TYRPtex	Phopho-L-tyrosine transport via diffusion (extracellular to periplasm)	Transport, Outer Membrane Porin	1.0 tyrp_e → 1.0 tyrp_p	1.0 Phosphotyrosine → 1.0 Phosphotyrosine	phoE, ompF, ompN, ompC	P02932, P02931, P77747, P06996
Kabcpp	Potassium ABC transporter (periplasm)	Inorganic Ion Transport and Metabolism	1.0 atp_c + 1.0 h2o_c + 1.0 k_p → 1.0 adp_c + 1.0 h_c + 1.0 k_c + 1.0 pi_c	1.0 ATP C10H12N5O13P3 + 1.0 H2O H2O + 1.0 Potassium → 1.0 ADP C10H12N5O10P2 + 1.0 H+ + 1.0 Potassium + 1.0 Phosphate	kdpA, kdpB, kdpC, kdpA, kdpC, kdpB, kdpF	P03959, P03960, P03961, P36937
TAURtex	Taurine transport via diffusion (extracellular to periplasm)	Transport, Outer Membrane Porin	1.0 taur_e → 1.0 taur_p	1.0 Taurine C2H7NO3S → 1.0 Taurine C2H7NO3S	phoE, ompF, ompN, ompC	P02932, P02931, P77747, P06996
LEUabcpp	L-leucine transport via ABC system (periplasm)	Transport, Inner Membrane	1.0 atp_c + 1.0 h2o_c + 1.0 leu__L_p → 1.0 adp_c + 1.0 h_c + 1.0 leu__L_c + 1.0 pi_c	1.0 ATP C10H12N5O13P3 + 1.0 H2O H2O + 1.0 L-Leucine → 1.0 ADP C10H12N5O10P2 + 1.0 H+ + 1.0 L-Leucine + 1.0 Phosphate	livG, livJ, livH, livF, livM, livK, livM, livG, livH, livF	P0A9S7, P0AD96, P0AEX7, P22731, P22729, P04816
L_LACt2rpp	L-lactate reversible transport via proton symport (periplasm)	Transport, Inner Membrane	1.0 h_p + 1.0 lac__L_p → 1.0 h_c + 1.0 lac__L_c	1.0 H+ + 1.0 L-Lactate → 1.0 H+ + 1.0 L-Lactate	lldP, glcA	P33231, Q46839
MALt2_2pp	Malate transport via proton symport (2 H) (periplasm)	Transport, Inner Membrane	2.0 h_p + 1.0 mal__L_p → 2.0 h_c + 1.0 mal__L_c	2.0 H+ + 1.0 L-Malate → 2.0 H+ + 1.0 L-Malate	dctA	P0A830
CPGNR1	Coprogen(Fe(III)) reductase	Inorganic Ion Transport and Metabolism	2.0 cpgn_c + 1.0 fadh2_c → 2.0 cpgn_un_c + 1.0 fad_c + 2.0 fe2_c + 2.0 h_c	2.0 Coprogen + 1.0 Flavin adenine dinucleotide reduced → 2.0 Coprogen unloaded (no Fe(III)) + 1.0 Flavin adenine dinucleotide oxidized + 2.0 Fe2+ mitochondria + 2.0 H+	Unknown	Unknown
CPGNR2	Coprogen(Fe(III)) reductase	Inorganic Ion Transport and Metabolism	2.0 cpgn_c + 1.0 fmnh2_c → 2.0 cpgn_un_c + 2.0 fe2_c + 1.0 fmn_c + 2.0 h_c	2.0 Coprogen + 1.0 Reduced FMN → 2.0 Coprogen unloaded (no Fe(III)) + 2.0 Fe2+ mitochondria + 1.0 FMN C17H19N4O9P + 2.0 H+	Unknown	Unknown
THRtex	L-threonine transport via diffusion (extracellular to periplasm)	Transport, Outer Membrane Porin	1.0 thr__L_e → 1.0 thr__L_p	1.0 L-Threonine → 1.0 L-Threonine	phoE, ompF, ompN, ompC	P02932, P02931, P77747, P06996
CPGNR3	Coprogen(Fe(III)) reductase	Inorganic Ion Transport and Metabolism	2.0 cpgn_c + 1.0 rbflvrd_c → 2.0 cpgn_un_c + 2.0 fe2_c + 2.0 h_c + 1.0 ribflv_c	2.0 Coprogen + 1.0 Reduced riboflavin → 2.0 Coprogen unloaded (no Fe(III)) + 2.0 Fe2+ mitochondria + 2.0 H+ + 1.0 Riboflavin C17H20N4O6	Unknown	Unknown
CPGNUtpp	Coprogen unloaded secretion	Inorganic Ion Transport and Metabolism	1.0 cpgn_un_c + 1.0 h_p → 1.0 cpgn_un_p + 1.0 h_c	1.0 Coprogen unloaded (no Fe(III)) + 1.0 H+ → 1.0 Coprogen unloaded (no Fe(III)) + 1.0 H+	Unknown	Unknown
CPGNUtex	Coprogen unloaded secretion (extracellular)	Inorganic Ion Transport and Metabolism	1.0 cpgn_un_p + 1.0 h_p → 1.0 cpgn_un_e + 1.0 h_c	1.0 Coprogen unloaded (no Fe(III)) + 1.0 H+ → 1.0 Coprogen unloaded (no Fe(III)) + 1.0 H+	Unknown	Unknown
MALt2_3pp	Malate transport via proton symport (3 H) (periplasm)	Transport, Inner Membrane	3.0 h_p + 1.0 mal__L_p → 3.0 h_c + 1.0 mal__L_c	3.0 H+ + 1.0 L-Malate → 3.0 H+ + 1.0 L-Malate	dcuB, dcuA	P0ABN9, P0ABN5
MALTabcpp	Maltose transport via ABC system (periplasm)	Transport, Inner Membrane	1.0 atp_c + 1.0 h2o_c + 1.0 malt_p → 1.0 adp_c + 1.0 h_c + 1.0 malt_c + 1.0 pi_c	1.0 ATP C10H12N5O13P3 + 1.0 H2O H2O + 1.0 Maltose C12H22O11 → 1.0 ADP C10H12N5O10P2 + 1.0 H+ + 1.0 Maltose C12H22O11 + 1.0 Phosphate	malF, malK, malG, malE	P02916, P68187, P68183, P0AEX9
MALTHXabcpp	Maltohexaose transport via ABC system (periplasm)	Transport, Inner Membrane	1.0 atp_c + 1.0 h2o_c + 1.0 malthx_p → 1.0 adp_c + 1.0 h_c + 1.0 malthx_c + 1.0 pi_c	1.0 ATP C10H12N5O13P3 + 1.0 H2O H2O + 1.0 Maltohexaose → 1.0 ADP C10H12N5O10P2 + 1.0 H+ + 1.0 Maltohexaose + 1.0 Phosphate	malE, malG, malF, malK	P0AEX9, P68183, P02916, P68187
MALTPTabcpp	Maltopentaose transport via ABC system (periplasm)	Transport, Inner Membrane	1.0 atp_c + 1.0 h2o_c + 1.0 maltpt_p → 1.0 adp_c + 1.0 h_c + 1.0 maltpt_c + 1.0 pi_c	1.0 ATP C10H12N5O13P3 + 1.0 H2O H2O + 1.0 Maltopentaose → 1.0 ADP C10H12N5O10P2 + 1.0 H+ + 1.0 Maltopentaose + 1.0 Phosphate	malK, malG, malF, malE	P68187, P68183, P02916, P0AEX9
MALTTRabcpp	Maltotriose transport via ABC system (periplasm)	Transport, Inner Membrane	1.0 atp_c + 1.0 h2o_c + 1.0 malttr_p → 1.0 adp_c + 1.0 h_c + 1.0 malttr_c + 1.0 pi_c	1.0 ATP C10H12N5O13P3 + 1.0 H2O H2O + 1.0 Maltotriose C18H32O16 → 1.0 ADP C10H12N5O10P2 + 1.0 H+ + 1.0 Maltotriose C18H32O16 + 1.0 Phosphate	malE, malK, malF, malG	P0AEX9, P68187, P02916, P68183
THMDtex	Thymidine transport via diffusion (extracellular to periplasm)	Transport, Outer Membrane Porin	1.0 thymd_e → 1.0 thymd_p	1.0 Thymidine C10H14N2O5 → 1.0 Thymidine C10H14N2O5	phoE, ompF, ompN, ompC	P02932, P02931, P77747, P06996
MALTTTRabcpp	Maltotetraose transport via ABC system (periplasm)	Transport, Inner Membrane	1.0 atp_c + 1.0 h2o_c + 1.0 maltttr_p → 1.0 adp_c + 1.0 h_c + 1.0 maltttr_c + 1.0 pi_c	1.0 ATP C10H12N5O13P3 + 1.0 H2O H2O + 1.0 Maltotetraose → 1.0 ADP C10H12N5O10P2 + 1.0 H+ + 1.0 Maltotetraose + 1.0 Phosphate	malF, malG, malE, malK	P02916, P68183, P0AEX9, P68187
MAN6Pt6_2pp	Mannose-6-phosphate transport via phosphate antiport (periplasm)	Transport, Inner Membrane	1.0 man6p_p + 2.0 pi_c → 1.0 man6p_c + 2.0 pi_p	1.0 D-Mannose 6-phosphate + 2.0 Phosphate → 1.0 D-Mannose 6-phosphate + 2.0 Phosphate	uhpT	P0AGC0
CPGNabcpp	Coprogen transport via ABC system (periplasm)	Transport, Inner Membrane	1.0 atp_c + 1.0 cpgn_p + 1.0 h2o_c → 1.0 adp_c + 1.0 cpgn_c + 1.0 h_c + 1.0 pi_c	1.0 ATP C10H12N5O13P3 + 1.0 Coprogen + 1.0 H2O H2O → 1.0 ADP C10H12N5O10P2 + 1.0 Coprogen + 1.0 H+ + 1.0 Phosphate	fhuC, fhuB, fhuD	P07821, P06972, P07822
CPGNexs	Coprogen Fe-loading reaction (spontaneaous)	Inorganic Ion Transport and Metabolism	1.0 cpgn_un_e + 1.0 fe3_e → 1.0 cpgn_e	1.0 Coprogen unloaded (no Fe(III)) + 1.0 Iron (Fe3+) → 1.0 Coprogen		Unknown
MANGLYCptspp	2-O-alpha-mannosyl-D-glycerate transport via PEP:Pyr PTS (periplasm)	Transport, Inner Membrane	1.0 manglyc_p + 1.0 pep_c → 1.0 man6pglyc_c + 1.0 pyr_c	1.0 2(alpha-D-Mannosyl)-D-glycerate + 1.0 Phosphoenolpyruvate → 1.0 2(alpha-D-Mannosyl-6-phosphate)-D-glycerate + 1.0 Pyruvate	ptsH, mngA, ptsI	P0AA04, P54745, P08839
MELIBt2pp	Melibiose transport in via symport (periplasm)	Transport, Inner Membrane	1.0 h_p + 1.0 melib_p → 1.0 h_c + 1.0 melib_c	1.0 H+ + 1.0 Melibiose C12H22O11 → 1.0 H+ + 1.0 Melibiose C12H22O11	melB, lacY	P02921, P02920
CBIuabcpp	Cobinamide transport via ABC system (uptake, periplasm)	Transport, Inner Membrane	1.0 atp_c + 1.0 cbi_p + 1.0 h2o_c → 1.0 adp_c + 1.0 cbi_c + 1.0 h_c + 1.0 pi_c	1.0 ATP C10H12N5O13P3 + 1.0 Cobinamide + 1.0 H2O H2O → 1.0 ADP C10H12N5O10P2 + 1.0 Cobinamide + 1.0 H+ + 1.0 Phosphate	btuC, btuF, btuD	P06609, P37028, P06611
METabcpp	L-methionine transport via ABC system (periplasm)	Transport, Inner Membrane	1.0 atp_c + 1.0 h2o_c + 1.0 met__L_p → 1.0 adp_c + 1.0 h_c + 1.0 met__L_c + 1.0 pi_c	1.0 ATP C10H12N5O13P3 + 1.0 H2O H2O + 1.0 L-Methionine → 1.0 ADP C10H12N5O10P2 + 1.0 H+ + 1.0 L-Methionine + 1.0 Phosphate	metI, metQ, metN	P31547, P28635, P30750
CITtex	Citrate transport via diffusion (extracellular to periplasm)	Transport, Outer Membrane Porin	1.0 cit_e → 1.0 cit_p	1.0 Citrate → 1.0 Citrate	phoE, ompF, ompN, ompC	P02932, P02931, P77747, P06996
ACGAtex	N-Acetyl-D-glucosamine transport via diffusion (extracellular to periplasm)	Transport, Outer Membrane Porin	1.0 acgam_e → 1.0 acgam_p	1.0 N-Acetyl-D-glucosamine → 1.0 N-Acetyl-D-glucosamine	phoE, ompF, ompN, ompC	P02932, P02931, P77747, P06996
DDCAtexi	Fatty acid (dodecanoate) transport via facilitated irreversible diffusion (extracellular to periplasm)	Transport, Outer Membrane	1.0 ddca_e → 1.0 ddca_p	1.0 Dodecanoate (n-C12:0) → 1.0 Dodecanoate (n-C12:0)	fadL	P10384
TTDCAtexi	Tetradecanoate transport via facilitated irreversible diffusion (extracellular to periplasm)	Transport, Outer Membrane	1.0 ttdca_e → 1.0 ttdca_p	1.0 Tetradecanoate (n-C14:0) → 1.0 Tetradecanoate (n-C14:0)	fadL	P10384
HDCAtexi	Hexadecanoate transport via facilitated irreversible diffusion (extracellular to periplasm)	Transport, Outer Membrane	1.0 hdca_e → 1.0 hdca_p	1.0 Hexadecanoate (n-C16:0) → 1.0 Hexadecanoate (n-C16:0)	fadL	P10384
RMNtpp	L-rhamnose transport via proton symport (periplasm)	Transport, Inner Membrane	1.0 h_p + 1.0 rmn_p → 1.0 h_c + 1.0 rmn_c	1.0 H+ + 1.0 L-Rhamnose → 1.0 H+ + 1.0 L-Rhamnose	rhaT	P27125
SERt4pp	L-serine via sodium symport (periplasm)	Transport, Inner Membrane	1.0 na1_p + 1.0 ser__L_p → 1.0 na1_c + 1.0 ser__L_c	1.0 Sodium + 1.0 L-Serine → 1.0 Sodium + 1.0 L-Serine	sstT	P0AGE4
METDtex	D-methionine transport via diffusion (extracellular to periplasm)	Transport, Outer Membrane Porin	1.0 met__D_e → 1.0 met__D_p	1.0 D-Methionine → 1.0 D-Methionine	phoE, ompF, ompN, ompC	P02932, P02931, P77747, P06996
SUCCt2_3pp	Succintate transport via proton symport (3 H) (periplasm)	Transport, Inner Membrane	3.0 h_p + 1.0 succ_p → 3.0 h_c + 1.0 succ_c	3.0 H+ + 1.0 Succinate → 3.0 H+ + 1.0 Succinate	dcuB, dcuA	P0ABN9, P0ABN5
MNLptspp	Mannitol transport via PEP:Pyr PTS (periplasm)	Transport, Inner Membrane	1.0 mnl_p + 1.0 pep_c → 1.0 mnl1p_c + 1.0 pyr_c	1.0 D-Mannitol + 1.0 Phosphoenolpyruvate → 1.0 D-Mannitol 1-phosphate + 1.0 Pyruvate	ptsH, mtlA, ptsI, ptsH, cmtB, cmtA, ptsI, ptsH, srlB, srlA, srlE, ptsI	P0AA04, P00550, P08839, P69824, P69826, P05706, P56579, P56580
NAt3_1p5pp	Sodium proton antiporter (H:NA is 1.5) (periplasm)	Inorganic Ion Transport and Metabolism	3.0 h_p + 2.0 na1_c → 3.0 h_c + 2.0 na1_p	3.0 H+ + 2.0 Sodium → 3.0 H+ + 2.0 Sodium	nhaB	P0AFA7
NAt3_2pp	Sodium proton antiporter (H:NA is 2) (periplasm)	Inorganic Ion Transport and Metabolism	2.0 h_p + 1.0 na1_c → 2.0 h_c + 1.0 na1_p	2.0 H+ + 1.0 Sodium → 2.0 H+ + 1.0 Sodium	nhaA	P13738
NH4tpp	Ammonia reversible transport (periplasm)	Inorganic Ion Transport and Metabolism	1.0 nh4_p → 1.0 nh4_c	1.0 Ammonium → 1.0 Ammonium	, amtB	Unknown, P69681
METtex	L-methionine transport via diffusion (extracellular to periplasm)	Transport, Outer Membrane Porin	1.0 met__L_e → 1.0 met__L_p	1.0 L-Methionine → 1.0 L-Methionine	phoE, ompF, ompN, ompC	P02932, P02931, P77747, P06996
NMNPtpp	NMN permease (periplasm)	Transport, Inner Membrane	1.0 nmn_p → 1.0 nmn_c	1.0 NMN C11H14N2O8P → 1.0 NMN C11H14N2O8P	pnuC	P0AFK2
NO2t2rpp	Nitrite transport in via proton symport, reversible (periplasm)	Inorganic Ion Transport and Metabolism	1.0 h_p + 1.0 no2_p → 1.0 h_c + 1.0 no2_c	1.0 H+ + 1.0 Nitrite → 1.0 H+ + 1.0 Nitrite	narK, nirC	P10903, P0AC26
NO3t7pp	Nitrate transport in via nitrite antiport (periplasm)	Inorganic Ion Transport and Metabolism	1.0 no2_c + 1.0 no3_p → 1.0 no2_p + 1.0 no3_c	1.0 Nitrite + 1.0 Nitrate → 1.0 Nitrite + 1.0 Nitrate	narK, narU	P10903, P37758
ORNabcpp	Ornithine transport via ABC system (periplasm)	Transport, Inner Membrane	1.0 atp_c + 1.0 h2o_c + 1.0 orn_p → 1.0 adp_c + 1.0 h_c + 1.0 orn_c + 1.0 pi_c	1.0 ATP C10H12N5O13P3 + 1.0 H2O H2O + 1.0 Ornithine → 1.0 ADP C10H12N5O10P2 + 1.0 H+ + 1.0 Ornithine + 1.0 Phosphate	hisM, hisQ, hisP, argT	P0AEU3, P52094, P07109, P09551
PIuabcpp	Phosphate transport via ABC system (uptake, periplasm)	Inorganic Ion Transport and Metabolism	1.0 atp_c + 1.0 h2o_c + 1.0 pi_p → 1.0 adp_c + 1.0 h_c + 2.0 pi_c	1.0 ATP C10H12N5O13P3 + 1.0 H2O H2O + 1.0 Phosphate → 1.0 ADP C10H12N5O10P2 + 1.0 H+ + 2.0 Phosphate	pstB, pstC, pstS, pstA	P0AAH0, P0AGH8, P0AG82, P07654
PNTOt4pp	Pantothenate sodium symporter (periplasm)	Transport, Inner Membrane	1.0 na1_p + 1.0 pnto__R_p → 1.0 na1_c + 1.0 pnto__R_c	1.0 Sodium + 1.0 (R)-Pantothenate → 1.0 Sodium + 1.0 (R)-Pantothenate	panF	P16256
METDabcpp	D-methionine transport via ABC system (periplasm)	Transport, Inner Membrane	1.0 atp_c + 1.0 h2o_c + 1.0 met__D_p → 1.0 adp_c + 1.0 h_c + 1.0 met__D_c + 1.0 pi_c	1.0 ATP C10H12N5O13P3 + 1.0 H2O H2O + 1.0 D-Methionine → 1.0 ADP C10H12N5O10P2 + 1.0 H+ + 1.0 D-Methionine + 1.0 Phosphate	metI, metN, metQ	P31547, P30750, P28635
IDONt2rpp	L-idonate transport via proton symport, reversible (periplasm)	Transport, Inner Membrane	1.0 h_p + 1.0 idon__L_p → 1.0 h_c + 1.0 idon__L_c	1.0 H+ + 1.0 L-Idonate → 1.0 H+ + 1.0 L-Idonate	idnT	P39344
ILEabcpp	L-isoleucine transport via ABC system (periplasm)	Transport, Inner Membrane	1.0 atp_c + 1.0 h2o_c + 1.0 ile__L_p → 1.0 adp_c + 1.0 h_c + 1.0 ile__L_c + 1.0 pi_c	1.0 ATP C10H12N5O13P3 + 1.0 H2O H2O + 1.0 L-Isoleucine → 1.0 ADP C10H12N5O10P2 + 1.0 H+ + 1.0 L-Isoleucine + 1.0 Phosphate	livM, livG, livJ, livH, livF	P22729, P0A9S7, P0AD96, P0AEX7, P22731
INDOLEt2pp	Indole transport via proton symport, irreversible (periplasm)	Transport, Inner Membrane	1.0 h_c + 1.0 indole_c → 1.0 h_p + 1.0 indole_p	1.0 H+ + 1.0 Indole → 1.0 H+ + 1.0 Indole	acrF, acrE, tolC	P24181, P24180, P02930
INSt2pp	Inosine transport in via proton symport (periplasm)	Transport, Inner Membrane	1.0 h_p + 1.0 ins_p → 1.0 h_c + 1.0 ins_c	1.0 H+ + 1.0 Inosine → 1.0 H+ + 1.0 Inosine	nupG, xapB, nupC	P0AFF4, P45562, P0AFF2
PROabcpp	L-proline transport via ABC system (periplasm)	Transport, Inner Membrane	1.0 atp_c + 1.0 h2o_c + 1.0 pro__L_p → 1.0 adp_c + 1.0 h_c + 1.0 pi_c + 1.0 pro__L_c	1.0 ATP C10H12N5O13P3 + 1.0 H2O H2O + 1.0 L-Proline → 1.0 ADP C10H12N5O10P2 + 1.0 H+ + 1.0 Phosphate + 1.0 L-Proline	proV, proW, proX	P14175, P14176, P0AFM2
PROt2rpp	L-proline reversible transport via proton symport (periplasm)	Transport, Inner Membrane	1.0 h_p + 1.0 pro__L_p → 1.0 h_c + 1.0 pro__L_c	1.0 H+ + 1.0 L-Proline → 1.0 H+ + 1.0 L-Proline	proP, proY	P0C0L7, P0AAE2
MNLtex	Mannitol transport via diffusion (extracellular to periplasm)	Transport, Outer Membrane Porin	1.0 mnl_e → 1.0 mnl_p	1.0 D-Mannitol → 1.0 D-Mannitol	ompN, ompC, phoE, ompF	P77747, P06996, P02932, P02931
PROt4pp	Na+/Proline-L symporter (periplasm)	Transport, Inner Membrane	1.0 na1_p + 1.0 pro__L_p → 1.0 na1_c + 1.0 pro__L_c	1.0 Sodium + 1.0 L-Proline → 1.0 Sodium + 1.0 L-Proline	putP	P07117
PTRCabcpp	Putrescine transport via ABC system (periplasm)	Transport, Inner Membrane	1.0 atp_c + 1.0 h2o_c + 1.0 ptrc_p → 1.0 adp_c + 1.0 h_c + 1.0 pi_c + 1.0 ptrc_c	1.0 ATP C10H12N5O13P3 + 1.0 H2O H2O + 1.0 Putrescine → 1.0 ADP C10H12N5O10P2 + 1.0 H+ + 1.0 Phosphate + 1.0 Putrescine	potF, potG, potI, potH, ydcS, ydcU, ydcT, ydcV, potB, potA, potC, potD	P31133, P31134, P0AFL1, P31135, P76108, P77156, P77795, P0AFR9, P0AFK4, P69874, P0AFK6, P0AFK9
LYXt2pp	L-Lyxose transport via proton symport (periplasm)	Transport, Inner Membrane	1.0 h_p + 1.0 lyx__L_p → 1.0 h_c + 1.0 lyx__L_c	1.0 H+ + 1.0 L-Lyxose → 1.0 H+ + 1.0 L-Lyxose	rhaT	P27125
OCDCAtexi	Octadecanoate transport via facilitated irreversible diffusion (extracellular to periplasm)	Transport, Outer Membrane	1.0 ocdca_e → 1.0 ocdca_p	1.0 Octadecanoate (n-C18:0) → 1.0 Octadecanoate (n-C18:0)	fadL	P10384
OCDCEAtexi	Octadecenoate (n-C18:1) transport via facilitated irreversible diffusion (extracellular to periplasm)	Transport, Outer Membrane	1.0 ocdcea_e → 1.0 ocdcea_p	1.0 Octadecenoate (n-C18:1) → 1.0 Octadecenoate (n-C18:1)	fadL	P10384
G6Ptex	Glucose 6-phosphate transport via diffusion (extracellular to periplasm)	Transport, Outer Membrane Porin	1.0 g6p_e → 1.0 g6p_p	1.0 D-Glucose 6-phosphate → 1.0 D-Glucose 6-phosphate	phoE, ompF, ompN, ompC	P02932, P02931, P77747, P06996
TUNGSabcpp	Tungstate transport via ABC system (periplasm)	Inorganic Ion Transport and Metabolism	1.0 atp_c + 1.0 h2o_c + 1.0 tungs_p → 1.0 adp_c + 1.0 h_c + 1.0 pi_c + 1.0 tungs_c	1.0 ATP C10H12N5O13P3 + 1.0 H2O H2O + 1.0 Tungstate → 1.0 ADP C10H12N5O10P2 + 1.0 H+ + 1.0 Phosphate + 1.0 Tungstate	modB, modC, modA	P0AF01, P09833, P37329
NAtex	Sodium transport via diffusion (extracellular to periplasm)	Transport, Outer Membrane Porin	1.0 na1_e → 1.0 na1_p	1.0 Sodium → 1.0 Sodium	phoE, ompF, ompN, ompC	P02932, P02931, P77747, P06996
MOBDabcpp	Molybdate transport via ABC system (periplasm)	Inorganic Ion Transport and Metabolism	1.0 atp_c + 1.0 h2o_c + 1.0 mobd_p → 1.0 adp_c + 1.0 h_c + 1.0 mobd_c + 1.0 pi_c	1.0 ATP C10H12N5O13P3 + 1.0 H2O H2O + 1.0 Molybdate → 1.0 ADP C10H12N5O10P2 + 1.0 H+ + 1.0 Molybdate + 1.0 Phosphate	modB, modC, modA, cysA, cysW, cysU, sbp, cysP, cysA, cysW, cysU	P0AF01, P09833, P37329, P16676, P0AEB0, P16701, P0AG78, P16700
MOBDtex	Molybdate transport via diffusion (extracellular to periplasm)	Transport, Outer Membrane Porin	1.0 mobd_e → 1.0 mobd_p	1.0 Molybdate → 1.0 Molybdate	phoE, ompF, ompN, ompC	P02932, P02931, P77747, P06996
NI2uabcpp	Nickel transport via ABC system (uptake, periplasm)	Inorganic Ion Transport and Metabolism	1.0 atp_c + 1.0 h2o_c + 1.0 ni2_p → 1.0 adp_c + 1.0 h_c + 1.0 ni2_c + 1.0 pi_c	1.0 ATP C10H12N5O13P3 + 1.0 H2O H2O + 1.0 Nickel → 1.0 ADP C10H12N5O10P2 + 1.0 H+ + 1.0 Nickel + 1.0 Phosphate	nikE, nikA, nikD, nikB, nikC, mgtA	P33594, P33590, P33593, P33591, P0AFA9, P0ABB8
FECRMtonex	Ferrichrome transport via ton system (extracellular)	Transport, Outer Membrane	1.0 fecrm_e + 1.0 h_p → 1.0 fecrm_p + 1.0 h_c	1.0 Ferrichrome + 1.0 H+ → 1.0 Ferrichrome + 1.0 H+	tonB, exbD, exbB, fhuA	P02929, P0ABV2, P0ABU7, P06971
ARBTNtonex	Aerobactin transport via ton system (extracellular)	Transport, Outer Membrane	1.0 arbtn_fe3_e + 1.0 h_p → 1.0 arbtn_fe3_p + 1.0 h_c	1.0 Aerobactin + 1.0 H+ → 1.0 Aerobactin + 1.0 H+	Unknown	Unknown
ADOCBLabcpp	Adenosylcobalamin transport via ABC system (periplasm)	Transport, Inner Membrane	1.0 adocbl_p + 1.0 atp_c + 1.0 h2o_c → 1.0 adocbl_c + 1.0 adp_c + 1.0 h_c + 1.0 pi_c	1.0 Adenosylcobalamin + 1.0 ATP C10H12N5O13P3 + 1.0 H2O H2O → 1.0 Adenosylcobalamin + 1.0 ADP C10H12N5O10P2 + 1.0 H+ + 1.0 Phosphate	btuD, btuF, btuC	P06611, P37028, P06609
NI2tex	Nickel transport via diffusion (extracellular to periplasm)	Transport, Outer Membrane Porin	1.0 ni2_e → 1.0 ni2_p	1.0 Nickel → 1.0 Nickel	phoE, ompF, ompN, ompC	P02932, P02931, P77747, P06996
NACtex	Nicotinic acid transport via diffusion (extracellular to periplasm)	Transport, Outer Membrane Porin	1.0 nac_e → 1.0 nac_p	1.0 Nicotinate → 1.0 Nicotinate	phoE, ompF, ompN, ompC	P02932, P02931, P77747, P06996
CRNabcpp	L-carnitine transport via ABC system (periplasm)	Transport, Inner Membrane	1.0 atp_c + 1.0 crn_p + 1.0 h2o_c → 1.0 adp_c + 1.0 crn_c + 1.0 h_c + 1.0 pi_c	1.0 ATP C10H12N5O13P3 + 1.0 L-Carnitine + 1.0 H2O H2O → 1.0 ADP C10H12N5O10P2 + 1.0 L-Carnitine + 1.0 H+ + 1.0 Phosphate	proX, proV, proW	P0AFM2, P14175, P14176
CRNDabcpp	D-carnitine transport via ABC system (periplasm)	Transport, Inner Membrane	1.0 atp_c + 1.0 crn__D_p + 1.0 h2o_c → 1.0 adp_c + 1.0 crn__D_c + 1.0 h_c + 1.0 pi_c	1.0 ATP C10H12N5O13P3 + 1.0 D-Carnitine + 1.0 H2O H2O → 1.0 ADP C10H12N5O10P2 + 1.0 D-Carnitine + 1.0 H+ + 1.0 Phosphate	proX, proV, proW	P0AFM2, P14175, P14176
CTBTabcpp	Crotonobetaine transport via ABC system (periplasm)	Transport, Inner Membrane	1.0 atp_c + 1.0 ctbt_p + 1.0 h2o_c → 1.0 adp_c + 1.0 ctbt_c + 1.0 h_c + 1.0 pi_c	1.0 ATP C10H12N5O13P3 + 1.0 Crotonobetaine + 1.0 H2O H2O → 1.0 ADP C10H12N5O10P2 + 1.0 Crotonobetaine + 1.0 H+ + 1.0 Phosphate	proW, proV, proX	P14176, P14175, P0AFM2
NH4tex	Ammonia transport via diffusion (extracellular to periplasm)	Transport, Outer Membrane Porin	1.0 nh4_e → 1.0 nh4_p	1.0 Ammonium → 1.0 Ammonium	ompN, ompC, phoE, ompF	P77747, P06996, P02932, P02931
H2O2tex	Hydrogen peroxide transport via diffusion (external)	Transport, Outer Membrane Porin	1.0 h2o2_e → 1.0 h2o2_p	1.0 Hydrogen peroxide → 1.0 Hydrogen peroxide	phoE, ompF, ompN, ompC	P02932, P02931, P77747, P06996
ADEtex	Adenine transport via diffusion (extracellular to periplasm)	Transport, Outer Membrane Porin	1.0 ade_e → 1.0 ade_p	1.0 Adenine → 1.0 Adenine	phoE, ompF, ompN, ompC	P02932, P02931, P77747, P06996
ADNtex	Adenosine transport via diffusion (extracellular to periplasm)	Transport, Outer Membrane	1.0 adn_e → 1.0 adn_p	1.0 Adenosine → 1.0 Adenosine	tsx	P0A927
ASR	Arsenate reductase	Inorganic Ion Transport and Metabolism	1.0 aso4_c + 2.0 gthrd_c → 1.0 aso3_c + 1.0 gthox_c + 1.0 h2o_c	1.0 Arsenate + 2.0 Reduced glutathione → 1.0 Arsenite + 1.0 Oxidized glutathione + 1.0 H2O H2O	grxB, arsC	P0AC59, P0AB96
ASO3tex	Arsenite transport via diffusion (extracellular to periplasm)	Transport, Outer Membrane Porin	1.0 aso3_e → 1.0 aso3_p	1.0 Arsenite → 1.0 Arsenite	phoE, ompF, ompN, ompC	P02932, P02931, P77747, P06996
AGMtex	Agmatine transport via diffusion (extracellular to periplasm)	Transport, Outer Membrane Porin	1.0 agm_e → 1.0 agm_p	1.0 Agmatine → 1.0 Agmatine	phoE, ompF, ompN, ompC	P02932, P02931, P77747, P06996
ALAtex	L-alanine transport via diffusion (extracellular to periplasm)	Transport, Outer Membrane Porin	1.0 ala__L_e → 1.0 ala__L_p	1.0 L-Alanine → 1.0 L-Alanine	phoE, ompN, ompC, ompF	P02932, P77747, P06996, P02931
BALAtex	Beta-alanine transport via diffusion (extracellular to periplasm)	Transport, Outer Membrane Porin	1.0 ala_B_e → 1.0 ala_B_p	1.0 Beta-Alanine → 1.0 Beta-Alanine	phoE, ompF, ompN, ompC	P02932, P02931, P77747, P06996
DALAtex	D-Alanine transport via diffusion (extracellular to periplasm)	Transport, Outer Membrane Porin	1.0 ala__D_e → 1.0 ala__D_p	1.0 D-Alanine → 1.0 D-Alanine	phoE, ompF, ompN, ompC	P02932, P02931, P77747, P06996
MANGLYCtex	2-O-alpha-mannosyl-D-glycerate transport via diffusion (extracellular to periplasm)	Transport, Outer Membrane Porin	1.0 manglyc_e → 1.0 manglyc_p	1.0 2(alpha-D-Mannosyl)-D-glycerate → 1.0 2(alpha-D-Mannosyl)-D-glycerate	phoE, ompF, ompN, ompC	P02932, P02931, P77747, P06996
AMPtex	AMP transport via diffusion (extracellular to periplasm)	Transport, Outer Membrane Porin	1.0 amp_e → 1.0 amp_p	1.0 AMP C10H12N5O7P → 1.0 AMP C10H12N5O7P	ompC, phoE, ompF, ompN	P06996, P02932, P02931, P77747
FRUURt2rpp	D-fructuronate transport via proton symport, reversible (periplasm)	Transport, Inner Membrane	1.0 fruur_p + 1.0 h_p → 1.0 fruur_c + 1.0 h_c	1.0 D-Fructuronate + 1.0 H+ → 1.0 D-Fructuronate + 1.0 H+	gntP	P0AC94
FRUURtex	D-fructuronate transport via diffusion (extracellular)	Transport, Outer Membrane Porin	1.0 fruur_e → 1.0 fruur_p	1.0 D-Fructuronate → 1.0 D-Fructuronate	phoE, ompF, ompN, ompC	P02932, P02931, P77747, P06996
ARBtex	L-arabinose transport via diffusion (extracellular to periplasm)	Transport, Outer Membrane Porin	1.0 arab__L_e → 1.0 arab__L_p	1.0 L-Arabinose → 1.0 L-Arabinose	phoE, ompF, ompN, ompC	P02932, P02931, P77747, P06996
ARGtex	L-arginine transport via diffusion (extracellular to periplasm)	Transport, Outer Membrane Porin	1.0 arg__L_e → 1.0 arg__L_p	1.0 L-Arginine → 1.0 L-Arginine	phoE, ompF, ompN, ompC	P02932, P02931, P77747, P06996
ASCBtex	L-ascorbate transport via diffusion (extracellular to periplasm)	Transport, Outer Membrane Porin	1.0 ascb__L_e → 1.0 ascb__L_p	1.0 L-Ascorbate → 1.0 L-Ascorbate	phoE, ompF, ompN, ompC	P02932, P02931, P77747, P06996
RIBabcpp	D-ribose transport via ABC system (periplasm)	Transport, Inner Membrane	1.0 atp_c + 1.0 h2o_c + 1.0 rib__D_p → 1.0 adp_c + 1.0 h_c + 1.0 pi_c + 1.0 rib__D_c	1.0 ATP C10H12N5O13P3 + 1.0 H2O H2O + 1.0 D-Ribose → 1.0 ADP C10H12N5O10P2 + 1.0 H+ + 1.0 Phosphate + 1.0 D-Ribose	ytfT, ytfQ, ytfR, yjfF, rbsC, rbsB, rbsA, rbsD, alsB, alsC, alsA	P39328, P39325, Q6BEX0, P37772, P0AGI1, P02925, P04983, P04982, P39265, P32720, P32721
GLYCAt2rpp	D-glycerate transport via proton symport, reversible (periplasm)	Transport, Inner Membrane	1.0 glyc__R_p + 1.0 h_p → 1.0 glyc__R_c + 1.0 h_c	1.0 (R)-Glycerate + 1.0 H+ → 1.0 (R)-Glycerate + 1.0 H+	garP, gudP	P0AA80, Q46916
GLYCAtex	D-glycerate transport via diffusion (extracellular to periplasm)	Transport, Outer Membrane Porin	1.0 glyc__R_e → 1.0 glyc__R_p	1.0 (R)-Glycerate → 1.0 (R)-Glycerate	phoE, ompF, ompN, ompC	P02932, P02931, P77747, P06996
BUTtex	Butyrate transport via diffusion (extracellular to periplasm)	Transport, Outer Membrane Porin	1.0 but_e → 1.0 but_p	1.0 Butyrate (n-C4:0) → 1.0 Butyrate (n-C4:0)	phoE, ompF, ompN, ompC	P02932, P02931, P77747, P06996
FE3HOXtonex	Fe(III)hydroxamine transport via ton system (extracellular)	Transport, Outer Membrane	1.0 fe3hox_e + 1.0 h_p → 1.0 fe3hox_p + 1.0 h_c	1.0 Fe(III)hydroxamate + 1.0 H+ → 1.0 Fe(III)hydroxamate + 1.0 H+	tonB, exbD, exbB, fhuA	P02929, P0ABV2, P0ABU7, P06971
CU2abcpp	Copper (Cu+2) ABC transporter (periplasm)	Inorganic Ion Transport and Metabolism	1.0 atp_c + 1.0 cu2_c + 1.0 h2o_c → 1.0 adp_c + 1.0 cu2_p + 1.0 h_c + 1.0 pi_c	1.0 ATP C10H12N5O13P3 + 1.0 Copper + 1.0 H2O H2O → 1.0 ADP C10H12N5O10P2 + 1.0 Copper + 1.0 H+ + 1.0 Phosphate	zntA	P37617
COBALT2abcpp	Cobalt (Co+2) ABC transporter (periplasm)	Inorganic Ion Transport and Metabolism	1.0 atp_c + 1.0 cobalt2_c + 1.0 h2o_c → 1.0 adp_c + 1.0 cobalt2_p + 1.0 h_c + 1.0 pi_c	1.0 ATP C10H12N5O13P3 + 1.0 Co2+ + 1.0 H2O H2O → 1.0 ADP C10H12N5O10P2 + 1.0 Co2+ + 1.0 H+ + 1.0 Phosphate	zntA	P37617
NI2abcpp	Nickle (Ni+2) ABC transporter (periplasm)	Inorganic Ion Transport and Metabolism	1.0 atp_c + 1.0 h2o_c + 1.0 ni2_c → 1.0 adp_c + 1.0 h_c + 1.0 ni2_p + 1.0 pi_c	1.0 ATP C10H12N5O13P3 + 1.0 H2O H2O + 1.0 Nickel → 1.0 ADP C10H12N5O10P2 + 1.0 H+ + 1.0 Nickel + 1.0 Phosphate	zntA	P37617
MG2uabcpp	Magnesium (Mg+2) ABC transporter (ubtake, periplasm)	Inorganic Ion Transport and Metabolism	1.0 atp_c + 1.0 h2o_c + 1.0 mg2_p → 1.0 adp_c + 1.0 h_c + 1.0 mg2_c + 1.0 pi_c	1.0 ATP C10H12N5O13P3 + 1.0 H2O H2O + 1.0 Magnesium → 1.0 ADP C10H12N5O10P2 + 1.0 H+ + 1.0 Magnesium + 1.0 Phosphate	mgtA	P0ABB8
CHLtex	Choline transport via diffusion (extracellular to periplasm)	Transport, Outer Membrane Porin	1.0 chol_e → 1.0 chol_p	1.0 Choline C5H14NO → 1.0 Choline C5H14NO	phoE, ompF, ompN, ompC	P02932, P02931, P77747, P06996
GLYBabcpp	Glycine betaine transport via ABC system (periplasm)	Transport, Inner Membrane	1.0 atp_c + 1.0 glyb_p + 1.0 h2o_c → 1.0 adp_c + 1.0 glyb_c + 1.0 h_c + 1.0 pi_c	1.0 ATP C10H12N5O13P3 + 1.0 Glycine betaine + 1.0 H2O H2O → 1.0 ADP C10H12N5O10P2 + 1.0 Glycine betaine + 1.0 H+ + 1.0 Phosphate	osmF, yehX, yehY, yehW, proV, proX, proW	P33362, P33360, P33361, P33359, P14175, P0AFM2, P14176
GLYC3Pt6pp	Glycerol-3-phosphate : phosphate antiporter (periplasm)	Transport, Inner Membrane	1.0 glyc3p_p + 1.0 pi_c → 1.0 glyc3p_c + 1.0 pi_p	1.0 Glycerol 3-phosphate + 1.0 Phosphate → 1.0 Glycerol 3-phosphate + 1.0 Phosphate	glpT	P08194
MMETtex	S-methyl-L-methionine transport via diffusion (extracellular to periplasm)	Transport, Outer Membrane Porin	1.0 mmet_e → 1.0 mmet_p	1.0 S-Methyl-L-methionine → 1.0 S-Methyl-L-methionine	phoE, ompF, ompN, ompC	P02932, P02931, P77747, P06996
FE3tex	Iron (III) transport via diffusion (extracellular to periplasm)	Transport, Outer Membrane Porin	1.0 fe3_e → 1.0 fe3_p	1.0 Iron (Fe3+) → 1.0 Iron (Fe3+)	phoE, ompF, ompN, ompC	P02932, P02931, P77747, P06996
MG2tex	Magnesium (Mg+2) transport via diffusion (extracellular to periplasm)	Transport, Outer Membrane Porin	1.0 mg2_e → 1.0 mg2_p	1.0 Magnesium → 1.0 Magnesium	phoE, ompF, ompN, ompC	P02932, P02931, P77747, P06996
Zn2tex	Zinc (Zn+2) transport via diffusion (extracellular to periplasm)	Transport, Outer Membrane Porin	1.0 zn2_e → 1.0 zn2_p	1.0 Zinc → 1.0 Zinc	phoE, ompF, ompN, ompC	P02932, P02931, P77747, P06996
MMETt2pp	S-methylmethionine permease (periplasm)	Transport, Inner Membrane	1.0 h_p + 1.0 mmet_p → 1.0 h_c + 1.0 mmet_c	1.0 H+ + 1.0 S-Methyl-L-methionine → 1.0 H+ + 1.0 S-Methyl-L-methionine	mmuP	Q47689
CD2tex	Cadmium (Cd+2) transport via diffusion (extracellular to periplasm)	Transport, Outer Membrane Porin	1.0 cd2_e → 1.0 cd2_p	1.0 Cadmium → 1.0 Cadmium	phoE, ompF, ompN, ompC	P02932, P02931, P77747, P06996
GLYCLTt4pp	Glycolate transport via sodium symport (periplasm)	Transport, Inner Membrane	1.0 glyclt_p + 1.0 na1_p → 1.0 glyclt_c + 1.0 na1_c	1.0 Glycolate C2H3O3 + 1.0 Sodium → 1.0 Glycolate C2H3O3 + 1.0 Sodium	actP	P32705
GLYCtpp	Glycerol transport via channel (periplasm)	Transport, Inner Membrane	1.0 glyc_c → 1.0 glyc_p	1.0 Glycerol → 1.0 Glycerol	, glpF	Unknown, P0AER0
H2Otpp	H2O transport via diffusion (periplasm)	Transport, Inner Membrane	1.0 h2o_p → 1.0 h2o_c	1.0 H2O H2O → 1.0 H2O H2O	, aqpZ	Unknown, P60844
GLNabcpp	L-glutamine transport via ABC system (periplasm)	Transport, Inner Membrane	1.0 atp_c + 1.0 gln__L_p + 1.0 h2o_c → 1.0 adp_c + 1.0 gln__L_c + 1.0 h_c + 1.0 pi_c	1.0 ATP C10H12N5O13P3 + 1.0 L-Glutamine + 1.0 H2O H2O → 1.0 ADP C10H12N5O10P2 + 1.0 L-Glutamine + 1.0 H+ + 1.0 Phosphate	glnH, glnQ, glnP	P0AEQ3, P10346, P0AEQ6
CO2tex	CO2 transport via diffusion (extracellular to periplasm)	Transport, Outer Membrane Porin	1.0 co2_e → 1.0 co2_p	1.0 CO2 CO2 → 1.0 CO2 CO2	phoE, ompF, ompN, ompC	P02932, P02931, P77747, P06996
GLUabcpp	L-glutamate transport via ABC system (periplasm)	Transport, Inner Membrane	1.0 atp_c + 1.0 glu__L_p + 1.0 h2o_c → 1.0 adp_c + 1.0 glu__L_c + 1.0 h_c + 1.0 pi_c	1.0 ATP C10H12N5O13P3 + 1.0 L-Glutamate + 1.0 H2O H2O → 1.0 ADP C10H12N5O10P2 + 1.0 L-Glutamate + 1.0 H+ + 1.0 Phosphate	gltK, gltI, gltJ, gltL	P0AER5, P37902, P0AER3, P0AAG3
GLUABUTt7pp	4-aminobutyrate/glutamate antiport (periplasm)	Transport, Inner Membrane	1.0 4abut_c + 1.0 glu__L_p → 1.0 4abut_p + 1.0 glu__L_c	1.0 4-Aminobutanoate + 1.0 L-Glutamate → 1.0 4-Aminobutanoate + 1.0 L-Glutamate	gadC	P63235
GLUt2rpp	L-glutamate transport via proton symport, reversible (periplasm)	Transport, Inner Membrane	1.0 glu__L_p + 1.0 h_p → 1.0 glu__L_c + 1.0 h_c	1.0 L-Glutamate + 1.0 H+ → 1.0 L-Glutamate + 1.0 H+	gltP	P21345
HCINNMt2rpp	3-hydroxycinnamic acid transport via proton symport, reversible (periplasm)	Transport, Inner Membrane	1.0 3hcinnm_p + 1.0 h_p → 1.0 3hcinnm_c + 1.0 h_c	1.0 3-hydroxycinnamic acid + 1.0 H+ → 1.0 3-hydroxycinnamic acid + 1.0 H+	mhpT	P77589
HISabcpp	L-histidine transport via ABC system (periplasm)	Transport, Inner Membrane	1.0 atp_c + 1.0 h2o_c + 1.0 his__L_p → 1.0 adp_c + 1.0 h_c + 1.0 his__L_c + 1.0 pi_c	1.0 ATP C10H12N5O13P3 + 1.0 H2O H2O + 1.0 L-Histidine → 1.0 ADP C10H12N5O10P2 + 1.0 H+ + 1.0 L-Histidine + 1.0 Phosphate	hisM, hisP, hisQ, hisJ	P0AEU3, P07109, P52094, P0AEU0
HISt2rpp	L-histidine reversible transport via proton symport (periplasm)	Transport, Inner Membrane	1.0 h_p + 1.0 his__L_p → 1.0 h_c + 1.0 his__L_c	1.0 H+ + 1.0 L-Histidine → 1.0 H+ + 1.0 L-Histidine	aroP	P15993
GLUt4pp	Na+/glutamate symport (periplasm)	Transport, Inner Membrane	1.0 glu__L_p + 1.0 na1_p → 1.0 glu__L_c + 1.0 na1_c	1.0 L-Glutamate + 1.0 Sodium → 1.0 L-Glutamate + 1.0 Sodium	gltS	P0AER8
GLYALDtpp	Glyceraldehyde facilitated diffusion (periplasm)	Transport, Inner Membrane	1.0 glyald_p → 1.0 glyald_c	1.0 D-Glyceraldehyde → 1.0 D-Glyceraldehyde	glpF	P0AER0
CRNtex	L-carnitine transport via diffusion (extracellular to periplasm)	Transport, Outer Membrane Porin	1.0 crn_e → 1.0 crn_p	1.0 L-Carnitine → 1.0 L-Carnitine	phoE, ompF, ompN, ompC	P02932, P02931, P77747, P06996
LYSabcpp	L-lysine transport via ABC system (periplasm)	Transport, Inner Membrane	1.0 atp_c + 1.0 h2o_c + 1.0 lys__L_p → 1.0 adp_c + 1.0 h_c + 1.0 lys__L_c + 1.0 pi_c	1.0 ATP C10H12N5O13P3 + 1.0 H2O H2O + 1.0 L-Lysine → 1.0 ADP C10H12N5O10P2 + 1.0 H+ + 1.0 L-Lysine + 1.0 Phosphate	hisQ, hisP, argT, hisM	P52094, P07109, P09551, P0AEU3
COBALT2tex	Cobalt (Co+2) transport via diffusion (extracellular to periplasm)	Transport, Outer Membrane Porin	1.0 cobalt2_e → 1.0 cobalt2_p	1.0 Co2+ → 1.0 Co2+	phoE, ompF, ompN, ompC	P02932, P02931, P77747, P06996
LCTSt3ipp	Lactose transport via proton aniport (periplasm)	Transport, Inner Membrane	1.0 h_p + 1.0 lcts_c → 1.0 h_c + 1.0 lcts_p	1.0 H+ + 1.0 Lactose C12H22O11 → 1.0 H+ + 1.0 Lactose C12H22O11	ydeA, setB, setA	P31122, P33026, P31675
ARBt3ipp	L-arabinose transport via proton antiport (periplasm)	Transport, Inner Membrane	1.0 arab__L_c + 1.0 h_p → 1.0 arab__L_p + 1.0 h_c	1.0 L-Arabinose + 1.0 H+ → 1.0 L-Arabinose + 1.0 H+	ydeA	P31122
14GLUCANabcpp	1,4-alpha-D-glucan transport via ABC system (periplasm)	Transport, Inner Membrane	1.0 14glucan_p + 1.0 atp_c + 1.0 h2o_c → 1.0 14glucan_c + 1.0 adp_c + 1.0 h_c + 1.0 pi_c	1.0 1,4-alpha-D-glucan + 1.0 ATP C10H12N5O13P3 + 1.0 H2O H2O → 1.0 1,4-alpha-D-glucan + 1.0 ADP C10H12N5O10P2 + 1.0 H+ + 1.0 Phosphate	malG, malE, malK, malF	P68183, P0AEX9, P68187, P02916
14GLUCANtexi	1,4-alpha-D-glucan transport via diffusion (extracellular to periplasm) irreversible	Transport, Outer Membrane	1.0 14glucan_e → 1.0 14glucan_p	1.0 1,4-alpha-D-glucan → 1.0 1,4-alpha-D-glucan	lamB	P02943
DINStex	Deoxyinosine transport via diffusion (extracellular to periplasm)	Transport, Outer Membrane Porin	1.0 din_e → 1.0 din_p	1.0 Deoxyinosine → 1.0 Deoxyinosine	phoE, ompF, ompN, ompC	P02932, P02931, P77747, P06996
DIMPtex	DIMP transport via diffusion (extracellular to periplasm)	Transport, Outer Membrane Porin	1.0 dimp_e → 1.0 dimp_p	1.0 DIMP C10H12N4O7P → 1.0 DIMP C10H12N4O7P	phoE, ompF, ompN, ompC	P02932, P02931, P77747, P06996
DMStex	Dimethyl sulfide transport via diffusion (extracellular to periplasm)	Transport, Outer Membrane Porin	1.0 dms_e → 1.0 dms_p	1.0 Dimethyl sulfide → 1.0 Dimethyl sulfide	phoE, ompF, ompN, ompC	P02932, P02931, P77747, P06996
GALTptspp	Galactitol transport via PEP:Pyr PTS (periplasm)	Transport, Inner Membrane	1.0 galt_p + 1.0 pep_c → 1.0 galt1p_c + 1.0 pyr_c	1.0 Galactitol + 1.0 Phosphoenolpyruvate → 1.0 Galactitol 1-phosphate + 1.0 Pyruvate	gatC, ptsH, gatA, gatB, ptsI	P69831, P0AA04, P69828, P37188, P08839
GALURt2rpp	D-galacturonate transport via proton symport, reversible (periplasm)	Transport, Inner Membrane	1.0 galur_p + 1.0 h_p → 1.0 galur_c + 1.0 h_c	1.0 D-Galacturonate + 1.0 H+ → 1.0 D-Galacturonate + 1.0 H+	exuT	P0AA78
ZN2abcpp	Zinc (Zn+2) ABC transporter, efflux (periplasm)	Inorganic Ion Transport and Metabolism	1.0 atp_c + 1.0 h2o_c + 1.0 zn2_c → 1.0 adp_c + 1.0 h_c + 1.0 pi_c + 1.0 zn2_p	1.0 ATP C10H12N5O13P3 + 1.0 H2O H2O + 1.0 Zinc → 1.0 ADP C10H12N5O10P2 + 1.0 H+ + 1.0 Phosphate + 1.0 Zinc	zntA	P37617
CSNtex	Cytosine transport via diffusion (extracellular to periplasm)	Transport, Outer Membrane Porin	1.0 csn_e → 1.0 csn_p	1.0 Cytosine → 1.0 Cytosine	phoE, ompF, ompN, ompC	P02932, P02931, P77747, P06996
GLCNt2rpp	D-gluconate transport via proton symport, reversible (periplasm)	Transport, Inner Membrane	1.0 glcn_p + 1.0 h_p → 1.0 glcn_c + 1.0 h_c	1.0 D-Gluconate + 1.0 H+ → 1.0 D-Gluconate + 1.0 H+	gntP, gntU, gntT, idnT	P0AC94, P0AC96, P39835, P39344
GLCptspp	D-glucose transport via PEP:Pyr PTS (periplasm)	Transport, Inner Membrane	1.0 glc__D_p + 1.0 pep_c → 1.0 g6p_c + 1.0 pyr_c	1.0 D-Glucose + 1.0 Phosphoenolpyruvate → 1.0 D-Glucose 6-phosphate + 1.0 Pyruvate	malX, ptsH, crr, ptsI, ptsG, ptsI, ptsH, crr, manZ, ptsH, manY, manX, ptsI	P19642, P0AA04, P69783, P08839, P69786, P69805, P69801, P69797
GLCRt2rpp	D-glucarate transport via proton symport, reversible (periplasm)	Transport, Inner Membrane	1.0 glcr_p + 1.0 h_p → 1.0 glcr_c + 1.0 h_c	1.0 D-Glucarate + 1.0 H+ → 1.0 D-Glucarate + 1.0 H+	garP, gudP	P0AA80, Q46916
GLCt2pp	D-glucose transport in via proton symport (periplasm)	Transport, Inner Membrane	1.0 glc__D_p + 1.0 h_p → 1.0 glc__D_c + 1.0 h_c	1.0 D-Glucose + 1.0 H+ → 1.0 D-Glucose + 1.0 H+	galP	P0AEP1
UREAtpp	Urea transport via facilitate diffusion (periplasm)	Transport, Inner Membrane	1.0 urea_p → 1.0 urea_c	1.0 Urea CH4N2O → 1.0 Urea CH4N2O	glpF	P0AER0
XANt2pp	Xanthine transport in via proton symport (periplasm)	Transport, Inner Membrane	1.0 h_p + 1.0 xan_p → 1.0 h_c + 1.0 xan_c	1.0 H+ + 1.0 Xanthine → 1.0 H+ + 1.0 Xanthine	xanQ, xanP, uacT	P67444, P0AGM9, Q46821
GLYC3Pabcpp	Sn-Glycerol 3-phosphate transport via ABC system (periplasm)	Transport, Inner Membrane	1.0 atp_c + 1.0 glyc3p_p + 1.0 h2o_c → 1.0 adp_c + 1.0 glyc3p_c + 1.0 h_c + 1.0 pi_c	1.0 ATP C10H12N5O13P3 + 1.0 Glycerol 3-phosphate + 1.0 H2O H2O → 1.0 ADP C10H12N5O10P2 + 1.0 Glycerol 3-phosphate + 1.0 H+ + 1.0 Phosphate	ugpA, ugpE, ugpB, ugpC	P10905, P10906, P0AG80, P10907
PPPNt2rpp	3-phenylpropionate transport via proton symport, reversible (periplasm)	Transport, Inner Membrane	1.0 h_p + 1.0 pppn_p → 1.0 h_c + 1.0 pppn_c	1.0 H+ + 1.0 Phenylpropanoate → 1.0 H+ + 1.0 Phenylpropanoate	hcaT	Q47142
PTRCORNt7pp	Putrescine/ornithine antiporter (periplasm)	Transport, Inner Membrane	1.0 orn_c + 1.0 ptrc_p → 1.0 orn_p + 1.0 ptrc_c	1.0 Ornithine + 1.0 Putrescine → 1.0 Ornithine + 1.0 Putrescine	potE	P0AAF1
GLCURt2rpp	D-glucuronate transport via proton symport, reversible (periplasm)	Transport, Inner Membrane	1.0 glcur_p + 1.0 h_p → 1.0 glcur_c + 1.0 h_c	1.0 D-Glucuronate + 1.0 H+ → 1.0 D-Glucuronate + 1.0 H+	kdgT, exuT	P0A712, P0AA78
ACMUMptspp	N-acetylmuramate transport via PEP:Pyr PTS (periplasm)	Transport, Inner Membrane	1.0 acmum_p + 1.0 pep_c → 1.0 acmum6p_c + 1.0 pyr_c	1.0 N-Acetylmuramate + 1.0 Phosphoenolpyruvate → 1.0 N-acetylmuramate 6-phosphate + 1.0 Pyruvate	crr, ptsI, ptsH, murP	P69783, P08839, P0AA04, P77272
SPMDabcpp	Spermidine transport via ABC system (periplasm)	Transport, Inner Membrane	1.0 atp_c + 1.0 h2o_c + 1.0 spmd_p → 1.0 adp_c + 1.0 h_c + 1.0 pi_c + 1.0 spmd_c	1.0 ATP C10H12N5O13P3 + 1.0 H2O H2O + 1.0 Spermidine → 1.0 ADP C10H12N5O10P2 + 1.0 H+ + 1.0 Phosphate + 1.0 Spermidine	potD, potB, potC, potA, ydcV, ydcU, ydcT, ydcS	P0AFK9, P0AFK4, P0AFK6, P69874, P0AFR9, P77156, P77795, P76108
CYNTtex	Cyanate transport via diffusion (extracellular to periplasm)	Transport, Outer Membrane Porin	1.0 cynt_e → 1.0 cynt_p	1.0 Cyanate → 1.0 Cyanate	ompC, phoE, ompF, ompN	P06996, P02932, P02931, P77747
HG2tex	Mercury (Hg+2) transport via diffusion (extracellular to periplasm)	Transport, Outer Membrane Porin	1.0 hg2_e → 1.0 hg2_p	1.0 Mercury  charged 2  Hg → 1.0 Mercury  charged 2  Hg	phoE, ompF, ompN, ompC	P02932, P02931, P77747, P06996
XTSNtex	Xanthosine transport via diffusion (extracellular to periplasm)	Transport, Outer Membrane Porin	1.0 xtsn_e → 1.0 xtsn_p	1.0 Xanthosine → 1.0 Xanthosine	phoE, ompF, ompN, ompC	P02932, P02931, P77747, P06996
CYStex	L-cysteine transport via diffusion (extracellular to periplasm)	Transport, Outer Membrane Porin	1.0 cys__L_e → 1.0 cys__L_p	1.0 L-Cysteine → 1.0 L-Cysteine	phoE, ompF, ompN, ompC	P02932, P02931, P77747, P06996
CYTDtex	Cytidine transport via diffusion (extracellular to periplasm)	Transport, Outer Membrane Porin	1.0 cytd_e → 1.0 cytd_p	1.0 Cytidine → 1.0 Cytidine	phoE, ompF, ompN, ompC	P02932, P02931, P77747, P06996
DADNtex	Deoxyadenosine transport via diffusion (extracellular to periplasm)	Transport, Outer Membrane	1.0 dad_2_e → 1.0 dad_2_p	1.0 Deoxyadenosine → 1.0 Deoxyadenosine	tsx	P0A927
4PEPTtex	LalaDgluMdapDala (pentapeptide) transport via diffusion (extracellular to periplasm)	Transport, Outer Membrane Porin	1.0 LalaDgluMdapDala_e → 1.0 LalaDgluMdapDala_p	1.0 L-alanine-D-glutamate-meso-2,6-diaminoheptanedioate-D-alanine → 1.0 L-alanine-D-glutamate-meso-2,6-diaminoheptanedioate-D-alanine	phoE, ompF, ompN, ompC	P02932, P02931, P77747, P06996
DHAtex	Dihydroxyacetone transport via diffusion (extracellular to periplasm)	Transport, Outer Membrane Porin	1.0 dha_e → 1.0 dha_p	1.0 Dihydroxyacetone → 1.0 Dihydroxyacetone	phoE, ompF, ompN, ompC	P02932, P02931, P77747, P06996
ETOHtex	Ethanol transport via diffusion (extracellular to periplasm)	Transport, Outer Membrane Porin	1.0 etoh_e → 1.0 etoh_p	1.0 Ethanol → 1.0 Ethanol	phoE, ompF, ompN, ompC	P02932, P02931, P77747, P06996
GALabcpp	D-galactose transport via ABC system (periplasm)	Transport, Inner Membrane	1.0 atp_c + 1.0 gal_p + 1.0 h2o_c → 1.0 adp_c + 1.0 gal_c + 1.0 h_c + 1.0 pi_c	1.0 ATP C10H12N5O13P3 + 1.0 D-Galactose + 1.0 H2O H2O → 1.0 ADP C10H12N5O10P2 + 1.0 D-Galactose + 1.0 H+ + 1.0 Phosphate	mglC, mglA, mglB, ytfQ, ytfT, ytfR, yjfF	P23200, P0AAG8, P0AEE5, P39325, P39328, Q6BEX0, P37772
GLYCLTt2rpp	Glycolate transport via proton symport, reversible (periplasm)	Transport, Inner Membrane	1.0 glyclt_p + 1.0 h_p → 1.0 glyclt_c + 1.0 h_c	1.0 Glycolate C2H3O3 + 1.0 H+ → 1.0 Glycolate C2H3O3 + 1.0 H+	lldP, glcA	P33231, Q46839
GUAt2pp	Guanine transport in via proton symport (periplasm)	Transport, Inner Membrane	1.0 gua_p + 1.0 h_p → 1.0 gua_c + 1.0 h_c	1.0 Guanine + 1.0 H+ → 1.0 Guanine + 1.0 H+	xanP	P0AGM9
HPPPNt2rpp	3-(3-hydroxyphenyl)propionate transport via proton symport, reversible (periplasm)	Transport, Inner Membrane	1.0 3hpppn_p + 1.0 h_p → 1.0 3hpppn_c + 1.0 h_c	1.0 3-(3-hydroxy-phenyl)propionate + 1.0 H+ → 1.0 3-(3-hydroxy-phenyl)propionate + 1.0 H+	mhpT	P77589
DCAtex	Decanoate transport via diffusion (extracellular to periplasm)	Transport, Outer Membrane Porin	1.0 dca_e → 1.0 dca_p	1.0 Decanoate (n-C10:0) → 1.0 Decanoate (n-C10:0)	phoE, ompF, ompN, ompC	P02932, P02931, P77747, P06996
DCYTtex	Deoxycytidine transport via diffusion (extracellular to periplasm)	Transport, Outer Membrane	1.0 dcyt_e → 1.0 dcyt_p	1.0 Deoxycytidine → 1.0 Deoxycytidine	tsx	P0A927
ACACtex	Acetoacetate transport via diffusion (extracellular to periplasm)	Transport, Outer Membrane Porin	1.0 acac_e → 1.0 acac_p	1.0 Acetoacetate → 1.0 Acetoacetate	phoE, ompF, ompN, ompC	P02932, P02931, P77747, P06996
ACNAMtex	N-acetylneuraminate transport via diffusion (extracellular to periplasm)	Transport, Outer Membrane	1.0 acnam_e → 1.0 acnam_p	1.0 N-Acetylneuraminate → 1.0 N-Acetylneuraminate	nanC, ompF, ompC	P69856, P02931, P06996
ARBTNabcpp	Aerobactin transport via ABC system (periplasm)	Transport, Inner Membrane	1.0 arbtn_fe3_p + 1.0 atp_c + 1.0 h2o_c → 1.0 adp_c + 1.0 arbtn_fe3_c + 1.0 h_c + 1.0 pi_c	1.0 Aerobactin + 1.0 ATP C10H12N5O13P3 + 1.0 H2O H2O → 1.0 ADP C10H12N5O10P2 + 1.0 Aerobactin + 1.0 H+ + 1.0 Phosphate	fhuC, fhuB, fhuD	P07821, P06972, P07822
DGSNtex	Deoxyguanosine transport via diffusion (extracellular to periplasm)	Transport, Outer Membrane Porin	1.0 dgsn_e → 1.0 dgsn_p	1.0 Deoxyguanosine → 1.0 Deoxyguanosine	phoE, ompF, ompN, ompC	P02932, P02931, P77747, P06996
ASO3t8pp	Arsenite efflux via ATP hydrolysis (periplasm)	Transport, Inner Membrane	1.0 aso3_c + 1.0 atp_c + 1.0 h2o_c → 1.0 adp_c + 1.0 aso3_p + 1.0 h_c + 1.0 pi_c	1.0 Arsenite + 1.0 ATP C10H12N5O13P3 + 1.0 H2O H2O → 1.0 ADP C10H12N5O10P2 + 1.0 Arsenite + 1.0 H+ + 1.0 Phosphate	arsB	P0AB93
H2Stex	H2s transport via diffusion (extracellular to periplasm)	Transport, Outer Membrane Porin	1.0 h2s_e → 1.0 h2s_p	1.0 Hydrogen sulfide → 1.0 Hydrogen sulfide	ompN, ompC, phoE, ompF	P77747, P06996, P02932, P02931
H2St1pp	H2s transport (periplasm)	Transport, Inner Membrane	1.0 h2s_c → 1.0 h2s_p	1.0 Hydrogen sulfide → 1.0 Hydrogen sulfide		Unknown
CELBpts	Cellobiose transport via PEPPyr PTS	Transport, Inner Membrane	1.0 cellb_e + 1.0 pep_c → 1.0 6pgg_c + 1.0 pyr_c	1.0 Cellobiose + 1.0 Phosphoenolpyruvate → 1.0 6-Phospho-beta-D-glucosyl-(1,4)-D-glucose + 1.0 Pyruvate	ascF, ptsI, ptsH, ptsI, chbB, chbC, chbA, ptsH	P24241, P08839, P0AA04, P69795, P17334, P69791
FORt2pp	Formate transport via proton symport (uptake only, periplasm)	Transport, Inner Membrane	1.0 for_p + 1.0 h_p → 1.0 for_c + 1.0 h_c	1.0 Formate + 1.0 H+ → 1.0 Formate + 1.0 H+	focA, focB	P0AC23, P77733
MANptspp	D-mannose transport via PEP:Pyr PTS (periplasm)	Transport, Inner Membrane	1.0 man_p + 1.0 pep_c → 1.0 man6p_c + 1.0 pyr_c	1.0 D-Mannose + 1.0 Phosphoenolpyruvate → 1.0 D-Mannose 6-phosphate + 1.0 Pyruvate	manZ, manY, manX, ptsI, ptsH	P69805, P69801, P69797, P08839, P0AA04
TYMtex	Tyramine transport via diffusion (extracellular to periplasm)	Transport, Outer Membrane Porin	1.0 tym_e → 1.0 tym_p	1.0 Tyramine → 1.0 Tyramine	phoE, ompF, ompN, ompC	P02932, P02931, P77747, P06996
ARGORNt7pp	Arginine/ornithine antiporter (periplasm)	Transport, Inner Membrane	1.0 arg__L_p + 1.0 orn_c → 1.0 arg__L_c + 1.0 orn_p	1.0 L-Arginine + 1.0 Ornithine → 1.0 L-Arginine + 1.0 Ornithine	ydgI	P0AAE5
CMPtex	CMP transport via diffusion (extracellular to periplasm)	Transport, Outer Membrane Porin	1.0 cmp_e → 1.0 cmp_p	1.0 CMP C9H12N3O8P → 1.0 CMP C9H12N3O8P	phoE, ompF, ompN, ompC	P02932, P02931, P77747, P06996
DUMPtex	DUMP transport via diffusion (extracellular to periplasm)	Transport, Outer Membrane Porin	1.0 dump_e → 1.0 dump_p	1.0 DUMP C9H11N2O8P → 1.0 DUMP C9H11N2O8P	phoE, ompF, ompN, ompC	P02932, P02931, P77747, P06996
XMPtex	XMP transport via diffusion (extracellular to periplasm)	Transport, Outer Membrane Porin	1.0 xmp_e → 1.0 xmp_p	1.0 Xanthosine 5'-phosphate → 1.0 Xanthosine 5'-phosphate	phoE, ompF, ompN, ompC	P02932, P02931, P77747, P06996
3PEPTtex	LalaDgluMdap (tripeptide) transport via diffusion (extracellular to periplasm)	Transport, Outer Membrane Porin	1.0 LalaDgluMdap_e → 1.0 LalaDgluMdap_p	1.0 L-alanine-D-glutamate-meso-2,6-diaminoheptanedioate → 1.0 L-alanine-D-glutamate-meso-2,6-diaminoheptanedioate	phoE, ompF, ompN, ompC	P02932, P02931, P77747, P06996
ANHGMtex	GlcNAc-anhMurNAc transport via diffusion (extracellular to periplasm)	Transport, Outer Membrane Porin	1.0 anhgm_e → 1.0 anhgm_p	1.0 N-Acetyl-D-glucosamine(anhydrous)N-Acetylmuramic acid → 1.0 N-Acetyl-D-glucosamine(anhydrous)N-Acetylmuramic acid	phoE, ompF, ompN, ompC	P02932, P02931, P77747, P06996
MALTptspp	Maltose transport via PEP:Pyr PTS (periplasm)	Transport, Inner Membrane	1.0 malt_p + 1.0 pep_c → 1.0 malt6p_c + 1.0 pyr_c	1.0 Maltose C12H22O11 + 1.0 Phosphoenolpyruvate → 1.0 Maltose 6'-phosphate + 1.0 Pyruvate	malX, crr, ptsH, ptsI	P19642, P69783, P0AA04, P08839
FALDtex	Formaldehyde transport via diffusion (extracellular to periplasm)	Transport, Outer Membrane Porin	1.0 fald_e → 1.0 fald_p	1.0 Formaldehyde → 1.0 Formaldehyde	phoE, ompF, ompN, ompC	P02932, P02931, P77747, P06996
CU2tex	Copper (Cu+2) transport via diffusion (extracellular to periplasm)	Transport, Outer Membrane Porin	1.0 cu2_e → 1.0 cu2_p	1.0 Copper → 1.0 Copper	ompN, ompC, phoE, ompF	P77747, P06996, P02932, P02931
FECRMUtex	Ferrichrome (minus Fe) secretion (to extracellular)	Inorganic Ion Transport and Metabolism	1.0 fecrm_un_p + 1.0 h_p → 1.0 fecrm_un_e + 1.0 h_c	1.0 Ferrichrome minus Fe(III) + 1.0 H+ → 1.0 Ferrichrome minus Fe(III) + 1.0 H+	Unknown	Unknown
CLtex	Chloride (Cl-1) transport via diffusion (extracellular to periplasm)	Transport, Outer Membrane Porin	1.0 cl_e → 1.0 cl_p	1.0 Chloride → 1.0 Chloride	phoE, ompF, ompN, ompC	P02932, P02931, P77747, P06996
CYSDtex	D-cysteine transport via diffusion (extracellular to periplasm)	Transport, Outer Membrane Porin	1.0 cys__D_e → 1.0 cys__D_p	1.0 D-Cysteine → 1.0 D-Cysteine	phoE, ompF, ompN, ompC	P02932, P02931, P77747, P06996
CYSDabcpp	D-cysteine uptake via ABC system (periplasm)	Transport, Inner Membrane	1.0 atp_c + 1.0 cys__D_p + 1.0 h2o_c → 1.0 adp_c + 1.0 cys__D_c + 1.0 h_c + 1.0 pi_c	1.0 ATP C10H12N5O13P3 + 1.0 D-Cysteine + 1.0 H2O H2O → 1.0 ADP C10H12N5O10P2 + 1.0 D-Cysteine + 1.0 H+ + 1.0 Phosphate	Unknown	Unknown
GMPtex	GMP transport via diffusion (extracellular to periplasm)	Transport, Outer Membrane Porin	1.0 gmp_e → 1.0 gmp_p	1.0 GMP C10H12N5O8P → 1.0 GMP C10H12N5O8P	ompC, phoE, ompF, ompN	P06996, P02932, P02931, P77747
IMPtex	IMP transport via diffusion (extracellular to periplasm)	Transport, Outer Membrane Porin	1.0 imp_e → 1.0 imp_p	1.0 IMP C10H11N4O8P → 1.0 IMP C10H11N4O8P	phoE, ompF, ompN, ompC	P02932, P02931, P77747, P06996
G3PItex	Glycero-3-phospho-1-inositol transport via diffusion (extracellular to periplasm)	Transport, Outer Membrane Porin	1.0 g3pi_e → 1.0 g3pi_p	1.0 Sn-Glycero-3-phospho-1-inositol → 1.0 Sn-Glycero-3-phospho-1-inositol	phoE, ompF, ompN, ompC	P02932, P02931, P77747, P06996
CD2abcpp	Cadmium (Cd+2) ABC transporter (periplasm)	Inorganic Ion Transport and Metabolism	1.0 atp_c + 1.0 cd2_c + 1.0 h2o_c → 1.0 adp_c + 1.0 cd2_p + 1.0 h_c + 1.0 pi_c	1.0 ATP C10H12N5O13P3 + 1.0 Cadmium + 1.0 H2O H2O → 1.0 ADP C10H12N5O10P2 + 1.0 Cadmium + 1.0 H+ + 1.0 Phosphate	zntA	P37617
G3PGtex	Glycerophoglycerol transport via diffusion (extracellular to periplasm)	Transport, Outer Membrane Porin	1.0 g3pg_e → 1.0 g3pg_p	1.0 Glycerophosphoglycerol → 1.0 Glycerophosphoglycerol	phoE, ompF, ompN, ompC	P02932, P02931, P77747, P06996
G3PEtex	Glycero-3-phosphoethanolamine transport via diffusion (extracellular to periplasm)	Transport, Outer Membrane Porin	1.0 g3pe_e → 1.0 g3pe_p	1.0 Sn-Glycero-3-phosphoethanolamine → 1.0 Sn-Glycero-3-phosphoethanolamine	ompF, ompN, ompC, phoE	P02931, P77747, P06996, P02932
G3PCtex	Glycero-3-phosphocholine transport via diffusion (extracellular to periplasm)	Transport, Outer Membrane Porin	1.0 g3pc_e → 1.0 g3pc_p	1.0 Sn-Glycero-3-phosphocholine → 1.0 Sn-Glycero-3-phosphocholine	phoE, ompF, ompN, ompC	P02932, P02931, P77747, P06996
UMPtex	UMP transport via diffusion (extracellular to periplasm)	Transport, Outer Membrane Porin	1.0 ump_e → 1.0 ump_p	1.0 UMP C9H11N2O9P → 1.0 UMP C9H11N2O9P	ompF, ompN, ompC, phoE	P02931, P77747, P06996, P02932
G1Ptex	D-glucose 1-phosphate transport via diffusion	Transport, Outer Membrane Porin	1.0 g1p_e → 1.0 g1p_p	1.0 D-Glucose 1-phosphate → 1.0 D-Glucose 1-phosphate	phoE, ompF, ompN, ompC	P02932, P02931, P77747, P06996
CUt3	Copper transport out via proton antiport	Transport, Outer Membrane	1.0 cu_c + 1.0 h_e → 1.0 cu_e + 1.0 h_c	1.0 Cu+ + 1.0 H+ → 1.0 Cu+ + 1.0 H+	cusC, cusB, cusF, cusA	P77211, P77239, P77214, P38054
ZN2t3pp	Zinc (Zn+2) transport out via proton antiport (periplasm)	Inorganic Ion Transport and Metabolism	1.0 h_p + 1.0 zn2_c → 1.0 h_c + 1.0 zn2_p	1.0 H+ + 1.0 Zinc → 1.0 H+ + 1.0 Zinc	fieF, zitB	P69380, P75757
SKMtex	Shikimate transport via diffusion (extracellular to periplasm)	Transport, Outer Membrane Porin	1.0 skm_e → 1.0 skm_p	1.0 Shikimate → 1.0 Shikimate	phoE, ompF, ompN, ompC	P02932, P02931, P77747, P06996
MNt2pp	Manganese (Mn+2) transport in via proton symport (periplasm)	Transport, Inner Membrane	1.0 h_p + 1.0 mn2_p → 1.0 h_c + 1.0 mn2_c	1.0 H+ + 1.0 Manganese → 1.0 H+ + 1.0 Manganese	mntH	P0A769
GLCabcpp	D-glucose transport via ABC system (periplasm)	Transport, Inner Membrane	1.0 atp_c + 1.0 glc__D_p + 1.0 h2o_c → 1.0 adp_c + 1.0 glc__D_c + 1.0 h_c + 1.0 pi_c	1.0 ATP C10H12N5O13P3 + 1.0 D-Glucose + 1.0 H2O H2O → 1.0 ADP C10H12N5O10P2 + 1.0 D-Glucose + 1.0 H+ + 1.0 Phosphate	mglA, mglC, mglB	P0AAG8, P23200, P0AEE5
MNtex	Manganese (Mn+2) transport via diffusion (extracellular to periplasm)	Transport, Outer Membrane Porin	1.0 mn2_e → 1.0 mn2_p	1.0 Manganese → 1.0 Manganese	phoE, ompF, ompN, ompC	P02932, P02931, P77747, P06996
GAL1Ptex	D-galactose 1-phosphate transport via diffusion (extracellular to periplasm)	Transport, Outer Membrane Porin	1.0 gal1p_e → 1.0 gal1p_p	1.0 Alpha-D-Galactose 1-phosphate → 1.0 Alpha-D-Galactose 1-phosphate	phoE, ompF, ompN, ompC	P02932, P02931, P77747, P06996
O2Stex	Superoxide anion transport via diffusion (extracellular to periplasm)	Transport, Outer Membrane Porin	1.0 o2s_e → 1.0 o2s_p	1.0 Superoxide anion → 1.0 Superoxide anion	ompN, ompC, phoE, ompF	P77747, P06996, P02932, P02931
Kt3pp	Potassium transport out via proton antiport (periplasm)	Inorganic Ion Transport and Metabolism	1.0 h_p + 1.0 k_c → 1.0 h_c + 1.0 k_p	1.0 H+ + 1.0 Potassium → 1.0 H+ + 1.0 Potassium	kefB, kefC, chaA, mdfA	P45522, P03819, P31801, P0AEY8
HOMt2pp	L-homoserineserine efflux via proton symport	Transport, Inner Membrane	1.0 h_p + 1.0 hom__L_c → 1.0 h_c + 1.0 hom__L_p	1.0 H+ + 1.0 L-Homoserine → 1.0 H+ + 1.0 L-Homoserine	rhtA, rhtB	P0AA67, P0AG34
HOMtex	L-homoserine transport via diffusion (extracellular to periplasm)	Transport, Outer Membrane Porin	1.0 hom__L_e → 1.0 hom__L_p	1.0 L-Homoserine → 1.0 L-Homoserine	phoE, ompF, ompN, ompC	P02932, P02931, P77747, P06996
SO2tex	SO2 transport via diffusion (extracellular to periplasm)	Transport, Outer Membrane Porin	1.0 so2_e → 1.0 so2_p	1.0 Sulfur dioxide → 1.0 Sulfur dioxide	phoE, ompF, ompN, ompC	P02932, P02931, P77747, P06996
SO2tpp	SO2 transport via diffusion (periplasm)	Inorganic Ion Transport and Metabolism	1.0 so2_p → 1.0 so2_c	1.0 Sulfur dioxide → 1.0 Sulfur dioxide		Unknown
CYStpp	L-cysteine export via facilitated transport	Transport, Inner Membrane	1.0 cys__L_c → 1.0 cys__L_p	1.0 L-Cysteine → 1.0 L-Cysteine	eamB, eamA	P38101, P31125
DAMPtex	DAMP transport via diffusion (extracellular to periplasm)	Transport, Outer Membrane Porin	1.0 damp_e → 1.0 damp_p	1.0 DAMP C10H12N5O6P → 1.0 DAMP C10H12N5O6P	phoE, ompF, ompN, ompC	P02932, P02931, P77747, P06996
DCMPtex	DCMP transport via diffusion (extracellular to periplasm)	Transport, Outer Membrane Porin	1.0 dcmp_e → 1.0 dcmp_p	1.0 DCMP C9H12N3O7P → 1.0 DCMP C9H12N3O7P	phoE, ompF, ompN, ompC	P02932, P02931, P77747, P06996
DGMPtex	DGMP transport via diffusion (extracellular to periplasm)	Transport, Outer Membrane Porin	1.0 dgmp_e → 1.0 dgmp_p	1.0 DGMP C10H12N5O7P → 1.0 DGMP C10H12N5O7P	phoE, ompF, ompN, ompC	P02932, P02931, P77747, P06996
DTMPtex	DTMP transport via diffusion (extracellular to periplasm)	Transport, Outer Membrane Porin	1.0 dtmp_e → 1.0 dtmp_p	1.0 DTMP C10H13N2O8P → 1.0 DTMP C10H13N2O8P	phoE, ompF, ompN, ompC	P02932, P02931, P77747, P06996
ACSERtpp	O-Acetyl-L-serine export via facilitated transport	Transport, Inner Membrane	1.0 acser_c → 1.0 acser_p	1.0 O-Acetyl-L-serine → 1.0 O-Acetyl-L-serine	eamB, eamA	P38101, P31125
ACSERtex	O-Acetyl-L-serine transport via diffusion (extracellular to periplasm)	Transport, Outer Membrane Porin	1.0 acser_e → 1.0 acser_p	1.0 O-Acetyl-L-serine → 1.0 O-Acetyl-L-serine	ompN, ompC, phoE, ompF	P77747, P06996, P02932, P02931
2AGPE120tipp	2-Acyl-sn-glycero-3-phosphoethanolamine (n-C12:0) transporter via facilitated diffusion (periplasm)	Transport, Inner Membrane	1.0 2agpe120_p → 1.0 2agpe120_c	1.0 2-Acyl-sn-glycero-3-phosphoethanolamine (n-C12:0) → 1.0 2-Acyl-sn-glycero-3-phosphoethanolamine (n-C12:0)	lplT	P39196
G3PGabcpp	Sn-glycerol-3-phosphoglycerol transport via ABC system (periplasm)	Transport, Inner Membrane	1.0 atp_c + 1.0 g3pg_p + 1.0 h2o_c → 1.0 adp_c + 1.0 g3pg_c + 1.0 h_c + 1.0 pi_c	1.0 ATP C10H12N5O13P3 + 1.0 Glycerophosphoglycerol + 1.0 H2O H2O → 1.0 ADP C10H12N5O10P2 + 1.0 Glycerophosphoglycerol + 1.0 H+ + 1.0 Phosphate	ugpC, ugpE, ugpB, ugpA	P10907, P10906, P0AG80, P10905
G3PIabcpp	Sn-glycerol-3-phosphoethanolamine transport via ABC system (periplasm)	Transport, Inner Membrane	1.0 atp_c + 1.0 g3pi_p + 1.0 h2o_c → 1.0 adp_c + 1.0 g3pi_c + 1.0 h_c + 1.0 pi_c	1.0 ATP C10H12N5O13P3 + 1.0 Sn-Glycero-3-phospho-1-inositol + 1.0 H2O H2O → 1.0 ADP C10H12N5O10P2 + 1.0 Sn-Glycero-3-phospho-1-inositol + 1.0 H+ + 1.0 Phosphate	ugpC, ugpE, ugpB, ugpA	P10907, P10906, P0AG80, P10905
G3PSabcpp	Sn-glycerol-3-phosphoserine transport via ABC system (periplasm)	Transport, Inner Membrane	1.0 atp_c + 1.0 g3ps_p + 1.0 h2o_c → 1.0 adp_c + 1.0 g3ps_c + 1.0 h_c + 1.0 pi_c	1.0 ATP C10H12N5O13P3 + 1.0 Glycerophosphoserine + 1.0 H2O H2O → 1.0 ADP C10H12N5O10P2 + 1.0 Glycerophosphoserine + 1.0 H+ + 1.0 Phosphate	ugpC, ugpE, ugpB, ugpA	P10907, P10906, P0AG80, P10905
2AGPA120tipp	2-Acyl-sn-glycero-3-phosphatidate (n-C12:0) transporter via facilitated diffusion (periplasm)	Transport, Inner Membrane	1.0 2ddecg3p_p → 1.0 2ddecg3p_c	1.0 2-dodecanoyl-sn-glycerol 3-phosphate → 1.0 2-dodecanoyl-sn-glycerol 3-phosphate	lplT	P39196
2AGPG180tipp	2-Acyl-sn-glycero-3-phosphoglycerol (n-C18:0) transporter via facilitated diffusion (periplasm)	Transport, Inner Membrane	1.0 2agpg180_p → 1.0 2agpg180_c	1.0 2-Acyl-sn-glycero-3-phosphoglycerol (n-C18:0) → 1.0 2-Acyl-sn-glycero-3-phosphoglycerol (n-C18:0)	lplT	P39196
ALAALAtex	D-alanyl-D-alanine (DalaDala) transport via diffusion (extracellular to periplasm)	Transport, Outer Membrane Porin	1.0 alaala_e → 1.0 alaala_p	1.0 D-Alanyl-D-alanine → 1.0 D-Alanyl-D-alanine	phoE, ompF, ompN, ompC	P02932, P02931, P77747, P06996
2AGPG141tipp	2-Acyl-sn-glycero-3-phosphoglycerol (n-C14:1) transporter via facilitated diffusion (periplasm)	Transport, Inner Membrane	1.0 2agpg141_p → 1.0 2agpg141_c	1.0 2-Acyl-sn-glycero-3-phosphoglycerol (n-C14:1) → 1.0 2-Acyl-sn-glycero-3-phosphoglycerol (n-C14:1)	lplT	P39196
2AGPG161tipp	2-Acyl-sn-glycero-3-phosphoglycerol (n-C16:1) transporter via facilitated diffusion (periplasm)	Transport, Inner Membrane	1.0 2agpg161_p → 1.0 2agpg161_c	1.0 2-Acyl-sn-glycero-3-phosphoglycerol (n-C16:1) → 1.0 2-Acyl-sn-glycero-3-phosphoglycerol (n-C16:1)	lplT	P39196
2AGPG181tipp	2-Acyl-sn-glycero-3-phosphoglycerol (n-C18:1) transporter via facilitated diffusion (periplasm)	Transport, Inner Membrane	1.0 2agpg181_p → 1.0 2agpg181_c	1.0 2-Acyl-sn-glycero-3-phosphoglycerol (n-C18:1) → 1.0 2-Acyl-sn-glycero-3-phosphoglycerol (n-C18:1)	lplT	P39196
PG161abcpp	Phosphatidylglycerol transport via ABC system (n-C16:1, periplasm)	Transport, Inner Membrane	1.0 atp_c + 1.0 h2o_c + 1.0 pg161_c → 1.0 adp_c + 1.0 h_c + 1.0 pg161_p + 1.0 pi_c	1.0 ATP C10H12N5O13P3 + 1.0 H2O H2O + 1.0 Phosphatidylglycerol (dihexadec-9-enoyl, n-C16:1) → 1.0 ADP C10H12N5O10P2 + 1.0 H+ + 1.0 Phosphatidylglycerol (dihexadec-9-enoyl, n-C16:1) + 1.0 Phosphate	msbA	P60752
PGP120abcpp	Phosphatidylglycerophosphate transport via ABC system (n-C12:0, periplasm)	Transport, Inner Membrane	1.0 atp_c + 1.0 h2o_c + 1.0 pgp120_c → 1.0 adp_c + 1.0 h_c + 1.0 pgp120_p + 1.0 pi_c	1.0 ATP C10H12N5O13P3 + 1.0 H2O H2O + 1.0 Phosphatidylglycerophosphate (didodecanoyl, n-C12:0) → 1.0 ADP C10H12N5O10P2 + 1.0 H+ + 1.0 Phosphatidylglycerophosphate (didodecanoyl, n-C12:0) + 1.0 Phosphate	msbA	P60752
MALtex	Malate transport via diffusion (extracellular to periplasm)	Transport, Outer Membrane Porin	1.0 mal__L_e → 1.0 mal__L_p	1.0 L-Malate → 1.0 L-Malate	phoE, ompF, ompN, ompC	P02932, P02931, P77747, P06996
NO3tex	Nitrate transport via diffusion (extracellular to periplasm)	Transport, Outer Membrane Porin	1.0 no3_e → 1.0 no3_p	1.0 Nitrate → 1.0 Nitrate	ompN, phoE, ompF, ompC	P77747, P02932, P02931, P06996
PGP161abcpp	Phosphatidylglycerophosphate transport via ABC system (n-C16:1, periplasm)	Transport, Inner Membrane	1.0 atp_c + 1.0 h2o_c + 1.0 pgp161_c → 1.0 adp_c + 1.0 h_c + 1.0 pgp161_p + 1.0 pi_c	1.0 ATP C10H12N5O13P3 + 1.0 H2O H2O + 1.0 Phosphatidylglycerophosphate (dihexadec-9-enoyl, n-C16:1) → 1.0 ADP C10H12N5O10P2 + 1.0 H+ + 1.0 Phosphatidylglycerophosphate (dihexadec-9-enoyl, n-C16:1) + 1.0 Phosphate	msbA	P60752
PGP181abcpp	Phosphatidylglycerophosphate transport via ABC system (n-C18:1, periplasm)	Transport, Inner Membrane	1.0 atp_c + 1.0 h2o_c + 1.0 pgp181_c → 1.0 adp_c + 1.0 h_c + 1.0 pgp181_p + 1.0 pi_c	1.0 ATP C10H12N5O13P3 + 1.0 H2O H2O + 1.0 Phosphatidylglycerophosphate (dioctadec-11-enoyl, n-C18:1) → 1.0 ADP C10H12N5O10P2 + 1.0 H+ + 1.0 Phosphatidylglycerophosphate (dioctadec-11-enoyl, n-C18:1) + 1.0 Phosphate	msbA	P60752
PA120abcpp	Phosphatidate transport via ABC system (n-C12:0, periplasm)	Transport, Inner Membrane	1.0 atp_c + 1.0 h2o_c + 1.0 pa120_c → 1.0 adp_c + 1.0 h_c + 1.0 pa120_p + 1.0 pi_c	1.0 ATP C10H12N5O13P3 + 1.0 H2O H2O + 1.0 1,2-didodecanoyl-sn-glycerol 3-phosphate → 1.0 ADP C10H12N5O10P2 + 1.0 H+ + 1.0 1,2-didodecanoyl-sn-glycerol 3-phosphate + 1.0 Phosphate	msbA	P60752
URAt2pp	Uracil transport in via proton symport (periplasm)	Transport, Inner Membrane	1.0 h_p + 1.0 ura_p → 1.0 h_c + 1.0 ura_c	1.0 H+ + 1.0 Uracil → 1.0 H+ + 1.0 Uracil	uraA, rutG	P0AGM7, P75892
TTDCEAtexi	Tetradecenoate transport via facilitated irreversible diffusion (extracellular to periplasm)	Transport, Outer Membrane	1.0 ttdcea_e → 1.0 ttdcea_p	1.0 Tetradecenoate (n-C14:1) → 1.0 Tetradecenoate (n-C14:1)	fadL	P10384
HDCEAtexi	Hexadecenoate transport via facilitated irreversible diffusion (extracellular to periplasm)	Transport, Outer Membrane	1.0 hdcea_e → 1.0 hdcea_p	1.0 Hexadecenoate (n-C16:1) → 1.0 Hexadecenoate (n-C16:1)	fadL	P10384
PA160abcpp	Phosphatidate transport via ABC system (n-C16:0, periplasm)	Transport, Inner Membrane	1.0 atp_c + 1.0 h2o_c + 1.0 pa160_c → 1.0 adp_c + 1.0 h_c + 1.0 pa160_p + 1.0 pi_c	1.0 ATP C10H12N5O13P3 + 1.0 H2O H2O + 1.0 1,2-dihexadecanoyl-sn-glycerol 3-phosphate → 1.0 ADP C10H12N5O10P2 + 1.0 H+ + 1.0 1,2-dihexadecanoyl-sn-glycerol 3-phosphate + 1.0 Phosphate	msbA	P60752
ALAALAabcpp	D-alanyl-D-alanine (DalaDala) transport via ABC system (periplasm)	Transport, Inner Membrane	1.0 alaala_p + 1.0 atp_c + 1.0 h2o_c → 1.0 adp_c + 1.0 alaala_c + 1.0 h_c + 1.0 pi_c	1.0 D-Alanyl-D-alanine + 1.0 ATP C10H12N5O13P3 + 1.0 H2O H2O → 1.0 ADP C10H12N5O10P2 + 1.0 D-Alanyl-D-alanine + 1.0 H+ + 1.0 Phosphate	dppA, dppC, dppB, dppF, dppD, ddpA, ddpB, ddpF, ddpC, ddpD	P23847, P0AEG1, P0AEF8, P37313, P0AAG0, P76128, P77308, P77622, P77463, P77268
HEXt2rpp	Hexanoate transport via proton symport, reversible (periplasm)	Transport, Inner Membrane	1.0 h_p + 1.0 hxa_p → 1.0 h_c + 1.0 hxa_c	1.0 H+ + 1.0 Hexanoate (n-C6:0) → 1.0 H+ + 1.0 Hexanoate (n-C6:0)	atoE	P76460
G3PEabcpp	Sn-glycerol-3-phosphoethanolamine transport via ABC system (periplasm)	Transport, Inner Membrane	1.0 atp_c + 1.0 g3pe_p + 1.0 h2o_c → 1.0 adp_c + 1.0 g3pe_c + 1.0 h_c + 1.0 pi_c	1.0 ATP C10H12N5O13P3 + 1.0 Sn-Glycero-3-phosphoethanolamine + 1.0 H2O H2O → 1.0 ADP C10H12N5O10P2 + 1.0 Sn-Glycero-3-phosphoethanolamine + 1.0 H+ + 1.0 Phosphate	ugpC, ugpE, ugpB, ugpA	P10907, P10906, P0AG80, P10905
G3PCabcpp	Sn-glycerol-3-phosphocholine transport via ABC system (periplasm)	Transport, Inner Membrane	1.0 atp_c + 1.0 g3pc_p + 1.0 h2o_c → 1.0 adp_c + 1.0 g3pc_c + 1.0 h_c + 1.0 pi_c	1.0 ATP C10H12N5O13P3 + 1.0 Sn-Glycero-3-phosphocholine + 1.0 H2O H2O → 1.0 ADP C10H12N5O10P2 + 1.0 Sn-Glycero-3-phosphocholine + 1.0 H+ + 1.0 Phosphate	ugpC, ugpE, ugpB, ugpA	P10907, P10906, P0AG80, P10905
PA181abcpp	Phosphatidate transport via ABC system (n-C18:1, periplasm)	Transport, Inner Membrane	1.0 atp_c + 1.0 h2o_c + 1.0 pa181_c → 1.0 adp_c + 1.0 h_c + 1.0 pa181_p + 1.0 pi_c	1.0 ATP C10H12N5O13P3 + 1.0 H2O H2O + 1.0 1,2-dioctadec-11-enoyl-sn-glycerol 3-phosphate → 1.0 ADP C10H12N5O10P2 + 1.0 H+ + 1.0 1,2-dioctadec-11-enoyl-sn-glycerol 3-phosphate + 1.0 Phosphate	msbA	P60752
12DGR141tipp	1,2 diacylglycerol transport via flipping (periplasm to cytoplasm, n-C14:1)	Transport, Inner Membrane	1.0 12dgr141_p → 1.0 12dgr141_c	1.0 1,2-Diacyl-sn-glycerol (ditetradec-7-enoyl, n-C14:1) → 1.0 1,2-Diacyl-sn-glycerol (ditetradec-7-enoyl, n-C14:1)	Unknown	Unknown
PROGLYabcpp	L-Prolinylglycine (Pro-Gly) transport via ABC system (periplasm)	Transport, Inner Membrane	1.0 atp_c + 1.0 h2o_c + 1.0 progly_p → 1.0 adp_c + 1.0 h_c + 1.0 pi_c + 1.0 progly_c	1.0 ATP C10H12N5O13P3 + 1.0 H2O H2O + 1.0 L-Prolinylglycine → 1.0 ADP C10H12N5O10P2 + 1.0 H+ + 1.0 Phosphate + 1.0 L-Prolinylglycine	dppA, dppC, dppF, dppD, dppB	P23847, P0AEG1, P37313, P0AAG0, P0AEF8
GTHRDabcpp	Reduced glutathione via ABC system (periplasm)	Transport, Inner Membrane	1.0 atp_c + 1.0 gthrd_p + 1.0 h2o_c → 1.0 adp_c + 1.0 gthrd_c + 1.0 h_c + 1.0 pi_c	1.0 ATP C10H12N5O13P3 + 1.0 Reduced glutathione + 1.0 H2O H2O → 1.0 ADP C10H12N5O10P2 + 1.0 Reduced glutathione + 1.0 H+ + 1.0 Phosphate	gsiC, gsiB, gsiA, gsiD	P75798, P75797, P75796, P75799
2AGPG140tipp	2-Acyl-sn-glycero-3-phosphoglycerol (n-C14:0) transporter via facilitated diffusion (periplasm)	Transport, Inner Membrane	1.0 2agpg140_p → 1.0 2agpg140_c	1.0 2-Acyl-sn-glycero-3-phosphoglycerol (n-C14:0) → 1.0 2-Acyl-sn-glycero-3-phosphoglycerol (n-C14:0)	lplT	P39196
2AGPG160tipp	2-Acyl-sn-glycero-3-phosphoglycerol (n-C16:0) transporter via facilitated diffusion (periplasm)	Transport, Inner Membrane	1.0 2agpg160_p → 1.0 2agpg160_c	1.0 2-Acyl-sn-glycero-3-phosphoglycerol (n-C16:0) → 1.0 2-Acyl-sn-glycero-3-phosphoglycerol (n-C16:0)	lplT	P39196
D_LACt2pp	D-lactate transport via proton symport (periplasm)	Transport, Inner Membrane	1.0 h_p + 1.0 lac__D_p → 1.0 h_c + 1.0 lac__D_c	1.0 H+ + 1.0 D-Lactate → 1.0 H+ + 1.0 D-Lactate	lldP, glcA	P33231, Q46839
RIBtex	Ribose transport via diffusion (extracellular to periplasm)	Transport, Outer Membrane Porin	1.0 rib__D_e → 1.0 rib__D_p	1.0 D-Ribose → 1.0 D-Ribose	phoE, ompF, ompN, ompC	P02932, P02931, P77747, P06996
THMtex	Thiamine transport via diffusion (extracellular to periplasm)	Transport, Outer Membrane Porin	1.0 thm_e → 1.0 thm_p	1.0 Thiamin → 1.0 Thiamin	phoE, ompF, ompN, ompC	P02932, P02931, P77747, P06996
XYLUtex	L-xylulose transport via diffusion (extracellular to periplasm)	Transport, Outer Membrane Porin	1.0 xylu__L_e → 1.0 xylu__L_p	1.0 L-Xylulose → 1.0 L-Xylulose	phoE, ompF, ompN, ompC	P02932, P02931, P77747, P06996
ALLtex	Allose transport via diffusion (extracellular to periplasm)	Transport, Outer Membrane Porin	1.0 all__D_e → 1.0 all__D_p	1.0 D-Allose → 1.0 D-Allose	ompF, phoE, ompN, ompC	P02931, P02932, P77747, P06996
PG160abcpp	Phosphatidylglycerol transport via ABC system (n-C16:0, periplasm)	Transport, Inner Membrane	1.0 atp_c + 1.0 h2o_c + 1.0 pg160_c → 1.0 adp_c + 1.0 h_c + 1.0 pg160_p + 1.0 pi_c	1.0 ATP C10H12N5O13P3 + 1.0 H2O H2O + 1.0 Phosphatidylglycerol (dihexadecanoyl, n-C16:0) → 1.0 ADP C10H12N5O10P2 + 1.0 H+ + 1.0 Phosphatidylglycerol (dihexadecanoyl, n-C16:0) + 1.0 Phosphate	msbA	P60752
FRUpts2pp	Fructose transport via PEP:Pyr PTS (f6p generating) (periplasm)	Transport, Inner Membrane	1.0 fru_p + 1.0 pep_c → 1.0 f6p_c + 1.0 pyr_c	1.0 D-Fructose + 1.0 Phosphoenolpyruvate → 1.0 D-Fructose 6-phosphate + 1.0 Pyruvate	manY, manX, ptsI, manZ, ptsH	P69801, P69797, P08839, P69805, P0AA04
PGP140abcpp	Phosphatidylglycerophosphate transport via ABC system (n-C14:0, periplasm)	Transport, Inner Membrane	1.0 atp_c + 1.0 h2o_c + 1.0 pgp140_c → 1.0 adp_c + 1.0 h_c + 1.0 pgp140_p + 1.0 pi_c	1.0 ATP C10H12N5O13P3 + 1.0 H2O H2O + 1.0 Phosphatidylglycerophosphate (ditetradecanoyl, n-C14:0) → 1.0 ADP C10H12N5O10P2 + 1.0 H+ + 1.0 Phosphatidylglycerophosphate (ditetradecanoyl, n-C14:0) + 1.0 Phosphate	msbA	P60752
34dhpactex	Dihydroxyphenylacetaldehyde transport via diffusion (extracellular to periplasm)	Transport, Outer Membrane Porin	1.0 34dhpac_e → 1.0 34dhpac_p	1.0 3,4-Dihydroxyphenylacetaldehyde → 1.0 3,4-Dihydroxyphenylacetaldehyde	phoE, ompF, ompN, ompC	P02932, P02931, P77747, P06996
G6Pt6_2pp	Glucose-6-phosphate transport via phosphate antiport (periplasm)	Transport, Inner Membrane	1.0 g6p_p + 2.0 pi_c → 1.0 g6p_c + 2.0 pi_p	1.0 D-Glucose 6-phosphate + 2.0 Phosphate → 1.0 D-Glucose 6-phosphate + 2.0 Phosphate	uhpT	P0AGC0
MALTHXtexi	Maltohexaose transport via diffusion (extracellular to periplasm) irreversible	Transport, Outer Membrane	1.0 malthx_e → 1.0 malthx_p	1.0 Maltohexaose → 1.0 Maltohexaose	lamB	P02943
12PPDStpp	(S)-Propane-1,2-diol facilitated transport (periplasm)	Transport, Inner Membrane	1.0 12ppd__S_p → 1.0 12ppd__S_c	1.0 (S)-Propane-1,2-diol → 1.0 (S)-Propane-1,2-diol	Unknown	Unknown
PROtex	L-proline transport via diffusion (extracellular to periplasm)	Transport, Outer Membrane Porin	1.0 pro__L_e → 1.0 pro__L_p	1.0 L-Proline → 1.0 L-Proline	ompN, ompC, phoE, ompF	P77747, P06996, P02932, P02931
FE3HOXUtex	Fe(III)hydroxamate unloaded secretion	Inorganic Ion Transport and Metabolism	1.0 fe3hox_un_c + 1.0 h_p → 1.0 fe3hox_un_p + 1.0 h_c	1.0 Fe(III)hydoxamate, unloaded + 1.0 H+ → 1.0 Fe(III)hydoxamate, unloaded + 1.0 H+	Unknown	Unknown
FE3DHBZStonex	Ferric 2,3-dihydroxybenzoylserine transport via ton system (extracellular)	Transport, Outer Membrane	1.0 fe3dhbzs_e + 1.0 h_p → 1.0 fe3dhbzs_p + 1.0 h_c	1.0 Ferric 2,3-dihydroxybenzoylserine + 1.0 H+ → 1.0 Ferric 2,3-dihydroxybenzoylserine + 1.0 H+	tonB, exbD, exbB, fiu, tonB, exbD, exbB, cirA	P02929, P0ABV2, P0ABU7, P75780, P17315
H2tpp	Hydrogen transport diffusion (periplasm)	Transport, Inner Membrane	1.0 h2_p → 1.0 h2_c	1.0 Hydrogen → 1.0 Hydrogen		Unknown
23DAPPAtex	2,3-diaminopropionate transport via diffusion	Transport, Outer Membrane Porin	1.0 23dappa_e → 1.0 23dappa_p	1.0 2,3-diaminopropionate → 1.0 2,3-diaminopropionate	phoE, ompF, ompN, ompC	P02932, P02931, P77747, P06996
FEOXAMtonex	Ferroxamine transport via ton system (extracellular)	Transport, Outer Membrane	1.0 feoxam_e + 1.0 h_p → 1.0 feoxam_p + 1.0 h_c	1.0 Generic ferrioxamine-Fe-III + 1.0 H+ → 1.0 Generic ferrioxamine-Fe-III + 1.0 H+	fhuA, tonB, exbD, exbB	P06971, P02929, P0ABV2, P0ABU7
GAMptspp	D-glucosamine transport via PEP:Pyr PTS (periplasm)	Transport, Inner Membrane	1.0 gam_p + 1.0 pep_c → 1.0 gam6p_c + 1.0 pyr_c	1.0 D-Glucosamine + 1.0 Phosphoenolpyruvate → 1.0 D-Glucosamine 6-phosphate + 1.0 Pyruvate	ptsH, ptsI, manZ, manX, manY	P0AA04, P08839, P69805, P69797, P69801
GSNt2pp	Guanosine transport in via proton symport (periplasm)	Transport, Inner Membrane	1.0 gsn_p + 1.0 h_p → 1.0 gsn_c + 1.0 h_c	1.0 Guanosine + 1.0 H+ → 1.0 Guanosine + 1.0 H+	nupG	P0AFF4
GSNtex	Guanosine transport via diffusion (extracellular to periplasm)	Transport, Outer Membrane Porin	1.0 gsn_e → 1.0 gsn_p	1.0 Guanosine → 1.0 Guanosine	phoE, ompF, ompN, ompC	P02932, P02931, P77747, P06996
SBTtex	D-sorbitol transport via diffusion (extracellular to periplasm)	Transport, Outer Membrane Porin	1.0 sbt__D_e → 1.0 sbt__D_p	1.0 D-Sorbitol → 1.0 D-Sorbitol	phoE, ompF, ompN, ompC	P02932, P02931, P77747, P06996
FORtex	Formate transport via diffusion (extracellular to periplasm)	Transport, Outer Membrane Porin	1.0 for_e → 1.0 for_p	1.0 Formate → 1.0 Formate	phoE, ompF, ompN, ompC	P02932, P02931, P77747, P06996
PHEt2rpp	L-phenylalanine reversible transport via proton symport (periplasm)	Transport, Inner Membrane	1.0 h_p + 1.0 phe__L_p → 1.0 h_c + 1.0 phe__L_c	1.0 H+ + 1.0 L-Phenylalanine → 1.0 H+ + 1.0 L-Phenylalanine	pheP, aroP	P24207, P15993
HG2t3pp	Mercury (Hg+2) transport out via proton antiport (periplasm)	Inorganic Ion Transport and Metabolism	1.0 h_p + 1.0 hg2_c → 1.0 h_c + 1.0 hg2_p	1.0 H+ + 1.0 Mercury  charged 2  Hg → 1.0 H+ + 1.0 Mercury  charged 2  Hg	fieF	P69380
MELIBt3ipp	Melibiose transport in via antiport (periplasm)	Transport, Inner Membrane	1.0 h_p + 1.0 melib_c → 1.0 h_c + 1.0 melib_p	1.0 H+ + 1.0 Melibiose C12H22O11 → 1.0 H+ + 1.0 Melibiose C12H22O11	ydeA	P31122
GLCtex_copy2	Glucose transport via diffusion (extracellular to periplasm)	Transport, Outer Membrane Porin	1.0 glc__D_e → 1.0 glc__D_p	1.0 D-Glucose → 1.0 D-Glucose	phoE, ompF, ompN, ompC	P02932, P02931, P77747, P06996
NAt3pp	Sodium transport out via proton antiport (cytoplasm to periplasm)	Inorganic Ion Transport and Metabolism	1.0 h_p + 1.0 na1_c → 1.0 h_c + 1.0 na1_p	1.0 H+ + 1.0 Sodium → 1.0 H+ + 1.0 Sodium	mdfA, chaA	P0AEY8, P31801
MINOHPtexi	Myo-inositol phosphate transport via diffusion (extracellular to periplasm)	Transport, Outer Membrane	1.0 minohp_e → 1.0 minohp_p	1.0 Myo-Inositol hexakisphosphate → 1.0 Myo-Inositol hexakisphosphate	Unknown	Unknown
12PPDRtpp	(R)-Propane-1,2-diol facilitated transport (periplasm)	Transport, Inner Membrane	1.0 12ppd__R_p → 1.0 12ppd__R_c	1.0 (R)-Propane-1,2-diol → 1.0 (R)-Propane-1,2-diol	Unknown	Unknown
K2L4Aabcpp	KDO(2)-lipid IV A transport via ABC system (periplasm)	Transport, Inner Membrane	1.0 atp_c + 1.0 h2o_c + 1.0 kdo2lipid4_c → 1.0 adp_c + 1.0 h_c + 1.0 kdo2lipid4_p + 1.0 pi_c	1.0 ATP C10H12N5O13P3 + 1.0 H2O H2O + 1.0 KDO(2)-lipid IV(A) → 1.0 ADP C10H12N5O10P2 + 1.0 H+ + 1.0 KDO(2)-lipid IV(A) + 1.0 Phosphate	msbA	P60752
AKGtex	Alpha-ketoglutarate transport via diffusion (extracellular to periplasm)	Transport, Outer Membrane Porin	1.0 akg_e → 1.0 akg_p	1.0 2-Oxoglutarate → 1.0 2-Oxoglutarate	phoE, ompF, ompN, ompC	P02932, P02931, P77747, P06996
SO4t2pp	Sulfate transport in via proton symport (periplasm to cytoplasm)	Inorganic Ion Transport and Metabolism	1.0 h_p + 1.0 so4_p → 1.0 h_c + 1.0 so4_c	1.0 H+ + 1.0 Sulfate → 1.0 H+ + 1.0 Sulfate	cysZ	P0A6J3
ALLTNtex	Allantoin transport via diffusion (extracellular to periplasm)	Transport, Outer Membrane Porin	1.0 alltn_e → 1.0 alltn_p	1.0 Allantoin → 1.0 Allantoin	phoE, ompF, ompN, ompC	P02932, P02931, P77747, P06996
ASNtex	L-asparagine transport via diffusion (extracellular to periplasm)	Transport, Outer Membrane Porin	1.0 asn__L_e → 1.0 asn__L_p	1.0 L-Asparagine → 1.0 L-Asparagine	phoE, ompF, ompN, ompC	P02932, P02931, P77747, P06996
F6Pt6_2pp	Fructose-6-phosphate transport via phosphate antiport (periplasm)	Transport, Inner Membrane	1.0 f6p_p + 2.0 pi_c → 1.0 f6p_c + 2.0 pi_p	1.0 D-Fructose 6-phosphate + 2.0 Phosphate → 1.0 D-Fructose 6-phosphate + 2.0 Phosphate	uhpT	P0AGC0
PPALtpp	Propanal transport via channel (periplasm)	Transport, Inner Membrane	1.0 ppal_c → 1.0 ppal_p	1.0 Propanal → 1.0 Propanal	Unknown	Unknown
GAM6Pt6_2pp	D-Glucosamine 6-phosphate transport via phosphate antiport (periplasm)	Transport, Inner Membrane	1.0 gam6p_p + 2.0 pi_c → 1.0 gam6p_c + 2.0 pi_p	1.0 D-Glucosamine 6-phosphate + 2.0 Phosphate → 1.0 D-Glucosamine 6-phosphate + 2.0 Phosphate	uhpT	P0AGC0
FE3HOXabcpp	Ferric-dicitrate transport via ABC system (periplasm)	Inorganic Ion Transport and Metabolism	1.0 atp_c + 1.0 fe3hox_p + 1.0 h2o_c → 1.0 adp_c + 1.0 fe3hox_c + 1.0 h_c + 1.0 pi_c	1.0 ATP C10H12N5O13P3 + 1.0 Fe(III)hydroxamate + 1.0 H2O H2O → 1.0 ADP C10H12N5O10P2 + 1.0 Fe(III)hydroxamate + 1.0 H+ + 1.0 Phosphate	fhuC, fhuD, fhuB	P07821, P07822, P06972
PPALtex	Propanal transport via diffusion (extracellular to periplasm)	Transport, Outer Membrane Porin	1.0 ppal_e → 1.0 ppal_p	1.0 Propanal → 1.0 Propanal	phoE, ompF, ompN, ompC	P02932, P02931, P77747, P06996
CA2tex	Calcium (Ca+2) transport via diffusion (extracellular to periplasm)	Transport, Outer Membrane Porin	1.0 ca2_e → 1.0 ca2_p	1.0 Calcium → 1.0 Calcium	phoE, ompF, ompN, ompC	P02932, P02931, P77747, P06996
CUtex	Copper (Cu+1) transport via diffusion (extracellular to periplasm)	Transport, Outer Membrane Porin	1.0 cu_e → 1.0 cu_p	1.0 Cu+ → 1.0 Cu+	phoE, ompF, ompN, ompC	P02932, P02931, P77747, P06996
CU1Opp	Cuprous Oxidase (Cu+1)	Inorganic Ion Transport and Metabolism	4.0 cu_p + 4.0 h_p + 1.0 o2_p → 4.0 cu2_p + 2.0 h2o_p	4.0 Cu+ + 4.0 H+ + 1.0 O2 O2 → 4.0 Copper + 2.0 H2O H2O	cueO	P36649
12PPDRtex	(R)-Propane-1,2-diol transport via diffusion (extracellular to periplasm)	Transport, Outer Membrane Porin	1.0 12ppd__R_e → 1.0 12ppd__R_p	1.0 (R)-Propane-1,2-diol → 1.0 (R)-Propane-1,2-diol	phoE, ompF, ompN, ompC	P02932, P02931, P77747, P06996
PROGLYtex	L-Prolinylglycine transport via diffusion (extracellular to periplasm)	Transport, Outer Membrane Porin	1.0 progly_e → 1.0 progly_p	1.0 L-Prolinylglycine → 1.0 L-Prolinylglycine	phoE, ompF, ompN, ompC	P02932, P02931, P77747, P06996
F6Ptex	Fructose 6-phosphate transport via diffusion (extracellular to periplasm)	Transport, Outer Membrane Porin	1.0 f6p_e → 1.0 f6p_p	1.0 D-Fructose 6-phosphate → 1.0 D-Fructose 6-phosphate	phoE, ompF, ompN, ompC	P02932, P02931, P77747, P06996
GAMAN6Ptex	D-glucosamine 6-phosphate transport via diffusion (extracellular to periplasm)	Transport, Outer Membrane Porin	1.0 gam6p_e → 1.0 gam6p_p	1.0 D-Glucosamine 6-phosphate → 1.0 D-Glucosamine 6-phosphate	phoE, ompF, ompN, ompC	P02932, P02931, P77747, P06996
PE141abcpp	Phosphatidylethanolamine transport via ABC system (n-C14:1, periplasm)	Transport, Inner Membrane	1.0 atp_c + 1.0 h2o_c + 1.0 pe141_c → 1.0 adp_c + 1.0 h_c + 1.0 pe141_p + 1.0 pi_c	1.0 ATP C10H12N5O13P3 + 1.0 H2O H2O + 1.0 Phosphatidylethanolamine (ditetradec-7-enoyl, n-C14:1) → 1.0 ADP C10H12N5O10P2 + 1.0 H+ + 1.0 Phosphatidylethanolamine (ditetradec-7-enoyl, n-C14:1) + 1.0 Phosphate	msbA	P60752
PE160abcpp	Phosphatidylethanolamine transport via ABC system (n-C16:0, periplasm)	Transport, Inner Membrane	1.0 atp_c + 1.0 h2o_c + 1.0 pe160_c → 1.0 adp_c + 1.0 h_c + 1.0 pe160_p + 1.0 pi_c	1.0 ATP C10H12N5O13P3 + 1.0 H2O H2O + 1.0 Phosphatidylethanolamine (dihexadecanoyl, n-C16:0) → 1.0 ADP C10H12N5O10P2 + 1.0 H+ + 1.0 Phosphatidylethanolamine (dihexadecanoyl, n-C16:0) + 1.0 Phosphate	msbA	P60752
PE161abcpp	Phosphatidylethanolamine transport via ABC system (n-C16:1, periplasm)	Transport, Inner Membrane	1.0 atp_c + 1.0 h2o_c + 1.0 pe161_c → 1.0 adp_c + 1.0 h_c + 1.0 pe161_p + 1.0 pi_c	1.0 ATP C10H12N5O13P3 + 1.0 H2O H2O + 1.0 Phosphatidylethanolamine (dihexadec-9enoyl, n-C16:1) → 1.0 ADP C10H12N5O10P2 + 1.0 H+ + 1.0 Phosphatidylethanolamine (dihexadec-9enoyl, n-C16:1) + 1.0 Phosphate	msbA	P60752
PG140abcpp	Phosphatidylglycerol transport via ABC system (n-C14:0, periplasm)	Transport, Inner Membrane	1.0 atp_c + 1.0 h2o_c + 1.0 pg140_c → 1.0 adp_c + 1.0 h_c + 1.0 pg140_p + 1.0 pi_c	1.0 ATP C10H12N5O13P3 + 1.0 H2O H2O + 1.0 Phosphatidylglycerol (ditetradecanoyl, n-C14:0) → 1.0 ADP C10H12N5O10P2 + 1.0 H+ + 1.0 Phosphatidylglycerol (ditetradecanoyl, n-C14:0) + 1.0 Phosphate	msbA	P60752
PG141abcpp	Phosphatidylglycerol transport via ABC system (n-C14:1, periplasm)	Transport, Inner Membrane	1.0 atp_c + 1.0 h2o_c + 1.0 pg141_c → 1.0 adp_c + 1.0 h_c + 1.0 pg141_p + 1.0 pi_c	1.0 ATP C10H12N5O13P3 + 1.0 H2O H2O + 1.0 Phosphatidylglycerol (ditetradec-7-enoyl, n-C14:1) → 1.0 ADP C10H12N5O10P2 + 1.0 H+ + 1.0 Phosphatidylglycerol (ditetradec-7-enoyl, n-C14:1) + 1.0 Phosphate	msbA	P60752
12DGR140tipp	1,2 diacylglycerol transport via flipping (periplasm to cytoplasm, n-C14:0)	Transport, Inner Membrane	1.0 12dgr140_p → 1.0 12dgr140_c	1.0 1,2-Diacyl-sn-glycerol (ditetradecanoyl, n-C14:0) → 1.0 1,2-Diacyl-sn-glycerol (ditetradecanoyl, n-C14:0)	Unknown	Unknown
PG180abcpp	Phosphatidylglycerol transport via ABC system (n-C18:0, periplasm)	Transport, Inner Membrane	1.0 atp_c + 1.0 h2o_c + 1.0 pg180_c → 1.0 adp_c + 1.0 h_c + 1.0 pg180_p + 1.0 pi_c	1.0 ATP C10H12N5O13P3 + 1.0 H2O H2O + 1.0 Phosphatidylglycerol (dioctadecanoyl, n-C18:0) → 1.0 ADP C10H12N5O10P2 + 1.0 H+ + 1.0 Phosphatidylglycerol (dioctadecanoyl, n-C18:0) + 1.0 Phosphate	msbA	P60752
12DGR160tipp	1,2 diacylglycerol transport via flipping (periplasm to cytoplasm, n-C16:0)	Transport, Inner Membrane	1.0 12dgr160_p → 1.0 12dgr160_c	1.0 1,2-Diacyl-sn-glycerol (dihexadecanoyl, n-C16:0) → 1.0 1,2-Diacyl-sn-glycerol (dihexadecanoyl, n-C16:0)	Unknown	Unknown
PG181abcpp	Phosphatidylglycerol transport via ABC system (n-C18:1, periplasm)	Transport, Inner Membrane	1.0 atp_c + 1.0 h2o_c + 1.0 pg181_c → 1.0 adp_c + 1.0 h_c + 1.0 pg181_p + 1.0 pi_c	1.0 ATP C10H12N5O13P3 + 1.0 H2O H2O + 1.0 Phosphatidylglycerol (dioctadec-11-enoyl, n-C18:1) → 1.0 ADP C10H12N5O10P2 + 1.0 H+ + 1.0 Phosphatidylglycerol (dioctadec-11-enoyl, n-C18:1) + 1.0 Phosphate	msbA	P60752
PGP141abcpp	Phosphatidylglycerophosphate transport via ABC system (n-C14:1, periplasm)	Transport, Inner Membrane	1.0 atp_c + 1.0 h2o_c + 1.0 pgp141_c → 1.0 adp_c + 1.0 h_c + 1.0 pgp141_p + 1.0 pi_c	1.0 ATP C10H12N5O13P3 + 1.0 H2O H2O + 1.0 Phosphatidylglycerophosphate (ditetradec-7-enoyl, n-C14:1) → 1.0 ADP C10H12N5O10P2 + 1.0 H+ + 1.0 Phosphatidylglycerophosphate (ditetradec-7-enoyl, n-C14:1) + 1.0 Phosphate	msbA	P60752
PGP160abcpp	Phosphatidylglycerophosphate transport via ABC system (n-C16:0, periplasm)	Transport, Inner Membrane	1.0 atp_c + 1.0 h2o_c + 1.0 pgp160_c → 1.0 adp_c + 1.0 h_c + 1.0 pgp160_p + 1.0 pi_c	1.0 ATP C10H12N5O13P3 + 1.0 H2O H2O + 1.0 Phosphatidylglycerophosphate (dihexadecanoyl, n-C16:0) → 1.0 ADP C10H12N5O10P2 + 1.0 H+ + 1.0 Phosphatidylglycerophosphate (dihexadecanoyl, n-C16:0) + 1.0 Phosphate	msbA	P60752
12DGR180tipp	1,2 diacylglycerol transport via flipping (periplasm to cytoplasm, n-C18:0)	Transport, Inner Membrane	1.0 12dgr180_p → 1.0 12dgr180_c	1.0 1,2-Diacyl-sn-glycerol (dioctadecanoyl, n-C18:0) → 1.0 1,2-Diacyl-sn-glycerol (dioctadecanoyl, n-C18:0)	Unknown	Unknown
PGP180abcpp	Phosphatidylglycerophosphate transport via ABC system (n-C18:0, periplasm)	Transport, Inner Membrane	1.0 atp_c + 1.0 h2o_c + 1.0 pgp180_c → 1.0 adp_c + 1.0 h_c + 1.0 pgp180_p + 1.0 pi_c	1.0 ATP C10H12N5O13P3 + 1.0 H2O H2O + 1.0 Phosphatidylglycerophosphate (dioctadecanoyl, n-C18:0) → 1.0 ADP C10H12N5O10P2 + 1.0 H+ + 1.0 Phosphatidylglycerophosphate (dioctadecanoyl, n-C18:0) + 1.0 Phosphate	msbA	P60752
PA140abcpp	Phosphatidate transport via ABC system (n-C14:0, periplasm)	Transport, Inner Membrane	1.0 atp_c + 1.0 h2o_c + 1.0 pa140_c → 1.0 adp_c + 1.0 h_c + 1.0 pa140_p + 1.0 pi_c	1.0 ATP C10H12N5O13P3 + 1.0 H2O H2O + 1.0 1,2-ditetradecanoyl-sn-glycerol 3-phosphate → 1.0 ADP C10H12N5O10P2 + 1.0 H+ + 1.0 1,2-ditetradecanoyl-sn-glycerol 3-phosphate + 1.0 Phosphate	msbA	P60752
12DGR120tipp	1,2 diacylglycerol transport via flipping (periplasm to cytoplasm, n-C12:0)	Transport, Inner Membrane	1.0 12dgr120_p → 1.0 12dgr120_c	1.0 1,2-Diacyl-sn-glycerol (didodecanoyl, n-C12:0) → 1.0 1,2-Diacyl-sn-glycerol (didodecanoyl, n-C12:0)	Unknown	Unknown
PG120abcpp	Phosphatidylglycerol transport via ABC system (n-C12:0, periplasm)	Transport, Inner Membrane	1.0 atp_c + 1.0 h2o_c + 1.0 pg120_c → 1.0 adp_c + 1.0 h_c + 1.0 pg120_p + 1.0 pi_c	1.0 ATP C10H12N5O13P3 + 1.0 H2O H2O + 1.0 Phosphatidylglycerol (didodecanoyl, n-C12:0) → 1.0 ADP C10H12N5O10P2 + 1.0 H+ + 1.0 Phosphatidylglycerol (didodecanoyl, n-C12:0) + 1.0 Phosphate	msbA	P60752
PE140abcpp	Phosphatidylethanolamine transport via ABC system (n-C14:0, periplasm)	Transport, Inner Membrane	1.0 atp_c + 1.0 h2o_c + 1.0 pe140_c → 1.0 adp_c + 1.0 h_c + 1.0 pe140_p + 1.0 pi_c	1.0 ATP C10H12N5O13P3 + 1.0 H2O H2O + 1.0 Phosphatidylethanolamine (ditetradecanoyl, n-C14:0) → 1.0 ADP C10H12N5O10P2 + 1.0 H+ + 1.0 Phosphatidylethanolamine (ditetradecanoyl, n-C14:0) + 1.0 Phosphate	msbA	P60752
2AGPE140tipp	2-Acyl-sn-glycero-3-phosphoethanolamine (n-C14:0) transporter via facilitated diffusion (periplasm)	Transport, Inner Membrane	1.0 2agpe140_p → 1.0 2agpe140_c	1.0 2-Acyl-sn-glycero-3-phosphoethanolamine (n-C14:0) → 1.0 2-Acyl-sn-glycero-3-phosphoethanolamine (n-C14:0)	lplT	P39196
2AGPE160tipp	2-Acyl-sn-glycero-3-phosphoethanolamine (n-C16:0) transporter via facilitated diffusion (periplasm)	Transport, Inner Membrane	1.0 2agpe160_p → 1.0 2agpe160_c	1.0 2-Acyl-sn-glycero-3-phosphoethanolamine (n-C16:0) → 1.0 2-Acyl-sn-glycero-3-phosphoethanolamine (n-C16:0)	lplT	P39196
2AGPE180tipp	2-Acyl-sn-glycero-3-phosphoethanolamine (n-C18:0) transporter via facilitated diffusion (periplasm)	Transport, Inner Membrane	1.0 2agpe180_p → 1.0 2agpe180_c	1.0 2-Acyl-sn-glycero-3-phosphoethanolamine (n-C18:0) → 1.0 2-Acyl-sn-glycero-3-phosphoethanolamine (n-C18:0)	lplT	P39196
2AGPE141tipp	2-Acyl-sn-glycero-3-phosphoethanolamine (n-C14:1) transporter via facilitated diffusion (periplasm)	Transport, Inner Membrane	1.0 2agpe141_p → 1.0 2agpe141_c	1.0 2-Acyl-sn-glycero-3-phosphoethanolamine (n-C14:1) → 1.0 2-Acyl-sn-glycero-3-phosphoethanolamine (n-C14:1)	lplT	P39196
2AGPE161tipp	2-Acyl-sn-glycero-3-phosphoethanolamine (n-C16:1) transporter via facilitated diffusion (periplasm)	Transport, Inner Membrane	1.0 2agpe161_p → 1.0 2agpe161_c	1.0 2-Acyl-sn-glycero-3-phosphoethanolamine (n-C16:1) → 1.0 2-Acyl-sn-glycero-3-phosphoethanolamine (n-C16:1)	lplT	P39196
2AGPA161tipp	2-Acyl-sn-glycero-3-phosphatidate (n-C16:1) transporter via facilitated diffusion (periplasm)	Transport, Inner Membrane	1.0 2hdec9eg3p_p → 1.0 2hdec9eg3p_c	1.0 2-hexadec-9-enoyl-sn-glycerol 3-phosphate → 1.0 2-hexadec-9-enoyl-sn-glycerol 3-phosphate	lplT	P39196
2AGPA181tipp	2-Acyl-sn-glycero-3-phosphatidate (n-C18:1) transporter via facilitated diffusion (periplasm)	Transport, Inner Membrane	1.0 2odec11eg3p_p → 1.0 2odec11eg3p_c	1.0 2-octadec-11-enoyl-sn-glycerol 3-phosphate → 1.0 2-octadec-11-enoyl-sn-glycerol 3-phosphate	lplT	P39196
2AGPG120tipp	2-Acyl-sn-glycero-3-phosphoglycerol (n-C12:0) transporter via facilitated diffusion (periplasm)	Transport, Inner Membrane	1.0 2agpg120_p → 1.0 2agpg120_c	1.0 2-Acyl-sn-glycero-3-phosphoglycerol (n-C12:0) → 1.0 2-Acyl-sn-glycero-3-phosphoglycerol (n-C12:0)	lplT	P39196
PA141abcpp	Phosphatidate transport via ABC system (n-C14:1, periplasm)	Transport, Inner Membrane	1.0 atp_c + 1.0 h2o_c + 1.0 pa141_c → 1.0 adp_c + 1.0 h_c + 1.0 pa141_p + 1.0 pi_c	1.0 ATP C10H12N5O13P3 + 1.0 H2O H2O + 1.0 1,2-ditetradec-7-enoyl-sn-glycerol 3-phosphate → 1.0 ADP C10H12N5O10P2 + 1.0 H+ + 1.0 1,2-ditetradec-7-enoyl-sn-glycerol 3-phosphate + 1.0 Phosphate	msbA	P60752
PA161abcpp	Phosphatidate transport via ABC system (n-C16:1, periplasm)	Transport, Inner Membrane	1.0 atp_c + 1.0 h2o_c + 1.0 pa161_c → 1.0 adp_c + 1.0 h_c + 1.0 pa161_p + 1.0 pi_c	1.0 ATP C10H12N5O13P3 + 1.0 H2O H2O + 1.0 1,2-dihexadec-9-enoyl-sn-glycerol 3-phosphate → 1.0 ADP C10H12N5O10P2 + 1.0 H+ + 1.0 1,2-dihexadec-9-enoyl-sn-glycerol 3-phosphate + 1.0 Phosphate	msbA	P60752
PA180abcpp	Phosphatidate transport via ABC system (n-C18:0, periplasm)	Transport, Inner Membrane	1.0 atp_c + 1.0 h2o_c + 1.0 pa180_c → 1.0 adp_c + 1.0 h_c + 1.0 pa180_p + 1.0 pi_c	1.0 ATP C10H12N5O13P3 + 1.0 H2O H2O + 1.0 1,2-dioctadecanoyl-sn-glycerol 3-phosphate → 1.0 ADP C10H12N5O10P2 + 1.0 H+ + 1.0 1,2-dioctadecanoyl-sn-glycerol 3-phosphate + 1.0 Phosphate	msbA	P60752
PE120abcpp	Phosphatidylethanolamine transport via ABC system (n-C12:0, periplasm)	Transport, Inner Membrane	1.0 atp_c + 1.0 h2o_c + 1.0 pe120_c → 1.0 adp_c + 1.0 h_c + 1.0 pe120_p + 1.0 pi_c	1.0 ATP C10H12N5O13P3 + 1.0 H2O H2O + 1.0 Phosphatidylethanolamine (didodecanoyl, n-C12:0) → 1.0 ADP C10H12N5O10P2 + 1.0 H+ + 1.0 Phosphatidylethanolamine (didodecanoyl, n-C12:0) + 1.0 Phosphate	msbA	P60752
PE180abcpp	Phosphatidylethanolamine transport via ABC system (n-C18:0, periplasm)	Transport, Inner Membrane	1.0 atp_c + 1.0 h2o_c + 1.0 pe180_c → 1.0 adp_c + 1.0 h_c + 1.0 pe180_p + 1.0 pi_c	1.0 ATP C10H12N5O13P3 + 1.0 H2O H2O + 1.0 Phosphatidylethanolamine (dioctadecanoyl, n-C18:0) → 1.0 ADP C10H12N5O10P2 + 1.0 H+ + 1.0 Phosphatidylethanolamine (dioctadecanoyl, n-C18:0) + 1.0 Phosphate	msbA	P60752
CGLYtex	L-Cysteinylglycine transport via diffusion (extracellular to periplasm)	Transport, Outer Membrane Porin	1.0 cgly_e → 1.0 cgly_p	1.0 Cys Gly C5H10N2O3S → 1.0 Cys Gly C5H10N2O3S	phoE, ompF, ompN, ompC	P02932, P02931, P77747, P06996
GTHOXtex	Glutathione (ox) transport via diffusion (extracellular to periplasm)	Transport, Outer Membrane Porin	1.0 gthox_e → 1.0 gthox_p	1.0 Oxidized glutathione → 1.0 Oxidized glutathione	phoE, ompF, ompN, ompC	P02932, P02931, P77747, P06996
TDSR1	Thiol:disulfide reductase (DsbC)	Transport, Inner Membrane	1.0 dsbcox_p + 1.0 dsbdrd_c → 1.0 dsbcrd_p + 1.0 dsbdox_c	1.0 Protein disulfide isomerase II (oxidized) + 1.0 Fused thiol:disulfide interchange protein (reduced) → 1.0 Protein disulfide isomerase II (reduced) + 1.0 Fused thiol:disulfide interchange protein (oxidized)	dsbC, dsbD	P0AEG6, P36655
CGLYabcpp	L-Cysteinylglycine (Cys-Gly) transport via ABC system (periplasm)	Transport, Inner Membrane	1.0 atp_c + 1.0 cgly_p + 1.0 h2o_c → 1.0 adp_c + 1.0 cgly_c + 1.0 h_c + 1.0 pi_c	1.0 ATP C10H12N5O13P3 + 1.0 Cys Gly C5H10N2O3S + 1.0 H2O H2O → 1.0 ADP C10H12N5O10P2 + 1.0 Cys Gly C5H10N2O3S + 1.0 H+ + 1.0 Phosphate	dppA, dppC, dppB, dppF, dppD	P23847, P0AEG1, P0AEF8, P37313, P0AAG0
2AGPE181tipp	2-Acyl-sn-glycero-3-phosphoethanolamine (n-C18:1) transporter via facilitated diffusion (periplasm)	Transport, Inner Membrane	1.0 2agpe181_p → 1.0 2agpe181_c	1.0 2-Acyl-sn-glycero-3-phosphoethanolamine (n-C18:1) → 1.0 2-Acyl-sn-glycero-3-phosphoethanolamine (n-C18:1)	lplT	P39196
2AGPA140tipp	2-Acyl-sn-glycero-3-phosphatidate (n-C14:0) transporter via facilitated diffusion (periplasm)	Transport, Inner Membrane	1.0 2tdecg3p_p → 1.0 2tdecg3p_c	1.0 2-tetradecanoyl-sn-glycerol 3-phosphate → 1.0 2-tetradecanoyl-sn-glycerol 3-phosphate	lplT	P39196
2AGPA160tipp	2-Acyl-sn-glycero-3-phosphatidate (n-C16:0) transporter via facilitated diffusion (periplasm)	Transport, Inner Membrane	1.0 2hdecg3p_p → 1.0 2hdecg3p_c	1.0 2-hexadecanoyl-sn-glycerol 3-phosphate → 1.0 2-hexadecanoyl-sn-glycerol 3-phosphate	lplT	P39196
2AGPA180tipp	2-Acyl-sn-glycero-3-phosphatidate (n-C18:0) transporter via facilitated diffusion (periplasm)	Transport, Inner Membrane	1.0 2odecg3p_p → 1.0 2odecg3p_c	1.0 2-octadecanoyl-sn-glycerol 3-phosphate → 1.0 2-octadecanoyl-sn-glycerol 3-phosphate	lplT	P39196
2AGPA141tipp	2-Acyl-sn-glycero-3-phosphatidate (n-C14:1) transporter via facilitated diffusion (periplasm)	Transport, Inner Membrane	1.0 2tdec7eg3p_p → 1.0 2tdec7eg3p_c	1.0 2-tetradec-7-enoyl-sn-glycerol 3-phosphate → 1.0 2-tetradec-7-enoyl-sn-glycerol 3-phosphate	lplT	P39196
PE181abcpp	Phosphatidylethanolamine transport via ABC system (n-C18:1, periplasm)	Transport, Inner Membrane	1.0 atp_c + 1.0 h2o_c + 1.0 pe181_c → 1.0 adp_c + 1.0 h_c + 1.0 pe181_p + 1.0 pi_c	1.0 ATP C10H12N5O13P3 + 1.0 H2O H2O + 1.0 Phosphatidylethanolamine (dioctadec-11-enoyl, n-C18:1) → 1.0 ADP C10H12N5O10P2 + 1.0 H+ + 1.0 Phosphatidylethanolamine (dioctadec-11-enoyl, n-C18:1) + 1.0 Phosphate	msbA	P60752
12DGR161tipp	1,2 diacylglycerol transport via flipping (periplasm to cytoplasm, n-C16:1)	Transport, Inner Membrane	1.0 12dgr161_p → 1.0 12dgr161_c	1.0 1,2-Diacyl-sn-glycerol (dihexadec-9-enoyl, n-C16:1) → 1.0 1,2-Diacyl-sn-glycerol (dihexadec-9-enoyl, n-C16:1)	Unknown	Unknown
12DGR181tipp	1,2 diacylglycerol transport via flipping (periplasm to cytoplasm, n-C18:1)	Transport, Inner Membrane	1.0 12dgr181_p → 1.0 12dgr181_c	1.0 1,2-Diacyl-sn-glycerol (dioctadec-11-enoyl, n-C18:1) → 1.0 1,2-Diacyl-sn-glycerol (dioctadec-11-enoyl, n-C18:1)	Unknown	Unknown
TDSR2	Thiol:disulfide reductase (DsbG)	Transport, Inner Membrane	1.0 dsbdrd_c + 1.0 dsbgox_p → 1.0 dsbdox_c + 1.0 dsbgrd_p	1.0 Fused thiol:disulfide interchange protein (reduced) + 1.0 Periplasmic disulfide isomerase/thiol-disulphide oxidase (oxidized) → 1.0 Fused thiol:disulfide interchange protein (oxidized) + 1.0 Periplasmic disulfide isomerase/thiol-disulphide oxidase (reduced)	dsbG, dsbD	P77202, P36655
GTHRDtex	Glutathione transport via diffusion (extracellular to periplasm)	Transport, Outer Membrane Porin	1.0 gthrd_e → 1.0 gthrd_p	1.0 Reduced glutathione → 1.0 Reduced glutathione	phoE, ompF, ompN, ompC	P02932, P02931, P77747, P06996
GTHRDabc2pp	Glutathione export via ABC system (cytoplasm to periplasm)	Transport, Inner Membrane	1.0 atp_c + 1.0 gthrd_c + 1.0 h2o_c → 1.0 adp_c + 1.0 gthrd_p + 1.0 h_c + 1.0 pi_c	1.0 ATP C10H12N5O13P3 + 1.0 Reduced glutathione + 1.0 H2O H2O → 1.0 ADP C10H12N5O10P2 + 1.0 Reduced glutathione + 1.0 H+ + 1.0 Phosphate	cydC, cydD	P23886, P29018
ZN2tpp	Zinc transport in via permease (no H+)	Inorganic Ion Transport and Metabolism	1.0 zn2_p → 1.0 zn2_c	1.0 Zinc → 1.0 Zinc	zupT	P0A8H3
NI2tpp	Nickel (+2) transport in via permease (no H+)	Inorganic Ion Transport and Metabolism	1.0 ni2_p → 1.0 ni2_c	1.0 Nickel → 1.0 Nickel	corA	P0ABI4
COBALT2t3pp	Cobalt (Co+2) transport out via proton antiport (periplasm)	Inorganic Ion Transport and Metabolism	1.0 cobalt2_c + 1.0 h_p → 1.0 cobalt2_p + 1.0 h_c	1.0 Co2+ + 1.0 H+ → 1.0 Co2+ + 1.0 H+	zitB, fieF	P75757, P69380
23DAPPAt2pp	2,3-diaminopropionate transport in via proton symport	Transport, Inner Membrane	1.0 23dappa_p + 1.0 h_p → 1.0 23dappa_c + 1.0 h_c	1.0 2,3-diaminopropionate + 1.0 H+ → 1.0 2,3-diaminopropionate + 1.0 H+	Unknown	Unknown
CAt6pp	Calcium / sodium antiporter (1:1)	Inorganic Ion Transport and Metabolism	1.0 ca2_c + 1.0 na1_p → 1.0 ca2_p + 1.0 na1_c	1.0 Calcium + 1.0 Sodium → 1.0 Calcium + 1.0 Sodium	yrbG	P45394
GLYBt2pp	Glycine betaine transport via proton symport (periplasm)	Transport, Inner Membrane	1.0 glyb_p + 1.0 h_p → 1.0 glyb_c + 1.0 h_c	1.0 Glycine betaine + 1.0 H+ → 1.0 Glycine betaine + 1.0 H+	yeaV, proP	P0ABD1, P0C0L7
5DGLCNt2rpp	5-Dehydro-D-gluconate transport via proton symport, reversible (periplasm)	Transport, Inner Membrane	1.0 5dglcn_p + 1.0 h_p → 1.0 5dglcn_c + 1.0 h_c	1.0 5-Dehydro-D-gluconate + 1.0 H+ → 1.0 5-Dehydro-D-gluconate + 1.0 H+	idnT	P39344
GALCTNt2pp	D-galactonate transport via proton symport (periplasm)	Transport, Inner Membrane	1.0 galctn__D_p + 1.0 h_p → 1.0 galctn__D_c + 1.0 h_c	1.0 D-Galactonate + 1.0 H+ → 1.0 D-Galactonate + 1.0 H+	dgoT	P0AA76
GALCTNLtex	L-galactonate transport via diffusion (extracellular to periplasm)	Transport, Outer Membrane Porin	1.0 galctn__L_e → 1.0 galctn__L_p	1.0 L-Galactonate → 1.0 L-Galactonate	ompC, ompN, ompF, phoE	P06996, P77747, P02931, P02932
DSERt2pp	D-serine transport in via proton symport (periplasm)	Transport, Inner Membrane	1.0 h_p + 1.0 ser__D_p → 1.0 h_c + 1.0 ser__D_c	1.0 H+ + 1.0 D-Serine → 1.0 H+ + 1.0 D-Serine	cycA	P0AAE0
ALAt4pp	L-alanine transport in via sodium symport (periplasm)	Transport, Inner Membrane	1.0 ala__L_p + 1.0 na1_p → 1.0 ala__L_c + 1.0 na1_c	1.0 L-Alanine + 1.0 Sodium → 1.0 L-Alanine + 1.0 Sodium	yaaJ	P30143
LYSt3pp	L-lysine transport out via proton antiport (cytoplasm to periplasm)	Transport, Inner Membrane	1.0 h_p + 1.0 lys__L_c → 1.0 h_c + 1.0 lys__L_p	1.0 H+ + 1.0 L-Lysine → 1.0 H+ + 1.0 L-Lysine	argO, ybjE	P11667, P75826
CA2t3pp	Calcium (Ca+2) transport out via proton antiport (periplasm)	Inorganic Ion Transport and Metabolism	1.0 ca2_c + 1.0 h_p → 1.0 ca2_p + 1.0 h_c	1.0 Calcium + 1.0 H+ → 1.0 Calcium + 1.0 H+	chaA	P31801
THRt2pp	L-threonine efflux transport via proton antiport (periplasm)	Transport, Inner Membrane	1.0 h_p + 1.0 thr__L_c → 1.0 h_c + 1.0 thr__L_p	1.0 H+ + 1.0 L-Threonine → 1.0 H+ + 1.0 L-Threonine	rhtA, rhtC	P0AA67, P0AG38
ARGt3pp	L-arginine transport out via proton antiport (cytoplasm to periplasm)	Transport, Inner Membrane	1.0 arg__L_c + 1.0 h_p → 1.0 arg__L_p + 1.0 h_c	1.0 L-Arginine + 1.0 H+ → 1.0 L-Arginine + 1.0 H+	argO	P11667
MALDtex	D-Malate transport via diffusion (extracellular to periplasm)	Transport, Outer Membrane Porin	1.0 mal__D_e → 1.0 mal__D_p	1.0 D-Malate → 1.0 D-Malate	ompN, ompC, phoE, ompF	P77747, P06996, P02932, P02931
OROTtex	Orotate transport via diffusion (extracellular to periplasm)	Transport, Outer Membrane Porin	1.0 orot_e → 1.0 orot_p	1.0 Orotate C5H3N2O4 → 1.0 Orotate C5H3N2O4	ompN, ompF, ompC, phoE	P77747, P02931, P06996, P02932
PPAt4pp	Na+/Propionate symporter (periplasm)	Transport, Inner Membrane	1.0 na1_p + 1.0 ppa_p → 1.0 na1_c + 1.0 ppa_c	1.0 Sodium + 1.0 Propionate (n-C3:0) → 1.0 Sodium + 1.0 Propionate (n-C3:0)	putP	P07117
OROTt2_2pp	Orotate transport via proton symport (2 H) (periplasm)	Transport, Inner Membrane	2.0 h_p + 1.0 orot_p → 2.0 h_c + 1.0 orot_c	2.0 H+ + 1.0 Orotate C5H3N2O4 → 2.0 H+ + 1.0 Orotate C5H3N2O4	dctA	P0A830
MALDt2_2pp	D-Malate transport via proton symport (2 H) (periplasm)	Transport, Inner Membrane	2.0 h_p + 1.0 mal__D_p → 2.0 h_c + 1.0 mal__D_c	2.0 H+ + 1.0 D-Malate → 2.0 H+ + 1.0 D-Malate	dctA	P0A830
5DGLCNtex	5-Dehydro-D-gluconate transport via diffusion (extracellular to periplasm)	Transport, Outer Membrane Porin	1.0 5dglcn_e → 1.0 5dglcn_p	1.0 5-Dehydro-D-gluconate → 1.0 5-Dehydro-D-gluconate	ompN, phoE, ompF, ompC	P77747, P02932, P02931, P06996
CHLt2pp	Choline transport via proton symport (periplasm)	Transport, Inner Membrane	1.0 chol_p + 1.0 h_p → 1.0 chol_c + 1.0 h_c	1.0 Choline C5H14NO + 1.0 H+ → 1.0 Choline C5H14NO + 1.0 H+	betT, yeaV	P0ABC9, P0ABD1
GLYt4pp	Glycine transport in via sodium symport (periplasm)	Transport, Inner Membrane	1.0 gly_p + 1.0 na1_p → 1.0 gly_c + 1.0 na1_c	1.0 Glycine + 1.0 Sodium → 1.0 Glycine + 1.0 Sodium	yaaJ	P30143
FRULYSt2pp	Fructoselysine transport via proton symport (periplasm)	Transport, Inner Membrane	1.0 frulys_p + 1.0 h_p → 1.0 frulys_c + 1.0 h_c	1.0 Fructoselysine + 1.0 H+ → 1.0 Fructoselysine + 1.0 H+	frlA	P45539
TUNGStex	Tungstate transport via diffusion (extracellular to periplasm)	Transport, Outer Membrane Porin	1.0 tungs_e → 1.0 tungs_p	1.0 Tungstate → 1.0 Tungstate	ompF, ompC, ompN, phoE	P02931, P06996, P77747, P02932
PSCLYSt2pp	Psicoselysine transport via proton symport (periplasm)	Transport, Inner Membrane	1.0 h_p + 1.0 psclys_p → 1.0 h_c + 1.0 psclys_c	1.0 H+ + 1.0 Psicoselysine → 1.0 H+ + 1.0 Psicoselysine	frlA	P45539
LYSt2pp	L-lysine transport in via proton symport (periplasm)	Transport, Inner Membrane	1.0 h_p + 1.0 lys__L_p → 1.0 h_c + 1.0 lys__L_c	1.0 H+ + 1.0 L-Lysine → 1.0 H+ + 1.0 L-Lysine	lysP	P25737
COBALT2tpp	Cobalt transport in via permease (no H+)	Inorganic Ion Transport and Metabolism	1.0 cobalt2_p → 1.0 cobalt2_c	1.0 Co2+ → 1.0 Co2+	zupT, corA	P0A8H3, P0ABI4
GLYt2pp	Glycine transport in via proton symport (periplasm)	Transport, Inner Membrane	1.0 gly_p + 1.0 h_p → 1.0 gly_c + 1.0 h_c	1.0 Glycine + 1.0 H+ → 1.0 Glycine + 1.0 H+	yeaV, cycA	P0ABD1, P0AAE0
ALAt2pp	L-alanine transport in via proton symport (periplasm)	Transport, Inner Membrane	1.0 ala__L_p + 1.0 h_p → 1.0 ala__L_c + 1.0 h_c	1.0 L-Alanine + 1.0 H+ → 1.0 L-Alanine + 1.0 H+	cycA, dtpC	P0AAE0, P39276
BALAt2pp	Beta-alanine transport in via proton symport (periplasm)	Transport, Inner Membrane	1.0 ala_B_p + 1.0 h_p → 1.0 ala_B_c + 1.0 h_c	1.0 Beta-Alanine + 1.0 H+ → 1.0 Beta-Alanine + 1.0 H+	cycA	P0AAE0
DALAt2pp	D-alanine transport in via proton symport (periplasm)	Transport, Inner Membrane	1.0 ala__D_p + 1.0 h_p → 1.0 ala__D_c + 1.0 h_c	1.0 D-Alanine + 1.0 H+ → 1.0 D-Alanine + 1.0 H+	cycA	P0AAE0
FE2tpp	Iron (+2) transport in via permease (no H+)	Inorganic Ion Transport and Metabolism	1.0 fe2_p → 1.0 fe2_c	1.0 Fe2+ mitochondria → 1.0 Fe2+ mitochondria	zupT	P0A8H3
MN2tpp	Manganese transport in via permease (no H+)	Inorganic Ion Transport and Metabolism	1.0 mn2_p → 1.0 mn2_c	1.0 Manganese → 1.0 Manganese	zupT	P0A8H3
MG2tpp	Magnesium (+2) transport in via diffusion	Inorganic Ion Transport and Metabolism	1.0 mg2_p → 1.0 mg2_c	1.0 Magnesium → 1.0 Magnesium	corA	P0ABI4
5MTRtex	5-Methylthio-D-ribose transport via proton diffusion (extracellular to periplasm)	Transport, Outer Membrane Porin	1.0 5mtr_e → 1.0 5mtr_p	1.0 5-Methylthio-D-ribose → 1.0 5-Methylthio-D-ribose	ompN, ompF, ompC, phoE	P77747, P02931, P06996, P02932
NI2t3pp	Nickle (Ni+2) transport out via proton antiport (periplasm)	Inorganic Ion Transport and Metabolism	1.0 h_p + 1.0 ni2_c → 1.0 h_c + 1.0 ni2_p	1.0 H+ + 1.0 Nickel → 1.0 H+ + 1.0 Nickel	fieF, zitB	P69380, P75757
PPAtex	Propionate transport via diffusion	Transport, Outer Membrane Porin	1.0 ppa_e → 1.0 ppa_p	1.0 Propionate (n-C3:0) → 1.0 Propionate (n-C3:0)	phoE, ompN, ompF, ompC	P02932, P77747, P02931, P06996
GALCTNLt2pp	L-galactonate transport via proton symport (periplasm)	Transport, Inner Membrane	1.0 galctn__L_p + 1.0 h_p → 1.0 galctn__L_c + 1.0 h_c	1.0 L-Galactonate + 1.0 H+ → 1.0 L-Galactonate + 1.0 H+	lgoT	P39398
THYMt3pp	Thymine transport out via proton antiport (periplasm)	Transport, Inner Membrane	1.0 h_p + 1.0 thym_c → 1.0 h_c + 1.0 thym_p	1.0 H+ + 1.0 Thymine C5H6N2O2 → 1.0 H+ + 1.0 Thymine C5H6N2O2	Unknown	Unknown
CLt3_2pp	Chloride transport out via proton antiport (2:1) (periplasm)	Inorganic Ion Transport and Metabolism	2.0 cl_p + 1.0 h_c → 2.0 cl_c + 1.0 h_p	2.0 Chloride + 1.0 H+ → 2.0 Chloride + 1.0 H+	clcA	P37019
SELGTHR	Selenate glutathione reductase	Inorganic Ion Transport and Metabolism	4.0 gthrd_c + 2.0 h_c + 1.0 slnt_c → 1.0 dgslnt_c + 1.0 gthox_c + 3.0 h2o_c	4.0 Reduced glutathione + 2.0 H+ + 1.0 Selenite → 1.0 Selenodiglutathione + 1.0 Oxidized glutathione + 3.0 H2O H2O	Unknown	Unknown
SELGTHR3	Selenate glutathione reductase III	Inorganic Ion Transport and Metabolism	1.0 gslnt_c + 1.0 nadph_c → 1.0 gthrd_c + 1.0 nadp_c + 1.0 seln_c	1.0 Glutathiolselenolate + 1.0 Nicotinamide adenine dinucleotide phosphate - reduced → 1.0 Reduced glutathione + 1.0 Nicotinamide adenine dinucleotide phosphate + 1.0 Selenide	Unknown	Unknown
PSCLYStex	Psicoselysine transporter via diffusion (extracellular)	Transport, Outer Membrane Porin	1.0 psclys_e → 1.0 psclys_p	1.0 Psicoselysine → 1.0 Psicoselysine	ompF, ompC, ompN, phoE	P02931, P06996, P77747, P02932
THYMtex	Thymine transport via diffusion (extracellular to periplasm)	Transport, Outer Membrane Porin	1.0 thym_e → 1.0 thym_p	1.0 Thymine C5H6N2O2 → 1.0 Thymine C5H6N2O2	phoE, ompN, ompC, ompF	P02932, P77747, P06996, P02931
CU2tpp	Copper transport in via permease (no H+)	Inorganic Ion Transport and Metabolism	1.0 cu2_p → 1.0 cu2_c	1.0 Copper → 1.0 Copper	zupT	P0A8H3
FE2t3pp	Iron (Fe+2) transport out via proton antiport (periplasm)	Inorganic Ion Transport and Metabolism	1.0 fe2_c + 1.0 h_p → 1.0 fe2_p + 1.0 h_c	1.0 Fe2+ mitochondria + 1.0 H+ → 1.0 Fe2+ mitochondria + 1.0 H+	fieF	P69380
MN2t3pp	Manganese (Mn+2) transport out via proton antiport (periplasm)	Inorganic Ion Transport and Metabolism	1.0 h_p + 1.0 mn2_c → 1.0 h_c + 1.0 mn2_p	1.0 H+ + 1.0 Manganese → 1.0 H+ + 1.0 Manganese	fieF, zitB	P69380, P75757
MG2t3_2pp	Magnesium (Mg+2) transport in/out via proton antiport (periplasm)	Inorganic Ion Transport and Metabolism	2.0 h_c + 1.0 mg2_p → 2.0 h_p + 1.0 mg2_c	2.0 H+ + 1.0 Magnesium → 2.0 H+ + 1.0 Magnesium	Unknown	Unknown
CD2tpp	Cadmium (+2) transport in via permease (no H+)	Inorganic Ion Transport and Metabolism	1.0 cd2_p → 1.0 cd2_c	1.0 Cadmium → 1.0 Cadmium	zupT	P0A8H3
ETHAt2pp	Ethanolamine transport in via proton symport	Transport, Inner Membrane	1.0 etha_p + 1.0 h_p → 1.0 etha_c + 1.0 h_c	1.0 Ethanolamine + 1.0 H+ → 1.0 Ethanolamine + 1.0 H+	Unknown	Unknown
FE3abcpp	Iron (III) transport via ABC system (periplasm to cytoplasm)	Inorganic Ion Transport and Metabolism	1.0 atp_c + 1.0 fe3_p + 1.0 h2o_c → 1.0 adp_c + 1.0 fe3_c + 1.0 h_c + 1.0 pi_c	1.0 ATP C10H12N5O13P3 + 1.0 Iron (Fe3+) + 1.0 H2O H2O → 1.0 ADP C10H12N5O10P2 + 1.0 Iron (Fe3+) + 1.0 H+ + 1.0 Phosphate	Unknown	Unknown
LALADGLUtex	L-alanyl-D-glutamate transport via diffusion (extracellular to periplasm)	Transport, Outer Membrane Porin	1.0 LalaDglu_e → 1.0 LalaDglu_p	1.0 L-alanine-D-glutamate → 1.0 L-alanine-D-glutamate	ompC, ompN, phoE, ompF	P06996, P77747, P02932, P02931
LALALGLUtpp	L-alanyl-L-glutamate transport in via proton symport (periplasm)	Transport, Inner Membrane	1.0 LalaLglu_p + 1.0 h_p → 1.0 LalaLglu_c + 1.0 h_c	1.0 L-alanine-L-glutamate + 1.0 H+ → 1.0 L-alanine-L-glutamate + 1.0 H+	dtpA, dtpB, dtpC, dtpD	P77304, P36837, P39276, P75742
3HPPtex	3-hydroxypropionate transport via diffusion (extracellular to periplasm)	Transport, Outer Membrane Porin	1.0 3hpp_e → 1.0 3hpp_p	1.0 3-Hydroxypropanoate → 1.0 3-Hydroxypropanoate	ompN, ompF, ompC, phoE	P77747, P02931, P06996, P02932
CMtpp	Chloramphenicol transport via TolC system	Transport, Outer Membrane	1.0 cm_p + 1.0 h_p → 1.0 cm_e + 1.0 h_c	1.0 Chloramphenicol + 1.0 H+ → 1.0 Chloramphenicol + 1.0 H+	acrA, tolC, acrD, acrA, tolC, acrB	P0AE06, P02930, P24177, P31224
FUSAtpp	Fusidic acid transport via TolC system	Transport, Outer Membrane	1.0 fusa_p + 1.0 h_p → 1.0 fusa_e + 1.0 h_c	1.0 Fusidic acid + 1.0 H+ → 1.0 Fusidic acid + 1.0 H+	acrA, tolC, acrB, acrA, tolC, acrD	P0AE06, P02930, P31224, P24177
RFAMPtex	Rifampin transport via diffusion (extracellular to periplasm)	Transport, Outer Membrane	1.0 rfamp_e → 1.0 rfamp_p	1.0 Rifampin → 1.0 Rifampin		Unknown
MINCYCtex	Minocycline transport via diffusion (extracellular to periplasm)	Transport, Outer Membrane Porin	1.0 mincyc_e → 1.0 mincyc_p	1.0 Minocycline → 1.0 Minocycline	ompN, phoE, ompF, ompC	P77747, P02932, P02931, P06996
MINCYCtpp	Minocycline transport via TolC system	Transport, Outer Membrane	1.0 h_p + 1.0 mincyc_p → 1.0 h_c + 1.0 mincyc_e	1.0 H+ + 1.0 Minocycline → 1.0 H+ + 1.0 Minocycline	acrA, tolC, acrD, acrA, tolC, acrB	P0AE06, P02930, P24177, P31224
MEOHtrpp	Methanol reversible transport via diffusion (periplasm)	Transport, Inner Membrane	1.0 meoh_p → 1.0 meoh_c	1.0 Methanol → 1.0 Methanol		Unknown
DOXRBCNtex	Doxorubicin transport via diffusion (extracellular to periplasm)	Transport, Outer Membrane Porin	1.0 doxrbcn_e → 1.0 doxrbcn_p	1.0 Doxorubicin → 1.0 Doxorubicin	ompF, ompC, ompN, phoE	P02931, P06996, P77747, P02932
DOXRBCNtpp	Doxorubicin transport via TolC system	Transport, Outer Membrane	1.0 doxrbcn_p + 1.0 h_p → 1.0 doxrbcn_e + 1.0 h_c	1.0 Doxorubicin + 1.0 H+ → 1.0 Doxorubicin + 1.0 H+	acrA, tolC, acrB, acrA, tolC, acrD	P0AE06, P02930, P31224, P24177
SELtex	Selenate transport via diffusion (extracellular to periplasm)	Transport, Outer Membrane Porin	1.0 sel_e → 1.0 sel_p	1.0 Selenate → 1.0 Selenate	ompN, ompF, ompC, phoE	P77747, P02931, P06996, P02932
SELR	Selenate reductase	Inorganic Ion Transport and Metabolism	1.0 mql8_c + 1.0 sel_c → 1.0 h2o_c + 1.0 mqn8_c + 1.0 slnt_c	1.0 Menaquinol 8 + 1.0 Selenate → 1.0 H2O H2O + 1.0 Menaquinone 8 + 1.0 Selenite	ynfG, ynfH, ynfF, ynfE	P0AAJ1, P76173, P77783, P77374
ETOHtrpp	Ethanol reversible transport via diffusion (periplasm)	Transport, Inner Membrane	1.0 etoh_p → 1.0 etoh_c	1.0 Ethanol → 1.0 Ethanol		Unknown
MEOHtex	Methanol transport via diffusion (extracellular to periplasm)	Transport, Outer Membrane Porin	1.0 meoh_e → 1.0 meoh_p	1.0 Methanol → 1.0 Methanol	ompF, ompN, ompC, phoE	P02931, P77747, P06996, P02932
5MTRtpp	5-Methylthio-D-ribose transport via proton symport (periplasm)	Transport, Inner Membrane	1.0 5mtr_c + 1.0 h_c → 1.0 5mtr_p + 1.0 h_p	1.0 5-Methylthio-D-ribose + 1.0 H+ → 1.0 5-Methylthio-D-ribose + 1.0 H+	Unknown	Unknown
TTRCYCtex	Tetracycline transport via diffusion (extracellular to periplasm)	Transport, Outer Membrane Porin	1.0 ttrcyc_e → 1.0 ttrcyc_p	1.0 Tetracycline → 1.0 Tetracycline	ompF, phoE, ompN, ompC	P02931, P02932, P77747, P06996
NOVBCNtpp	Novobiocin transport via TolC system	Transport, Outer Membrane	1.0 h_p + 1.0 novbcn_p → 1.0 h_c + 1.0 novbcn_e	1.0 H+ + 1.0 Novobiocin → 1.0 H+ + 1.0 Novobiocin	acrA, tolC, acrD, acrA, tolC, acrB	P0AE06, P02930, P24177, P31224
CMtex	Chloramphenicol transport via diffusion (extracellular to periplasm)	Transport, Outer Membrane Porin	1.0 cm_e → 1.0 cm_p	1.0 Chloramphenicol → 1.0 Chloramphenicol	ompC, ompF, ompN, phoE	P06996, P02931, P77747, P02932
TTRCYCtpp	Tetracycline transport via TolC system	Transport, Outer Membrane	1.0 h_p + 1.0 ttrcyc_p → 1.0 h_c + 1.0 ttrcyc_e	1.0 H+ + 1.0 Tetracycline → 1.0 H+ + 1.0 Tetracycline	acrA, tolC, acrD, acrA, tolC, acrB	P0AE06, P02930, P24177, P31224
LALALGLUtex	L-alanyl-L-glutamate transport via diffusion (extracellular to periplasm)	Transport, Outer Membrane Porin	1.0 LalaLglu_e → 1.0 LalaLglu_p	1.0 L-alanine-L-glutamate → 1.0 L-alanine-L-glutamate	ompN, phoE, ompF, ompC	P77747, P02932, P02931, P06996
LALADGLUtpp	L-alanyl-D-glutamate transport in via proton symport (periplasm)	Transport, Inner Membrane	1.0 LalaDglu_p + 1.0 h_p → 1.0 LalaDglu_c + 1.0 h_c	1.0 L-alanine-D-glutamate + 1.0 H+ → 1.0 L-alanine-D-glutamate + 1.0 H+	dtpD, dtpA, dtpB, dtpC	P75742, P77304, P36837, P39276
SLNTtex	Selenite transport via diffusion (extracellular to periplasm)	Transport, Outer Membrane Porin	1.0 slnt_e → 1.0 slnt_p	1.0 Selenite → 1.0 Selenite	ompN, ompF, ompC, phoE	P77747, P02931, P06996, P02932
SELGTHR2	Selenate glutathione reductase II	Inorganic Ion Transport and Metabolism	1.0 dgslnt_c + 1.0 h_c + 1.0 nadph_c → 1.0 gslnt_c + 1.0 gthrd_c + 1.0 nadp_c	1.0 Selenodiglutathione + 1.0 H+ + 1.0 Nicotinamide adenine dinucleotide phosphate - reduced → 1.0 Glutathiolselenolate + 1.0 Reduced glutathione + 1.0 Nicotinamide adenine dinucleotide phosphate	Unknown	Unknown
3HPPtpp	3-hydroxypropionate transport via proton symport (periplasm)	Transport, Inner Membrane	1.0 3hpp_c + 1.0 h_c → 1.0 3hpp_p + 1.0 h_p	1.0 3-Hydroxypropanoate + 1.0 H+ → 1.0 3-Hydroxypropanoate + 1.0 H+	Unknown	Unknown
RFAMPtpp	Rifampin transport via TolC system	Transport, Outer Membrane	1.0 h_p + 1.0 rfamp_p → 1.0 h_c + 1.0 rfamp_e	1.0 H+ + 1.0 Rifampin → 1.0 H+ + 1.0 Rifampin	acrA, tolC, acrB, acrA, tolC, acrD	P0AE06, P02930, P31224, P24177
ALAtpp	L-alanine export via facilited diffusion	Transport, Inner Membrane	1.0 ala__L_c → 1.0 ala__L_p	1.0 L-Alanine → 1.0 L-Alanine	alaE	P64550
CH4tex	Methane Transport(extracellular via diffusion)	Transport, Outer Membrane	1.0 ch4_e → 1.0 ch4_p	1.0 Methane → 1.0 Methane	Unknown	Unknown
TARTRDtex	D-tartrate transport via diffusion (extracellular to periplasm)	Transport, Outer Membrane Porin	1.0 tartr__D_e → 1.0 tartr__D_p	1.0 D-tartrate → 1.0 D-tartrate	ompN, ompC, phoE, ompF	P77747, P06996, P02932, P02931
BTNt2ipp	Biotin transport via proton symport (periplasm)	Transport, Inner Membrane	1.0 btn_p + 1.0 h_p → 1.0 btn_c + 1.0 h_c	1.0 Biotin + 1.0 H+ → 1.0 Biotin + 1.0 H+	Unknown	Unknown
BTNtex	Biotin transport via diffusion (extracellular to periplasm)	Transport, Outer Membrane Porin	1.0 btn_e → 1.0 btn_p	1.0 Biotin → 1.0 Biotin	ompC, ompN, phoE, ompF	P06996, P77747, P02932, P02931
DHBSZ3FEabcpp	23dhbsz3 Fe III transport via ABC system periplasm	Inorganic Ion Transport and Metabolism	1.0 atp_c + 1.0 fe3dhbzs3_p + 1.0 h2o_c → 1.0 adp_c + 1.0 fe3dhbzs3_c + 1.0 h_c + 1.0 pi_c	1.0 ATP C10H12N5O13P3 + 1.0 2-3-dihydroxybenzoylserine trimer-Fe-III + 1.0 H2O H2O → 1.0 ADP C10H12N5O10P2 + 1.0 2-3-dihydroxybenzoylserine trimer-Fe-III + 1.0 H+ + 1.0 Phosphate	fepC, fepG, fepD, fepB	P23878, P23877, P23876, P0AEL6
FE3DHBZS3R	Fe(III)-(2,3-dihydroxybenzoylserine)3 reductase via NADPH	Inorganic Ion Transport and Metabolism	2.0 fe3dhbzs3_c + 1.0 nadph_c → 2.0 23dhbzs3_c + 2.0 fe2_c + 3.0 h_c + 1.0 nadp_c	2.0 2-3-dihydroxybenzoylserine trimer-Fe-III + 1.0 Nicotinamide adenine dinucleotide phosphate - reduced → 2.0 2-3-dihydroxybenzoylserine trimer + 2.0 Fe2+ mitochondria + 3.0 H+ + 1.0 Nicotinamide adenine dinucleotide phosphate	yqjH	Q46871
DXYLONtpp	D-xylonate reversible tranposrt (periplasm)	Transport, Inner Membrane	1.0 dxylnt_p → 1.0 dxylnt_c	1.0 D-Xylonate → 1.0 D-Xylonate	Unknown	Unknown
2DGLCptspp	2-Deoxy-D-glucose transport via PEP:Pyr PTS (periplasm)	Transport, Inner Membrane	1.0 2dglc_p + 1.0 pep_c → 1.0 2doxg6p_c + 1.0 pyr_c	1.0 2 Deoxy D glucose C6H12O5 + 1.0 Phosphoenolpyruvate → 1.0 2 Deoxy D glucose 6 phosphate C6H11O8P + 1.0 Pyruvate	ptsH, manX, manZ, ptsI, manY	P0AA04, P69797, P69805, P08839, P69801
ARBTptspp	Arbutin transport via PEP:Pyr PTS (periplasm)	Transport, Inner Membrane	1.0 arbt_p + 1.0 pep_c → 1.0 arbt6p_c + 1.0 pyr_c	1.0 Arbutin C12H16O7 + 1.0 Phosphoenolpyruvate → 1.0 Arbutin 6-phosphate + 1.0 Pyruvate	bglF, ptsI, ptsH, ascF, ptsI, ptsH	P08722, P08839, P0AA04, P24241
ARBTtex	Arbutin transport via diffusion (extracellular to periplasm)	Transport, Outer Membrane Porin	1.0 arbt_e → 1.0 arbt_p	1.0 Arbutin C12H16O7 → 1.0 Arbutin C12H16O7	ompC, ompF, ompN, phoE	P06996, P02931, P77747, P02932
DMSOtpp	Dimethyl sulfoxide transport via diffusion (periplasm)	Transport, Inner Membrane	1.0 dmso_p → 1.0 dmso_c	1.0 Dimethyl sulfoxide → 1.0 Dimethyl sulfoxide		Unknown
PYDXtex	Pyridoxal transport via diffusion (extracellular)	Transport, Outer Membrane Porin	1.0 pydx_e → 1.0 pydx_p	1.0 Pyridoxal → 1.0 Pyridoxal	ompC, ompF, ompN, phoE	P06996, P02931, P77747, P02932
PYDXtpp	Pyridoxal import	Transport, Inner Membrane	1.0 pydx_p → 1.0 pydx_c	1.0 Pyridoxal → 1.0 Pyridoxal	Unknown	Unknown
SUCASPtpp	Succinate:aspartate antiporter (periplasm)	Transport, Inner Membrane	1.0 asp__L_p + 1.0 succ_c → 1.0 asp__L_c + 1.0 succ_p	1.0 L-Aspartate + 1.0 Succinate → 1.0 L-Aspartate + 1.0 Succinate	dcuA, dcuB, dcuC	P0ABN5, P0ABN9, P0ABP3
23DOGULNt4pp	Na+/ 2,3-Dioxo-L-gulonate symport (periplasm)	Transport, Inner Membrane	1.0 23doguln_p + 1.0 na1_p → 1.0 23doguln_c + 1.0 na1_c	1.0 2,3-Dioxo-L-gulonate + 1.0 Sodium → 1.0 2,3-Dioxo-L-gulonate + 1.0 Sodium	yiaM, yiaO, yiaN	P37674, P37676, P37675
FE3DCITexs	Dicitrate Fe(III) binding (spontaneous)	Inorganic Ion Transport and Metabolism	2.0 cit_e + 1.0 fe3_e → 1.0 fe3dcit_e	2.0 Citrate + 1.0 Iron (Fe3+) → 1.0 Fe(III)dicitrate		Unknown
SUCMALtpp	Succinate:malate antiporter (periplasm)	Transport, Inner Membrane	1.0 mal__L_p + 1.0 succ_c → 1.0 mal__L_c + 1.0 succ_p	1.0 L-Malate + 1.0 Succinate → 1.0 L-Malate + 1.0 Succinate	dcuA, dcuB, dcuC	P0ABN5, P0ABN9, P0ABP3
PYDXNtex	Pyridoxine transport via diffusion (extracellular)	Transport, Outer Membrane Porin	1.0 pydxn_e → 1.0 pydxn_p	1.0 Pyridoxine → 1.0 Pyridoxine	ompC, ompF, ompN, phoE	P06996, P02931, P77747, P02932
FEENTERES	Enterochelin Esterase (Fe containing)	Inorganic Ion Transport and Metabolism	1.0 feenter_c + 1.0 h2o_c → 1.0 fe3dhbzs3_c	1.0 Fe-enterobactin + 1.0 H2O H2O → 1.0 2-3-dihydroxybenzoylserine trimer-Fe-III	fes	P13039
PYDXNtpp	Pyridoxine import	Transport, Inner Membrane	1.0 pydxn_p → 1.0 pydxn_c	1.0 Pyridoxine → 1.0 Pyridoxine	Unknown	Unknown
FEENTERR4	Fe-enterobactin reduction via nadph	Inorganic Ion Transport and Metabolism	2.0 feenter_c + 1.0 nadph_c → 2.0 enter_c + 2.0 fe2_c + 1.0 h_c + 1.0 nadp_c	2.0 Fe-enterobactin + 1.0 Nicotinamide adenine dinucleotide phosphate - reduced → 2.0 Enterochelin + 2.0 Fe2+ mitochondria + 1.0 H+ + 1.0 Nicotinamide adenine dinucleotide phosphate	yqjH	Q46871
DXYLONtex	D-xylonate transport via diffusion (extracellular)	Transport, Outer Membrane Porin	1.0 dxylnt_e → 1.0 dxylnt_p	1.0 D-Xylonate → 1.0 D-Xylonate	ompN, ompF, ompC	P77747, P02931, P06996
PYDAMtex	Pyridoxamine transport via diffusion (extracellular)	Transport, Outer Membrane Porin	1.0 pydam_e → 1.0 pydam_p	1.0 Pyridoxamine → 1.0 Pyridoxamine	ompC, ompF, ompN, phoE	P06996, P02931, P77747, P02932
PYDAMtpp	Pyridoxamine import	Transport, Inner Membrane	1.0 pydam_p → 1.0 pydam_c	1.0 Pyridoxamine → 1.0 Pyridoxamine	Unknown	Unknown
PSURItex	Pseudouridine transport via diffusion (extracellular to periplasm)	Transport, Outer Membrane Porin	1.0 psuri_e → 1.0 psuri_p	1.0 Pseudouridine → 1.0 Pseudouridine	ompF, ompN, ompC, phoE	P02931, P77747, P06996, P02932
CHLt3pp	Choline transport via proton antiport (periplasm)	Transport, Inner Membrane	1.0 chol_c + 1.0 h_p → 1.0 chol_p + 1.0 h_c	1.0 Choline C5H14NO + 1.0 H+ → 1.0 Choline C5H14NO + 1.0 H+	emrE	P23895
TARTt2_3pp	D-tartrate transport via proton symport (3 H) (periplasm)	Transport, Inner Membrane	3.0 h_p + 1.0 tartr__D_p → 3.0 h_c + 1.0 tartr__D_c	3.0 H+ + 1.0 D-tartrate → 3.0 H+ + 1.0 D-tartrate	dcuB	P0ABN9
SUCTARTtpp	Succinate:D-tartrate antiporter (periplasm)	Transport, Inner Membrane	1.0 succ_c + 1.0 tartr__D_p → 1.0 succ_p + 1.0 tartr__D_c	1.0 Succinate + 1.0 D-tartrate → 1.0 Succinate + 1.0 D-tartrate	dcuB	P0ABN9
CHTBSptspp	Chitobiose transport via PEP:Pyr PTS (periplasm)	Transport, Inner Membrane	1.0 chtbs_p + 1.0 pep_c → 1.0 chtbs6p_c + 1.0 pyr_c	1.0 N,N'-diacetylchitobiose + 1.0 Phosphoenolpyruvate → 1.0 Diacetylchitobiose-6-phosphate + 1.0 Pyruvate	chbB, chbC, chbA, ptsH, ptsI	P69795, P17334, P69791, P0AA04, P08839
GLYBt3pp	Glycine betaine transport via proton antiport (periplasm)	Transport, Inner Membrane	1.0 glyb_c + 1.0 h_p → 1.0 glyb_p + 1.0 h_c	1.0 Glycine betaine + 1.0 H+ → 1.0 Glycine betaine + 1.0 H+	emrE	P23895
AI2tpp	Quorum signal AI-2 exporter	Transport, Inner Membrane	1.0 mththf_c → 1.0 mththf_p	1.0 (2R,4S)-2-methyl-2,3,3,4-tetrahydroxytetrahydrofuran → 1.0 (2R,4S)-2-methyl-2,3,3,4-tetrahydroxytetrahydrofuran	tqsA	P0AFS5
Ftpp	F- efflux transport	Transport, Inner Membrane	1.0 f_c → 1.0 f_p	1.0 Fluoride → 1.0 Fluoride	flc	P37002
CHTBStex	Chitobiose transport via diffusion (extracellular to periplasm)	Transport, Outer Membrane Porin	1.0 chtbs_e → 1.0 chtbs_p	1.0 N,N'-diacetylchitobiose → 1.0 N,N'-diacetylchitobiose	ompC, ompF, ompN, phoE, chiP	P06996, P02931, P77747, P02932, P75733
TRPtipp	L-tryptophan transport out (periplasm)	Transport, Inner Membrane	1.0 trp__L_c → 1.0 trp__L_p	1.0 L-Tryptophan → 1.0 L-Tryptophan	yddG	P46136
TYRtipp	L-tyrosine transport out (periplasm)	Transport, Inner Membrane	1.0 tyr__L_c → 1.0 tyr__L_p	1.0 L-Tyrosine → 1.0 L-Tyrosine	yddG	P46136
DHPStr	2,3-dihydroxypropane 1-sulfonate transporter	Transport, Inner Membrane	1.0 dhps_c → 1.0 dhps_p	1.0 2,3-Dihydroxypropane-1-sulfonate → 1.0 2,3-Dihydroxypropane-1-sulfonate	yihP	P32137
SQtr	Sulfoquinovose transporter	Transport, Inner Membrane	1.0 sq_p → 1.0 sq_c	1.0 Sulphoquinovose → 1.0 Sulphoquinovose	yihO	P32136
DHPStex	2,3-dihydroxypropane 1-sulfonate transport via diffusion	Transport, Outer Membrane	1.0 dhps_e → 1.0 dhps_p	1.0 2,3-Dihydroxypropane-1-sulfonate → 1.0 2,3-Dihydroxypropane-1-sulfonate	ompL	P76773
SPMDt3pp	Spermidine transport out via proton antiport (periplasm)	Transport, Inner Membrane	1.0 h_p + 1.0 spmd_c → 1.0 h_c + 1.0 spmd_p	1.0 H+ + 1.0 Spermidine → 1.0 H+ + 1.0 Spermidine	mdtJ, mdtI	P69212, P69210
FMNtex	FMN transport, outer membrane	Transport, Outer Membrane	1.0 fmn_p → 1.0 fmn_e	1.0 FMN C17H19N4O9P → 1.0 FMN C17H19N4O9P	ompF, phoE, ompC, ompN	P02931, P02932, P06996, P77747
PHEtipp	L-phenylalanine transport out (periplasm)	Transport, Inner Membrane	1.0 phe__L_c → 1.0 phe__L_p	1.0 L-Phenylalanine → 1.0 L-Phenylalanine	yddG	P46136
MALt3pp	L-malate transport out via proton antiport (periplasm)	Transport, Inner Membrane	1.0 h_p + 1.0 mal__L_c → 1.0 h_c + 1.0 mal__L_p	1.0 H+ + 1.0 L-Malate → 1.0 H+ + 1.0 L-Malate	Unknown	Unknown
CITt3pp	Citrate transport out via proton antiport (periplasm)	Transport, Inner Membrane	1.0 cit_c + 1.0 h_p → 1.0 cit_p + 1.0 h_c	1.0 Citrate + 1.0 H+ → 1.0 Citrate + 1.0 H+	Unknown	Unknown
QUIN2tpp	Quinate transport (periplasm)	Transport, Inner Membrane	1.0 quin_p → 1.0 quin_c	1.0 Quinate → 1.0 Quinate	Unknown	Unknown
GLYC2Pabcpp	Sn-Glycerol 2-phosphate transport via ABC system (periplasm)	Transport, Inner Membrane	1.0 atp_c + 1.0 glyc2p_p + 1.0 h2o_c → 1.0 adp_c + 1.0 glyc2p_c + 1.0 h_c + 1.0 pi_c	1.0 ATP C10H12N5O13P3 + 1.0 Glycerol 2-phosphate + 1.0 H2O H2O → 1.0 ADP C10H12N5O10P2 + 1.0 Glycerol 2-phosphate + 1.0 H+ + 1.0 Phosphate	ugpC, ugpB, ugpE, ugpA	P10907, P0AG80, P10906, P10905
CRNDtex	D-carnitine transport via diffusion (extracellular to periplasm)	Transport, Outer Membrane Porin	1.0 crn__D_e → 1.0 crn__D_p	1.0 D-Carnitine → 1.0 D-Carnitine	ompN, ompC, phoE, ompF	P77747, P06996, P02932, P02931
CLBtex	Cellobiose transport transport via diffusion extracellular to periplasm 	Transport, Outer Membrane	1.0 cellb_e → 1.0 cellb_p	1.0 Cellobiose → 1.0 Cellobiose	phoE, ompN, ompF, ompC	P02932, P77747, P02931, P06996
CHOLATEtpp	Cholate transport via proton antiport	Transport, Inner Membrane	1.0 cholate_c + 1.0 h_p → 1.0 cholate_p + 1.0 h_c	1.0 Cholate c + 1.0 H+ → 1.0 Cholate c + 1.0 H+	mdtM	P39386
4ABZGLUtr	P-aminobenzoyl glutamate:H+ symporter	Transport, Inner Membrane	1.0 4abzglu_p + 1.0 h_p → 1.0 4abzglu_c + 1.0 h_c	1.0 4-aminobenzoyl-glutamate + 1.0 H+ → 1.0 4-aminobenzoyl-glutamate + 1.0 H+	abgT	P46133
SELabcpp	Selenatenate transport via ABC system (periplasm)	Inorganic Ion Transport and Metabolism	1.0 atp_c + 1.0 h2o_c + 1.0 sel_p → 1.0 adp_c + 1.0 h_c + 1.0 pi_c + 1.0 sel_c	1.0 ATP C10H12N5O13P3 + 1.0 H2O H2O + 1.0 Selenate → 1.0 ADP C10H12N5O10P2 + 1.0 H+ + 1.0 Phosphate + 1.0 Selenate	cysW, cysA, cysP, cysU, cysW, cysA, sbp, cysU	P0AEB0, P16676, P16700, P16701, P0AG78
CYSItpp	Cystine efflux transport	Transport, Inner Membrane	1.0 cysi__L_c → 1.0 cysi__L_p	1.0 L Cystine C6H12N2O4S2 → 1.0 L Cystine C6H12N2O4S2	yijE	P0ABT8
FADt	FAD transporter, periplasm	Transport, Inner Membrane	1.0 fad_c → 1.0 fad_p	1.0 Flavin adenine dinucleotide oxidized → 1.0 Flavin adenine dinucleotide oxidized	yeeO	P76352
PUACGAMtr	Transport of poly-?-1,6-N-acetyl-D-glucosamine (poly-?-1,6-N-acetyl-D-glucosamine synthase)	Transport, Inner Membrane	1.0 puacgam_c → 1.0 puacgam_p	1.0 Poly-?-1,6-N-acetyl-D-glucosamine → 1.0 Poly-?-1,6-N-acetyl-D-glucosamine	pgaD, pgaC	P69432, P75905
PIt2rpp	Phosphate reversible transport via symport (periplasm)	Inorganic Ion Transport and Metabolism	1.0 h_p + 1.0 pi_p → 1.0 h_c + 1.0 pi_c	1.0 H+ + 1.0 Phosphate → 1.0 H+ + 1.0 Phosphate	pitA, pitB	P0AFJ7, P43676
FADtex	FAD transport, outer membrane	Transport, Outer Membrane	1.0 fad_p → 1.0 fad_e	1.0 Flavin adenine dinucleotide oxidized → 1.0 Flavin adenine dinucleotide oxidized	phoE, ompC, ompN, ompF	P02932, P06996, P77747, P02931
AI2abcpp	Autoinducer-2 ABC transporter	Transport, Inner Membrane	1.0 atp_c + 1.0 h2o_c + 1.0 mththf_p → 1.0 adp_c + 1.0 h_c + 1.0 mththf_c + 1.0 pi_c	1.0 ATP C10H12N5O13P3 + 1.0 H2O H2O + 1.0 (2R,4S)-2-methyl-2,3,3,4-tetrahydroxytetrahydrofuran → 1.0 ADP C10H12N5O10P2 + 1.0 H+ + 1.0 (2R,4S)-2-methyl-2,3,3,4-tetrahydroxytetrahydrofuran + 1.0 Phosphate	lsrB, lsrA, lsrD, lsrC	P76142, P77257, P0AFS1, P77672
4HBZt3pp	4-hydroxybenzoate transport out via antiporter	Transport, Inner Membrane	1.0 4hbz_c + 1.0 h_p → 1.0 4hbz_p + 1.0 h_c	1.0 4-Hydroxybenzoate + 1.0 H+ → 1.0 4-Hydroxybenzoate + 1.0 H+	aaeB, aaeA	P46481, P46482
LEUt2rpp	L-leucine reversible transport via proton symport (periplasm)	Transport, Inner Membrane	1.0 h_p + 1.0 leu__L_p → 1.0 h_c + 1.0 leu__L_c	1.0 H+ + 1.0 L-Leucine → 1.0 H+ + 1.0 L-Leucine	brnQ	P0AD99
LCTStpp	Lactose transport via proton symport (periplasm)	Transport, Inner Membrane	1.0 h_p + 1.0 lcts_p → 1.0 h_c + 1.0 lcts_c	1.0 H+ + 1.0 Lactose C12H22O11 → 1.0 H+ + 1.0 Lactose C12H22O11	lacY	P02920
ILEt3pp	L-isoleucine transport out via proton antiport (periplasm)	Transport, Inner Membrane	1.0 h_p + 1.0 ile__L_c → 1.0 h_c + 1.0 ile__L_p	1.0 H+ + 1.0 L-Isoleucine → 1.0 H+ + 1.0 L-Isoleucine	yjeH	P39277
METt3pp	L-methionine tranport out via proton antiport (periplasm)	Transport, Inner Membrane	1.0 h_p + 1.0 met__L_c → 1.0 h_c + 1.0 met__L_p	1.0 H+ + 1.0 L-Methionine → 1.0 H+ + 1.0 L-Methionine	leuE, yjeH	P76249, P39277
GSNt3pp	Guanosine transport out via proton antiport (periplasm)	Transport, Inner Membrane	1.0 gsn_c + 1.0 h_p → 1.0 gsn_p + 1.0 h_c	1.0 Guanosine + 1.0 H+ → 1.0 Guanosine + 1.0 H+	nepI	P0ADL1
CLtipp	Chloride ion transport in via diffusion (periplasm)	Inorganic Ion Transport and Metabolism	1.0 cl_p → 1.0 cl_c	1.0 Chloride → 1.0 Chloride	clcB	P76175
2DGLCtex	2-Deoxy-D-glucose transport via diffusion (extracellular)	Transport, Outer Membrane	1.0 2dglc_e → 1.0 2dglc_p	1.0 2 Deoxy D glucose C6H12O5 → 1.0 2 Deoxy D glucose C6H12O5	ompN, phoE, ompC, ompF	P77747, P02932, P06996, P02931
PItpp	Phosphate export via facillated diffusion (periplasm)	Inorganic Ion Transport and Metabolism	1.0 pi_c → 1.0 pi_p	1.0 Phosphate → 1.0 Phosphate	yjbB	P0AF43
LEUt3pp	L-leucine transport out via proton antiport (periplasm)	Transport, Inner Membrane	1.0 h_p + 1.0 leu__L_c → 1.0 h_c + 1.0 leu__L_p	1.0 H+ + 1.0 L-Leucine → 1.0 H+ + 1.0 L-Leucine	leuE, yjeH	P76249, P39277
INSt3pp	Inosine transport out via proton antiport (perisplasm)	Transport, Inner Membrane	1.0 h_p + 1.0 ins_c → 1.0 h_c + 1.0 ins_p	1.0 H+ + 1.0 Inosine → 1.0 H+ + 1.0 Inosine	nepI	P0ADL1
INDOLEt2rpp	Indole transport via proton symport, reversible (periplasm)	Transport, Inner Membrane	1.0 h_p + 1.0 indole_p → 1.0 h_c + 1.0 indole_c	1.0 H+ + 1.0 Indole → 1.0 H+ + 1.0 Indole	mtr	P0AAD2
SQtex	Sulphoquinovose transport via diffusion	Transport, Outer Membrane	1.0 sq_e → 1.0 sq_p	1.0 Sulphoquinovose → 1.0 Sulphoquinovose	ompL	P76773
ILEt2rpp	L-isoleucine reversible transport via proton symport (periplasm)	Transport, Inner Membrane	1.0 h_p + 1.0 ile__L_p → 1.0 h_c + 1.0 ile__L_c	1.0 H+ + 1.0 L-Isoleucine → 1.0 H+ + 1.0 L-Isoleucine	brnQ	P0AD99
GLYtpp	Glycine transport via facillitated diffusion	Transport, Inner Membrane	1.0 gly_c → 1.0 gly_p	1.0 Glycine → 1.0 Glycine	glpF	P0AER0
URATEtex	Uric acid transport	Transport, Outer Membrane Porin	1.0 urate_e → 1.0 urate_p	1.0 Urate C5H4N4O3 → 1.0 Urate C5H4N4O3	ompC, phoE, ompF, ompN	P06996, P02932, P02931, P77747
CBL1tonex	Cob(1)alamin transport via ton system (extermal)	Transport, Outer Membrane	1.0 cbl1_e + 1.0 h_p → 1.0 cbl1_p + 1.0 h_c	1.0 Cob(I)alamin + 1.0 H+ → 1.0 Cob(I)alamin + 1.0 H+	tonB, exbD, exbB, btuB	P02929, P0ABV2, P0ABU7, P06129
CBItonex	Cobinamide transport via ton system (extermal)	Transport, Outer Membrane	1.0 cbi_e + 1.0 h_p → 1.0 cbi_p + 1.0 h_c	1.0 Cobinamide + 1.0 H+ → 1.0 Cobinamide + 1.0 H+	tonB, exbD, exbB, btuB	P02929, P0ABV2, P0ABU7, P06129
PSURItpp	Pseudouridine transport via permease	Transport, Inner Membrane	1.0 psuri_p → 1.0 psuri_c	1.0 Pseudouridine → 1.0 Pseudouridine	psuT	P33024
FE3DCITR5	Ferric-dicitrate reductase via nadph	Inorganic Ion Transport and Metabolism	2.0 fe3dcit_c + 1.0 nadph_c → 4.0 cit_c + 2.0 fe2_c + 1.0 h_c + 1.0 nadp_c	2.0 Fe(III)dicitrate + 1.0 Nicotinamide adenine dinucleotide phosphate - reduced → 4.0 Citrate + 2.0 Fe2+ mitochondria + 1.0 H+ + 1.0 Nicotinamide adenine dinucleotide phosphate	yqjH	Q46871
CH4t2pp	Methane Transport(periplasm)	Transport, Inner Membrane	1.0 ch4_c → 1.0 ch4_p	1.0 Methane → 1.0 Methane	Unknown	Unknown
METGLCURt2pp	1-O-methyl-Beta-D-glucuronate transport via proton symport (periplasm)	Transport, Inner Membrane	1.0 h_p + 1.0 metglcur_p → 1.0 h_c + 1.0 metglcur_c	1.0 H+ + 1.0 1-O-methyl-Beta-D-glucuronate → 1.0 H+ + 1.0 1-O-methyl-Beta-D-glucuronate	uidB	P0CE44
METGLCURtex	1-O-methyl-Beta-D-glucuronate via diffusion (extracellular)	Transport, Outer Membrane	1.0 metglcur_e → 1.0 metglcur_p	1.0 1-O-methyl-Beta-D-glucuronate → 1.0 1-O-methyl-Beta-D-glucuronate	ompN, phoE, ompC, ompF	P77747, P02932, P06996, P02931
FMNt	FMN transporter, periplasm	Transport, Inner Membrane	1.0 fmn_c → 1.0 fmn_p	1.0 FMN C17H19N4O9P → 1.0 FMN C17H19N4O9P	yeeO	P76352
AI2tex	Ai2 transport, outer membrane	Transport, Outer Membrane	1.0 mththf_e → 1.0 mththf_p	1.0 (2R,4S)-2-methyl-2,3,3,4-tetrahydroxytetrahydrofuran → 1.0 (2R,4S)-2-methyl-2,3,3,4-tetrahydroxytetrahydrofuran	ompC, ompF, phoE, ompN	P06996, P02931, P02932, P77747
CUt2pp	Copper transport out via permease (no H+)	Transport, Inner Membrane	1.0 cu_c → 1.0 cu_p	1.0 Cu+ → 1.0 Cu+	mscL, mscK, ynaI, ybdG, mscM, mscS, ybiO	P0A742, P77338, P0AEB5, P0AAT4, P39285, P0C0S1, P75783
Ftex	Fluoride transport via diffusion	Transport, Outer Membrane Porin	1.0 f_p → 1.0 f_e	1.0 Fluoride → 1.0 Fluoride	phoE, ompF, ompC, ompN	P02932, P02931, P06996, P77747
CYSItex	L cystine transport via diffusion extracellular to periplasm 	Transport, Outer Membrane Porin	1.0 cysi__L_e → 1.0 cysi__L_p	1.0 L Cystine C6H12N2O4S2 → 1.0 L Cystine C6H12N2O4S2	ompF, phoE, ompN, ompC	P02931, P02932, P77747, P06996
SERtpp	L-serine export via facilitated transport	Transport, Inner Membrane	1.0 ser__L_c → 1.0 ser__L_p	1.0 L-Serine → 1.0 L-Serine	eamA	P31125
THRt2rpp	L-threonine reversible transport via proton symport (periplasm)	Transport, Inner Membrane	1.0 h_p + 1.0 thr__L_p → 1.0 h_c + 1.0 thr__L_c	1.0 H+ + 1.0 L-Threonine → 1.0 H+ + 1.0 L-Threonine	tdcC	P0AAD8
SERt2rpp	L-serine reversible transport via proton symport (periplasm)	Transport, Inner Membrane	1.0 h_p + 1.0 ser__L_p → 1.0 h_c + 1.0 ser__L_c	1.0 H+ + 1.0 L-Serine → 1.0 H+ + 1.0 L-Serine	sdaC, tdcC	P0AAD6, P0AAD8
AMPNTAT	Aminoalkylphosphonate N-acetyltransferase	Inorganic Ion Transport and Metabolism	1.0 accoa_c + 1.0 ampnt_c → 1.0 acampnt_c + 1.0 coa_c	1.0 Acetyl-CoA + 1.0 Aminomethylphosphonate → 1.0 2-N-acetamidomethylphosphonate + 1.0 Coenzyme A	phnO	P16691
URATEtpp	Uric acid transporter	Transport, Inner Membrane	1.0 h_p + 1.0 urate_p → 1.0 h_c + 1.0 urate_c	1.0 H+ + 1.0 Urate C5H4N4O3 → 1.0 H+ + 1.0 Urate C5H4N4O3	uacT	Q46821
CS1tex	Cesium transport via diffusion	Transport, Outer Membrane	1.0 cs1_e → 1.0 cs1_p	1.0 Cesium ion → 1.0 Cesium ion	ompF, ompC, phoE, ompN	P02931, P06996, P02932, P77747
ADOCBLtonex	Adenosylcobalimin transport via ton system (extermal)	Transport, Outer Membrane	1.0 adocbl_e + 1.0 h_p → 1.0 adocbl_p + 1.0 h_c	1.0 Adenosylcobalamin + 1.0 H+ → 1.0 Adenosylcobalamin + 1.0 H+	tonB, exbD, exbB, btuB	P02929, P0ABV2, P0ABU7, P06129
URAtpp	Uracil export via facillitated diffusion (periplasm)	Transport, Inner Membrane	1.0 ura_c → 1.0 ura_p	1.0 Uracil → 1.0 Uracil	Unknown	Unknown
ASPtpp	L-aspartate uptake via facillitated diffusion	Transport, Inner Membrane	1.0 asp__L_p → 1.0 asp__L_c	1.0 L-Aspartate → 1.0 L-Aspartate	dauA	P0AFR2
FUMt1pp	Fumarate transport via diffusion in (periplasm)	Transport, Inner Membrane	1.0 fum_p → 1.0 fum_c	1.0 Fumarate → 1.0 Fumarate	dauA	P0AFR2
SUCCt1pp	Succinate transport via diffusion in (periplasm)	Transport, Inner Membrane	1.0 succ_p → 1.0 succ_c	1.0 Succinate → 1.0 Succinate	dauA	P0AFR2
FUSAtex	Fusidic acid transport via diffusion (extracellular to periplasm)	Transport, Outer Membrane Porin	1.0 fusa_e → 1.0 fusa_p	1.0 Fusidic acid → 1.0 Fusidic acid	ompC, ompF, ompN, phoE	P06996, P02931, P77747, P02932
MEPNtex	Methylphosphonic acid transport via diffusion (extracellular to periplasm)	Transport, Outer Membrane	1.0 mepn_e → 1.0 mepn_p	1.0 Methylphosphonic acid → 1.0 Methylphosphonic acid	ompF, phoE, ompC, ompN	P02931, P02932, P06996, P77747
MEPNabcpp	Methylpshophonic acid abc transporter	Transport, Inner Membrane	1.0 atp_c + 1.0 h2o_c + 1.0 mepn_p → 1.0 adp_c + 1.0 h_c + 1.0 mepn_c + 1.0 pi_c	1.0 ATP C10H12N5O13P3 + 1.0 H2O H2O + 1.0 Methylphosphonic acid → 1.0 ADP C10H12N5O10P2 + 1.0 H+ + 1.0 Methylphosphonic acid + 1.0 Phosphate	phnE, phnD, phnC	P16683, P16682, P16677
NOVBCNtex	Novobiocin transport via diffusion (extracellular to periplasm)	Transport, Outer Membrane	1.0 novbcn_e → 1.0 novbcn_p	1.0 Novobiocin → 1.0 Novobiocin		Unknown
4ABZGLUtex	P-aminobenzoyl glutamate transport via diffusion (extracellular to periplasm)	Transport, Outer Membrane	1.0 4abzglu_e → 1.0 4abzglu_p	1.0 4-aminobenzoyl-glutamate → 1.0 4-aminobenzoyl-glutamate	phoE, ompN, ompC, ompF	P02932, P77747, P06996, P02931
QUIN2tex	Quinate transport via diffusion (extracellular to periplasm)	Transport, Outer Membrane Porin	1.0 quin_e → 1.0 quin_p	1.0 Quinate → 1.0 Quinate	ompC, ompN, phoE, ompF	P06996, P77747, P02932, P02931
SLNTabcpp	Selenite ABC transporter (periplasm)	Inorganic Ion Transport and Metabolism	1.0 atp_c + 1.0 h2o_c + 1.0 slnt_p → 1.0 adp_c + 1.0 h_c + 1.0 pi_c + 1.0 slnt_c	1.0 ATP C10H12N5O13P3 + 1.0 H2O H2O + 1.0 Selenite → 1.0 ADP C10H12N5O10P2 + 1.0 H+ + 1.0 Phosphate + 1.0 Selenite	cysW, cysA, cysP, cysU, cysW, cysA, sbp, cysU	P0AEB0, P16676, P16700, P16701, P0AG78
VALt2rpp	L-valine reversible transport via proton symport (periplasm)	Transport, Inner Membrane	1.0 h_p + 1.0 val__L_p → 1.0 h_c + 1.0 val__L_c	1.0 H+ + 1.0 L-Valine → 1.0 H+ + 1.0 L-Valine	brnQ	P0AD99
VALt3pp	L-valine transport out via proton antiport (periplasm)	Transport, Inner Membrane	1.0 h_p + 1.0 val__L_c → 1.0 h_c + 1.0 val__L_p	1.0 H+ + 1.0 L-Valine → 1.0 H+ + 1.0 L-Valine	ygaH, ygaZ, yjeH	P43667, P76630, P39277
MN2tipp	Manganese transport in via permease (no H+)	Transport, Inner Membrane	1.0 mn2_c → 1.0 mn2_p	1.0 Manganese → 1.0 Manganese	mntP	P76264
