UID	TCID	QUID	Reaction	Evalue	Identity
P31069	1.A.1.13.1	P31069	[('potassium(1+)  = potassium(1+)', 'CHEBI:29103 = CHEBI:29103')]	0.0	100.0
P76298	1.A.104.1.1	P76298	[('no_reaction_identified', 'no_reaction_identified')]	0.0	100.0
P69681	1.A.11.1.1	P69681	[('no_reaction_identified', 'no_reaction_identified')]	0.0	100.0
P0AE45	1.A.112.2.11	P0AE45	[('no_reaction_identified', 'no_reaction_identified')]	0.0	100.0
W9BK01	1.A.112.2.12	P0AE45	[('no_reaction_identified', 'no_reaction_identified')]	0.0	91.236
P37908	1.A.112.2.5	P37908	[('no_reaction_identified', 'no_reaction_identified')]	0.0	100.0
P0ACA3	1.A.12.3.1	P0ACA3	[('no_reaction_identified', 'no_reaction_identified')]	5.03e-159	100.0
B7LBF5	1.A.12.3.2	P77544	[('no_reaction_identified', 'no_reaction_identified')]	8.900000000000001e-160	100.0
P76481	1.A.13.2.3	P76481	[('no_reaction_identified', 'no_reaction_identified')]	0.0	100.0
P0AAC6	1.A.14.2.1	P0AAC6	[('no_reaction_identified', 'no_reaction_identified')]	1.19e-154	100.0
P0AAC4	1.A.14.2.2	P0AAC4	[('no_reaction_identified', 'no_reaction_identified')]	9.23e-168	100.0
B7LC70	1.A.14.2.4	P75769	[('no_reaction_identified', 'no_reaction_identified')]	4.19e-157	91.561
P0AC23	1.A.16.1.1	P0AC23	[('formate = formate', 'CHEBI:15740 = CHEBI:15740')]	0.0	100.0
P77733	1.A.16.1.2	P77733	[('formate = formate', 'CHEBI:15740 = CHEBI:15740')]	0.0	100.0
P0AC26	1.A.16.3.1	P0AC26	[('no_reaction_identified', 'no_reaction_identified')]	0.0	100.0
P37327	1.A.16.4.1	P37327	[('no_reaction_identified', 'no_reaction_identified')]	0.0	100.0
P0A742	1.A.22.1.1	P0A742	[('no_reaction_identified', 'no_reaction_identified')]	6.739999999999999e-95	100.0
P77338	1.A.23.1.1	P77338	[('no_reaction_identified', 'no_reaction_identified')]	0.0	100.0
P39285	1.A.23.1.3	P39285	[('no_reaction_identified', 'no_reaction_identified')]	0.0	100.0
P0C0S1	1.A.23.2.1	P0C0S1	[('no_reaction_identified', 'no_reaction_identified')]	0.0	100.0
P75783	1.A.23.3.2	P75783	[('no_reaction_identified', 'no_reaction_identified')]	0.0	100.0
P0AEB5	1.A.23.4.3	P0AEB5	[('no_reaction_identified', 'no_reaction_identified')]	0.0	100.0
P0AAT4	1.A.23.4.5	P0AAT4	[('no_reaction_identified', 'no_reaction_identified')]	0.0	100.0
P09348	1.A.30.1.1	P09348	[('no_reaction_identified', 'no_reaction_identified')]	0.0	100.0
P0AF06	1.A.30.1.1	P0AF06	[('no_reaction_identified', 'no_reaction_identified')]	0.0	100.0
P55891	1.A.30.1.7	P09348	[('no_reaction_identified', 'no_reaction_identified')]	0.0	93.559
P55892	1.A.30.1.7	P0AF06	[('no_reaction_identified', 'no_reaction_identified')]	0.0	90.615
P0ABU7	1.A.30.2.1	P0ABU7	[('no_reaction_identified', 'no_reaction_identified')]	6.8499999999999995e-180	100.0
P0ABV2	1.A.30.2.1	P0ABV2	[('no_reaction_identified', 'no_reaction_identified')]	2.13e-101	100.0
P0ABU9	1.A.30.2.2	P0ABU9	[('no_reaction_identified', 'no_reaction_identified')]	1.6399999999999998e-170	100.0
P0ABV8	1.A.30.2.2	P0ABV6	[('no_reaction_identified', 'no_reaction_identified')]	1e-99	100.0
P0A6Y8	1.A.33.1.2	P0A6Y8	[('no_reaction_identified', 'no_reaction_identified')]	0.0	100.0
B7LEG0	1.A.34.1.2	P0ADA3	[('no_reaction_identified', 'no_reaction_identified')]	0.0	99.736
P0ABI4	1.A.35.1.1	P0ABI4	[('Mn(2+) = Mn(2+)', 'CHEBI:29035 = CHEBI:29035'), ('Co(2+) = Co(2+)', 'CHEBI:48828 = CHEBI:48828'), ('Mg(2+) = Mg(2+)', 'CHEBI:18420 = CHEBI:18420')]	0.0	100.0
P0A2R8	1.A.35.1.2	P0ABI4	[('Ni(2+) = Ni(2+)', 'CHEBI:49786 = CHEBI:49786'), ('Co(2+) = Co(2+)', 'CHEBI:48828 = CHEBI:48828'), ('Mg(2+) = Mg(2+)', 'CHEBI:18420 = CHEBI:18420')]	0.0	97.468
Q9EYX5	1.A.35.4.1	P64423	[('Zn(2+) + H(+) = Zn(2+) + H(+)', 'CHEBI:29105 + CHEBI:15378 = CHEBI:29105 + CHEBI:15378')]	0.0	92.661
P37002	1.A.43.1.1	P37002	[('fluoride = fluoride', 'CHEBI:17051 = CHEBI:17051')]	1.31e-86	100.0
B2N0W4	1.A.46.2.6	P76146	[('no_reaction_identified', 'no_reaction_identified')]	0.0	100.0
Q46836	1.A.54.5.4	Q46836	[('no_reaction_identified', 'no_reaction_identified')]	0.0	100.0
P0AGM2	1.A.62.2.3	P0AGM2	[('no_reaction_identified', 'no_reaction_identified')]	5.04e-145	100.0
S0WRQ6	1.A.77.3.11	P0ABC0	[('cation  = cation', 'CHEBI:3473 = CHEBI:3473')]	2.77e-81	97.619
P0AER0	1.A.8.1.1	P0AER0	[('glycerol = glycerol', 'CHEBI:17754 = CHEBI:17754'), ('arsenite(3-)  = arsenite(3-)', 'CHEBI:29866 = CHEBI:29866'), ('polyol  = polyol', 'CHEBI:26191 = CHEBI:26191')]	0.0	100.0
P60844	1.A.8.3.1	P60844	[('H2O = H2O', 'CHEBI:15377 = CHEBI:15377')]	2.23e-162	100.0
P02931	1.B.1.1.1	P02931	[('ion  = ion', 'CHEBI:24870 = CHEBI:24870'), ('peptide  = peptide', 'CHEBI:16670 = CHEBI:16670'), ('ciprofloxacin  = ciprofloxacin', 'CHEBI:100241 = CHEBI:100241'), ('cefpirome  = cefpirome', 'CHEBI:3503 = CHEBI:3503'), ('ceftriaxone  = ceftriaxone', 'CHEBI:29007 = CHEBI:29007'), ('ceftazidime  = ceftazidime', 'CHEBI:3508 = CHEBI:3508')]	0.0	100.0
P02932	1.B.1.1.2	P02932	[('phosphate(3-)  = phosphate(3-)', 'CHEBI:18367 = CHEBI:18367')]	0.0	100.0
P77747	1.B.1.1.21	P77747	[('molecule  = molecule', 'CHEBI:25367 = CHEBI:25367')]	0.0	100.0
P06996	1.B.1.1.3	P06996	[('orobol  = orobol', 'CHEBI:69437 = CHEBI:69437'), ('antimicrobial agent  = antimicrobial agent', 'CHEBI:22582 = CHEBI:22582')]	0.0	100.0
P21420	1.B.1.1.4	P21420	[('anion  = anion', 'CHEBI:22563 = CHEBI:22563'), ('hydrogen peroxide  = hydrogen peroxide', 'CHEBI:16240 = CHEBI:16240'), ('ceftriaxone  = ceftriaxone', 'CHEBI:29007 = CHEBI:29007')]	0.0	100.0
P07238	1.B.1.1.5	P21420	[('molecule  = molecule', 'CHEBI:25367 = CHEBI:25367')]	0.0	98.904
P0A927	1.B.10.1.1	P0A927	[('no_reaction_identified', 'no_reaction_identified')]	0.0	100.0
P45564	1.B.10.3.1	P45564	[('no_reaction_identified', 'no_reaction_identified')]	0.0	100.0
P75750	1.B.11.2.2	P75750	[('no_reaction_identified', 'no_reaction_identified')]	0.0	100.0
P33341	1.B.11.3.11	P33341	[('no_reaction_identified', 'no_reaction_identified')]	0.0	100.0
P33129	1.B.11.3.3	P33129	[('no_reaction_identified', 'no_reaction_identified')]	0.0	100.0
P42915	1.B.11.3.6	P42915	[('no_reaction_identified', 'no_reaction_identified')]	0.0	100.0
P30130	1.B.11.3.9	P30130	[('no_reaction_identified', 'no_reaction_identified')]	0.0	100.0
P45420	1.B.11.5.1	P45420	[('no_reaction_identified', 'no_reaction_identified')]	0.0	100.0
P45508	1.B.12.1.5	P45508	[('Protein virulence factor (periplasm) = Protein virulence factor (external milieu)', 'Protein virulence factor (periplasm) = Protein virulence factor (external milieu)')]	0.0	100.0
P76017	1.B.12.2.6	P76017	[('Protein virulence factor (periplasm) = Protein virulence factor (external milieu)', 'Protein virulence factor (periplasm) = Protein virulence factor (external milieu)')]	0.0	100.0
P39180	1.B.12.8.2	P39180	[('Protein virulence factor (periplasm) = Protein virulence factor (external milieu)', 'Protein virulence factor (periplasm) = Protein virulence factor (external milieu)')]	0.0	100.0
P33924	1.B.12.8.4	P33924	[('protein polypeptide chain (periplasm) = protein polypeptide chain (external milieu)', 'CHEBI:8526 (periplasm) = CHEBI:8526 (external milieu)')]	0.0	100.0
P16869	1.B.14.1.1	P16869	[('substrate  =(pmf) substrate (periplasm)', 'substrate =(pmf) substrate (periplasm)')]	0.0	100.0
P06971	1.B.14.1.2	P06971	[('ferrichrome  =(pmf) ferrichrome (periplasm)', 'CHEBI:5019 =(pmf) CHEBI:5019 (periplasm)'), ('rifamycin SV  =(pmf) rifamycin SV (periplasm)', 'CHEBI:29673 =(pmf) CHEBI:29673 (periplasm)'), ('elaiophylin  =(pmf) elaiophylin (periplasm)', 'CHEBI:77879 =(pmf) CHEBI:77879 (periplasm)')]	0.0	100.0
P13036	1.B.14.1.20	P13036	[('Fe(III)-complexed siderophore  =(pmf) Fe(III)-complexed siderophore (periplasm)', 'CHEBI:84734 =(pmf) CHEBI:84734 (periplasm)')]	0.0	100.0
P05825	1.B.14.1.22	P05825	[('potassium(1+)  =(pmf) potassium(1+) (periplasm)', 'CHEBI:29103 =(pmf) CHEBI:29103 (periplasm)'), ('ferrienterobactin(3-)  =(pmf) ferrienterobactin(3-) (periplasm)', 'CHEBI:28199 =(pmf) CHEBI:28199 (periplasm)')]	0.0	100.0
P17315	1.B.14.1.4	P17315	[('substrate  =(pmf) substrate (periplasm)', 'substrate =(pmf) substrate (periplasm)')]	0.0	100.0
P75780	1.B.14.1.9	P75780	[('dihydroxybenzoate  =(pmf) dihydroxybenzoate (periplasm)', 'CHEBI:36084 =(pmf) CHEBI:36084 (periplasm)')]	0.0	100.0
P75882	1.B.14.16.11	P75882	[('substrate  =(pmf) substrate (periplasm)', 'substrate =(pmf) substrate (periplasm)')]	0.0	100.0
D8EPC3	1.B.14.16.4	P32689	[('substrate  =(pmf) substrate (periplasm)', 'substrate =(pmf) substrate (periplasm)')]	0.0	99.857
P31827	1.B.14.19.1	P31827	[('substrate  =(pmf) substrate (periplasm)', 'substrate =(pmf) substrate (periplasm)')]	0.0	100.0
P06129	1.B.14.3.1	P06129	[('cyanocob(III)alamin  =(pmf) cyanocob(III)alamin (periplasm)', 'CHEBI:17439 =(pmf) CHEBI:17439 (periplasm)')]	0.0	100.0
P76115	1.B.14.9.5	P76115	[('iron(3+)  =(pmf) iron(3+) (periplasm)', 'CHEBI:29034 =(pmf) CHEBI:29034 (periplasm)')]	0.0	100.0
P02930	1.B.17.1.1	P02930	[('no_reaction_identified', 'no_reaction_identified')]	0.0	100.0
P33369	1.B.17.3.10	P33369	[('no_reaction_identified', 'no_reaction_identified')]	0.0	100.0
P77211	1.B.17.3.5	P77211	[('no_reaction_identified', 'no_reaction_identified')]	0.0	100.0
P32714	1.B.17.3.9	P32714	[('no_reaction_identified', 'no_reaction_identified')]	0.0	100.0
P0A930	1.B.18.3.1	P0A930	[('no_reaction_identified', 'no_reaction_identified')]	0.0	100.0
P0A932	1.B.18.3.8	P0A932	[('no_reaction_identified', 'no_reaction_identified')]	0.0	100.0
P76045	1.B.21.1.1	P76045	[('no_reaction_identified', 'no_reaction_identified')]	0.0	100.0
P45758	1.B.22.1.3	P45758	[('no_reaction_identified', 'no_reaction_identified')]	0.0	100.0
Q1R5P6	1.B.22.4.2	P34749	[('no_reaction_identified', 'no_reaction_identified')]	0.0	97.816
P75733	1.B.25.1.13	P75733	[('2-(Biaryl)carbapenems  = 2-(Biaryl)carbapenems (periplasm)', 'CHEBI:29470 = CHEBI:29470 (periplasm)')]	0.0	100.0
Q47706	1.B.25.1.5	Q47706	[('beta-D-glucosiduronic acid  = beta-D-glucosiduronic acid (periplasm)', 'CHEBI:10404 = CHEBI:10404 (periplasm)')]	0.0	100.0
P02943	1.B.3.1.1	P02943	[('beta-maltose = beta-maltose', 'CHEBI:18147 = CHEBI:18147')]	0.0	100.0
P26218	1.B.3.1.3	P26218	[('no_reaction_identified', 'no_reaction_identified')]	0.0	100.0
P0A903	1.B.33.1.3	P0A903	[('protein polypeptide chain (periplasm) = protein polypeptide chain (outer membrane)', 'CHEBI:8526 (periplasm) = CHEBI:8526 (outer membrane)')]	0.0	100.0
P0A937	1.B.33.1.3	P0A937	[('protein polypeptide chain (periplasm) = protein polypeptide chain (outer membrane)', 'CHEBI:8526 (periplasm) = CHEBI:8526 (outer membrane)')]	2.74e-82	100.0
P0A943	1.B.33.1.3	P0A940	[('protein polypeptide chain (periplasm) = protein polypeptide chain (outer membrane)', 'CHEBI:8526 (periplasm) = CHEBI:8526 (outer membrane)')]	0.0	100.0
P0AC02	1.B.33.1.3	P0AC02	[('protein polypeptide chain (periplasm) = protein polypeptide chain (outer membrane)', 'CHEBI:8526 (periplasm) = CHEBI:8526 (outer membrane)')]	0.0	100.0
P77774	1.B.33.1.3	P77774	[('protein polypeptide chain (periplasm) = protein polypeptide chain (outer membrane)', 'CHEBI:8526 (periplasm) = CHEBI:8526 (outer membrane)')]	0.0	100.0
P0ADE4	1.B.33.2.4	P0ADE4	[('protein polypeptide chain (periplasm) = protein polypeptide chain (outer membrane)', 'CHEBI:8526 (periplasm) = CHEBI:8526 (outer membrane)')]	0.0	100.0
P69856	1.B.35.2.1	P69856	[('N-acetylneuraminate = N-acetylneuraminate', 'CHEBI:35418 = CHEBI:35418')]	0.0	100.0
P76773	1.B.35.2.2	P76773	[('no_reaction_identified', 'no_reaction_identified')]	5.82e-174	100.0
P0A915	1.B.39.1.6	P0A915	[('no_reaction_identified', 'no_reaction_identified')]	7.82e-158	100.0
P0ADV1	1.B.42.1.2	P0ADV1	[('no_reaction_identified', 'no_reaction_identified')]	1.7e-135	100.0
P0A9V1	1.B.42.1.2	P0A9V1	[('no_reaction_identified', 'no_reaction_identified')]	6.43e-177	100.0
P0ADW0	1.B.42.1.2	P0ADV9	[('no_reaction_identified', 'no_reaction_identified')]	2.07e-142	100.0
P31554	1.B.42.1.2	P31554	[('no_reaction_identified', 'no_reaction_identified')]	0.0	100.0
P0ADC1	1.B.42.1.2	P0ADC1	[('no_reaction_identified', 'no_reaction_identified')]	3.09e-143	100.0
P0AF98	1.B.42.1.2	P0AF98	[('no_reaction_identified', 'no_reaction_identified')]	0.0	100.0
P0ADC6	1.B.42.1.2	P0ADC6	[('no_reaction_identified', 'no_reaction_identified')]	0.0	100.0
P61316	1.B.46.1.1	P61316	[('no_reaction_identified', 'no_reaction_identified')]	1.17e-151	100.0
P61320	1.B.46.1.1	P61320	[('no_reaction_identified', 'no_reaction_identified')]	8.49e-155	100.0
P0AE95	1.B.48.1.1	P0AE95	[('no_reaction_identified', 'no_reaction_identified')]	2.9399999999999996e-94	100.0
P0AE98	1.B.48.1.1	P0AE98	[('no_reaction_identified', 'no_reaction_identified')]	2.89e-99	100.0
P0AEA2	1.B.48.1.1	P0AEA2	[('no_reaction_identified', 'no_reaction_identified')]	0.0	100.0
P76347	1.B.54.1.10	P76347	[('no_reaction_identified', 'no_reaction_identified')]	0.0	100.0
P39165	1.B.54.1.9	P39165	[('no_reaction_identified', 'no_reaction_identified')]	0.0	100.0
P69434	1.B.55.1.1	P69434	[('no_reaction_identified', 'no_reaction_identified')]	0.0	100.0
P37650	1.B.55.3.1	P37650	[('no_reaction_identified', 'no_reaction_identified')]	0.0	100.0
P0A910	1.B.6.1.1	P0A910	[('no_reaction_identified', 'no_reaction_identified')]	0.0	100.0
P07021	1.B.6.1.21	P07021	[('no_reaction_identified', 'no_reaction_identified')]	8.1e-120	100.0
P37665	1.B.6.13.1	P37665	[('no_reaction_identified', 'no_reaction_identified')]	2.8900000000000002e-157	100.0
P0A917	1.B.6.2.1	P0A917	[('no_reaction_identified', 'no_reaction_identified')]	7.51e-126	100.0
Q8XE01	1.B.68.1.1	P76471	[('no_reaction_identified', 'no_reaction_identified')]	3.05e-127	98.889
P76206	1.B.75.1.3	P76206	[('no_reaction_identified', 'no_reaction_identified')]	0.0	100.0
P36649	1.B.76.1.8	P36649	[('4 Cu(+) + O2 + 4 H(+) = 4 Cu(2+) + 2 H2O', '4 CHEBI:49552 + CHEBI:15379 + 4 CHEBI:15378 = 4 CHEBI:29036 + 2 CHEBI:15377')]	0.0	100.0
P10384	1.B.9.1.1	P10384	[('no_reaction_identified', 'no_reaction_identified')]	0.0	100.0
P37681	1.B.93.1.1	P37681	[('no_reaction_identified', 'no_reaction_identified')]	0.0	100.0
P0A908	1.B.93.1.2	P0A908	[('no_reaction_identified', 'no_reaction_identified')]	0.0	100.0
Q47534	1.B.95.1.1	Q47534	[('no_reaction_identified', 'no_reaction_identified')]	0.0	100.0
P77335	1.C.10.1.1	P77335	[('no_reaction_identified', 'no_reaction_identified')]	0.0	100.0
A5A627	1.C.103.1.1	A5A627	[('no_reaction_identified', 'no_reaction_identified')]	1.44e-11	100.0
P67153	1.C.113.1.10	P67153	[('no_reaction_identified', 'no_reaction_identified')]	4.900000000000001e-156	100.0
Q1R5B5	1.C.120.1.1	A5A624	[('no_reaction_identified', 'no_reaction_identified')]	2.22e-10	96.296
H3RM55	1.C.120.1.2	A5A624	[('no_reaction_identified', 'no_reaction_identified')]	8.52e-10	92.593
P0A2L3	1.C.126.1.2	P0AE78	[('no_reaction_identified', 'no_reaction_identified')]	0.0	97.26
P64453	1.C.130.1.1	P64453	[('no_reaction_identified', 'no_reaction_identified')]	1.3e-35	100.0
P64646	1.C.130.1.2	P64646	[('no_reaction_identified', 'no_reaction_identified')]	2.87e-34	100.0
C1P611	1.C.135.1.1	C1P611	[('no_reaction_identified', 'no_reaction_identified')]	5.85e-11	100.0
Q6BF25	1.C.64.1.13	Q6BF25	[('no_reaction_identified', 'no_reaction_identified')]	2.7e-20	100.0
B7LBJ3	1.C.80.1.3	P77288	[('no_reaction_identified', 'no_reaction_identified')]	5.5e-135	98.396
P77237	1.E.1.1.2	P77237	[('no_reaction_identified', 'no_reaction_identified')]	1.4700000000000002e-47	100.0
P77237	1.E.1.1.2	P0A9R2	[('no_reaction_identified', 'no_reaction_identified')]	1.01e-44	94.366
M8KG08	1.E.1.1.7	P0A9R2	[('no_reaction_identified', 'no_reaction_identified')]	1.08e-22	93.023
F4V3T5	1.E.14.1.4	P60632	[('no_reaction_identified', 'no_reaction_identified')]	6.35e-92	100.0
P64585	1.E.34.2.1	P64585	[('no_reaction_identified', 'no_reaction_identified')]	1.78e-93	100.0
A6TAG3	1.E.43.1.1	P64485	[('no_reaction_identified', 'no_reaction_identified')]	8.17e-46	90.244
P0ACG4	1.E.53.1.1	P33236	[('no_reaction_identified', 'no_reaction_identified')]	3.58e-30	100.0
P0ACG4	1.E.53.1.1	P0ACG4	[('no_reaction_identified', 'no_reaction_identified')]	2.1599999999999998e-30	100.0
P37305	1.E.53.1.2	P37305	[('no_reaction_identified', 'no_reaction_identified')]	1.67e-31	100.0
P77494	1.E.53.1.3	P77494	[('no_reaction_identified', 'no_reaction_identified')]	9.880000000000001e-31	100.0
L4XY02	1.E.53.1.4	P0ACG6	[('no_reaction_identified', 'no_reaction_identified')]	1.09e-25	90.196
K4WL31	1.E.53.1.9	P77091	[('no_reaction_identified', 'no_reaction_identified')]	7.899999999999999e-30	98.0
E9U5S4	1.E.53.2.1	P77494	[('no_reaction_identified', 'no_reaction_identified')]	2.08e-15	94.118
S1GB50	1.E.55.2.4	P27842	[('no_reaction_identified', 'no_reaction_identified')]	1.25e-82	91.27
Q37935	1.M.1.1.1	P58042	[('no_reaction_identified', 'no_reaction_identified')]	1.83e-33	98.246
Q37935	1.M.1.1.1	P58041	[('no_reaction_identified', 'no_reaction_identified')]	1.33e-35	96.667
P00726	1.M.1.1.1	P75719	[('no_reaction_identified', 'no_reaction_identified')]	1.81e-107	97.386
P00726	1.M.1.1.1	P77551	[('no_reaction_identified', 'no_reaction_identified')]	1.5e-62	93.814
P0ABF4	1.S.1.1.2	P0ABF4	[('no_reaction_identified', 'no_reaction_identified')]	4.04e-65	100.0
P76541	1.S.2.1.1	P76541	[('no_reaction_identified', 'no_reaction_identified')]	1.1100000000000001e-160	100.0
P41792	1.S.5.1.2	P0AEJ8	[('no_reaction_identified', 'no_reaction_identified')]	1.88e-60	91.579
P0AEP1	2.A.1.1.1	P0AEP1	[('D-fucopyranose  = D-fucopyranose', 'CHEBI:2179 = CHEBI:2179'), ('D-fucopyranose  + H+  = D-fucopyranose  + H+', 'CHEBI:2179 + CHEBI:15378 = CHEBI:2179 + CHEBI:15378'), ('2-deoxy-D-galactopyranose  = 2-deoxy-D-galactopyranose', 'CHEBI:90759 = CHEBI:90759'), ('2-deoxy-D-galactopyranose  + H+  = 2-deoxy-D-galactopyranose  + H+', 'CHEBI:90759 + CHEBI:15378 = CHEBI:90759 + CHEBI:15378'), ('2-deoxy-D-glucopyranose  = 2-deoxy-D-glucopyranose', 'CHEBI:84755 = CHEBI:84755'), ('2-deoxy-D-glucopyranose  + H+  = 2-deoxy-D-glucopyranose  + H+', 'CHEBI:84755 + CHEBI:15378 = CHEBI:84755 + CHEBI:15378'), ('aldehydo-D-xylose  = aldehydo-D-xylose', 'CHEBI:15936 = CHEBI:15936'), ('aldehydo-D-xylose  + H+  = aldehydo-D-xylose  + H+', 'CHEBI:15936 + CHEBI:15378 = CHEBI:15936 + CHEBI:15378'), ('galactose  = galactose', 'CHEBI:5256 = CHEBI:5256'), ('galactose  + H+  = galactose  + H+', 'CHEBI:5256 + CHEBI:15378 = CHEBI:5256 + CHEBI:15378'), ('D-galactopyranose  = D-galactopyranose', 'CHEBI:4139 = CHEBI:4139'), ('D-galactopyranose  + H+  = D-galactopyranose  + H+', 'CHEBI:4139 + CHEBI:15378 = CHEBI:4139 + CHEBI:15378')]	0.0	100.0
P31679	2.A.1.1.114	P31679	[('metabolite  = metabolite', 'CHEBI:25212 = CHEBI:25212'), ('metabolite  + H+  = metabolite  + H+', 'CHEBI:25212 + CHEBI:15378 = CHEBI:25212 + CHEBI:15378')]	0.0	100.0
P76230	2.A.1.1.115	P76230	[('metabolite  = metabolite', 'CHEBI:25212 = CHEBI:25212'), ('metabolite  + H+  = metabolite  + H+', 'CHEBI:25212 + CHEBI:15378 = CHEBI:25212 + CHEBI:15378')]	0.0	100.0
P0AE24	2.A.1.1.2	P0AE24	[('L-arabinose + H(+) = L-arabinose + H(+)', 'CHEBI:17535 + CHEBI:15378 = CHEBI:17535 + CHEBI:15378'), ('D-fucose + H(+) = D-fucose + H(+)', 'CHEBI:2179 + CHEBI:15378 = CHEBI:2179 + CHEBI:15378'), ('aldehydo-D-xylose  = aldehydo-D-xylose', 'CHEBI:15936 = CHEBI:15936'), ('aldehydo-D-xylose  + H+  = aldehydo-D-xylose  + H+', 'CHEBI:15936 + CHEBI:15378 = CHEBI:15936 + CHEBI:15378'), ('arabinose  = arabinose', 'CHEBI:22599 = CHEBI:22599'), ('arabinose  + H+  = arabinose  + H+', 'CHEBI:22599 + CHEBI:15378 = CHEBI:22599 + CHEBI:15378'), ('L-arabinopyranose  = L-arabinopyranose', 'CHEBI:17535 = CHEBI:17535'), ('D-galactopyranose  = D-galactopyranose', 'CHEBI:4139 = CHEBI:4139'), ('D-galactopyranose  + H+  = D-galactopyranose  + H+', 'CHEBI:4139 + CHEBI:15378 = CHEBI:4139 + CHEBI:15378')]	0.0	100.0
P0AGF4	2.A.1.1.3	P0AGF4	[('D-xylose + H(+) = D-xylose + H(+)', 'CHEBI:53455 + CHEBI:15378 = CHEBI:53455 + CHEBI:15378'), ('hydron  = hydron', 'CHEBI:15378 = CHEBI:15378'), ('hydron  + H+  = hydron  + H+', 'CHEBI:15378 + CHEBI:15378 = CHEBI:15378 + CHEBI:15378'), ('xylose  = xylose', 'CHEBI:10085 = CHEBI:10085'), ('xylose  + H+  = xylose  + H+', 'CHEBI:10085 + CHEBI:15378 = CHEBI:10085 + CHEBI:15378')]	0.0	100.0
P38055	2.A.1.1.92	P38055	[('metabolite  = metabolite', 'CHEBI:25212 = CHEBI:25212'), ('metabolite  + H+  = metabolite  + H+', 'CHEBI:25212 + CHEBI:15378 = CHEBI:25212 + CHEBI:15378')]	0.0	100.0
Q46909	2.A.1.1.95	Q46909	[('metabolite  = metabolite', 'CHEBI:25212 = CHEBI:25212'), ('metabolite  + H+  = metabolite  + H+', 'CHEBI:25212 + CHEBI:15378 = CHEBI:25212 + CHEBI:15378')]	0.0	100.0
P0AFF4	2.A.1.10.1	P0AFF4	"[('thymidine + H(+) = thymidine + H(+)', 'CHEBI:17748 + CHEBI:15378 = CHEBI:17748 + CHEBI:15378'), (""2'-deoxycytidine + H(+) = 2'-deoxycytidine + H(+)"", 'CHEBI:15698 + CHEBI:15378 = CHEBI:15698 + CHEBI:15378'), ('adenosine + H(+) = adenosine + H(+)', 'CHEBI:16335 + CHEBI:15378 = CHEBI:16335 + CHEBI:15378'), ('guanosine + H(+) = guanosine + H(+)', 'CHEBI:16750 + CHEBI:15378 = CHEBI:16750 + CHEBI:15378'), ('cytidine + H(+) = cytidine + H(+)', 'CHEBI:17562 + CHEBI:15378 = CHEBI:17562 + CHEBI:15378'), ('inosine + H(+) = inosine + H(+)', 'CHEBI:17596 + CHEBI:15378 = CHEBI:17596 + CHEBI:15378'), ('uridine + H(+) = uridine + H(+)', 'CHEBI:16704 + CHEBI:15378 = CHEBI:16704 + CHEBI:15378'), ('cytidine  = cytidine', 'CHEBI:17562 = CHEBI:17562'), ('adenosine  = adenosine', 'CHEBI:16335 = CHEBI:16335'), ('guanosine  = guanosine', 'CHEBI:16750 = CHEBI:16750'), ('thymidine  = thymidine', 'CHEBI:17748 = CHEBI:17748'), ('inosine  = inosine', 'CHEBI:17596 = CHEBI:17596')]"	0.0	100.0
P45562	2.A.1.10.2	P45562	[('xanthosine + H(+) = xanthosine + H(+)', 'CHEBI:18107 + CHEBI:15378 = CHEBI:18107 + CHEBI:15378'), ('cytidine  = cytidine', 'CHEBI:17562 = CHEBI:17562'), ('cytidine  + H+  = cytidine  + H+', 'CHEBI:17562 + CHEBI:15378 = CHEBI:17562 + CHEBI:15378'), ('adenosine  = adenosine', 'CHEBI:16335 = CHEBI:16335'), ('adenosine  + H+  = adenosine  + H+', 'CHEBI:16335 + CHEBI:15378 = CHEBI:16335 + CHEBI:15378'), ('thymidine  = thymidine', 'CHEBI:17748 = CHEBI:17748'), ('thymidine  + H+  = thymidine  + H+', 'CHEBI:17748 + CHEBI:15378 = CHEBI:17748 + CHEBI:15378'), ('inosine  = inosine', 'CHEBI:17596 = CHEBI:17596'), ('inosine  + H+  = inosine  + H+', 'CHEBI:17596 + CHEBI:15378 = CHEBI:17596 + CHEBI:15378'), ('xanthosine  = xanthosine', 'CHEBI:18107 = CHEBI:18107')]	0.0	100.0
P76417	2.A.1.10.3	P76417	[('D-glucosyl group  = D-glucosyl group', 'CHEBI:24280 = CHEBI:24280'), ('D-glucosyl group  + H+  = D-glucosyl group  + H+', 'CHEBI:24280 + CHEBI:15378 = CHEBI:24280 + CHEBI:15378')]	0.0	100.0
P37662	2.A.1.11.3	P37662	[('pyruvate  = pyruvate', 'CHEBI:15361 = CHEBI:15361'), ('pyruvate  + H+  = pyruvate  + H+', 'CHEBI:15361 + CHEBI:15378 = CHEBI:15361 + CHEBI:15378')]	0.0	100.0
P41036	2.A.1.12.1	P41036	[('N-acetylneuraminate + H(+) = N-acetylneuraminate + H(+)', 'CHEBI:35418 + CHEBI:15378 = CHEBI:35418 + CHEBI:15378'), ('N-glycoloyl-beta-neuraminic acid  = N-glycoloyl-beta-neuraminic acid', 'CHEBI:62084 = CHEBI:62084'), ('N-glycoloyl-beta-neuraminic acid  + H+  = N-glycoloyl-beta-neuraminic acid  + H+', 'CHEBI:62084 + CHEBI:15378 = CHEBI:62084 + CHEBI:15378'), ('N-acetyl-beta-neuraminic acid  = N-acetyl-beta-neuraminic acid', 'CHEBI:45744 = CHEBI:45744'), ('N-acetyl-beta-neuraminic acid  + H+  = N-acetyl-beta-neuraminic acid  + H+', 'CHEBI:45744 + CHEBI:15378 = CHEBI:45744 + CHEBI:15378')]	0.0	100.0
Q8FDB7	2.A.1.14.14	P0AA80	[('hydron  = hydron', 'CHEBI:15378 = CHEBI:15378'), ('hydron  + H+  = hydron  + H+', 'CHEBI:15378 + CHEBI:15378 = CHEBI:15378 + CHEBI:15378'), ('galactarate(2-)  = galactarate(2-)', 'CHEBI:16537 = CHEBI:16537'), ('galactarate(2-)  + H+  = galactarate(2-)  + H+', 'CHEBI:16537 + CHEBI:15378 = CHEBI:16537 + CHEBI:15378'), ('glycerates  = glycerates', 'CHEBI:24347 = CHEBI:24347'), ('glycerates  + H+  = glycerates  + H+', 'CHEBI:24347 + CHEBI:15378 = CHEBI:24347 + CHEBI:15378'), ('2-(E)-O-feruloyl-D-galactarate(2-)  = 2-(E)-O-feruloyl-D-galactarate(2-)', 'CHEBI:58901 = CHEBI:58901'), ('2-(E)-O-feruloyl-D-galactarate(2-)  + H+  = 2-(E)-O-feruloyl-D-galactarate(2-)  + H+', 'CHEBI:58901 + CHEBI:15378 = CHEBI:58901 + CHEBI:15378')]	0.0	99.775
P0AA78	2.A.1.14.2	P0AA78	[('aldehydo-D-galacturonate + H(+) = aldehydo-D-galacturonate + H(+)', 'CHEBI:12952 + CHEBI:15378 = CHEBI:12952 + CHEBI:15378'), ('D-glucose + H(+) = D-glucose + H(+)', 'CHEBI:4167 + CHEBI:15378 = CHEBI:4167 + CHEBI:15378'), ('aldehydo-D-glucuronate + H(+) = aldehydo-D-glucuronate + H(+)', 'CHEBI:142686 + CHEBI:15378 = CHEBI:142686 + CHEBI:15378'), ('galacturonate  = galacturonate', 'CHEBI:24175 = CHEBI:24175'), ('galacturonate  + H+  = galacturonate  + H+', 'CHEBI:24175 + CHEBI:15378 = CHEBI:24175 + CHEBI:15378'), ('D-glucuronate  = D-glucuronate', 'CHEBI:15748 = CHEBI:15748'), ('D-glucuronate  + H+  = D-glucuronate  + H+', 'CHEBI:15748 + CHEBI:15378 = CHEBI:15748 + CHEBI:15378'), ('D-glucopyranose  = D-glucopyranose', 'CHEBI:4167 = CHEBI:4167')]	0.0	100.0
P39398	2.A.1.14.33	P39398	[('L-galactonate + H(+) = L-galactonate + H(+)', 'CHEBI:53071 + CHEBI:15378 = CHEBI:53071 + CHEBI:15378'), ('D-galactonic acid  = D-galactonic acid', 'CHEBI:16534 = CHEBI:16534'), ('D-galactonic acid  + H+  = D-galactonic acid  + H+', 'CHEBI:16534 + CHEBI:15378 = CHEBI:16534 + CHEBI:15378')]	0.0	100.0
P76470	2.A.1.14.35	P76470	[('rhamnonate  = rhamnonate', 'CHEBI:26544 = CHEBI:26544'), ('rhamnonate  + H+  = rhamnonate  + H+', 'CHEBI:26544 + CHEBI:15378 = CHEBI:26544 + CHEBI:15378')]	0.0	100.0
C4ZZU4	2.A.1.14.40	Q46916	[('glucarate(2-)  = glucarate(2-)', 'CHEBI:14311 = CHEBI:14311'), ('glucarate(2-)  + H+  = glucarate(2-)  + H+', 'CHEBI:14311 + CHEBI:15378 = CHEBI:14311 + CHEBI:15378')]	0.0	100.0
P0AA76	2.A.1.14.7	P0AA76	[('D-galactonate + H(+) = D-galactonate + H(+)', 'CHEBI:12931 + CHEBI:15378 = CHEBI:12931 + CHEBI:15378'), ('D-galactonic acid  = D-galactonic acid', 'CHEBI:16534 = CHEBI:16534'), ('D-galactonic acid  + H+  = D-galactonic acid  + H+', 'CHEBI:16534 + CHEBI:15378 = CHEBI:16534 + CHEBI:15378')]	0.0	100.0
P76197	2.A.1.15.12	P76197	[('isopentenyl alcohol  = isopentenyl alcohol', 'CHEBI:62898 = CHEBI:62898'), ('isopentenyl alcohol  + H+  = isopentenyl alcohol  + H+', 'CHEBI:62898 + CHEBI:15378 = CHEBI:62898 + CHEBI:15378')]	0.0	100.0
P76198	2.A.1.15.13	P76198	[('S  = S', 'S = S'), ('S  + H+  = S  + H+', 'S + CHEBI:15378 = S + CHEBI:15378')]	0.0	100.0
P77589	2.A.1.15.2	P77589	[('3-(3-hydroxyphenyl)propanoate + H(+) = 3-(3-hydroxyphenyl)propanoate + H(+)', 'CHEBI:57277 + CHEBI:15378 = CHEBI:57277 + CHEBI:15378'), ('arabinose  = arabinose', 'CHEBI:22599 = CHEBI:22599'), ('arabinose  + H+  = arabinose  + H+', 'CHEBI:22599 + CHEBI:15378 = CHEBI:22599 + CHEBI:15378')]	0.0	100.0
P17583	2.A.1.17.1	P17583	[('cyanate  = cyanate', 'CHEBI:29195 = CHEBI:29195'), ('cyanate  + H+  = cyanate  + H+', 'CHEBI:29195 + CHEBI:15378 = CHEBI:29195 + CHEBI:15378')]	0.0	100.0
P76242	2.A.1.17.3	P76242	[('2-nitroimidazole  = 2-nitroimidazole', 'CHEBI:67135 = CHEBI:67135'), ('2-nitroimidazole  + H+  = 2-nitroimidazole  + H+', 'CHEBI:67135 + CHEBI:15378 = CHEBI:67135 + CHEBI:15378')]	0.0	100.0
P23910	2.A.1.2.14	P23910	[('arabinose  = arabinose', 'CHEBI:22599 = CHEBI:22599'), ('arabinose  + H+  = arabinose  + H+', 'CHEBI:22599 + CHEBI:15378 = CHEBI:22599 + CHEBI:15378'), ('L-arabinopyranose  = L-arabinopyranose', 'CHEBI:17535 = CHEBI:17535'), ('L-arabinopyranose  + H+  = L-arabinopyranose  + H+', 'CHEBI:17535 + CHEBI:15378 = CHEBI:17535 + CHEBI:15378')]	0.0	100.0
P31122	2.A.1.2.15	P31122	[('hydron  = hydron', 'CHEBI:15378 = CHEBI:15378'), ('hydron  + H+  = hydron  + H+', 'CHEBI:15378 + CHEBI:15378 = CHEBI:15378 + CHEBI:15378'), ('oligosaccharide  = oligosaccharide', 'CHEBI:25679 = CHEBI:25679'), ('oligosaccharide  + H+  = oligosaccharide  + H+', 'CHEBI:25679 + CHEBI:15378 = CHEBI:25679 + CHEBI:15378'), ('beta-D-Gal-(1->3)-beta-D-GlcNAc-(1->3)-beta-D-Gal-(1->4)-D-Glc  = beta-D-Gal-(1->3)-beta-D-GlcNAc-(1->3)-beta-D-Gal-(1->4)-D-Glc', 'CHEBI:30248 = CHEBI:30248'), ('beta-D-Gal-(1->3)-beta-D-GlcNAc-(1->3)-beta-D-Gal-(1->4)-D-Glc  + H+  = beta-D-Gal-(1->3)-beta-D-GlcNAc-(1->3)-beta-D-Gal-(1->4)-D-Glc  + H+', 'CHEBI:30248 + CHEBI:15378 = CHEBI:30248 + CHEBI:15378'), ('arabinose  = arabinose', 'CHEBI:22599 = CHEBI:22599'), ('arabinose  + H+  = arabinose  + H+', 'CHEBI:22599 + CHEBI:15378 = CHEBI:22599 + CHEBI:15378')]	0.0	100.0
P0AEY8	2.A.1.2.19	P0AEY8	[('benzalkonium chloride  = benzalkonium chloride', 'CHEBI:3020 = CHEBI:3020'), ('benzalkonium chloride  + H+  = benzalkonium chloride  + H+', 'CHEBI:3020 + CHEBI:15378 = CHEBI:3020 + CHEBI:15378'), ('3,6-diamino-10-methylacridinium chloride  = 3,6-diamino-10-methylacridinium chloride', 'CHEBI:383703 = CHEBI:383703'), ('3,6-diamino-10-methylacridinium chloride  + H+  = 3,6-diamino-10-methylacridinium chloride  + H+', 'CHEBI:383703 + CHEBI:15378 = CHEBI:383703 + CHEBI:15378'), ('ethidium bromide  = ethidium bromide', 'CHEBI:4883 = CHEBI:4883'), ('ethidium bromide  + H+  = ethidium bromide  + H+', 'CHEBI:4883 + CHEBI:15378 = CHEBI:4883 + CHEBI:15378'), ('tetraphenylphosphonium  = tetraphenylphosphonium', 'CHEBI:44880 = CHEBI:44880'), ('tetraphenylphosphonium  + H+  = tetraphenylphosphonium  + H+', 'CHEBI:44880 + CHEBI:15378 = CHEBI:44880 + CHEBI:15378'), ('ciprofloxacin  = ciprofloxacin', 'CHEBI:100241 = CHEBI:100241'), ('ciprofloxacin  + H+  = ciprofloxacin  + H+', 'CHEBI:100241 + CHEBI:15378 = CHEBI:100241 + CHEBI:15378'), ('norfloxacin  = norfloxacin', 'CHEBI:100246 = CHEBI:100246'), ('norfloxacin  + H+  = norfloxacin  + H+', 'CHEBI:100246 + CHEBI:15378 = CHEBI:100246 + CHEBI:15378'), ('trimethoprim  = trimethoprim', 'CHEBI:45924 = CHEBI:45924'), ('trimethoprim  + H+  = trimethoprim  + H+', 'CHEBI:45924 + CHEBI:15378 = CHEBI:45924 + CHEBI:15378'), ('chloramphenicol  = chloramphenicol', 'CHEBI:17698 = CHEBI:17698'), ('chloramphenicol  + H+  = chloramphenicol  + H+', 'CHEBI:17698 + CHEBI:15378 = CHEBI:17698 + CHEBI:15378'), ('thiamphenicol  = thiamphenicol', 'CHEBI:32215 = CHEBI:32215'), ('thiamphenicol  + H+  = thiamphenicol  + H+', 'CHEBI:32215 + CHEBI:15378 = CHEBI:32215 + CHEBI:15378'), ('doxorubicin  = doxorubicin', 'CHEBI:28748 = CHEBI:28748'), ('doxorubicin  + H+  = doxorubicin  + H+', 'CHEBI:28748 + CHEBI:15378 = CHEBI:28748 + CHEBI:15378'), ('tetracycline  = tetracycline', 'CHEBI:27902 = CHEBI:27902'), ('tetracycline  + H+  = tetracycline  + H+', 'CHEBI:27902 + CHEBI:15378 = CHEBI:27902 + CHEBI:15378'), ('isopropyl beta-D-thiogalactopyranoside  = isopropyl beta-D-thiogalactopyranoside', 'CHEBI:61448 = CHEBI:61448'), ('isopropyl beta-D-thiogalactopyranoside  + H+  = isopropyl beta-D-thiogalactopyranoside  + H+', 'CHEBI:61448 + CHEBI:15378 = CHEBI:61448 + CHEBI:15378'), ('beta-D-Gal-(1->3)-beta-D-GlcNAc-(1->3)-beta-D-Gal-(1->4)-D-Glc  = beta-D-Gal-(1->3)-beta-D-GlcNAc-(1->3)-beta-D-Gal-(1->4)-D-Glc', 'CHEBI:30248 = CHEBI:30248'), ('beta-D-Gal-(1->3)-beta-D-GlcNAc-(1->3)-beta-D-Gal-(1->4)-D-Glc  + H+  = beta-D-Gal-(1->3)-beta-D-GlcNAc-(1->3)-beta-D-Gal-(1->4)-D-Glc  + H+', 'CHEBI:30248 + CHEBI:15378 = CHEBI:30248 + CHEBI:15378')]	0.0	100.0
P25744	2.A.1.2.20	P25744	[('fosfomycin  = fosfomycin', 'CHEBI:28915 = CHEBI:28915'), ('fosfomycin  + H+  = fosfomycin  + H+', 'CHEBI:28915 + CHEBI:15378 = CHEBI:28915 + CHEBI:15378'), ('fluoroquinolone antibiotic  = fluoroquinolone antibiotic', 'CHEBI:87211 = CHEBI:87211'), ('fluoroquinolone antibiotic  + H+  = fluoroquinolone antibiotic  + H+', 'CHEBI:87211 + CHEBI:15378 = CHEBI:87211 + CHEBI:15378')]	0.0	100.0
P69367	2.A.1.2.21	P69367	[('enoxacin  = enoxacin', 'CHEBI:157175 = CHEBI:157175'), ('enoxacin  + H+  = enoxacin  + H+', 'CHEBI:157175 + CHEBI:15378 = CHEBI:157175 + CHEBI:15378'), ('norfloxacin  = norfloxacin', 'CHEBI:100246 = CHEBI:100246'), ('norfloxacin  + H+  = norfloxacin  + H+', 'CHEBI:100246 + CHEBI:15378 = CHEBI:100246 + CHEBI:15378')]	0.0	100.0
P31462	2.A.1.2.22	P31462	[('chloramphenicol  = chloramphenicol', 'CHEBI:17698 = CHEBI:17698'), ('chloramphenicol  + H+  = chloramphenicol  + H+', 'CHEBI:17698 + CHEBI:15378 = CHEBI:17698 + CHEBI:15378'), ('drug  = drug', 'CHEBI:23888 = CHEBI:23888'), ('drug  + H+  = drug  + H+', 'CHEBI:23888 + CHEBI:15378 = CHEBI:23888 + CHEBI:15378')]	0.0	100.0
P0ADL1	2.A.1.2.26	P0ADL1	[('inosine + H(+) = inosine + H(+)', 'CHEBI:17596 + CHEBI:15378 = CHEBI:17596 + CHEBI:15378'), ('guanosine + H(+) = guanosine + H(+)', 'CHEBI:16750 + CHEBI:15378 = CHEBI:16750 + CHEBI:15378'), ('7H-purine  = 7H-purine', 'CHEBI:17258 = CHEBI:17258'), ('7H-purine  + H+  = 7H-purine  + H+', 'CHEBI:17258 + CHEBI:15378 = CHEBI:17258 + CHEBI:15378'), ('purine ribonucleoside  = purine ribonucleoside', 'CHEBI:26399 = CHEBI:26399'), ('purine ribonucleoside  + H+  = purine ribonucleoside  + H+', 'CHEBI:26399 + CHEBI:15378 = CHEBI:26399 + CHEBI:15378')]	0.0	100.0
P39386	2.A.1.2.52	P39386	[('Na(+) + 2 H(+) = Na(+) + 2 H(+)', 'CHEBI:29101 + 2 CHEBI:15378 = CHEBI:29101 + 2 CHEBI:15378'), ('K(+) + H(+) = K(+) + H(+)', 'CHEBI:29103 + CHEBI:15378 = CHEBI:29103 + CHEBI:15378'), ('bile acid  = bile acid', 'CHEBI:3098 = CHEBI:3098'), ('bile acid  + H+  = bile acid  + H+', 'CHEBI:3098 + CHEBI:15378 = CHEBI:3098 + CHEBI:15378'), ('puromycin  = puromycin', 'CHEBI:17939 = CHEBI:17939'), ('puromycin  + H+  = puromycin  + H+', 'CHEBI:17939 + CHEBI:15378 = CHEBI:17939 + CHEBI:15378')]	0.0	100.0
P31126	2.A.1.2.55	P31126	[('peptide  = peptide', 'CHEBI:16670 = CHEBI:16670'), ('peptide  + H+  = peptide  + H+', 'CHEBI:16670 + CHEBI:15378 = CHEBI:16670 + CHEBI:15378'), ('dipeptide  = dipeptide', 'CHEBI:4634 = CHEBI:4634'), ('dipeptide  + H+  = dipeptide  + H+', 'CHEBI:4634 + CHEBI:15378 = CHEBI:4634 + CHEBI:15378'), ('arabinose  = arabinose', 'CHEBI:22599 = CHEBI:22599'), ('arabinose  + H+  = arabinose  + H+', 'CHEBI:22599 + CHEBI:15378 = CHEBI:22599 + CHEBI:15378'), ('drug  = drug', 'CHEBI:23888 = CHEBI:23888'), ('drug  + H+  = drug  + H+', 'CHEBI:23888 + CHEBI:15378 = CHEBI:23888 + CHEBI:15378')]	0.0	100.0
P77726	2.A.1.2.60	P77726	[('S  = S', 'S = S'), ('S  + H+  = S  + H+', 'S + CHEBI:15378 = S + CHEBI:15378')]	0.0	100.0
P37597	2.A.1.2.62	P37597	[('sulfathiazole  = sulfathiazole', 'CHEBI:9337 = CHEBI:9337'), ('sulfathiazole  + H+  = sulfathiazole  + H+', 'CHEBI:9337 + CHEBI:15378 = CHEBI:9337 + CHEBI:15378'), ('sulfamethoxazole  = sulfamethoxazole', 'CHEBI:9332 = CHEBI:9332'), ('sulfamethoxazole  + H+  = sulfamethoxazole  + H+', 'CHEBI:9332 + CHEBI:15378 = CHEBI:9332 + CHEBI:15378'), ('sulfadiazine  = sulfadiazine', 'CHEBI:9328 = CHEBI:9328'), ('sulfadiazine  + H+  = sulfadiazine  + H+', 'CHEBI:9328 + CHEBI:15378 = CHEBI:9328 + CHEBI:15378'), ('sulfonamide  = sulfonamide', 'CHEBI:35358 = CHEBI:35358'), ('sulfonamide  + H+  = sulfonamide  + H+', 'CHEBI:35358 + CHEBI:15378 = CHEBI:35358 + CHEBI:15378'), ('7H-purine  = 7H-purine', 'CHEBI:17258 = CHEBI:17258'), ('7H-purine  + H+  = 7H-purine  + H+', 'CHEBI:17258 + CHEBI:15378 = CHEBI:17258 + CHEBI:15378'), ('adenine  = adenine', 'CHEBI:16708 = CHEBI:16708'), ('adenine  + H+  = adenine  + H+', 'CHEBI:16708 + CHEBI:15378 = CHEBI:16708 + CHEBI:15378'), ('adenosine  = adenosine', 'CHEBI:16335 = CHEBI:16335'), ('adenosine  + H+  = adenosine  + H+', 'CHEBI:16335 + CHEBI:15378 = CHEBI:16335 + CHEBI:15378'), ('guanosine  = guanosine', 'CHEBI:16750 = CHEBI:16750'), ('guanosine  + H+  = guanosine  + H+', 'CHEBI:16750 + CHEBI:15378 = CHEBI:16750 + CHEBI:15378'), ('inosine  = inosine', 'CHEBI:17596 = CHEBI:17596'), ('inosine  + H+  = inosine  + H+', 'CHEBI:17596 + CHEBI:15378 = CHEBI:17596 + CHEBI:15378'), ('nebularine  = nebularine', 'CHEBI:18255 = CHEBI:18255'), ('nebularine  + H+  = nebularine  + H+', 'CHEBI:18255 + CHEBI:15378 = CHEBI:18255 + CHEBI:15378'), ('arabinose  = arabinose', 'CHEBI:22599 = CHEBI:22599'), ('arabinose  + H+  = arabinose  + H+', 'CHEBI:22599 + CHEBI:15378 = CHEBI:22599 + CHEBI:15378'), ('drug  = drug', 'CHEBI:23888 = CHEBI:23888'), ('drug  + H+  = drug  + H+', 'CHEBI:23888 + CHEBI:15378 = CHEBI:23888 + CHEBI:15378')]	0.0	100.0
P77389	2.A.1.2.65	P77389	[('S  = S', 'S = S'), ('S  + H+  = S  + H+', 'S + CHEBI:15378 = S + CHEBI:15378')]	0.0	100.0
P28246	2.A.1.2.7	P28246	[('3,6-diamino-10-methylacridinium chloride  = 3,6-diamino-10-methylacridinium chloride', 'CHEBI:383703 = CHEBI:383703'), ('3,6-diamino-10-methylacridinium chloride  + H+  = 3,6-diamino-10-methylacridinium chloride  + H+', 'CHEBI:383703 + CHEBI:15378 = CHEBI:383703 + CHEBI:15378'), ('L-cysteine  = L-cysteine', 'CHEBI:17561 = CHEBI:17561'), ('L-cysteine  + H+  = L-cysteine  + H+', 'CHEBI:17561 + CHEBI:15378 = CHEBI:17561 + CHEBI:15378'), ('sulfathiazole  = sulfathiazole', 'CHEBI:9337 = CHEBI:9337'), ('sulfathiazole  + H+  = sulfathiazole  + H+', 'CHEBI:9337 + CHEBI:15378 = CHEBI:9337 + CHEBI:15378'), ('fosfomycin  = fosfomycin', 'CHEBI:28915 = CHEBI:28915'), ('fosfomycin  + H+  = fosfomycin  + H+', 'CHEBI:28915 + CHEBI:15378 = CHEBI:28915 + CHEBI:15378'), ('tetracycline  = tetracycline', 'CHEBI:27902 = CHEBI:27902'), ('tetracycline  + H+  = tetracycline  + H+', 'CHEBI:27902 + CHEBI:15378 = CHEBI:27902 + CHEBI:15378'), ('bicozamycin  = bicozamycin', 'CHEBI:60584 = CHEBI:60584'), ('bicozamycin  + H+  = bicozamycin  + H+', 'CHEBI:60584 + CHEBI:15378 = CHEBI:60584 + CHEBI:15378')]	0.0	100.0
P31442	2.A.1.2.9	P31442	[('benzalkonium chloride  = benzalkonium chloride', 'CHEBI:3020 = CHEBI:3020'), ('benzalkonium chloride  + H+  = benzalkonium chloride  + H+', 'CHEBI:3020 + CHEBI:15378 = CHEBI:3020 + CHEBI:15378'), ('sodium dodecyl sulfate  = sodium dodecyl sulfate', 'CHEBI:8984 = CHEBI:8984'), ('sodium dodecyl sulfate  + H+  = sodium dodecyl sulfate  + H+', 'CHEBI:8984 + CHEBI:15378 = CHEBI:8984 + CHEBI:15378'), ('hydron  = hydron', 'CHEBI:15378 = CHEBI:15378'), ('hydron  + H+  = hydron  + H+', 'CHEBI:15378 + CHEBI:15378 = CHEBI:15378 + CHEBI:15378'), ('CCCP  = CCCP', 'CHEBI:3259 = CHEBI:3259'), ('CCCP  + H+  = CCCP  + H+', 'CHEBI:3259 + CHEBI:15378 = CHEBI:3259 + CHEBI:15378')]	0.0	100.0
P31675	2.A.1.20.1	P31675	[('streptomycin  = streptomycin', 'CHEBI:17076 = CHEBI:17076'), ('streptomycin  + H+  = streptomycin  + H+', 'CHEBI:17076 + CHEBI:15378 = CHEBI:17076 + CHEBI:15378'), ('kanamycin  = kanamycin', 'CHEBI:6104 = CHEBI:6104'), ('kanamycin  + H+  = kanamycin  + H+', 'CHEBI:6104 + CHEBI:15378 = CHEBI:6104 + CHEBI:15378'), ('isopropyl beta-D-thiogalactopyranoside  = isopropyl beta-D-thiogalactopyranoside', 'CHEBI:61448 = CHEBI:61448'), ('isopropyl beta-D-thiogalactopyranoside  + H+  = isopropyl beta-D-thiogalactopyranoside  + H+', 'CHEBI:61448 + CHEBI:15378 = CHEBI:61448 + CHEBI:15378'), ('oligosaccharide  = oligosaccharide', 'CHEBI:25679 = CHEBI:25679'), ('oligosaccharide  + H+  = oligosaccharide  + H+', 'CHEBI:25679 + CHEBI:15378 = CHEBI:25679 + CHEBI:15378'), ('beta-D-Gal-(1->3)-beta-D-GlcNAc-(1->3)-beta-D-Gal-(1->4)-D-Glc  = beta-D-Gal-(1->3)-beta-D-GlcNAc-(1->3)-beta-D-Gal-(1->4)-D-Glc', 'CHEBI:30248 = CHEBI:30248'), ('beta-D-Gal-(1->3)-beta-D-GlcNAc-(1->3)-beta-D-Gal-(1->4)-D-Glc  + H+  = beta-D-Gal-(1->3)-beta-D-GlcNAc-(1->3)-beta-D-Gal-(1->4)-D-Glc  + H+', 'CHEBI:30248 + CHEBI:15378 = CHEBI:30248 + CHEBI:15378'), ('maltose  = maltose', 'CHEBI:17306 = CHEBI:17306'), ('maltose  + H+  = maltose  + H+', 'CHEBI:17306 + CHEBI:15378 = CHEBI:17306 + CHEBI:15378'), ('cellobiose  = cellobiose', 'CHEBI:17057 = CHEBI:17057'), ('cellobiose  + H+  = cellobiose  + H+', 'CHEBI:17057 + CHEBI:15378 = CHEBI:17057 + CHEBI:15378'), ('alpha-lactose  = alpha-lactose', 'CHEBI:36219 = CHEBI:36219'), ('alpha-lactose  + H+  = alpha-lactose  + H+', 'CHEBI:36219 + CHEBI:15378 = CHEBI:36219 + CHEBI:15378'), ('methyl alpha-D-glucopyranoside  = methyl alpha-D-glucopyranoside', 'CHEBI:320061 = CHEBI:320061'), ('methyl alpha-D-glucopyranoside  + H+  = methyl alpha-D-glucopyranoside  + H+', 'CHEBI:320061 + CHEBI:15378 = CHEBI:320061 + CHEBI:15378'), ('galactoside  = galactoside', 'CHEBI:24163 = CHEBI:24163'), ('galactoside  + H+  = galactoside  + H+', 'CHEBI:24163 + CHEBI:15378 = CHEBI:24163 + CHEBI:15378'), ('glucose  = glucose', 'CHEBI:5418 = CHEBI:5418'), ('glucose  + H+  = glucose  + H+', 'CHEBI:5418 + CHEBI:15378 = CHEBI:5418 + CHEBI:15378')]	0.0	100.0
P33026	2.A.1.20.2	P33026	[('oligosaccharide  = oligosaccharide', 'CHEBI:7758 = CHEBI:7758'), ('oligosaccharide  + H+  = oligosaccharide  + H+', 'CHEBI:7758 + CHEBI:15378 = CHEBI:7758 + CHEBI:15378'), ('beta-D-Gal-(1->3)-beta-D-GlcNAc-(1->3)-beta-D-Gal-(1->4)-D-Glc  = beta-D-Gal-(1->3)-beta-D-GlcNAc-(1->3)-beta-D-Gal-(1->4)-D-Glc', 'CHEBI:30248 = CHEBI:30248'), ('beta-D-Gal-(1->3)-beta-D-GlcNAc-(1->3)-beta-D-Gal-(1->4)-D-Glc  + H+  = beta-D-Gal-(1->3)-beta-D-GlcNAc-(1->3)-beta-D-Gal-(1->4)-D-Glc  + H+', 'CHEBI:30248 + CHEBI:15378 = CHEBI:30248 + CHEBI:15378'), ('alpha-lactose  = alpha-lactose', 'CHEBI:36219 = CHEBI:36219'), ('alpha-lactose  + H+  = alpha-lactose  + H+', 'CHEBI:36219 + CHEBI:15378 = CHEBI:36219 + CHEBI:15378'), ('trisaccharide  = trisaccharide', 'CHEBI:27150 = CHEBI:27150'), ('trisaccharide  + H+  = trisaccharide  + H+', 'CHEBI:27150 + CHEBI:15378 = CHEBI:27150 + CHEBI:15378'), ('glucose  = glucose', 'CHEBI:5418 = CHEBI:5418'), ('glucose  + H+  = glucose  + H+', 'CHEBI:5418 + CHEBI:15378 = CHEBI:5418 + CHEBI:15378')]	0.0	100.0
P31436	2.A.1.20.3	P31436	[('arabinose  = arabinose', 'CHEBI:22599 = CHEBI:22599'), ('arabinose  + H+  = arabinose  + H+', 'CHEBI:22599 + CHEBI:15378 = CHEBI:22599 + CHEBI:15378')]	0.0	100.0
P0AE16	2.A.1.25.2	P0AE16	[('peptide  = peptide', 'CHEBI:16670 = CHEBI:16670'), ('peptide  + H+  = peptide  + H+', 'CHEBI:16670 + CHEBI:15378 = CHEBI:16670 + CHEBI:15378'), ('glycopeptide  = glycopeptide', 'CHEBI:24396 = CHEBI:24396'), ('glycopeptide  + H+  = glycopeptide  + H+', 'CHEBI:24396 + CHEBI:15378 = CHEBI:24396 + CHEBI:15378')]	0.0	100.0
P21503	2.A.1.26.1	P21503	[('S  = S', 'S = S'), ('S  + H+  = S  + H+', 'S + CHEBI:15378 = S + CHEBI:15378')]	0.0	100.0
Q47142	2.A.1.27.1	Q47142	[('hydratropic acid  = hydratropic acid', 'CHEBI:48526 = CHEBI:48526'), ('hydratropic acid  + H+  = hydratropic acid  + H+', 'CHEBI:48526 + CHEBI:15378 = CHEBI:48526 + CHEBI:15378')]	0.0	100.0
P76269	2.A.1.3.17	P76269	[('trimethoprim  = trimethoprim', 'CHEBI:45924 = CHEBI:45924'), ('trimethoprim  + H+  = trimethoprim  + H+', 'CHEBI:45924 + CHEBI:15378 = CHEBI:45924 + CHEBI:15378')]	0.0	100.0
P0AEJ0	2.A.1.3.2	P0AEJ0	[('rhodamine 6G  = rhodamine 6G', 'CHEBI:52672 = CHEBI:52672'), ('rhodamine 6G  + H+  = rhodamine 6G  + H+', 'CHEBI:52672 + CHEBI:15378 = CHEBI:52672 + CHEBI:15378'), ('deoxycholate  = deoxycholate', 'CHEBI:23614 = CHEBI:23614'), ('deoxycholate  + H+  = deoxycholate  + H+', 'CHEBI:23614 + CHEBI:15378 = CHEBI:23614 + CHEBI:15378'), ('CCCP  = CCCP', 'CHEBI:3259 = CHEBI:3259'), ('CCCP  + H+  = CCCP  + H+', 'CHEBI:3259 + CHEBI:15378 = CHEBI:3259 + CHEBI:15378'), ('nalidixic acid  = nalidixic acid', 'CHEBI:100147 = CHEBI:100147'), ('nalidixic acid  + H+  = nalidixic acid  + H+', 'CHEBI:100147 + CHEBI:15378 = CHEBI:100147 + CHEBI:15378'), ('17beta-estradiol  = 17beta-estradiol', 'CHEBI:16469 = CHEBI:16469'), ('17beta-estradiol  + H+  = 17beta-estradiol  + H+', 'CHEBI:16469 + CHEBI:15378 = CHEBI:16469 + CHEBI:15378'), ('progesterone  = progesterone', 'CHEBI:17026 = CHEBI:17026'), ('progesterone  + H+  = progesterone  + H+', 'CHEBI:17026 + CHEBI:15378 = CHEBI:17026 + CHEBI:15378')]	0.0	100.0
P36554	2.A.1.3.26	P36554	[('deoxycholate  = deoxycholate', 'CHEBI:23614 = CHEBI:23614'), ('deoxycholate  + H+  = deoxycholate  + H+', 'CHEBI:23614 + CHEBI:15378 = CHEBI:23614 + CHEBI:15378'), ('novobiocin  = novobiocin', 'CHEBI:28368 = CHEBI:28368'), ('novobiocin  + H+  = novobiocin  + H+', 'CHEBI:28368 + CHEBI:15378 = CHEBI:28368 + CHEBI:15378'), ('arabinose  = arabinose', 'CHEBI:22599 = CHEBI:22599'), ('arabinose  + H+  = arabinose  + H+', 'CHEBI:22599 + CHEBI:15378 = CHEBI:22599 + CHEBI:15378')]	0.0	100.0
C5W790	2.A.1.3.36	P52599	[('cysteine  = cysteine', 'CHEBI:15356 = CHEBI:15356'), ('cysteine  + H+  = cysteine  + H+', 'CHEBI:15356 + CHEBI:15378 = CHEBI:15356 + CHEBI:15378'), ('drug  = drug', 'CHEBI:23888 = CHEBI:23888'), ('drug  + H+  = drug  + H+', 'CHEBI:23888 + CHEBI:15378 = CHEBI:23888 + CHEBI:15378')]	0.0	100.0
C5W789	2.A.1.3.36	P52600	[('cysteine  = cysteine', 'CHEBI:15356 = CHEBI:15356'), ('cysteine  + H+  = cysteine  + H+', 'CHEBI:15356 + CHEBI:15378 = CHEBI:15356 + CHEBI:15378'), ('drug  = drug', 'CHEBI:23888 = CHEBI:23888'), ('drug  + H+  = drug  + H+', 'CHEBI:23888 + CHEBI:15378 = CHEBI:23888 + CHEBI:15378')]	0.0	99.414
P31474	2.A.1.3.51	P31474	[('S  = S', 'S = S'), ('S  + H+  = S  + H+', 'S + CHEBI:15378 = S + CHEBI:15378')]	0.0	100.0
P52067	2.A.1.35.1	P52067	[('fosmidomycin  = fosmidomycin', 'CHEBI:443725 = CHEBI:443725'), ('fosmidomycin  + H+  = fosmidomycin  + H+', 'CHEBI:443725 + CHEBI:15378 = CHEBI:443725 + CHEBI:15378')]	0.0	100.0
P43531	2.A.1.36.1	P43531	[('3,6-diamino-10-methylacridinium chloride  = 3,6-diamino-10-methylacridinium chloride', 'CHEBI:383703 = CHEBI:383703'), ('3,6-diamino-10-methylacridinium chloride  + H+  = 3,6-diamino-10-methylacridinium chloride  + H+', 'CHEBI:383703 + CHEBI:15378 = CHEBI:383703 + CHEBI:15378'), ('arabinose  = arabinose', 'CHEBI:22599 = CHEBI:22599'), ('arabinose  + H+  = arabinose  + H+', 'CHEBI:22599 + CHEBI:15378 = CHEBI:22599 + CHEBI:15378')]	0.0	100.0
P76628	2.A.1.36.3	P76628	[('S  = S', 'S = S'), ('S  + H+  = S  + H+', 'S + CHEBI:15378 = S + CHEBI:15378')]	0.0	100.0
P24077	2.A.1.38.1	P24077	[('enterobactin  = enterobactin', 'CHEBI:28855 = CHEBI:28855'), ('enterobactin  + H+  = enterobactin  + H+', 'CHEBI:28855 + CHEBI:15378 = CHEBI:28855 + CHEBI:15378'), ('arabinose  = arabinose', 'CHEBI:22599 = CHEBI:22599'), ('arabinose  + H+  = arabinose  + H+', 'CHEBI:22599 + CHEBI:15378 = CHEBI:22599 + CHEBI:15378')]	0.0	100.0
Q8ZR35	2.A.1.38.3	P24077	[('enterobactin  = enterobactin', 'CHEBI:28855 = CHEBI:28855'), ('enterobactin  + H+  = enterobactin  + H+', 'CHEBI:28855 + CHEBI:15378 = CHEBI:28855 + CHEBI:15378')]	0.0	90.465
P0AGC0	2.A.1.4.1	P0AGC0	[('phospho sugar  = phospho sugar', 'CHEBI:33447 = CHEBI:33447'), ('phospho sugar  + H+  = phospho sugar  + H+', 'CHEBI:33447 + CHEBI:15378 = CHEBI:33447 + CHEBI:15378')]	0.0	100.0
P08194	2.A.1.4.3	P08194	[('glycerol 1-phosphate  = glycerol 1-phosphate', 'CHEBI:14336 = CHEBI:14336'), ('glycerol 1-phosphate  + H+  = glycerol 1-phosphate  + H+', 'CHEBI:14336 + CHEBI:15378 = CHEBI:14336 + CHEBI:15378')]	0.0	100.0
P09836	2.A.1.4.4	P09836	[('phosphate(3-)  = phosphate(3-)', 'CHEBI:18367 = CHEBI:18367'), ('phosphate(3-)  + H+  = phosphate(3-)  + H+', 'CHEBI:18367 + CHEBI:15378 = CHEBI:18367 + CHEBI:15378'), ('hexose phosphate  = hexose phosphate', 'CHEBI:47878 = CHEBI:47878'), ('hexose phosphate  + H+  = hexose phosphate  + H+', 'CHEBI:47878 + CHEBI:15378 = CHEBI:47878 + CHEBI:15378')]	0.0	100.0
P39196	2.A.1.42.1	P39196	[('1-O-acylglycerophosphoethanolamine  = 1-O-acylglycerophosphoethanolamine', 'CHEBI:55493 = CHEBI:55493'), ('1-O-acylglycerophosphoethanolamine  + H+  = 1-O-acylglycerophosphoethanolamine  + H+', 'CHEBI:55493 + CHEBI:15378 = CHEBI:55493 + CHEBI:15378'), ('2-monolysocardiolipin  = 2-monolysocardiolipin', 'CHEBI:60430 = CHEBI:60430'), ('2-monolysocardiolipin  + H+  = 2-monolysocardiolipin  + H+', 'CHEBI:60430 + CHEBI:15378 = CHEBI:60430 + CHEBI:15378')]	0.0	100.0
P77549	2.A.1.46.6	P77549	[('arabinose  = arabinose', 'CHEBI:22599 = CHEBI:22599'), ('arabinose  + H+  = arabinose  + H+', 'CHEBI:22599 + CHEBI:15378 = CHEBI:22599 + CHEBI:15378')]	0.0	100.0
P37621	2.A.1.46.7	P37621	[('glyphosate  = glyphosate', 'CHEBI:27744 = CHEBI:27744'), ('glyphosate  + H+  = glyphosate  + H+', 'CHEBI:27744 + CHEBI:15378 = CHEBI:27744 + CHEBI:15378'), ('arabinose  = arabinose', 'CHEBI:22599 = CHEBI:22599'), ('arabinose  + H+  = arabinose  + H+', 'CHEBI:22599 + CHEBI:15378 = CHEBI:22599 + CHEBI:15378')]	0.0	100.0
P02920	2.A.1.5.1	P02920	[('lactose + H(+) = lactose + H(+)', 'CHEBI:17716 + CHEBI:15378 = CHEBI:17716 + CHEBI:15378'), ('melibiose + H(+) = melibiose + H(+)', 'CHEBI:28053 + CHEBI:15378 = CHEBI:28053 + CHEBI:15378'), ('maltose  = maltose', 'CHEBI:17306 = CHEBI:17306'), ('maltose  + H+  = maltose  + H+', 'CHEBI:17306 + CHEBI:15378 = CHEBI:17306 + CHEBI:15378'), ('melibiose  = melibiose', 'CHEBI:28053 = CHEBI:28053'), ('lactose  = lactose', 'CHEBI:17716 = CHEBI:17716'), ('sucrose  = sucrose', 'CHEBI:17992 = CHEBI:17992'), ('sucrose  + H+  = sucrose  + H+', 'CHEBI:17992 + CHEBI:15378 = CHEBI:17992 + CHEBI:15378'), ('4-nitrophenyl alpha-D-galactoside  = 4-nitrophenyl alpha-D-galactoside', 'CHEBI:546840 = CHEBI:546840'), ('4-nitrophenyl alpha-D-galactoside  + H+  = 4-nitrophenyl alpha-D-galactoside  + H+', 'CHEBI:546840 + CHEBI:15378 = CHEBI:546840 + CHEBI:15378'), ('4-nitrophenyl-beta-D-galactoside  = 4-nitrophenyl-beta-D-galactoside', 'CHEBI:355715 = CHEBI:355715'), ('4-nitrophenyl-beta-D-galactoside  + H+  = 4-nitrophenyl-beta-D-galactoside  + H+', 'CHEBI:355715 + CHEBI:15378 = CHEBI:355715 + CHEBI:15378'), ('methyl beta-D-galactoside  = methyl beta-D-galactoside', 'CHEBI:17540 = CHEBI:17540'), ('methyl beta-D-galactoside  + H+  = methyl beta-D-galactoside  + H+', 'CHEBI:17540 + CHEBI:15378 = CHEBI:17540 + CHEBI:15378')]	0.0	100.0
P32135	2.A.1.52.1	P32135	[('S  = S', 'S = S'), ('S  + H+  = S  + H+', 'S + CHEBI:15378 = S + CHEBI:15378')]	0.0	100.0
F4TJX1	2.A.1.52.2	P77031	[('S  = S', 'S = S'), ('S  + H+  = S  + H+', 'S + CHEBI:15378 = S + CHEBI:15378')]	0.0	98.353
P37643	2.A.1.6.10	P37643	[('metabolite  = metabolite', 'CHEBI:25212 = CHEBI:25212'), ('metabolite  + H+  = metabolite  + H+', 'CHEBI:25212 + CHEBI:15378 = CHEBI:25212 + CHEBI:15378')]	0.0	100.0
P0AEX3	2.A.1.6.2	P0AEX3	[('hydron  = hydron', 'CHEBI:15378 = CHEBI:15378'), ('hydron  + H+  = hydron  + H+', 'CHEBI:15378 + CHEBI:15378 = CHEBI:15378 + CHEBI:15378'), ('2-oxoglutarate(2-)  = 2-oxoglutarate(2-)', 'CHEBI:16810 = CHEBI:16810'), ('2-oxoglutarate(2-)  + H+  = 2-oxoglutarate(2-)  + H+', 'CHEBI:16810 + CHEBI:15378 = CHEBI:16810 + CHEBI:15378'), ('arabinose  = arabinose', 'CHEBI:22599 = CHEBI:22599'), ('arabinose  + H+  = arabinose  + H+', 'CHEBI:22599 + CHEBI:15378 = CHEBI:22599 + CHEBI:15378')]	0.0	100.0
P0C0L7	2.A.1.6.4	P0C0L7	[('sodium(1+)  = sodium(1+)', 'CHEBI:29101 = CHEBI:29101'), ('sodium(1+)  + H+  = sodium(1+)  + H+', 'CHEBI:29101 + CHEBI:15378 = CHEBI:29101 + CHEBI:15378'), ('hydron  = hydron', 'CHEBI:15378 = CHEBI:15378'), ('hydron  + H+  = hydron  + H+', 'CHEBI:15378 + CHEBI:15378 = CHEBI:15378 + CHEBI:15378'), ('L-proline betaine  = L-proline betaine', 'CHEBI:35280 = CHEBI:35280'), ('L-proline betaine  + H+  = L-proline betaine  + H+', 'CHEBI:35280 + CHEBI:15378 = CHEBI:35280 + CHEBI:15378'), ('carnitinium  = carnitinium', 'CHEBI:3424 = CHEBI:3424'), ('carnitinium  + H+  = carnitinium  + H+', 'CHEBI:3424 + CHEBI:15378 = CHEBI:3424 + CHEBI:15378'), ('glycine betaine  = glycine betaine', 'CHEBI:17750 = CHEBI:17750'), ('glycine betaine  + H+  = glycine betaine  + H+', 'CHEBI:17750 + CHEBI:15378 = CHEBI:17750 + CHEBI:15378'), ('N,N-dimethylglycine  = N,N-dimethylglycine', 'CHEBI:17724 = CHEBI:17724'), ('N,N-dimethylglycine  + H+  = N,N-dimethylglycine  + H+', 'CHEBI:17724 + CHEBI:15378 = CHEBI:17724 + CHEBI:15378'), ('proline  = proline', 'CHEBI:26271 = CHEBI:26271'), ('proline  + H+  = proline  + H+', 'CHEBI:26271 + CHEBI:15378 = CHEBI:26271 + CHEBI:15378'), ('taurine  = taurine', 'CHEBI:15891 = CHEBI:15891'), ('taurine  + H+  = taurine  + H+', 'CHEBI:15891 + CHEBI:15378 = CHEBI:15891 + CHEBI:15378'), ('pipecolic acid  = pipecolic acid', 'CHEBI:17964 = CHEBI:17964'), ('pipecolic acid  + H+  = pipecolic acid  + H+', 'CHEBI:17964 + CHEBI:15378 = CHEBI:17964 + CHEBI:15378'), ('ectoine  = ectoine', 'CHEBI:27592 = CHEBI:27592'), ('ectoine  + H+  = ectoine  + H+', 'CHEBI:27592 + CHEBI:15378 = CHEBI:27592 + CHEBI:15378'), ('3-pyridylacetic acid  = 3-pyridylacetic acid', 'CHEBI:86390 = CHEBI:86390'), ('3-pyridylacetic acid  + H+  = 3-pyridylacetic acid  + H+', 'CHEBI:86390 + CHEBI:15378 = CHEBI:86390 + CHEBI:15378')]	0.0	100.0
P76350	2.A.1.6.6	P76350	[('shikimate + H(+) = shikimate + H(+)', 'CHEBI:36208 + CHEBI:15378 = CHEBI:36208 + CHEBI:15378'), ('hydron  = hydron', 'CHEBI:15378 = CHEBI:15378'), ('hydron  + H+  = hydron  + H+', 'CHEBI:15378 + CHEBI:15378 = CHEBI:15378 + CHEBI:15378'), ('shikimic acid  = shikimic acid', 'CHEBI:16119 = CHEBI:16119'), ('shikimic acid  + H+  = shikimic acid  + H+', 'CHEBI:16119 + CHEBI:15378 = CHEBI:16119 + CHEBI:15378')]	0.0	100.0
P77228	2.A.1.6.9	P77228	[('potassium(1+)  = potassium(1+)', 'CHEBI:29103 = CHEBI:29103'), ('potassium(1+)  + H+  = potassium(1+)  + H+', 'CHEBI:29103 + CHEBI:15378 = CHEBI:29103 + CHEBI:15378')]	0.0	100.0
P75810	2.A.1.60.2	P75810	[('S  = S', 'S = S'), ('S  + H+  = S  + H+', 'S + CHEBI:15378 = S + CHEBI:15378')]	0.0	100.0
P11551	2.A.1.7.1	P11551	[('L-galactose + H(+) = L-galactose + H(+)', 'CHEBI:37619 + CHEBI:15378 = CHEBI:37619 + CHEBI:15378'), ('L-fucose + H(+) = L-fucose + H(+)', 'CHEBI:2181 + CHEBI:15378 = CHEBI:2181 + CHEBI:15378'), ('D-arabinose + H(+) = D-arabinose + H(+)', 'CHEBI:46994 + CHEBI:15378 = CHEBI:46994 + CHEBI:15378'), ('hydron  = hydron', 'CHEBI:15378 = CHEBI:15378'), ('hydron  + H+  = hydron  + H+', 'CHEBI:15378 + CHEBI:15378 = CHEBI:15378 + CHEBI:15378'), ('L-fucopyranose  = L-fucopyranose', 'CHEBI:2181 = CHEBI:2181')]	0.0	100.0
P60778	2.A.1.7.14	P60778	[('S  = S', 'S = S'), ('S  + H+  = S  + H+', 'S + CHEBI:15378 = S + CHEBI:15378')]	0.0	100.0
P10903	2.A.1.8.1	P10903	[('nitrate + nitrite = nitrate + nitrite', 'CHEBI:17632 + CHEBI:16301 = CHEBI:17632 + CHEBI:16301'), ('hydron  = hydron', 'CHEBI:15378 = CHEBI:15378'), ('hydron  + H+  = hydron  + H+', 'CHEBI:15378 + CHEBI:15378 = CHEBI:15378 + CHEBI:15378'), ('nitrite  = nitrite', 'CHEBI:16301 = CHEBI:16301'), ('nitrite  + H+  = nitrite  + H+', 'CHEBI:16301 + CHEBI:15378 = CHEBI:16301 + CHEBI:15378'), ('nitrate  = nitrate', 'CHEBI:17632 = CHEBI:17632'), ('nitrate  + H+  = nitrate  + H+', 'CHEBI:17632 + CHEBI:15378 = CHEBI:17632 + CHEBI:15378')]	0.0	100.0
P37758	2.A.1.8.10	P37758	[('nitrite  = nitrite', 'CHEBI:16301 = CHEBI:16301'), ('nitrite  + H+  = nitrite  + H+', 'CHEBI:16301 + CHEBI:15378 = CHEBI:16301 + CHEBI:15378'), ('nitrate  = nitrate', 'CHEBI:17632 = CHEBI:17632'), ('nitrate  + H+  = nitrate  + H+', 'CHEBI:17632 + CHEBI:15378 = CHEBI:17632 + CHEBI:15378')]	0.0	100.0
P15701	2.A.10.1.1	P0A712	[('2-dehydro-3-deoxy-D-gluconate + H(+) = 2-dehydro-3-deoxy-D-gluconate + H(+)', 'CHEBI:57990 + CHEBI:15378 = CHEBI:57990 + CHEBI:15378')]	0.0	90.446
P0A712	2.A.10.1.2	P0A712	[('2-dehydro-3-deoxy-D-gluconate + H(+) = 2-dehydro-3-deoxy-D-gluconate + H(+)', 'CHEBI:57990 + CHEBI:15378 = CHEBI:57990 + CHEBI:15378')]	0.0	100.0
P0AD30	2.A.102.3.1	P0AD30	[('no_reaction_identified', 'no_reaction_identified')]	0.0	100.0
P0ABG4	2.A.103.1.1	P0ABG4	[('[GlcNAc-(1->4)-Mur2Ac(oyl-L-Ala-gamma-D-Glu-L-Lys-D-Ala-D-Ala)](n)-di-trans,octa-cis-undecaprenyl diphosphate + beta-D-GlcNAc-(1->4)-Mur2Ac(oyl-L-Ala-gamma-D-Glu-L-Lys-D-Ala-D-Ala)-di-trans,octa-cis-undecaprenyl diphosphate = [GlcNAc-(1->4)-Mur2Ac(oyl-L-Ala-gamma-D-Glu-L-Lys-D-Ala-D-Ala)](n+1)-di-trans,octa-cis-undecaprenyl diphosphate + di-trans,octa-cis-undecaprenyl diphosphate + H(+)', 'CHEBI:78435 + CHEBI:60033 = CHEBI:78435 + CHEBI:58405 + CHEBI:15378')]	0.0	100.0
P0ABG7	2.A.103.1.2	P0ABG7	[('[GlcNAc-(1->4)-Mur2Ac(oyl-L-Ala-gamma-D-Glu-L-Lys-D-Ala-D-Ala)](n)-di-trans,octa-cis-undecaprenyl diphosphate + beta-D-GlcNAc-(1->4)-Mur2Ac(oyl-L-Ala-gamma-D-Glu-L-Lys-D-Ala-D-Ala)-di-trans,octa-cis-undecaprenyl diphosphate = [GlcNAc-(1->4)-Mur2Ac(oyl-L-Ala-gamma-D-Glu-L-Lys-D-Ala-D-Ala)](n+1)-di-trans,octa-cis-undecaprenyl diphosphate + di-trans,octa-cis-undecaprenyl diphosphate + H(+)', 'CHEBI:78435 + CHEBI:60033 = CHEBI:78435 + CHEBI:58405 + CHEBI:15378')]	0.0	100.0
P76264	2.A.107.1.1	P76264	[('no_reaction_identified', 'no_reaction_identified')]	3.5700000000000005e-132	100.0
P0AB24	2.A.108.2.3	P0AB24	[('heme b + 2 H(+) = protoporphyrin IX + Fe(2+)', 'CHEBI:60344 + 2 CHEBI:15378 = CHEBI:57306 + CHEBI:29033')]	0.0	100.0
P31545	2.A.108.2.3	P31545	[('heme b + 2 H(+) = protoporphyrin IX + Fe(2+)', 'CHEBI:60344 + 2 CHEBI:15378 = CHEBI:57306 + CHEBI:29033')]	0.0	100.0
P75901	2.A.108.2.3	P75901	[('heme b + 2 H(+) = protoporphyrin IX + Fe(2+)', 'CHEBI:60344 + 2 CHEBI:15378 = CHEBI:57306 + CHEBI:29033')]	0.0	100.0
P42601	2.A.109.1.7	P42601	[('no_reaction_identified', 'no_reaction_identified')]	0.0	100.0
L5DDD7	2.A.109.2.3	P76389	[('no_reaction_identified', 'no_reaction_identified')]	0.0	98.102
P64534	2.A.113.1.1	P64534	[('no_reaction_identified', 'no_reaction_identified')]	1e-81	100.0
P76425	2.A.113.1.1	P76425	[('no_reaction_identified', 'no_reaction_identified')]	0.0	100.0
P15078	2.A.114.1.1	P15078	[('no_reaction_identified', 'no_reaction_identified')]	0.0	100.0
P0AAS9	2.A.114.1.1	P0AAS9	[('no_reaction_identified', 'no_reaction_identified')]	1.0099999999999999e-45	100.0
Q8ZJY5	2.A.114.1.10	P39396	[('no_reaction_identified', 'no_reaction_identified')]	0.0	96.369
P39263	2.A.118.1.8	P39263	[('no_reaction_identified', 'no_reaction_identified')]	0.0	100.0
P0A6J3	2.A.121.1.1	P0A6J3	[('no_reaction_identified', 'no_reaction_identified')]	0.0	100.0
C6EAH0	2.A.122.1.1	P0AD19	[('no_reaction_identified', 'no_reaction_identified')]	1.58e-166	100.0
P75826	2.A.124.1.1	P75826	[('no_reaction_identified', 'no_reaction_identified')]	0.0	100.0
P0AD27	2.A.127.1.2	P0AD27	[('no_reaction_identified', 'no_reaction_identified')]	0.0	100.0
P0ABN5	2.A.13.1.1	P0ABN5	[('fumarate + 3 H(+) = fumarate + 3 H(+)', 'CHEBI:29806 + 3 CHEBI:15378 = CHEBI:29806 + 3 CHEBI:15378'), ('L-aspartate + succinate = L-aspartate + succinate', 'CHEBI:29991 + CHEBI:30031 = CHEBI:29991 + CHEBI:30031'), ('fumarate + succinate = fumarate + succinate', 'CHEBI:29806 + CHEBI:30031 = CHEBI:29806 + CHEBI:30031'), ('fumarate + L-aspartate = fumarate + L-aspartate', 'CHEBI:29806 + CHEBI:29991 = CHEBI:29806 + CHEBI:29991'), ('(S)-malate + succinate = (S)-malate + succinate', 'CHEBI:15589 + CHEBI:30031 = CHEBI:15589 + CHEBI:30031')]	0.0	100.0
P0ABN9	2.A.13.1.2	P0ABN9	[('fumarate + 3 H(+) = fumarate + 3 H(+)', 'CHEBI:29806 + 3 CHEBI:15378 = CHEBI:29806 + 3 CHEBI:15378'), ('L-aspartate + succinate = L-aspartate + succinate', 'CHEBI:29991 + CHEBI:30031 = CHEBI:29991 + CHEBI:30031'), ('(S,S)-tartrate + succinate = (S,S)-tartrate + succinate', 'CHEBI:30927 + CHEBI:30031 = CHEBI:30927 + CHEBI:30031'), ('fumarate + succinate = fumarate + succinate', 'CHEBI:29806 + CHEBI:30031 = CHEBI:29806 + CHEBI:30031'), ('(S)-malate + succinate = (S)-malate + succinate', 'CHEBI:15589 + CHEBI:30031 = CHEBI:15589 + CHEBI:30031')]	0.0	100.0
P33231	2.A.14.1.1	P33231	[('(S)-lactate + H(+) = (S)-lactate + H(+)', 'CHEBI:16651 + CHEBI:15378 = CHEBI:16651 + CHEBI:15378'), ('(R)-lactate + H(+) = (R)-lactate + H(+)', 'CHEBI:16004 + CHEBI:15378 = CHEBI:16004 + CHEBI:15378'), ('glycolate + H(+) = glycolate + H(+)', 'CHEBI:29805 + CHEBI:15378 = CHEBI:29805 + CHEBI:15378')]	0.0	100.0
Q46839	2.A.14.1.2	Q46839	[('(R)-lactate + H(+) = (R)-lactate + H(+)', 'CHEBI:16004 + CHEBI:15378 = CHEBI:16004 + CHEBI:15378'), ('glycolate + H(+) = glycolate + H(+)', 'CHEBI:29805 + CHEBI:15378 = CHEBI:29805 + CHEBI:15378'), ('(S)-lactate + H(+) = (S)-lactate + H(+)', 'CHEBI:16651 + CHEBI:15378 = CHEBI:16651 + CHEBI:15378')]	0.0	100.0
P0ABC9	2.A.15.1.4	P0ABC9	[('choline + H(+) = choline + H(+)', 'CHEBI:15354 + CHEBI:15378 = CHEBI:15354 + CHEBI:15378')]	0.0	100.0
P31553	2.A.15.2.1	P31553	[('4-(trimethylamino)butanoate + (R)-carnitine = 4-(trimethylamino)butanoate + (R)-carnitine', 'CHEBI:16244 + CHEBI:16347 = CHEBI:16244 + CHEBI:16347')]	0.0	100.0
B7L6S9	2.A.15.2.3	P0ABD1	[('no_reaction_identified', 'no_reaction_identified')]	0.0	100.0
P25396	2.A.16.1.1	P25396	[('no_reaction_identified', 'no_reaction_identified')]	0.0	100.0
P77304	2.A.17.1.2	P77304	[('no_reaction_identified', 'no_reaction_identified')]	0.0	100.0
P36837	2.A.17.1.3	P36837	[('no_reaction_identified', 'no_reaction_identified')]	0.0	100.0
P75742	2.A.17.1.4	P75742	[('no_reaction_identified', 'no_reaction_identified')]	0.0	100.0
P39276	2.A.17.1.5	P39276	[('no_reaction_identified', 'no_reaction_identified')]	0.0	100.0
P31801	2.A.19.1.1	P31801	[('Na(+) + H(+) = Na(+) + H(+)', 'CHEBI:29101 + CHEBI:15378 = CHEBI:29101 + CHEBI:15378'), ('K(+) + H(+) = K(+) + H(+)', 'CHEBI:29103 + CHEBI:15378 = CHEBI:29103 + CHEBI:15378'), ('Ca(2+) + H(+) = Ca(2+) + H(+)', 'CHEBI:29108 + CHEBI:15378 = CHEBI:29108 + CHEBI:15378')]	0.0	100.0
P45394	2.A.19.5.1	P45394	[('no_reaction_identified', 'no_reaction_identified')]	0.0	100.0
A7ZUZ0	2.A.2.1.1	P02921	[('no_reaction_identified', 'no_reaction_identified')]	0.0	99.789
P0CE45	2.A.2.3.1	P0CE44	[('no_reaction_identified', 'no_reaction_identified')]	0.0	99.781
P32136	2.A.2.3.15	P32136	[('no_reaction_identified', 'no_reaction_identified')]	0.0	100.0
P31435	2.A.2.3.4	P31435	[('no_reaction_identified', 'no_reaction_identified')]	0.0	100.0
P75683	2.A.2.3.5	P75683	[('no_reaction_identified', 'no_reaction_identified')]	0.0	100.0
P32137	2.A.2.3.9	P32137	[('no_reaction_identified', 'no_reaction_identified')]	0.0	100.0
P0AFJ7	2.A.20.1.1	P0AFJ7	[('arsenate + H(+) = arsenate + H(+)', 'CHEBI:48597 + CHEBI:15378 = CHEBI:48597 + CHEBI:15378'), ('phosphate + H(+) = phosphate + H(+)', 'CHEBI:43474 + CHEBI:15378 = CHEBI:43474 + CHEBI:15378')]	0.0	100.0
P43676	2.A.20.1.2	P43676	[('phosphate + H(+) = phosphate + H(+)', 'CHEBI:43474 + CHEBI:15378 = CHEBI:43474 + CHEBI:15378')]	0.0	100.0
P16256	2.A.21.1.1	P16256	[('(R)-pantothenate + Na(+) = (R)-pantothenate + Na(+)', 'CHEBI:29032 + CHEBI:29101 = CHEBI:29032 + CHEBI:29101')]	0.0	100.0
P07117	2.A.21.2.1	P07117	[('L-proline + Na(+) = L-proline + Na(+)', 'CHEBI:60039 + CHEBI:29101 = CHEBI:60039 + CHEBI:29101')]	0.0	100.0
P31448	2.A.21.3.21	P31448	[('no_reaction_identified', 'no_reaction_identified')]	0.0	100.0
P32705	2.A.21.7.2	P32705	[('no_reaction_identified', 'no_reaction_identified')]	0.0	100.0
P21345	2.A.23.1.1	P21345	[('no_reaction_identified', 'no_reaction_identified')]	0.0	100.0
P0AGE4	2.A.23.1.13	P0AGE4	[('L-serine + Na(+) = L-serine + Na(+)', 'CHEBI:33384 + CHEBI:29101 = CHEBI:33384 + CHEBI:29101'), ('L-threonine + Na(+) = L-threonine + Na(+)', 'CHEBI:57926 + CHEBI:29101 = CHEBI:57926 + CHEBI:29101')]	0.0	100.0
P0A830	2.A.23.1.7	P0A830	[('no_reaction_identified', 'no_reaction_identified')]	0.0	100.0
P77529	2.A.23.1.8	P77529	[('L-cystine + H(+) = L-cystine + H(+)', 'CHEBI:35491 + CHEBI:15378 = CHEBI:35491 + CHEBI:15378')]	0.0	100.0
P30143	2.A.25.1.10	P30143	[('no_reaction_identified', 'no_reaction_identified')]	0.0	100.0
P0AD99	2.A.26.1.10	P0AD99	[('no_reaction_identified', 'no_reaction_identified')]	0.0	100.0
P0AER8	2.A.27.1.1	P0AER8	[('no_reaction_identified', 'no_reaction_identified')]	0.0	100.0
P39836	2.A.28.3.4	P39836	[('no_reaction_identified', 'no_reaction_identified')]	0.0	100.0
P24207	2.A.3.1.1	P24207	[('L-phenylalanine + H(+) = L-phenylalanine + H(+)', 'CHEBI:58095 + CHEBI:15378 = CHEBI:58095 + CHEBI:15378'), ('phenylalanine  + n H+  = phenylalanine  + n H+', 'CHEBI:28044 + n CHEBI:15378 = CHEBI:28044 + n CHEBI:15378')]	0.0	100.0
Q47689	2.A.3.1.10	Q47689	[('N-methyl-L-methionine  + n H+  = N-methyl-L-methionine  + n H+', 'CHEBI:44003 + n CHEBI:15378 = CHEBI:44003 + n CHEBI:15378'), ('S-methyl-L-methionine  + n H+  = S-methyl-L-methionine  + n H+', 'CHEBI:17728 + n CHEBI:15378 = CHEBI:17728 + n CHEBI:15378')]	0.0	100.0
P76037	2.A.3.1.13	P76037	[('putrescine + H(+) = putrescine + H(+)', 'CHEBI:326268 + CHEBI:15378 = CHEBI:326268 + CHEBI:15378'), ('putrescine  + n H+  = putrescine  + n H+', 'CHEBI:17148 + n CHEBI:15378 = CHEBI:17148 + n CHEBI:15378')]	0.0	100.0
P0AA47	2.A.3.1.14	P0AA47	[('putrescine + H(+) = putrescine + H(+)', 'CHEBI:326268 + CHEBI:15378 = CHEBI:326268 + CHEBI:15378'), ('putrescine  + n H+  = putrescine  + n H+', 'CHEBI:17148 + n CHEBI:15378 = CHEBI:17148 + n CHEBI:15378')]	0.0	100.0
P27837	2.A.3.1.15	P27837	[('L-serine + H(+) = L-serine + H(+)', 'CHEBI:33384 + CHEBI:15378 = CHEBI:33384 + CHEBI:15378'), ('L-threonine + H(+) = L-threonine + H(+)', 'CHEBI:57926 + CHEBI:15378 = CHEBI:57926 + CHEBI:15378'), ('S  + n H+  = S  + n H+', 'S + n CHEBI:15378 = S + n CHEBI:15378')]	0.0	100.0
P25737	2.A.3.1.2	P25737	[('L-lysine + H(+) = L-lysine + H(+)', 'CHEBI:32551 + CHEBI:15378 = CHEBI:32551 + CHEBI:15378'), ('hydron  + n H+  = hydron  + n H+', 'CHEBI:15378 + n CHEBI:15378 = CHEBI:15378 + n CHEBI:15378'), ('lysine  + n H+  = lysine  + n H+', 'CHEBI:25094 + n CHEBI:15378 = CHEBI:25094 + n CHEBI:15378')]	0.0	100.0
P0AAE2	2.A.3.1.23	P0AAE2	[('proline  + n H+  = proline  + n H+', 'CHEBI:26271 + n CHEBI:15378 = CHEBI:26271 + n CHEBI:15378')]	0.0	100.0
P77610	2.A.3.1.24	P77610	[('asparagine  + n H+  = asparagine  + n H+', 'CHEBI:22653 + n CHEBI:15378 = CHEBI:22653 + n CHEBI:15378')]	0.0	100.0
P15993	2.A.3.1.3	P15993	[('L-tryptophan + H(+) = L-tryptophan + H(+)', 'CHEBI:57912 + CHEBI:15378 = CHEBI:57912 + CHEBI:15378'), ('L-tyrosine + H(+) = L-tyrosine + H(+)', 'CHEBI:58315 + CHEBI:15378 = CHEBI:58315 + CHEBI:15378'), ('L-phenylalanine + H(+) = L-phenylalanine + H(+)', 'CHEBI:58095 + CHEBI:15378 = CHEBI:58095 + CHEBI:15378'), ('phenylalanine  + n H+  = phenylalanine  + n H+', 'CHEBI:28044 + n CHEBI:15378 = CHEBI:28044 + n CHEBI:15378'), ('tryptophan  + n H+  = tryptophan  + n H+', 'CHEBI:27897 + n CHEBI:15378 = CHEBI:27897 + n CHEBI:15378'), ('tyrosine  + n H+  = tyrosine  + n H+', 'CHEBI:18186 + n CHEBI:15378 = CHEBI:18186 + n CHEBI:15378')]	0.0	100.0
P25527	2.A.3.1.4	P25527	[('4-aminobutanoate + H(+) = 4-aminobutanoate + H(+)', 'CHEBI:59888 + CHEBI:15378 = CHEBI:59888 + CHEBI:15378'), ('hydron  + n H+  = hydron  + n H+', 'CHEBI:15378 + n CHEBI:15378 = CHEBI:15378 + n CHEBI:15378'), ('gamma-aminobutyric acid  + n H+  = gamma-aminobutyric acid  + n H+', 'CHEBI:16865 + n CHEBI:15378 = CHEBI:16865 + n CHEBI:15378')]	0.0	100.0
P37460	2.A.3.1.6	P0AAE2	[('proline  + n H+  = proline  + n H+', 'CHEBI:26271 + n CHEBI:15378 = CHEBI:26271 + n CHEBI:15378')]	0.0	95.824
P0AAE0	2.A.3.1.7	P0AAE0	[('L-alanine + H(+) = L-alanine + H(+)', 'CHEBI:57972 + CHEBI:15378 = CHEBI:57972 + CHEBI:15378'), ('D-alanine + H(+) = D-alanine + H(+)', 'CHEBI:57416 + CHEBI:15378 = CHEBI:57416 + CHEBI:15378'), ('glycine + H(+) = glycine + H(+)', 'CHEBI:57305 + CHEBI:15378 = CHEBI:57305 + CHEBI:15378'), ('D-cycloserine + H(+) = D-cycloserine + H(+)', 'CHEBI:75929 + CHEBI:15378 = CHEBI:75929 + CHEBI:15378'), ('D-serine + H(+) = D-serine + H(+)', 'CHEBI:35247 + CHEBI:15378 = CHEBI:35247 + CHEBI:15378'), ('beta-alanine + H(+) = beta-alanine + H(+)', 'CHEBI:57966 + CHEBI:15378 = CHEBI:57966 + CHEBI:15378'), ('hydron  + n H+  = hydron  + n H+', 'CHEBI:15378 + n CHEBI:15378 = CHEBI:15378 + n CHEBI:15378'), ('D-alanine  + n H+  = D-alanine  + n H+', 'CHEBI:15570 + n CHEBI:15378 = CHEBI:15570 + n CHEBI:15378'), ('D-serine  + n H+  = D-serine  + n H+', 'CHEBI:16523 + n CHEBI:15378 = CHEBI:16523 + n CHEBI:15378'), ('glycine  + n H+  = glycine  + n H+', 'CHEBI:15428 + n CHEBI:15378 = CHEBI:15428 + n CHEBI:15378'), ('serine  + n H+  = serine  + n H+', 'CHEBI:17822 + n CHEBI:15378 = CHEBI:17822 + n CHEBI:15378'), ('D-cycloserine  + n H+  = D-cycloserine  + n H+', 'CHEBI:40009 + n CHEBI:15378 = CHEBI:40009 + n CHEBI:15378')]	0.0	100.0
P40812	2.A.3.1.8	P77610	[('asparagine  + n H+  = asparagine  + n H+', 'CHEBI:22653 + n CHEBI:15378 = CHEBI:22653 + n CHEBI:15378')]	0.0	91.383
P39277	2.A.3.13.1	P39277	[('L-valine + H(+) = L-valine + H(+)', 'CHEBI:57762 + CHEBI:15378 = CHEBI:57762 + CHEBI:15378'), ('L-leucine + H(+) = L-leucine + H(+)', 'CHEBI:57427 + CHEBI:15378 = CHEBI:57427 + CHEBI:15378'), ('L-isoleucine + H(+) = L-isoleucine + H(+)', 'CHEBI:58045 + CHEBI:15378 = CHEBI:58045 + CHEBI:15378'), ('L-methionine + H(+) = L-methionine + H(+)', 'CHEBI:57844 + CHEBI:15378 = CHEBI:57844 + CHEBI:15378'), ('methionine  + n H+  = methionine  + n H+', 'CHEBI:16811 + n CHEBI:15378 = CHEBI:16811 + n CHEBI:15378')]	0.0	100.0
P0AAF1	2.A.3.2.1	P0AAF1	[('putrescine + L-ornithine = putrescine + L-ornithine', 'CHEBI:326268 + CHEBI:46911 = CHEBI:326268 + CHEBI:46911'), ('putrescine + H(+) = putrescine + H(+)', 'CHEBI:326268 + CHEBI:15378 = CHEBI:326268 + CHEBI:15378'), ('putrescine  + n H+  = putrescine  + n H+', 'CHEBI:17148 + n CHEBI:15378 = CHEBI:17148 + n CHEBI:15378')]	0.0	100.0
P0AAE8	2.A.3.2.2	P0AAE8	[('cadaverine + L-lysine = cadaverine + L-lysine', 'CHEBI:58384 + CHEBI:32551 = CHEBI:58384 + CHEBI:32551'), ('cadaverine + H(+) = cadaverine + H(+)', 'CHEBI:58384 + CHEBI:15378 = CHEBI:58384 + CHEBI:15378'), ('cadaverine  + n H+  = cadaverine  + n H+', 'CHEBI:18127 + n CHEBI:15378 = CHEBI:18127 + n CHEBI:15378')]	0.0	100.0
P60061	2.A.3.2.5	P60061	[('agmatine + L-arginine = agmatine + L-arginine', 'CHEBI:58145 + CHEBI:32682 = CHEBI:58145 + CHEBI:32682'), ('arginine  + n H+  = arginine  + n H+', 'CHEBI:29016 + n CHEBI:15378 = CHEBI:29016 + n CHEBI:15378')]	0.0	100.0
P0AAE5	2.A.3.2.8	P0AAE5	[('L-ornithine + L-arginine = L-ornithine + L-arginine', 'CHEBI:46911 + CHEBI:32682 = CHEBI:46911 + CHEBI:32682'), ('arginine  + n H+  = arginine  + n H+', 'CHEBI:29016 + n CHEBI:15378 = CHEBI:29016 + n CHEBI:15378')]	0.0	100.0
P77400	2.A.3.6.4	P77400	[('S  + n H+  = S  + n H+', 'S + n CHEBI:15378 = S + n CHEBI:15378')]	0.0	100.0
P75835	2.A.3.7.2	P75835	[('glutamate(2-)  + n H+  = glutamate(2-)  + n H+', 'CHEBI:29987 + n CHEBI:15378 = CHEBI:29987 + n CHEBI:15378'), ('gamma-aminobutyric acid  + n H+  = gamma-aminobutyric acid  + n H+', 'CHEBI:16865 + n CHEBI:15378 = CHEBI:16865 + n CHEBI:15378')]	0.0	100.0
C8U8G2	2.A.3.7.3	P63235	[('glutamate(2-)  + n H+  = glutamate(2-)  + n H+', 'CHEBI:29987 + n CHEBI:15378 = CHEBI:29987 + n CHEBI:15378')]	0.0	100.0
P42590	2.A.3.7.4	P42590	[('S  + n H+  = S  + n H+', 'S + n CHEBI:15378 = S + n CHEBI:15378')]	0.0	100.0
P39282	2.A.3.7.5	P39282	[('S  + n H+  = S  + n H+', 'S + n CHEBI:15378 = S + n CHEBI:15378')]	0.0	100.0
P45539	2.A.3.8.17	P45539	[('N(6)-(D-psicosyl)-L-lysine = N(6)-(D-psicosyl)-L-lysine', 'CHEBI:61403 = CHEBI:61403'), ('N(6)-(D-fructosyl)-L-lysine = N(6)-(D-fructosyl)-L-lysine', 'CHEBI:61393 = CHEBI:61393'), ('fructosyllysine(1+)  + n H+  = fructosyllysine(1+)  + n H+', 'CHEBI:61393 + n CHEBI:15378 = CHEBI:61393 + n CHEBI:15378'), ('psicosyllysine  + n H+  = psicosyllysine  + n H+', 'CHEBI:61425 + n CHEBI:15378 = CHEBI:61425 + n CHEBI:15378')]	0.0	100.0
P13738	2.A.33.1.1	P13738	[('Na(+) + 2 H(+) = Na(+) + 2 H(+)', 'CHEBI:29101 + 2 CHEBI:15378 = CHEBI:29101 + 2 CHEBI:15378'), ('Li(+) + 2 H(+) = Li(+) + 2 H(+)', 'CHEBI:49713 + 2 CHEBI:15378 = CHEBI:49713 + 2 CHEBI:15378')]	0.0	100.0
P0AFA7	2.A.34.1.1	P0AFA7	[('2 Na(+) + 3 H(+) = 2 Na(+) + 3 H(+)', '2 CHEBI:29101 + 3 CHEBI:15378 = 2 CHEBI:29101 + 3 CHEBI:15378')]	0.0	100.0
P32703	2.A.36.3.1	P32703	[('Na+  + H+  = Na+  + H+', 'CHEBI:29101 + CHEBI:15378 = CHEBI:29101 + CHEBI:15378')]	0.0	100.0
P76007	2.A.36.6.11	P76007	[('K(+) + H(+) = K(+) + H(+)', 'CHEBI:29103 + CHEBI:15378 = CHEBI:29103 + CHEBI:15378'), ('sodium(1+)  + H+  = sodium(1+)  + H+', 'CHEBI:29101 + CHEBI:15378 = CHEBI:29101 + CHEBI:15378')]	0.0	100.0
P03819	2.A.37.1.1	P03819	[('a quinone + NADH + H(+) = a quinol + NAD(+)', 'CHEBI:132124 + CHEBI:57945 + CHEBI:15378 = CHEBI:24646 + CHEBI:57540'), ('a quinone + NADPH + H(+) = a quinol + NADP(+)', 'CHEBI:132124 + CHEBI:57783 + CHEBI:15378 = CHEBI:24646 + CHEBI:58349')]	0.0	100.0
P0A754	2.A.37.1.1	P0A754	[('a quinone + NADH + H(+) = a quinol + NAD(+)', 'CHEBI:132124 + CHEBI:57945 + CHEBI:15378 = CHEBI:24646 + CHEBI:57540'), ('a quinone + NADPH + H(+) = a quinol + NADP(+)', 'CHEBI:132124 + CHEBI:57783 + CHEBI:15378 = CHEBI:24646 + CHEBI:58349')]	8.440000000000001e-132	100.0
P0A756	2.A.37.1.2	P0A756	[('a quinone + NADH + H(+) = a quinol + NAD(+)', 'CHEBI:132124 + CHEBI:57945 + CHEBI:15378 = CHEBI:24646 + CHEBI:57540'), ('a quinone + NADPH + H(+) = a quinol + NADP(+)', 'CHEBI:132124 + CHEBI:57783 + CHEBI:15378 = CHEBI:24646 + CHEBI:58349')]	5.54e-138	100.0
P45522	2.A.37.1.2	P45522	[('a quinone + NADH + H(+) = a quinol + NAD(+)', 'CHEBI:132124 + CHEBI:57945 + CHEBI:15378 = CHEBI:24646 + CHEBI:57540'), ('a quinone + NADPH + H(+) = a quinol + NADP(+)', 'CHEBI:132124 + CHEBI:57783 + CHEBI:15378 = CHEBI:24646 + CHEBI:58349')]	0.0	100.0
P39830	2.A.37.1.5	P39830	[('no_reaction_identified', 'no_reaction_identified')]	0.0	100.0
P0AFZ7	2.A.38.1.1	P0AFZ7	[('no_reaction_identified', 'no_reaction_identified')]	0.0	100.0
P0AGI8	2.A.38.1.1	P0AGI8	[('no_reaction_identified', 'no_reaction_identified')]	0.0	100.0
P23849	2.A.38.1.6	P23849	[('no_reaction_identified', 'no_reaction_identified')]	0.0	100.0
P0AA82	2.A.39.1.1	P0AA82	[('no_reaction_identified', 'no_reaction_identified')]	0.0	100.0
P75712	2.A.39.3.8	P75712	[('(S)-allantoin + H(+) = (S)-allantoin + H(+)', 'CHEBI:15678 + CHEBI:15378 = CHEBI:15678 + CHEBI:15378')]	0.0	100.0
P75757	2.A.4.1.4	P75757	[('no_reaction_identified', 'no_reaction_identified')]	0.0	100.0
P69380	2.A.4.7.1	P69380	[('Zn(2+) + H(+) = Zn(2+) + H(+)', 'CHEBI:29105 + CHEBI:15378 = CHEBI:29105 + CHEBI:15378'), ('Fe(2+) + H(+) = Fe(2+) + H(+)', 'CHEBI:29033 + CHEBI:15378 = CHEBI:29033 + CHEBI:15378'), ('Cd(2+) + H(+) = Cd(2+) + H(+)', 'CHEBI:48775 + CHEBI:15378 = CHEBI:48775 + CHEBI:15378')]	0.0	100.0
P0AGM7	2.A.40.1.1	P0AGM7	[('uracil + H(+) = uracil + H(+)', 'CHEBI:17568 + CHEBI:15378 = CHEBI:17568 + CHEBI:15378')]	0.0	100.0
P75892	2.A.40.1.3	P75892	[('no_reaction_identified', 'no_reaction_identified')]	0.0	100.0
Q46821	2.A.40.3.3	Q46821	[('no_reaction_identified', 'no_reaction_identified')]	0.0	100.0
P0AGM9	2.A.40.4.2	P0AGM9	[('xanthine + H(+) = xanthine + H(+)', 'CHEBI:17712 + CHEBI:15378 = CHEBI:17712 + CHEBI:15378')]	0.0	100.0
P67444	2.A.40.4.3	P67444	[('xanthine + H(+) = xanthine + H(+)', 'CHEBI:17712 + CHEBI:15378 = CHEBI:17712 + CHEBI:15378')]	0.0	100.0
P77328	2.A.40.5.1	P77328	[('no_reaction_identified', 'no_reaction_identified')]	0.0	100.0
P31440	2.A.40.7.4	P31440	[('no_reaction_identified', 'no_reaction_identified')]	0.0	100.0
P0AF52	2.A.40.7.5	P0AF52	[('no_reaction_identified', 'no_reaction_identified')]	0.0	100.0
P31466	2.A.40.7.6	P31466	[('no_reaction_identified', 'no_reaction_identified')]	0.0	100.0
Q46817	2.A.40.7.7	Q46817	[('no_reaction_identified', 'no_reaction_identified')]	0.0	100.0
P0AFF2	2.A.41.1.1	P0AFF2	"[(""2'-deoxycytidine + H(+) = 2'-deoxycytidine + H(+)"", 'CHEBI:15698 + CHEBI:15378 = CHEBI:15698 + CHEBI:15378'), ('adenosine + H(+) = adenosine + H(+)', 'CHEBI:16335 + CHEBI:15378 = CHEBI:16335 + CHEBI:15378'), ('cytidine + H(+) = cytidine + H(+)', 'CHEBI:17562 + CHEBI:15378 = CHEBI:17562 + CHEBI:15378'), ('uridine + H(+) = uridine + H(+)', 'CHEBI:16704 + CHEBI:15378 = CHEBI:16704 + CHEBI:15378'), ('thymidine + H(+) = thymidine + H(+)', 'CHEBI:17748 + CHEBI:15378 = CHEBI:17748 + CHEBI:15378')]"	0.0	100.0
P33021	2.A.41.2.10	P33021	[('no_reaction_identified', 'no_reaction_identified')]	0.0	100.0
P33024	2.A.41.2.9	P33024	[('no_reaction_identified', 'no_reaction_identified')]	0.0	100.0
P0AAD4	2.A.42.1.1	P0AAD4	[('L-tyrosine + H(+) = L-tyrosine + H(+)', 'CHEBI:58315 + CHEBI:15378 = CHEBI:58315 + CHEBI:15378')]	0.0	100.0
P0AAD2	2.A.42.1.2	P0AAD2	[('L-tryptophan + H(+) = L-tryptophan + H(+)', 'CHEBI:57912 + CHEBI:15378 = CHEBI:57912 + CHEBI:15378')]	0.0	100.0
P23173	2.A.42.1.3	P23173	[('no_reaction_identified', 'no_reaction_identified')]	0.0	100.0
P0AAD6	2.A.42.2.1	P0AAD6	[('L-serine + H(+) = L-serine + H(+)', 'CHEBI:33384 + CHEBI:15378 = CHEBI:33384 + CHEBI:15378')]	0.0	100.0
P0AAD8	2.A.42.2.2	P0AAD8	[('L-serine + H(+) = L-serine + H(+)', 'CHEBI:33384 + CHEBI:15378 = CHEBI:33384 + CHEBI:15378'), ('L-threonine + H(+) = L-threonine + H(+)', 'CHEBI:57926 + CHEBI:15378 = CHEBI:57926 + CHEBI:15378')]	0.0	100.0
P37660	2.A.42.2.3	P37660	[('no_reaction_identified', 'no_reaction_identified')]	0.0	100.0
P42628	2.A.42.2.4	P42628	[('no_reaction_identified', 'no_reaction_identified')]	0.0	100.0
P63340	2.A.42.2.5	P63340	[('no_reaction_identified', 'no_reaction_identified')]	0.0	100.0
P75788	2.A.45.2.5	P75788	[('no_reaction_identified', 'no_reaction_identified')]	0.0	100.0
P76103	2.A.46.1.9	P76103	[('no_reaction_identified', 'no_reaction_identified')]	0.0	100.0
P0AE74	2.A.47.3.2	P0AE74	[('no_reaction_identified', 'no_reaction_identified')]	0.0	100.0
P39414	2.A.47.3.3	P39414	[('(2R,3R)-tartrate + succinate = (2R,3R)-tartrate + succinate', 'CHEBI:30924 + CHEBI:30031 = CHEBI:30924 + CHEBI:30031')]	0.0	100.0
P75763	2.A.47.3.5	P75763	[('no_reaction_identified', 'no_reaction_identified')]	0.0	100.0
P0AFU2	2.A.47.4.8	P0AFU2	[('no_reaction_identified', 'no_reaction_identified')]	0.0	100.0
P37019	2.A.49.5.1	P37019	[('2 chloride + H(+) = 2 chloride + H(+)', '2 CHEBI:17996 + CHEBI:15378 = 2 CHEBI:17996 + CHEBI:15378')]	0.0	100.0
Q8FHC1	2.A.49.5.3	P76175	[('no_reaction_identified', 'no_reaction_identified')]	0.0	98.565
H5KWQ5	2.A.49.7.1	P67729	[('no_reaction_identified', 'no_reaction_identified')]	0.0	99.761
P0A8H3	2.A.5.5.1	P0A8H3	[('Zn(2+) = Zn(2+)', 'CHEBI:29105 = CHEBI:29105'), ('Mn(2+) = Mn(2+)', 'CHEBI:29035 = CHEBI:29035'), ('Co(2+) = Co(2+)', 'CHEBI:48828 = CHEBI:48828'), ('Fe(2+) = Fe(2+)', 'CHEBI:29033 = CHEBI:29033'), ('Cu(2+) = Cu(2+)', 'CHEBI:29036 = CHEBI:29036'), ('Cd(2+) = Cd(2+)', 'CHEBI:48775 = CHEBI:48775'), ('Me2+  =(pmf) Me2+', 'CHEBI:24870 =(pmf) CHEBI:24870')]	0.0	100.0
P0AFR2	2.A.53.3.11	P0AFR2	[('succinate + 2 H(+) = succinate + 2 H(+)', 'CHEBI:30031 + 2 CHEBI:15378 = CHEBI:30031 + 2 CHEBI:15378'), ('L-aspartate + 2 H(+) = L-aspartate + 2 H(+)', 'CHEBI:29991 + 2 CHEBI:15378 = CHEBI:29991 + 2 CHEBI:15378'), ('fumarate + 2 H(+) = fumarate + 2 H(+)', 'CHEBI:29806 + 2 CHEBI:15378 = CHEBI:29806 + 2 CHEBI:15378')]	0.0	100.0
P0A769	2.A.55.3.1	P0A769	[('no_reaction_identified', 'no_reaction_identified')]	0.0	100.0
P37674	2.A.56.1.2	P37674	[('2,3-diketogulonate  + n H+  = 2,3-diketogulonate  + n H+', 'CHEBI:57441 + n CHEBI:15378 = CHEBI:57441 + n CHEBI:15378')]	1.68e-113	100.0
P37675	2.A.56.1.2	P37675	[('2,3-diketogulonate  + n H+  = 2,3-diketogulonate  + n H+', 'CHEBI:57441 + n CHEBI:15378 = CHEBI:57441 + n CHEBI:15378')]	0.0	100.0
P37676	2.A.56.1.2	P37676	[('2,3-diketogulonate  + n H+  = 2,3-diketogulonate  + n H+', 'CHEBI:57441 + n CHEBI:15378 = CHEBI:57441 + n CHEBI:15378')]	0.0	100.0
P0AF43	2.A.58.2.1	P0AF43	[('no_reaction_identified', 'no_reaction_identified')]	0.0	100.0
P38054	2.A.6.1.4	P38054	[('copper(1+)  + n H+  = copper(1+)  + n H+', 'CHEBI:49552 + n CHEBI:15378 = CHEBI:49552 + n CHEBI:15378'), ('silver(1+)  + n H+  = silver(1+)  + n H+', 'CHEBI:49468 + n CHEBI:15378 = CHEBI:49468 + n CHEBI:15378')]	0.0	100.0
P77214	2.A.6.1.4	P77214	[('copper(1+)  + n H+  = copper(1+)  + n H+', 'CHEBI:49552 + n CHEBI:15378 = CHEBI:49552 + n CHEBI:15378'), ('silver(1+)  + n H+  = silver(1+)  + n H+', 'CHEBI:49468 + n CHEBI:15378 = CHEBI:49468 + n CHEBI:15378')]	6.920000000000001e-79	100.0
P77239	2.A.6.1.4	P77239	[('copper(1+)  + n H+  = copper(1+)  + n H+', 'CHEBI:49552 + n CHEBI:15378 = CHEBI:49552 + n CHEBI:15378'), ('silver(1+)  + n H+  = silver(1+)  + n H+', 'CHEBI:49468 + n CHEBI:15378 = CHEBI:49468 + n CHEBI:15378')]	0.0	100.0
P24181	2.A.6.2.1	P24181	[('rhodamine 6G  + n H+  = rhodamine 6G  + n H+', 'CHEBI:52672 + n CHEBI:15378 = CHEBI:52672 + n CHEBI:15378'), ('3,6-diamino-10-methylacridinium chloride  + n H+  = 3,6-diamino-10-methylacridinium chloride  + n H+', 'CHEBI:383703 + n CHEBI:15378 = CHEBI:383703 + n CHEBI:15378'), ('deoxycholate  + n H+  = deoxycholate  + n H+', 'CHEBI:23614 + n CHEBI:15378 = CHEBI:23614 + n CHEBI:15378'), ('doxorubicin  + n H+  = doxorubicin  + n H+', 'CHEBI:28748 + n CHEBI:15378 = CHEBI:28748 + n CHEBI:15378'), ('ethidium  + n H+  = ethidium  + n H+', 'CHEBI:42478 + n CHEBI:15378 = CHEBI:42478 + n CHEBI:15378')]	0.0	100.0
P76398	2.A.6.2.12	P76398	[('benzalkonium chloride  + n H+  = benzalkonium chloride  + n H+', 'CHEBI:3020 + n CHEBI:15378 = CHEBI:3020 + n CHEBI:15378'), ('sodium dodecyl sulfate  + n H+  = sodium dodecyl sulfate  + n H+', 'CHEBI:8984 + n CHEBI:15378 = CHEBI:8984 + n CHEBI:15378'), ('copper cation  + n H+  = copper cation  + n H+', 'CHEBI:23378 + n CHEBI:15378 = CHEBI:23378 + n CHEBI:15378'), ('zinc ion  + n H+  = zinc ion  + n H+', 'CHEBI:27365 + n CHEBI:15378 = CHEBI:27365 + n CHEBI:15378'), ('deoxycholate  + n H+  = deoxycholate  + n H+', 'CHEBI:23614 + n CHEBI:15378 = CHEBI:23614 + n CHEBI:15378'), ('enoxacin  + n H+  = enoxacin  + n H+', 'CHEBI:157175 + n CHEBI:15378 = CHEBI:157175 + n CHEBI:15378'), ('norfloxacin  + n H+  = norfloxacin  + n H+', 'CHEBI:100246 + n CHEBI:15378 = CHEBI:100246 + n CHEBI:15378'), ('cloxacillin  + n H+  = cloxacillin  + n H+', 'CHEBI:49566 + n CHEBI:15378 = CHEBI:49566 + n CHEBI:15378'), ('nalidixic acid  + n H+  = nalidixic acid  + n H+', 'CHEBI:100147 + n CHEBI:15378 = CHEBI:100147 + n CHEBI:15378'), ('bile acid  + n H+  = bile acid  + n H+', 'CHEBI:3098 + n CHEBI:15378 = CHEBI:3098 + n CHEBI:15378'), ('kanamycin  + n H+  = kanamycin  + n H+', 'CHEBI:6104 + n CHEBI:15378 = CHEBI:6104 + n CHEBI:15378')]	0.0	100.0
P76399	2.A.6.2.12	P76399	[('benzalkonium chloride  + n H+  = benzalkonium chloride  + n H+', 'CHEBI:3020 + n CHEBI:15378 = CHEBI:3020 + n CHEBI:15378'), ('sodium dodecyl sulfate  + n H+  = sodium dodecyl sulfate  + n H+', 'CHEBI:8984 + n CHEBI:15378 = CHEBI:8984 + n CHEBI:15378'), ('copper cation  + n H+  = copper cation  + n H+', 'CHEBI:23378 + n CHEBI:15378 = CHEBI:23378 + n CHEBI:15378'), ('zinc ion  + n H+  = zinc ion  + n H+', 'CHEBI:27365 + n CHEBI:15378 = CHEBI:27365 + n CHEBI:15378'), ('deoxycholate  + n H+  = deoxycholate  + n H+', 'CHEBI:23614 + n CHEBI:15378 = CHEBI:23614 + n CHEBI:15378'), ('enoxacin  + n H+  = enoxacin  + n H+', 'CHEBI:157175 + n CHEBI:15378 = CHEBI:157175 + n CHEBI:15378'), ('norfloxacin  + n H+  = norfloxacin  + n H+', 'CHEBI:100246 + n CHEBI:15378 = CHEBI:100246 + n CHEBI:15378'), ('cloxacillin  + n H+  = cloxacillin  + n H+', 'CHEBI:49566 + n CHEBI:15378 = CHEBI:49566 + n CHEBI:15378'), ('nalidixic acid  + n H+  = nalidixic acid  + n H+', 'CHEBI:100147 + n CHEBI:15378 = CHEBI:100147 + n CHEBI:15378'), ('bile acid  + n H+  = bile acid  + n H+', 'CHEBI:3098 + n CHEBI:15378 = CHEBI:3098 + n CHEBI:15378'), ('kanamycin  + n H+  = kanamycin  + n H+', 'CHEBI:6104 + n CHEBI:15378 = CHEBI:6104 + n CHEBI:15378')]	0.0	100.0
P37637	2.A.6.2.13	P37637	[('rhodamine 6G  + n H+  = rhodamine 6G  + n H+', 'CHEBI:52672 + n CHEBI:15378 = CHEBI:52672 + n CHEBI:15378'), ('benzalkonium chloride  + n H+  = benzalkonium chloride  + n H+', 'CHEBI:3020 + n CHEBI:15378 = CHEBI:3020 + n CHEBI:15378'), ('crystal violet  + n H+  = crystal violet  + n H+', 'CHEBI:41688 + n CHEBI:15378 = CHEBI:41688 + n CHEBI:15378'), ('sodium dodecyl sulfate  + n H+  = sodium dodecyl sulfate  + n H+', 'CHEBI:8984 + n CHEBI:15378 = CHEBI:8984 + n CHEBI:15378'), ('deoxycholate  + n H+  = deoxycholate  + n H+', 'CHEBI:23614 + n CHEBI:15378 = CHEBI:23614 + n CHEBI:15378'), ('thiamine(1+) diphosphate  + n H+  = thiamine(1+) diphosphate  + n H+', 'CHEBI:9532 + n CHEBI:15378 = CHEBI:9532 + n CHEBI:15378'), ('doxorubicin  + n H+  = doxorubicin  + n H+', 'CHEBI:28748 + n CHEBI:15378 = CHEBI:28748 + n CHEBI:15378'), ('17beta-estradiol  + n H+  = 17beta-estradiol  + n H+', 'CHEBI:16469 + n CHEBI:15378 = CHEBI:16469 + n CHEBI:15378'), ('progesterone  + n H+  = progesterone  + n H+', 'CHEBI:17026 + n CHEBI:15378 = CHEBI:17026 + n CHEBI:15378'), ('ethidium  + n H+  = ethidium  + n H+', 'CHEBI:42478 + n CHEBI:15378 = CHEBI:42478 + n CHEBI:15378'), ('erythromycin A  + n H+  = erythromycin A  + n H+', 'CHEBI:42355 + n CHEBI:15378 = CHEBI:42355 + n CHEBI:15378')]	0.0	100.0
P31224	2.A.6.2.2	P31224	[('phospholipid  + n H+  = phospholipid  + n H+', 'CHEBI:8150 + n CHEBI:15378 = CHEBI:8150 + n CHEBI:15378'), ('bile acid  + n H+  = bile acid  + n H+', 'CHEBI:3098 + n CHEBI:15378 = CHEBI:3098 + n CHEBI:15378'), ('ethidium  + n H+  = ethidium  + n H+', 'CHEBI:42478 + n CHEBI:15378 = CHEBI:42478 + n CHEBI:15378'), ('steroid hormone  + n H+  = steroid hormone  + n H+', 'CHEBI:26764 + n CHEBI:15378 = CHEBI:26764 + n CHEBI:15378'), ('disinfectant  + n H+  = disinfectant  + n H+', 'CHEBI:48219 + n CHEBI:15378 = CHEBI:48219 + n CHEBI:15378'), ('detergent  + n H+  = detergent  + n H+', 'CHEBI:27780 + n CHEBI:15378 = CHEBI:27780 + n CHEBI:15378'), ('drug  + n H+  = drug  + n H+', 'CHEBI:23888 + n CHEBI:15378 = CHEBI:23888 + n CHEBI:15378'), ('dye  + n H+  = dye  + n H+', 'CHEBI:37958 + n CHEBI:15378 = CHEBI:37958 + n CHEBI:15378')]	0.0	100.0
P0AAW9	2.A.6.2.2	P0AAW9	[('phospholipid  + n H+  = phospholipid  + n H+', 'CHEBI:8150 + n CHEBI:15378 = CHEBI:8150 + n CHEBI:15378'), ('bile acid  + n H+  = bile acid  + n H+', 'CHEBI:3098 + n CHEBI:15378 = CHEBI:3098 + n CHEBI:15378'), ('ethidium  + n H+  = ethidium  + n H+', 'CHEBI:42478 + n CHEBI:15378 = CHEBI:42478 + n CHEBI:15378'), ('steroid hormone  + n H+  = steroid hormone  + n H+', 'CHEBI:26764 + n CHEBI:15378 = CHEBI:26764 + n CHEBI:15378'), ('disinfectant  + n H+  = disinfectant  + n H+', 'CHEBI:48219 + n CHEBI:15378 = CHEBI:48219 + n CHEBI:15378'), ('detergent  + n H+  = detergent  + n H+', 'CHEBI:27780 + n CHEBI:15378 = CHEBI:27780 + n CHEBI:15378'), ('drug  + n H+  = drug  + n H+', 'CHEBI:23888 + n CHEBI:15378 = CHEBI:23888 + n CHEBI:15378'), ('dye  + n H+  = dye  + n H+', 'CHEBI:37958 + n CHEBI:15378 = CHEBI:37958 + n CHEBI:15378')]	3.4000000000000003e-29	100.0
P24177	2.A.6.2.7	P24177	[('copper(2+)  + n H+  = copper(2+)  + n H+', 'CHEBI:29036 + n CHEBI:15378 = CHEBI:29036 + n CHEBI:15378'), ('zinc(2+)  + n H+  = zinc(2+)  + n H+', 'CHEBI:29105 + n CHEBI:15378 = CHEBI:29105 + n CHEBI:15378'), ('sodium dodecyl sulfate  + n H+  = sodium dodecyl sulfate  + n H+', 'CHEBI:8984 + n CHEBI:15378 = CHEBI:8984 + n CHEBI:15378'), ('deoxycholate  + n H+  = deoxycholate  + n H+', 'CHEBI:23614 + n CHEBI:15378 = CHEBI:23614 + n CHEBI:15378'), ('L-cysteine  + n H+  = L-cysteine  + n H+', 'CHEBI:17561 + n CHEBI:15378 = CHEBI:17561 + n CHEBI:15378'), ('amikacin  + n H+  = amikacin  + n H+', 'CHEBI:2637 + n CHEBI:15378 = CHEBI:2637 + n CHEBI:15378'), ('amino cyclitol glycoside  + n H+  = amino cyclitol glycoside  + n H+', 'CHEBI:22479 + n CHEBI:15378 = CHEBI:22479 + n CHEBI:15378'), ('gentamycin  + n H+  = gentamycin  + n H+', 'CHEBI:24212 + n CHEBI:15378 = CHEBI:24212 + n CHEBI:15378'), ('kanamycin  + n H+  = kanamycin  + n H+', 'CHEBI:6104 + n CHEBI:15378 = CHEBI:6104 + n CHEBI:15378'), ('tobramycin  + n H+  = tobramycin  + n H+', 'CHEBI:28864 + n CHEBI:15378 = CHEBI:28864 + n CHEBI:15378'), ('neomycin  + n H+  = neomycin  + n H+', 'CHEBI:7507 + n CHEBI:15378 = CHEBI:7507 + n CHEBI:15378'), ('17beta-estradiol  + n H+  = 17beta-estradiol  + n H+', 'CHEBI:16469 + n CHEBI:15378 = CHEBI:16469 + n CHEBI:15378'), ('progesterone  + n H+  = progesterone  + n H+', 'CHEBI:17026 + n CHEBI:15378 = CHEBI:17026 + n CHEBI:15378')]	0.0	100.0
P0AG90	2.A.6.4.1	P0AG90	[('hydron  + n H+  = hydron  + n H+', 'CHEBI:15378 + n CHEBI:15378 = CHEBI:15378 + n CHEBI:15378'), ('protein polypeptide chain  + n H+  = protein polypeptide chain  + n H+', 'CHEBI:8526 + n CHEBI:15378 = CHEBI:8526 + n CHEBI:15378')]	0.0	100.0
P0AG93	2.A.6.4.1	P0AG93	[('hydron  + n H+  = hydron  + n H+', 'CHEBI:15378 + n CHEBI:15378 = CHEBI:15378 + n CHEBI:15378'), ('protein polypeptide chain  + n H+  = protein polypeptide chain  + n H+', 'CHEBI:8526 + n CHEBI:15378 = CHEBI:8526 + n CHEBI:15378')]	0.0	100.0
P0ABP3	2.A.61.1.1	P0ABP3	[('fumarate + 3 H(+) = fumarate + 3 H(+)', 'CHEBI:29806 + 3 CHEBI:15378 = CHEBI:29806 + 3 CHEBI:15378'), ('fumarate + succinate = fumarate + succinate', 'CHEBI:29806 + CHEBI:30031 = CHEBI:29806 + CHEBI:30031')]	0.0	100.0
P45428	2.A.61.1.2	P45428	[('no_reaction_identified', 'no_reaction_identified')]	0.0	100.0
P0A843	2.A.64.1.1	P0A843	[('no_reaction_identified', 'no_reaction_identified')]	4.55e-41	100.0
P69423	2.A.64.1.1	P69423	[('no_reaction_identified', 'no_reaction_identified')]	0.0	100.0
P69425	2.A.64.1.1	P69425	[('no_reaction_identified', 'no_reaction_identified')]	3.1800000000000005e-123	100.0
P69428	2.A.64.1.1	P69428	[('no_reaction_identified', 'no_reaction_identified')]	1.36e-59	100.0
P76352	2.A.66.1.23	P76352	[('no_reaction_identified', 'no_reaction_identified')]	0.0	100.0
P37340	2.A.66.1.3	P37340	[('no_reaction_identified', 'no_reaction_identified')]	0.0	100.0
P28303	2.A.66.1.4	P28303	[('no_reaction_identified', 'no_reaction_identified')]	0.0	100.0
L8CW92	2.A.66.12.6	Q46841	[('no_reaction_identified', 'no_reaction_identified')]	0.0	99.155
P37746	2.A.66.2.1	P37746	[('no_reaction_identified', 'no_reaction_identified')]	0.0	100.0
P0AAA7	2.A.66.2.3	P0AAA7	[('no_reaction_identified', 'no_reaction_identified')]	0.0	100.0
P77377	2.A.66.2.7	P77377	[('no_reaction_identified', 'no_reaction_identified')]	0.0	100.0
P37169	2.A.66.4.1	P0AF16	[('no_reaction_identified', 'no_reaction_identified')]	0.0	94.314
P0AF16	2.A.66.4.3	P0AF16	[('no_reaction_identified', 'no_reaction_identified')]	0.0	100.0
P46133	2.A.68.1.1	P46133	[('N-(4-aminobenzoyl)-L-glutamate + H(+) = N-(4-aminobenzoyl)-L-glutamate + H(+)', 'CHEBI:60903 + CHEBI:15378 = CHEBI:60903 + CHEBI:15378')]	0.0	100.0
P0AA50	2.A.69.3.5	P0AA49	[('no_reaction_identified', 'no_reaction_identified')]	0.0	100.0
P23895	2.A.7.1.3	P23895	[('no_reaction_identified', 'no_reaction_identified')]	1.51e-75	100.0
P69937	2.A.7.1.4	P69937	[('no_reaction_identified', 'no_reaction_identified')]	3.7299999999999996e-67	100.0
P69210	2.A.7.1.9	P69210	[('no_reaction_identified', 'no_reaction_identified')]	5.0100000000000006e-70	100.0
P69213	2.A.7.1.9	P69212	[('no_reaction_identified', 'no_reaction_identified')]	7.45e-81	100.0
P46136	2.A.7.17.2	P46136	[('L-glutamate = L-glutamate', 'CHEBI:29985 = CHEBI:29985'), ('L-lysine = L-lysine', 'CHEBI:32551 = CHEBI:32551'), ('L-valine = L-valine', 'CHEBI:57762 = CHEBI:57762'), ('L-tryptophan = L-tryptophan', 'CHEBI:57912 = CHEBI:57912'), ('L-isoleucine = L-isoleucine', 'CHEBI:58045 = CHEBI:58045'), ('L-tyrosine = L-tyrosine', 'CHEBI:58315 = CHEBI:58315'), ('L-threonine = L-threonine', 'CHEBI:57926 = CHEBI:57926'), ('L-methionine = L-methionine', 'CHEBI:57844 = CHEBI:57844'), ('L-phenylalanine = L-phenylalanine', 'CHEBI:58095 = CHEBI:58095')]	0.0	100.0
P76111	2.A.7.21.2	P76111	[('no_reaction_identified', 'no_reaction_identified')]	8.74e-101	100.0
Q47377	2.A.7.22.1	Q47377	[('no_reaction_identified', 'no_reaction_identified')]	4.12e-75	100.0
P76474	2.A.7.22.1	P76474	[('no_reaction_identified', 'no_reaction_identified')]	5.43e-87	100.0
P76169	2.A.7.26.1	P76169	[('no_reaction_identified', 'no_reaction_identified')]	1.5500000000000002e-72	100.0
P31437	2.A.7.3.12	P31437	[('no_reaction_identified', 'no_reaction_identified')]	0.0	100.0
E1ILD8	2.A.7.3.18	P0AA73	[('no_reaction_identified', 'no_reaction_identified')]	0.0	100.0
P39314	2.A.7.3.19	P39314	[('no_reaction_identified', 'no_reaction_identified')]	0.0	100.0
P31125	2.A.7.3.2	P31125	[('no_reaction_identified', 'no_reaction_identified')]	0.0	100.0
p0aa70	2.A.7.3.22	P0AA70	[('no_reaction_identified', 'no_reaction_identified')]	0.0	100.0
P0ABT9	2.A.7.3.26	P0ABT8	[('no_reaction_identified', 'no_reaction_identified')]	0.0	100.0
P0AA67	2.A.7.3.6	P0AA67	[('no_reaction_identified', 'no_reaction_identified')]	0.0	100.0
P0ADP5	2.A.7.3.61	P0ADP5	[('biotin = biotin', 'CHEBI:57586 = CHEBI:57586')]	0.0	100.0
P27125	2.A.7.6.1	P27125	[('L-mannopyranose + H(+) = L-mannopyranose + H(+)', 'CHEBI:37677 + CHEBI:15378 = CHEBI:37677 + CHEBI:15378'), ('L-lyxopyranose + H(+) = L-lyxopyranose + H(+)', 'CHEBI:62321 + CHEBI:15378 = CHEBI:62321 + CHEBI:15378'), ('L-rhamnopyranose + H(+) = L-rhamnopyranose + H(+)', 'CHEBI:62346 + CHEBI:15378 = CHEBI:62346 + CHEBI:15378')]	0.0	100.0
P27844	2.A.7.7.2	P27844	[('no_reaction_identified', 'no_reaction_identified')]	0.0	100.0
P63183	2.A.72.1.1	P63183	[('K(+) + H(+) = K(+) + H(+)', 'CHEBI:29103 + CHEBI:15378 = CHEBI:29103 + CHEBI:15378')]	0.0	100.0
P76460	2.A.73.1.1	P76460	[('no_reaction_identified', 'no_reaction_identified')]	0.0	100.0
P11667	2.A.75.1.2	P11667	[('L-arginine = L-arginine', 'CHEBI:32682 = CHEBI:32682')]	2.67e-152	100.0
P0AG34	2.A.76.1.1	P0AG34	[('no_reaction_identified', 'no_reaction_identified')]	1.6399999999999998e-147	100.0
P0AG38	2.A.76.1.2	P0AG38	[('no_reaction_identified', 'no_reaction_identified')]	3.34e-149	100.0
P75693	2.A.76.1.3	P75693	[('no_reaction_identified', 'no_reaction_identified')]	6.39e-162	100.0
P38101	2.A.76.1.4	P38101	[('L-cysteine = L-cysteine', 'CHEBI:35235 = CHEBI:35235'), ('O-acetyl-L-serine = O-acetyl-L-serine', 'CHEBI:58340 = CHEBI:58340')]	2.91e-140	100.0
P76249	2.A.76.1.5	P76249	[('L-leucine + H(+) = L-leucine + H(+)', 'CHEBI:57427 + CHEBI:15378 = CHEBI:57427 + CHEBI:15378')]	4.4699999999999995e-152	100.0
P43667	2.A.78.1.3	P43667	[('no_reaction_identified', 'no_reaction_identified')]	5.18e-76	100.0
P76630	2.A.78.1.3	P76630	[('no_reaction_identified', 'no_reaction_identified')]	4.33e-178	100.0
P0ADD5	2.A.79.2.1	P0ADD5	[('no_reaction_identified', 'no_reaction_identified')]	0.0	100.0
P0ADD2	2.A.79.2.1	P0ADD2	[('no_reaction_identified', 'no_reaction_identified')]	5.12e-111	100.0
P39357	2.A.8.1.11	P39357	[('no_reaction_identified', 'no_reaction_identified')]	0.0	100.0
P39344	2.A.8.1.2	P39344	[('D-gluconate + H(+) = D-gluconate + H(+)', 'CHEBI:18391 + CHEBI:15378 = CHEBI:18391 + CHEBI:15378'), ('5-dehydro-D-gluconate + H(+) = 5-dehydro-D-gluconate + H(+)', 'CHEBI:58143 + CHEBI:15378 = CHEBI:58143 + CHEBI:15378'), ('L-idonate + H(+) = L-idonate + H(+)', 'CHEBI:17796 + CHEBI:15378 = CHEBI:17796 + CHEBI:15378')]	0.0	100.0
P0AC94	2.A.8.1.3	P0AC94	[('no_reaction_identified', 'no_reaction_identified')]	0.0	100.0
P39835	2.A.8.1.4	P39835	[('no_reaction_identified', 'no_reaction_identified')]	0.0	100.0
P08555	2.A.8.1.5	P08555	[('no_reaction_identified', 'no_reaction_identified')]	0.0	100.0
Q46892	2.A.8.1.7	Q46892	[('no_reaction_identified', 'no_reaction_identified')]	0.0	100.0
P0AC96	2.A.8.1.8	P0AC96	[('no_reaction_identified', 'no_reaction_identified')]	0.0	100.0
A7ZJR5	2.A.81.1.4	P60869	[('no_reaction_identified', 'no_reaction_identified')]	0.0	99.822
B7L824	2.A.81.1.5	P60872	[('no_reaction_identified', 'no_reaction_identified')]	0.0	100.0
P75870	2.A.85.1.1	P75870	[('no_reaction_identified', 'no_reaction_identified')]	0.0	100.0
P46481	2.A.85.1.2	P46481	[('no_reaction_identified', 'no_reaction_identified')]	0.0	100.0
P45537	2.A.85.1.3	P45537	[('no_reaction_identified', 'no_reaction_identified')]	0.0	100.0
Q8X638	2.A.85.1.6	P76186	[('no_reaction_identified', 'no_reaction_identified')]	0.0	99.403
P32715	2.A.85.6.1	P32715	[('no_reaction_identified', 'no_reaction_identified')]	0.0	100.0
P33011	2.A.85.7.1	P33011	[('no_reaction_identified', 'no_reaction_identified')]	0.0	100.0
P0AFI9	2.A.86.1.1	P0AFI9	[('no_reaction_identified', 'no_reaction_identified')]	0.0	100.0
P0AGM0	2.A.86.1.2	P0AGM0	[('no_reaction_identified', 'no_reaction_identified')]	0.0	100.0
P0AFS5	2.A.86.1.4	P0AFS5	[('(2R,4S)-2-methyltetrahydrofuran-2,3,3,4-tetrol = (2R,4S)-2-methyltetrahydrofuran-2,3,3,4-tetrol', 'CHEBI:44800 = CHEBI:44800')]	0.0	100.0
B1LE48	2.A.86.2.1	P0AFS7	[('no_reaction_identified', 'no_reaction_identified')]	0.0	99.459
B3WJF3	2.A.88.8.6	P37619	[('no_reaction_identified', 'no_reaction_identified')]	1.68e-160	99.548
P25714	2.A.9.3.1	P25714	[('no_reaction_identified', 'no_reaction_identified')]	0.0	100.0
P0AEY1	2.A.95.1.1	P0AEY1	[('no_reaction_identified', 'no_reaction_identified')]	2.1e-159	100.0
P67143	2.A.95.1.5	P67143	[('no_reaction_identified', 'no_reaction_identified')]	9.35e-137	100.0
P25743	2.A.95.1.7	P25743	[('no_reaction_identified', 'no_reaction_identified')]	5.18e-155	100.0
P0AC98	2.A.96.1.1	P0AC98	[('no_reaction_identified', 'no_reaction_identified')]	2.8999999999999997e-131	100.0
P62723	2.A.98.1.3	P62723	[('no_reaction_identified', 'no_reaction_identified')]	0.0	100.0
P02929	2.C.1.1.1	P02929	[('no_reaction_identified', 'no_reaction_identified')]	2.52e-171	100.0
P19934	2.C.1.2.1	P19934	[('no_reaction_identified', 'no_reaction_identified')]	0.0	100.0
P45955	2.C.1.2.1	P45955	[('no_reaction_identified', 'no_reaction_identified')]	0.0	100.0
C6EJJ6	2.C.1.2.1	P0A912	[('no_reaction_identified', 'no_reaction_identified')]	3.24e-128	100.0
P0A855	2.C.1.2.1	P0A855	[('no_reaction_identified', 'no_reaction_identified')]	0.0	100.0
P02916	3.A.1.1.1	P02916	[('maltooligosaccharide  + ATP = maltooligosaccharide  + ADP + Pi', 'CHEBI:17593 + CHEBI:15422 = CHEBI:17593 + CHEBI:16761 + CHEBI:18367'), ('maltose  + ATP = maltose  + ADP + Pi', 'CHEBI:17306 + CHEBI:15422 = CHEBI:17306 + CHEBI:16761 + CHEBI:18367'), ('D-maltose + ATP + H2O = D-maltose + ADP + phosphate + H(+)', 'CHEBI:17306 + CHEBI:30616 + CHEBI:15377 = CHEBI:17306 + CHEBI:456216 + CHEBI:43474 + CHEBI:15378')]	0.0	100.0
P0AEX9	3.A.1.1.1	P0AEX9	[('maltooligosaccharide  + ATP = maltooligosaccharide  + ADP + Pi', 'CHEBI:17593 + CHEBI:15422 = CHEBI:17593 + CHEBI:16761 + CHEBI:18367'), ('maltose  + ATP = maltose  + ADP + Pi', 'CHEBI:17306 + CHEBI:15422 = CHEBI:17306 + CHEBI:16761 + CHEBI:18367'), ('D-maltose + ATP + H2O = D-maltose + ADP + phosphate + H(+)', 'CHEBI:17306 + CHEBI:30616 + CHEBI:15377 = CHEBI:17306 + CHEBI:456216 + CHEBI:43474 + CHEBI:15378')]	0.0	100.0
P68183	3.A.1.1.1	P68183	[('maltooligosaccharide  + ATP = maltooligosaccharide  + ADP + Pi', 'CHEBI:17593 + CHEBI:15422 = CHEBI:17593 + CHEBI:16761 + CHEBI:18367'), ('maltose  + ATP = maltose  + ADP + Pi', 'CHEBI:17306 + CHEBI:15422 = CHEBI:17306 + CHEBI:16761 + CHEBI:18367'), ('D-maltose + ATP + H2O = D-maltose + ADP + phosphate + H(+)', 'CHEBI:17306 + CHEBI:30616 + CHEBI:15377 = CHEBI:17306 + CHEBI:456216 + CHEBI:43474 + CHEBI:15378')]	0.0	100.0
P68187	3.A.1.1.1	P68187	[('maltooligosaccharide  + ATP = maltooligosaccharide  + ADP + Pi', 'CHEBI:17593 + CHEBI:15422 = CHEBI:17593 + CHEBI:16761 + CHEBI:18367'), ('maltose  + ATP = maltose  + ADP + Pi', 'CHEBI:17306 + CHEBI:15422 = CHEBI:17306 + CHEBI:16761 + CHEBI:18367'), ('D-maltose + ATP + H2O = D-maltose + ADP + phosphate + H(+)', 'CHEBI:17306 + CHEBI:30616 + CHEBI:15377 = CHEBI:17306 + CHEBI:456216 + CHEBI:43474 + CHEBI:15378')]	0.0	100.0
P0AG80	3.A.1.1.3	P0AG80	[('glycerol 1-phosphate  + ATP = glycerol 1-phosphate  + ADP + Pi', 'CHEBI:14336 + CHEBI:15422 = CHEBI:14336 + CHEBI:16761 + CHEBI:18367'), ('glycerol 2-phosphate + ATP + H2O = glycerol 2-phosphate + ADP + phosphate + H(+)', 'CHEBI:58083 + CHEBI:30616 + CHEBI:15377 = CHEBI:58083 + CHEBI:456216 + CHEBI:43474 + CHEBI:15378'), ('sn-glycerol 3-phosphate + ATP + H2O = sn-glycerol 3-phosphate + ADP + phosphate + H(+)', 'CHEBI:57597 + CHEBI:30616 + CHEBI:15377 = CHEBI:57597 + CHEBI:456216 + CHEBI:43474 + CHEBI:15378')]	0.0	100.0
P10905	3.A.1.1.3	P10905	[('glycerol 1-phosphate  + ATP = glycerol 1-phosphate  + ADP + Pi', 'CHEBI:14336 + CHEBI:15422 = CHEBI:14336 + CHEBI:16761 + CHEBI:18367'), ('glycerol 2-phosphate + ATP + H2O = glycerol 2-phosphate + ADP + phosphate + H(+)', 'CHEBI:58083 + CHEBI:30616 + CHEBI:15377 = CHEBI:58083 + CHEBI:456216 + CHEBI:43474 + CHEBI:15378'), ('sn-glycerol 3-phosphate + ATP + H2O = sn-glycerol 3-phosphate + ADP + phosphate + H(+)', 'CHEBI:57597 + CHEBI:30616 + CHEBI:15377 = CHEBI:57597 + CHEBI:456216 + CHEBI:43474 + CHEBI:15378')]	0.0	100.0
P10906	3.A.1.1.3	P10906	[('glycerol 1-phosphate  + ATP = glycerol 1-phosphate  + ADP + Pi', 'CHEBI:14336 + CHEBI:15422 = CHEBI:14336 + CHEBI:16761 + CHEBI:18367'), ('glycerol 2-phosphate + ATP + H2O = glycerol 2-phosphate + ADP + phosphate + H(+)', 'CHEBI:58083 + CHEBI:30616 + CHEBI:15377 = CHEBI:58083 + CHEBI:456216 + CHEBI:43474 + CHEBI:15378'), ('sn-glycerol 3-phosphate + ATP + H2O = sn-glycerol 3-phosphate + ADP + phosphate + H(+)', 'CHEBI:57597 + CHEBI:30616 + CHEBI:15377 = CHEBI:57597 + CHEBI:456216 + CHEBI:43474 + CHEBI:15378')]	0.0	100.0
P10907	3.A.1.1.3	P10907	[('glycerol 1-phosphate  + ATP = glycerol 1-phosphate  + ADP + Pi', 'CHEBI:14336 + CHEBI:15422 = CHEBI:14336 + CHEBI:16761 + CHEBI:18367'), ('glycerol 2-phosphate + ATP + H2O = glycerol 2-phosphate + ADP + phosphate + H(+)', 'CHEBI:58083 + CHEBI:30616 + CHEBI:15377 = CHEBI:58083 + CHEBI:456216 + CHEBI:43474 + CHEBI:15378'), ('sn-glycerol 3-phosphate + ATP + H2O = sn-glycerol 3-phosphate + ADP + phosphate + H(+)', 'CHEBI:57597 + CHEBI:30616 + CHEBI:15377 = CHEBI:57597 + CHEBI:456216 + CHEBI:43474 + CHEBI:15378')]	0.0	100.0
P76042	3.A.1.1.46	P76042	[('glucoside  + ATP = glucoside  + ADP + Pi', 'CHEBI:24278 + CHEBI:15422 = CHEBI:24278 + CHEBI:16761 + CHEBI:18367')]	0.0	100.0
P0AFR7	3.A.1.1.46	P0AFR7	[('glucoside  + ATP = glucoside  + ADP + Pi', 'CHEBI:24278 + CHEBI:15422 = CHEBI:24278 + CHEBI:16761 + CHEBI:18367')]	0.0	100.0
P77716	3.A.1.1.46	P77716	[('glucoside  + ATP = glucoside  + ADP + Pi', 'CHEBI:24278 + CHEBI:15422 = CHEBI:24278 + CHEBI:16761 + CHEBI:18367')]	0.0	100.0
P77481	3.A.1.1.46	P77481	[('glucoside  + ATP = glucoside  + ADP + Pi', 'CHEBI:24278 + CHEBI:15422 = CHEBI:24278 + CHEBI:16761 + CHEBI:18367')]	0.0	100.0
P0A9U1	3.A.1.105.15	P0A9U1	[('drug  + ATP = drug  + ADP + Pi', 'CHEBI:23888 + CHEBI:15422 = CHEBI:23888 + CHEBI:16761 + CHEBI:18367')]	0.0	100.0
P75777	3.A.1.105.15	P75777	[('drug  + ATP = drug  + ADP + Pi', 'CHEBI:23888 + CHEBI:15422 = CHEBI:23888 + CHEBI:16761 + CHEBI:18367')]	0.0	100.0
P0AFP9	3.A.1.105.15	P0AFP9	[('drug  + ATP = drug  + ADP + Pi', 'CHEBI:23888 + CHEBI:15422 = CHEBI:23888 + CHEBI:16761 + CHEBI:18367')]	0.0	100.0
C6EIY9	3.A.1.105.15	P0AFQ2	[('drug  + ATP = drug  + ADP + Pi', 'CHEBI:23888 + CHEBI:15422 = CHEBI:23888 + CHEBI:16761 + CHEBI:18367')]	0.0	100.0
C8TJS4	3.A.1.105.16	P37624	[('solute  + ATP = solute  + ADP + Pi', 'solute + CHEBI:15422 = solute + CHEBI:16761 + CHEBI:18367'), ('substrate  + ATP = substrate  + ADP + Pi', 'substrate + CHEBI:15422 = substrate + CHEBI:16761 + CHEBI:18367')]	0.0	99.561
P0AGH1	3.A.1.105.16	P0AGH1	[('solute  + ATP = solute  + ADP + Pi', 'solute + CHEBI:15422 = solute + CHEBI:16761 + CHEBI:18367'), ('substrate  + ATP = substrate  + ADP + Pi', 'substrate + CHEBI:15422 = substrate + CHEBI:16761 + CHEBI:18367')]	0.0	100.0
P37626	3.A.1.105.16	P37626	[('solute  + ATP = solute  + ADP + Pi', 'solute + CHEBI:15422 = solute + CHEBI:16761 + CHEBI:18367'), ('substrate  + ATP = substrate  + ADP + Pi', 'substrate + CHEBI:15422 = substrate + CHEBI:16761 + CHEBI:18367')]	0.0	100.0
P0AFN6	3.A.1.105.17	P0AFN6	[('phospholipid  + ATP = phospholipid  + ADP + Pi', 'CHEBI:8150 + CHEBI:15422 = CHEBI:8150 + CHEBI:16761 + CHEBI:18367'), ('polyketide  + ATP = polyketide  + ADP + Pi', 'CHEBI:26188 + CHEBI:15422 = CHEBI:26188 + CHEBI:16761 + CHEBI:18367')]	0.0	100.0
P36879	3.A.1.105.17	P36879	[('phospholipid  + ATP = phospholipid  + ADP + Pi', 'CHEBI:8150 + CHEBI:15422 = CHEBI:8150 + CHEBI:16761 + CHEBI:18367'), ('polyketide  + ATP = polyketide  + ADP + Pi', 'CHEBI:26188 + CHEBI:15422 = CHEBI:26188 + CHEBI:16761 + CHEBI:18367')]	0.0	100.0
P60752	3.A.1.106.1	P60752	[('phospholipid  + ATP = phospholipid  + ADP + Pi', 'CHEBI:8150 + CHEBI:15422 = CHEBI:8150 + CHEBI:16761 + CHEBI:18367'), ('lipid As  + ATP = lipid As  + ADP + Pi', 'CHEBI:25051 + CHEBI:15422 = CHEBI:25051 + CHEBI:16761 + CHEBI:18367'), ('lipopolysaccharide  + ATP = lipopolysaccharide  + ADP + Pi', 'CHEBI:6494 + CHEBI:15422 = CHEBI:6494 + CHEBI:16761 + CHEBI:18367'), ('drug  + ATP = drug  + ADP + Pi', 'CHEBI:23888 + CHEBI:15422 = CHEBI:23888 + CHEBI:16761 + CHEBI:18367')]	0.0	100.0
P77265	3.A.1.106.13	P77265	[('peptide  + ATP = peptide  + ADP + Pi', 'CHEBI:16670 + CHEBI:15422 = CHEBI:16670 + CHEBI:16761 + CHEBI:18367')]	0.0	100.0
P0AAG5	3.A.1.106.13	P0AAG5	[('peptide  + ATP = peptide  + ADP + Pi', 'CHEBI:16670 + CHEBI:15422 = CHEBI:16670 + CHEBI:16761 + CHEBI:18367')]	0.0	100.0
P63359	3.A.1.106.20	P60752	[('phospholipid  + ATP = phospholipid  + ADP + Pi', 'CHEBI:16247 + CHEBI:15422 = CHEBI:16247 + CHEBI:16761 + CHEBI:18367'), ('lipid As  + ATP = lipid As  + ADP + Pi', 'CHEBI:25051 + CHEBI:15422 = CHEBI:25051 + CHEBI:16761 + CHEBI:18367'), ('lipopolysaccharide  + ATP = lipopolysaccharide  + ADP + Pi', 'CHEBI:6494 + CHEBI:15422 = CHEBI:6494 + CHEBI:16761 + CHEBI:18367'), ('drug  + ATP = drug  + ADP + Pi', 'CHEBI:23888 + CHEBI:15422 = CHEBI:23888 + CHEBI:16761 + CHEBI:18367')]	0.0	96.392
P0ABM0	3.A.1.107.3	P0ABL8	[('ferroheme b  + ATP = ferroheme b  + ADP + Pi', 'CHEBI:17627 + CHEBI:15422 = CHEBI:17627 + CHEBI:16761 + CHEBI:18367'), ('heme b + ATP + H2O = heme b + ADP + phosphate + H(+)', 'CHEBI:60344 + CHEBI:30616 + CHEBI:15377 = CHEBI:60344 + CHEBI:456216 + CHEBI:43474 + CHEBI:15378')]	7.41e-150	100.0
P0ABM7	3.A.1.107.3	P0ABM5	[('ferroheme b  + ATP = ferroheme b  + ADP + Pi', 'CHEBI:17627 + CHEBI:15422 = CHEBI:17627 + CHEBI:16761 + CHEBI:18367'), ('heme b + ATP + H2O = heme b + ADP + phosphate + H(+)', 'CHEBI:60344 + CHEBI:30616 + CHEBI:15377 = CHEBI:60344 + CHEBI:456216 + CHEBI:43474 + CHEBI:15378')]	1.04e-44	100.0
Q8XE58	3.A.1.107.3	P33931	[('ferroheme b  + ATP = ferroheme b  + ADP + Pi', 'CHEBI:17627 + CHEBI:15422 = CHEBI:17627 + CHEBI:16761 + CHEBI:18367'), ('heme b + ATP + H2O = heme b + ADP + phosphate + H(+)', 'CHEBI:60344 + CHEBI:30616 + CHEBI:15377 = CHEBI:60344 + CHEBI:456216 + CHEBI:43474 + CHEBI:15378')]	3.22e-151	99.034
P0AFK4	3.A.1.11.1	P0AFK4	[('spermidine  + ATP = spermidine  + ADP + Pi', 'CHEBI:16610 + CHEBI:15422 = CHEBI:16610 + CHEBI:16761 + CHEBI:18367'), ('putrescine  + ATP = putrescine  + ADP + Pi', 'CHEBI:17148 + CHEBI:15422 = CHEBI:17148 + CHEBI:16761 + CHEBI:18367')]	0.0	100.0
P0AFK6	3.A.1.11.1	P0AFK6	[('spermidine  + ATP = spermidine  + ADP + Pi', 'CHEBI:16610 + CHEBI:15422 = CHEBI:16610 + CHEBI:16761 + CHEBI:18367'), ('putrescine  + ATP = putrescine  + ADP + Pi', 'CHEBI:17148 + CHEBI:15422 = CHEBI:17148 + CHEBI:16761 + CHEBI:18367')]	0.0	100.0
P0AFK9	3.A.1.11.1	P0AFK9	[('spermidine  + ATP = spermidine  + ADP + Pi', 'CHEBI:16610 + CHEBI:15422 = CHEBI:16610 + CHEBI:16761 + CHEBI:18367'), ('putrescine  + ATP = putrescine  + ADP + Pi', 'CHEBI:17148 + CHEBI:15422 = CHEBI:17148 + CHEBI:16761 + CHEBI:18367')]	0.0	100.0
P69874	3.A.1.11.1	P69874	[('spermidine  + ATP = spermidine  + ADP + Pi', 'CHEBI:16610 + CHEBI:15422 = CHEBI:16610 + CHEBI:16761 + CHEBI:18367'), ('putrescine  + ATP = putrescine  + ADP + Pi', 'CHEBI:17148 + CHEBI:15422 = CHEBI:17148 + CHEBI:16761 + CHEBI:18367')]	0.0	100.0
P0AFL1	3.A.1.11.2	P0AFL1	[('putrescine  + ATP = putrescine  + ADP + Pi', 'CHEBI:17148 + CHEBI:15422 = CHEBI:17148 + CHEBI:16761 + CHEBI:18367'), ('putrescine + ATP + H2O = putrescine + ADP + phosphate + H(+)', 'CHEBI:326268 + CHEBI:30616 + CHEBI:15377 = CHEBI:326268 + CHEBI:456216 + CHEBI:43474 + CHEBI:15378')]	0.0	100.0
P31133	3.A.1.11.2	P31133	[('putrescine  + ATP = putrescine  + ADP + Pi', 'CHEBI:17148 + CHEBI:15422 = CHEBI:17148 + CHEBI:16761 + CHEBI:18367'), ('putrescine + ATP + H2O = putrescine + ADP + phosphate + H(+)', 'CHEBI:326268 + CHEBI:30616 + CHEBI:15377 = CHEBI:326268 + CHEBI:456216 + CHEBI:43474 + CHEBI:15378')]	0.0	100.0
P31134	3.A.1.11.2	P31134	[('putrescine  + ATP = putrescine  + ADP + Pi', 'CHEBI:17148 + CHEBI:15422 = CHEBI:17148 + CHEBI:16761 + CHEBI:18367'), ('putrescine + ATP + H2O = putrescine + ADP + phosphate + H(+)', 'CHEBI:326268 + CHEBI:30616 + CHEBI:15377 = CHEBI:326268 + CHEBI:456216 + CHEBI:43474 + CHEBI:15378')]	0.0	100.0
P31135	3.A.1.11.2	P31135	[('putrescine  + ATP = putrescine  + ADP + Pi', 'CHEBI:17148 + CHEBI:15422 = CHEBI:17148 + CHEBI:16761 + CHEBI:18367'), ('putrescine + ATP + H2O = putrescine + ADP + phosphate + H(+)', 'CHEBI:326268 + CHEBI:30616 + CHEBI:15377 = CHEBI:326268 + CHEBI:456216 + CHEBI:43474 + CHEBI:15378')]	0.0	100.0
P76108	3.A.1.11.9	P76108	[('(3R)-3-hydroxybutanoyl-CoA + [(3R)-hydroxybutanoate](n) = [(3R)-hydroxybutanoate](n+1) + CoA', 'CHEBI:57315 + CHEBI:8298 = CHEBI:8298 + CHEBI:57287'), ('spermidine  + ATP = spermidine  + ADP + Pi', 'CHEBI:16610 + CHEBI:15422 = CHEBI:16610 + CHEBI:16761 + CHEBI:18367'), ('putrescine  + ATP = putrescine  + ADP + Pi', 'CHEBI:17148 + CHEBI:15422 = CHEBI:17148 + CHEBI:16761 + CHEBI:18367'), ('double-stranded DNA  + ATP = double-stranded DNA  + ADP + Pi', 'CHEBI:4705 + CHEBI:15422 = CHEBI:4705 + CHEBI:16761 + CHEBI:18367')]	0.0	100.0
P77795	3.A.1.11.9	P77795	[('(3R)-3-hydroxybutanoyl-CoA + [(3R)-hydroxybutanoate](n) = [(3R)-hydroxybutanoate](n+1) + CoA', 'CHEBI:57315 + CHEBI:8298 = CHEBI:8298 + CHEBI:57287'), ('spermidine  + ATP = spermidine  + ADP + Pi', 'CHEBI:16610 + CHEBI:15422 = CHEBI:16610 + CHEBI:16761 + CHEBI:18367'), ('putrescine  + ATP = putrescine  + ADP + Pi', 'CHEBI:17148 + CHEBI:15422 = CHEBI:17148 + CHEBI:16761 + CHEBI:18367'), ('double-stranded DNA  + ATP = double-stranded DNA  + ADP + Pi', 'CHEBI:4705 + CHEBI:15422 = CHEBI:4705 + CHEBI:16761 + CHEBI:18367')]	0.0	100.0
P77156	3.A.1.11.9	P77156	[('(3R)-3-hydroxybutanoyl-CoA + [(3R)-hydroxybutanoate](n) = [(3R)-hydroxybutanoate](n+1) + CoA', 'CHEBI:57315 + CHEBI:8298 = CHEBI:8298 + CHEBI:57287'), ('spermidine  + ATP = spermidine  + ADP + Pi', 'CHEBI:16610 + CHEBI:15422 = CHEBI:16610 + CHEBI:16761 + CHEBI:18367'), ('putrescine  + ATP = putrescine  + ADP + Pi', 'CHEBI:17148 + CHEBI:15422 = CHEBI:17148 + CHEBI:16761 + CHEBI:18367'), ('double-stranded DNA  + ATP = double-stranded DNA  + ADP + Pi', 'CHEBI:4705 + CHEBI:15422 = CHEBI:4705 + CHEBI:16761 + CHEBI:18367')]	0.0	100.0
P0AFR9	3.A.1.11.9	P0AFR9	[('(3R)-3-hydroxybutanoyl-CoA + [(3R)-hydroxybutanoate](n) = [(3R)-hydroxybutanoate](n+1) + CoA', 'CHEBI:57315 + CHEBI:8298 = CHEBI:8298 + CHEBI:57287'), ('spermidine  + ATP = spermidine  + ADP + Pi', 'CHEBI:16610 + CHEBI:15422 = CHEBI:16610 + CHEBI:16761 + CHEBI:18367'), ('putrescine  + ATP = putrescine  + ADP + Pi', 'CHEBI:17148 + CHEBI:15422 = CHEBI:17148 + CHEBI:16761 + CHEBI:18367'), ('double-stranded DNA  + ATP = double-stranded DNA  + ADP + Pi', 'CHEBI:4705 + CHEBI:15422 = CHEBI:4705 + CHEBI:16761 + CHEBI:18367')]	0.0	100.0
P33941	3.A.1.113.3	P33941	[('microcin  + ATP = microcin  + ADP + Pi', 'CHEBI:64627 + CHEBI:15422 = CHEBI:64627 + CHEBI:16761 + CHEBI:18367')]	0.0	100.0
P0AFM2	3.A.1.12.1	P0AFM2	[('4-(trimethylammonio)butanoate  + ATP = 4-(trimethylammonio)butanoate  + ADP + Pi', 'CHEBI:16244 + CHEBI:15422 = CHEBI:16244 + CHEBI:16761 + CHEBI:18367'), ('choline  + ATP = choline  + ADP + Pi', 'CHEBI:15354 + CHEBI:15422 = CHEBI:15354 + CHEBI:16761 + CHEBI:18367'), ('carnitinium  + ATP = carnitinium  + ADP + Pi', 'CHEBI:3424 + CHEBI:15422 = CHEBI:3424 + CHEBI:16761 + CHEBI:18367'), ('beta-alanine betaine  + ATP = beta-alanine betaine  + ADP + Pi', 'CHEBI:28825 + CHEBI:15422 = CHEBI:28825 + CHEBI:16761 + CHEBI:18367'), ('glycine betaine  + ATP = glycine betaine  + ADP + Pi', 'CHEBI:17750 + CHEBI:15422 = CHEBI:17750 + CHEBI:16761 + CHEBI:18367'), ('proline  + ATP = proline  + ADP + Pi', 'CHEBI:26271 + CHEBI:15422 = CHEBI:26271 + CHEBI:16761 + CHEBI:18367')]	0.0	100.0
P14175	3.A.1.12.1	P14175	[('4-(trimethylammonio)butanoate  + ATP = 4-(trimethylammonio)butanoate  + ADP + Pi', 'CHEBI:16244 + CHEBI:15422 = CHEBI:16244 + CHEBI:16761 + CHEBI:18367'), ('choline  + ATP = choline  + ADP + Pi', 'CHEBI:15354 + CHEBI:15422 = CHEBI:15354 + CHEBI:16761 + CHEBI:18367'), ('carnitinium  + ATP = carnitinium  + ADP + Pi', 'CHEBI:3424 + CHEBI:15422 = CHEBI:3424 + CHEBI:16761 + CHEBI:18367'), ('beta-alanine betaine  + ATP = beta-alanine betaine  + ADP + Pi', 'CHEBI:28825 + CHEBI:15422 = CHEBI:28825 + CHEBI:16761 + CHEBI:18367'), ('glycine betaine  + ATP = glycine betaine  + ADP + Pi', 'CHEBI:17750 + CHEBI:15422 = CHEBI:17750 + CHEBI:16761 + CHEBI:18367'), ('proline  + ATP = proline  + ADP + Pi', 'CHEBI:26271 + CHEBI:15422 = CHEBI:26271 + CHEBI:16761 + CHEBI:18367')]	0.0	100.0
P14176	3.A.1.12.1	P14176	[('4-(trimethylammonio)butanoate  + ATP = 4-(trimethylammonio)butanoate  + ADP + Pi', 'CHEBI:16244 + CHEBI:15422 = CHEBI:16244 + CHEBI:16761 + CHEBI:18367'), ('choline  + ATP = choline  + ADP + Pi', 'CHEBI:15354 + CHEBI:15422 = CHEBI:15354 + CHEBI:16761 + CHEBI:18367'), ('carnitinium  + ATP = carnitinium  + ADP + Pi', 'CHEBI:3424 + CHEBI:15422 = CHEBI:3424 + CHEBI:16761 + CHEBI:18367'), ('beta-alanine betaine  + ATP = beta-alanine betaine  + ADP + Pi', 'CHEBI:28825 + CHEBI:15422 = CHEBI:28825 + CHEBI:16761 + CHEBI:18367'), ('glycine betaine  + ATP = glycine betaine  + ADP + Pi', 'CHEBI:17750 + CHEBI:15422 = CHEBI:17750 + CHEBI:16761 + CHEBI:18367'), ('proline  + ATP = proline  + ADP + Pi', 'CHEBI:26271 + CHEBI:15422 = CHEBI:26271 + CHEBI:16761 + CHEBI:18367')]	0.0	100.0
P33359	3.A.1.12.15	P33359	[('choline  + ATP = choline  + ADP + Pi', 'CHEBI:15354 + CHEBI:15422 = CHEBI:15354 + CHEBI:16761 + CHEBI:18367'), ('glycine betaine  + ATP = glycine betaine  + ADP + Pi', 'CHEBI:17750 + CHEBI:15422 = CHEBI:17750 + CHEBI:16761 + CHEBI:18367'), ('glycine  + ATP = glycine  + ADP + Pi', 'CHEBI:15428 + CHEBI:15422 = CHEBI:15428 + CHEBI:16761 + CHEBI:18367'), ('glycine betaine + ATP + H2O = glycine betaine + ADP + phosphate + H(+)', 'CHEBI:17750 + CHEBI:30616 + CHEBI:15377 = CHEBI:17750 + CHEBI:456216 + CHEBI:43474 + CHEBI:15378')]	4.14e-169	100.0
P33360	3.A.1.12.15	P33360	[('choline  + ATP = choline  + ADP + Pi', 'CHEBI:15354 + CHEBI:15422 = CHEBI:15354 + CHEBI:16761 + CHEBI:18367'), ('glycine betaine  + ATP = glycine betaine  + ADP + Pi', 'CHEBI:17750 + CHEBI:15422 = CHEBI:17750 + CHEBI:16761 + CHEBI:18367'), ('glycine  + ATP = glycine  + ADP + Pi', 'CHEBI:15428 + CHEBI:15422 = CHEBI:15428 + CHEBI:16761 + CHEBI:18367'), ('glycine betaine + ATP + H2O = glycine betaine + ADP + phosphate + H(+)', 'CHEBI:17750 + CHEBI:30616 + CHEBI:15377 = CHEBI:17750 + CHEBI:456216 + CHEBI:43474 + CHEBI:15378')]	0.0	100.0
P33361	3.A.1.12.15	P33361	[('choline  + ATP = choline  + ADP + Pi', 'CHEBI:15354 + CHEBI:15422 = CHEBI:15354 + CHEBI:16761 + CHEBI:18367'), ('glycine betaine  + ATP = glycine betaine  + ADP + Pi', 'CHEBI:17750 + CHEBI:15422 = CHEBI:17750 + CHEBI:16761 + CHEBI:18367'), ('glycine  + ATP = glycine  + ADP + Pi', 'CHEBI:15428 + CHEBI:15422 = CHEBI:15428 + CHEBI:16761 + CHEBI:18367'), ('glycine betaine + ATP + H2O = glycine betaine + ADP + phosphate + H(+)', 'CHEBI:17750 + CHEBI:30616 + CHEBI:15377 = CHEBI:17750 + CHEBI:456216 + CHEBI:43474 + CHEBI:15378')]	0.0	100.0
P33362	3.A.1.12.15	P33362	[('choline  + ATP = choline  + ADP + Pi', 'CHEBI:15354 + CHEBI:15422 = CHEBI:15354 + CHEBI:16761 + CHEBI:18367'), ('glycine betaine  + ATP = glycine betaine  + ADP + Pi', 'CHEBI:17750 + CHEBI:15422 = CHEBI:17750 + CHEBI:16761 + CHEBI:18367'), ('glycine  + ATP = glycine  + ADP + Pi', 'CHEBI:15428 + CHEBI:15422 = CHEBI:15428 + CHEBI:16761 + CHEBI:18367'), ('glycine betaine + ATP + H2O = glycine betaine + ADP + phosphate + H(+)', 'CHEBI:17750 + CHEBI:30616 + CHEBI:15377 = CHEBI:17750 + CHEBI:456216 + CHEBI:43474 + CHEBI:15378')]	0.0	100.0
P43672	3.A.1.120.6	P43672	[('ATP + H2O = ADP + phosphate + H(+)', 'CHEBI:30616 + CHEBI:15377 = CHEBI:456216 + CHEBI:43474 + CHEBI:15378'), ('solute  + ATP = solute  + ADP + Pi', 'solute + CHEBI:15422 = solute + CHEBI:16761 + CHEBI:18367'), ('substrate  + ATP = substrate  + ADP + Pi', 'substrate + CHEBI:15422 = substrate + CHEBI:16761 + CHEBI:18367')]	0.0	100.0
P75830	3.A.1.122.1	P75830	[('L-cysteine  + ATP = L-cysteine  + ADP + Pi', 'CHEBI:17561 + CHEBI:15422 = CHEBI:17561 + CHEBI:16761 + CHEBI:18367'), ('macrolide  + ATP = macrolide  + ADP + Pi', 'CHEBI:25106 + CHEBI:15422 = CHEBI:25106 + CHEBI:16761 + CHEBI:18367'), ('erythromycin A  + ATP = erythromycin A  + ADP + Pi', 'CHEBI:42355 + CHEBI:15422 = CHEBI:42355 + CHEBI:16761 + CHEBI:18367'), ('drug  + ATP = drug  + ADP + Pi', 'CHEBI:23888 + CHEBI:15422 = CHEBI:23888 + CHEBI:16761 + CHEBI:18367')]	0.0	100.0
P75831	3.A.1.122.1	P75831	[('L-cysteine  + ATP = L-cysteine  + ADP + Pi', 'CHEBI:17561 + CHEBI:15422 = CHEBI:17561 + CHEBI:16761 + CHEBI:18367'), ('macrolide  + ATP = macrolide  + ADP + Pi', 'CHEBI:25106 + CHEBI:15422 = CHEBI:25106 + CHEBI:16761 + CHEBI:18367'), ('erythromycin A  + ATP = erythromycin A  + ADP + Pi', 'CHEBI:42355 + CHEBI:15422 = CHEBI:42355 + CHEBI:16761 + CHEBI:18367'), ('drug  + ATP = drug  + ADP + Pi', 'CHEBI:23888 + CHEBI:15422 = CHEBI:23888 + CHEBI:16761 + CHEBI:18367')]	0.0	100.0
P77504	3.A.1.122.15	P77504	[('cation  + ATP = cation  + ADP + Pi', 'CHEBI:3473 + CHEBI:15422 = CHEBI:3473 + CHEBI:16761 + CHEBI:18367')]	0.0	100.0
P0A9T8	3.A.1.122.15	P0A9T8	[('cation  + ATP = cation  + ADP + Pi', 'CHEBI:3473 + CHEBI:15422 = CHEBI:3473 + CHEBI:16761 + CHEBI:18367')]	3.72e-165	100.0
P0ADC3	3.A.1.125.1	P0ADC3	[('lipoprotein  + ATP = lipoprotein  + ADP + Pi', 'CHEBI:6495 + CHEBI:15422 = CHEBI:6495 + CHEBI:16761 + CHEBI:18367')]	0.0	100.0
P75957	3.A.1.125.1	P75957	[('lipoprotein  + ATP = lipoprotein  + ADP + Pi', 'CHEBI:6495 + CHEBI:15422 = CHEBI:6495 + CHEBI:16761 + CHEBI:18367')]	6.3700000000000004e-173	100.0
P75958	3.A.1.125.1	P75958	[('lipoprotein  + ATP = lipoprotein  + ADP + Pi', 'CHEBI:6495 + CHEBI:15422 = CHEBI:6495 + CHEBI:16761 + CHEBI:18367')]	0.0	100.0
P23886	3.A.1.129.1	P23886	[('glutathione + ATP + H2O = glutathione + ADP + phosphate + H(+)', 'CHEBI:57925 + CHEBI:30616 + CHEBI:15377 = CHEBI:57925 + CHEBI:456216 + CHEBI:43474 + CHEBI:15378'), ('L-cysteine + ATP + H2O = L-cysteine + ADP + phosphate + H(+)', 'CHEBI:35235 + CHEBI:30616 + CHEBI:15377 = CHEBI:35235 + CHEBI:456216 + CHEBI:43474 + CHEBI:15378'), ('glutathione  + ATP = glutathione  + ADP + Pi', 'CHEBI:16856 + CHEBI:15422 = CHEBI:16856 + CHEBI:16761 + CHEBI:18367'), ('cysteine  + ATP = cysteine  + ADP + Pi', 'CHEBI:15356 + CHEBI:15422 = CHEBI:15356 + CHEBI:16761 + CHEBI:18367')]	0.0	100.0
P29018	3.A.1.129.1	P29018	[('glutathione + ATP + H2O = glutathione + ADP + phosphate + H(+)', 'CHEBI:57925 + CHEBI:30616 + CHEBI:15377 = CHEBI:57925 + CHEBI:456216 + CHEBI:43474 + CHEBI:15378'), ('L-cysteine + ATP + H2O = L-cysteine + ADP + phosphate + H(+)', 'CHEBI:35235 + CHEBI:30616 + CHEBI:15377 = CHEBI:35235 + CHEBI:456216 + CHEBI:43474 + CHEBI:15378'), ('glutathione  + ATP = glutathione  + ADP + Pi', 'CHEBI:16856 + CHEBI:15422 = CHEBI:16856 + CHEBI:16761 + CHEBI:18367'), ('cysteine  + ATP = cysteine  + ADP + Pi', 'CHEBI:15356 + CHEBI:15422 = CHEBI:15356 + CHEBI:16761 + CHEBI:18367')]	0.0	100.0
P06609	3.A.1.13.1	P06609	[('cyanocob(III)alamin  + ATP = cyanocob(III)alamin  + ADP + Pi', 'CHEBI:17439 + CHEBI:15422 = CHEBI:17439 + CHEBI:16761 + CHEBI:18367'), ('an R-cob(III)alamin + ATP + H2O = an R-cob(III)alamin + ADP + phosphate + H(+)', 'CHEBI:140785 + CHEBI:30616 + CHEBI:15377 = CHEBI:140785 + CHEBI:456216 + CHEBI:43474 + CHEBI:15378')]	0.0	100.0
P06611	3.A.1.13.1	P06611	[('cyanocob(III)alamin  + ATP = cyanocob(III)alamin  + ADP + Pi', 'CHEBI:17439 + CHEBI:15422 = CHEBI:17439 + CHEBI:16761 + CHEBI:18367'), ('an R-cob(III)alamin + ATP + H2O = an R-cob(III)alamin + ADP + phosphate + H(+)', 'CHEBI:140785 + CHEBI:30616 + CHEBI:15377 = CHEBI:140785 + CHEBI:456216 + CHEBI:43474 + CHEBI:15378')]	0.0	100.0
P77307	3.A.1.139.2	P77307	[('iron(2+)  + ATP = iron(2+)  + ADP + Pi', 'CHEBI:29033 + CHEBI:15422 = CHEBI:29033 + CHEBI:16761 + CHEBI:18367')]	0.0	100.0
P77279	3.A.1.139.2	P77279	[('iron(2+)  + ATP = iron(2+)  + ADP + Pi', 'CHEBI:29033 + CHEBI:15422 = CHEBI:29033 + CHEBI:16761 + CHEBI:18367')]	4.59e-170	100.0
P15028	3.A.1.14.1	P15028	[('Fe(III)-complexed siderophore  + ATP = Fe(III)-complexed siderophore  + ADP + Pi', 'CHEBI:84734 + CHEBI:15422 = CHEBI:84734 + CHEBI:16761 + CHEBI:18367'), ('iron(III) dicitrate + ATP + H2O = iron(III) dicitrate + ADP + phosphate + H(+)', 'CHEBI:4991 + CHEBI:30616 + CHEBI:15377 = CHEBI:4991 + CHEBI:456216 + CHEBI:43474 + CHEBI:15378')]	0.0	100.0
P15029	3.A.1.14.1	P15029	[('Fe(III)-complexed siderophore  + ATP = Fe(III)-complexed siderophore  + ADP + Pi', 'CHEBI:84734 + CHEBI:15422 = CHEBI:84734 + CHEBI:16761 + CHEBI:18367'), ('iron(III) dicitrate + ATP + H2O = iron(III) dicitrate + ADP + phosphate + H(+)', 'CHEBI:4991 + CHEBI:30616 + CHEBI:15377 = CHEBI:4991 + CHEBI:456216 + CHEBI:43474 + CHEBI:15378')]	0.0	100.0
P15030	3.A.1.14.1	P15030	[('Fe(III)-complexed siderophore  + ATP = Fe(III)-complexed siderophore  + ADP + Pi', 'CHEBI:84734 + CHEBI:15422 = CHEBI:84734 + CHEBI:16761 + CHEBI:18367'), ('iron(III) dicitrate + ATP + H2O = iron(III) dicitrate + ADP + phosphate + H(+)', 'CHEBI:4991 + CHEBI:30616 + CHEBI:15377 = CHEBI:4991 + CHEBI:456216 + CHEBI:43474 + CHEBI:15378')]	0.0	100.0
P15031	3.A.1.14.1	P15031	[('Fe(III)-complexed siderophore  + ATP = Fe(III)-complexed siderophore  + ADP + Pi', 'CHEBI:84734 + CHEBI:15422 = CHEBI:84734 + CHEBI:16761 + CHEBI:18367'), ('iron(III) dicitrate + ATP + H2O = iron(III) dicitrate + ADP + phosphate + H(+)', 'CHEBI:4991 + CHEBI:30616 + CHEBI:15377 = CHEBI:4991 + CHEBI:456216 + CHEBI:43474 + CHEBI:15378')]	0.0	100.0
P23876	3.A.1.14.2	P23876	[('ferrienterobactin(3-)  + ATP = ferrienterobactin(3-)  + ADP + Pi', 'CHEBI:28199 + CHEBI:15422 = CHEBI:28199 + CHEBI:16761 + CHEBI:18367'), ('Fe(III)-enterobactin + ATP + H2O = Fe(III)-enterobactin + ADP + phosphate + H(+)', 'CHEBI:28199 + CHEBI:30616 + CHEBI:15377 = CHEBI:28199 + CHEBI:456216 + CHEBI:43474 + CHEBI:15378')]	0.0	100.0
P23877	3.A.1.14.2	P23877	[('ferrienterobactin(3-)  + ATP = ferrienterobactin(3-)  + ADP + Pi', 'CHEBI:28199 + CHEBI:15422 = CHEBI:28199 + CHEBI:16761 + CHEBI:18367'), ('Fe(III)-enterobactin + ATP + H2O = Fe(III)-enterobactin + ADP + phosphate + H(+)', 'CHEBI:28199 + CHEBI:30616 + CHEBI:15377 = CHEBI:28199 + CHEBI:456216 + CHEBI:43474 + CHEBI:15378')]	0.0	100.0
P23878	3.A.1.14.2	P23878	[('ferrienterobactin(3-)  + ATP = ferrienterobactin(3-)  + ADP + Pi', 'CHEBI:28199 + CHEBI:15422 = CHEBI:28199 + CHEBI:16761 + CHEBI:18367'), ('Fe(III)-enterobactin + ATP + H2O = Fe(III)-enterobactin + ADP + phosphate + H(+)', 'CHEBI:28199 + CHEBI:30616 + CHEBI:15377 = CHEBI:28199 + CHEBI:456216 + CHEBI:43474 + CHEBI:15378')]	0.0	100.0
C8U2V6	3.A.1.14.2	P0AEL6	[('ferrienterobactin(3-)  + ATP = ferrienterobactin(3-)  + ADP + Pi', 'CHEBI:28199 + CHEBI:15422 = CHEBI:28199 + CHEBI:16761 + CHEBI:18367'), ('Fe(III)-enterobactin + ATP + H2O = Fe(III)-enterobactin + ADP + phosphate + H(+)', 'CHEBI:28199 + CHEBI:30616 + CHEBI:15377 = CHEBI:28199 + CHEBI:456216 + CHEBI:43474 + CHEBI:15378')]	0.0	99.686
P06972	3.A.1.14.3	P06972	[('iron(III) hydroxamate  + ATP = iron(III) hydroxamate  + ADP + Pi', 'CHEBI:28163 + CHEBI:15422 = CHEBI:28163 + CHEBI:16761 + CHEBI:18367'), ('elaiophylin  + ATP = elaiophylin  + ADP + Pi', 'CHEBI:77879 + CHEBI:15422 = CHEBI:77879 + CHEBI:16761 + CHEBI:18367')]	0.0	100.0
P07821	3.A.1.14.3	P07821	[('iron(III) hydroxamate  + ATP = iron(III) hydroxamate  + ADP + Pi', 'CHEBI:28163 + CHEBI:15422 = CHEBI:28163 + CHEBI:16761 + CHEBI:18367'), ('elaiophylin  + ATP = elaiophylin  + ADP + Pi', 'CHEBI:77879 + CHEBI:15422 = CHEBI:77879 + CHEBI:16761 + CHEBI:18367')]	0.0	100.0
P07822	3.A.1.14.3	P07822	[('iron(III) hydroxamate  + ATP = iron(III) hydroxamate  + ADP + Pi', 'CHEBI:28163 + CHEBI:15422 = CHEBI:28163 + CHEBI:16761 + CHEBI:18367'), ('elaiophylin  + ATP = elaiophylin  + ADP + Pi', 'CHEBI:77879 + CHEBI:15422 = CHEBI:77879 + CHEBI:16761 + CHEBI:18367')]	0.0	100.0
P0AC31	3.A.1.140.1	P0AC30	[('solute  + ATP = solute  + ADP + Pi', 'solute + CHEBI:15422 = solute + CHEBI:16761 + CHEBI:18367'), ('substrate  + ATP = substrate  + ADP + Pi', 'substrate + CHEBI:15422 = substrate + CHEBI:16761 + CHEBI:18367')]	0.0	100.0
P0A9R7	3.A.1.140.1	P0A9R7	[('solute  + ATP = solute  + ADP + Pi', 'solute + CHEBI:15422 = solute + CHEBI:16761 + CHEBI:18367'), ('substrate  + ATP = substrate  + ADP + Pi', 'substrate + CHEBI:15422 = substrate + CHEBI:16761 + CHEBI:18367')]	1.78e-164	100.0
P0A9X1	3.A.1.15.5	P0A9X1	[('Zn(2+) + ATP + H2O = Zn(2+) + ADP + phosphate + H(+)', 'CHEBI:29105 + CHEBI:30616 + CHEBI:15377 = CHEBI:29105 + CHEBI:456216 + CHEBI:43474 + CHEBI:15378'), ('zinc(2+)  + ATP = zinc(2+)  + ADP + Pi', 'CHEBI:29105 + CHEBI:15422 = CHEBI:29105 + CHEBI:16761 + CHEBI:18367')]	0.0	100.0
P39172	3.A.1.15.5	P39172	[('Zn(2+) + ATP + H2O = Zn(2+) + ADP + phosphate + H(+)', 'CHEBI:29105 + CHEBI:30616 + CHEBI:15377 = CHEBI:29105 + CHEBI:456216 + CHEBI:43474 + CHEBI:15378'), ('zinc(2+)  + ATP = zinc(2+)  + ADP + Pi', 'CHEBI:29105 + CHEBI:15422 = CHEBI:29105 + CHEBI:16761 + CHEBI:18367')]	0.0	100.0
P39832	3.A.1.15.5	P39832	[('Zn(2+) + ATP + H2O = Zn(2+) + ADP + phosphate + H(+)', 'CHEBI:29105 + CHEBI:30616 + CHEBI:15377 = CHEBI:29105 + CHEBI:456216 + CHEBI:43474 + CHEBI:15378'), ('zinc(2+)  + ATP = zinc(2+)  + ADP + Pi', 'CHEBI:29105 + CHEBI:15422 = CHEBI:29105 + CHEBI:16761 + CHEBI:18367')]	0.0	100.0
A6THI4	3.A.1.152.9	P0ADC6	[('solute  + ATP = solute  + ADP + Pi', 'solute + CHEBI:15422 = solute + CHEBI:16761 + CHEBI:18367'), ('substrate  + ATP = substrate  + ADP + Pi', 'substrate + CHEBI:15422 = substrate + CHEBI:16761 + CHEBI:18367')]	0.0	93.056
A6TEM0	3.A.1.152.9	P0A9V1	[('solute  + ATP = solute  + ADP + Pi', 'solute + CHEBI:15422 = solute + CHEBI:16761 + CHEBI:18367'), ('substrate  + ATP = substrate  + ADP + Pi', 'substrate + CHEBI:15422 = substrate + CHEBI:16761 + CHEBI:18367')]	7.81e-171	95.851
Q47537	3.A.1.17.1	Q47537	[('taurine  + ATP = taurine  + ADP + Pi', 'CHEBI:15891 + CHEBI:15422 = CHEBI:15891 + CHEBI:16761 + CHEBI:18367'), ('taurine + ATP + H2O = taurine + ADP + phosphate + H(+)', 'CHEBI:507393 + CHEBI:30616 + CHEBI:15377 = CHEBI:507393 + CHEBI:456216 + CHEBI:43474 + CHEBI:15378')]	0.0	100.0
Q47538	3.A.1.17.1	Q47538	[('taurine  + ATP = taurine  + ADP + Pi', 'CHEBI:15891 + CHEBI:15422 = CHEBI:15891 + CHEBI:16761 + CHEBI:18367'), ('taurine + ATP + H2O = taurine + ADP + phosphate + H(+)', 'CHEBI:507393 + CHEBI:30616 + CHEBI:15377 = CHEBI:507393 + CHEBI:456216 + CHEBI:43474 + CHEBI:15378')]	0.0	100.0
Q47539	3.A.1.17.1	Q47539	[('taurine  + ATP = taurine  + ADP + Pi', 'CHEBI:15891 + CHEBI:15422 = CHEBI:15891 + CHEBI:16761 + CHEBI:18367'), ('taurine + ATP + H2O = taurine + ADP + phosphate + H(+)', 'CHEBI:507393 + CHEBI:30616 + CHEBI:15377 = CHEBI:507393 + CHEBI:456216 + CHEBI:43474 + CHEBI:15378')]	0.0	100.0
P75853	3.A.1.17.10	P75853	[('sulfonate  + ATP = sulfonate  + ADP + Pi', 'CHEBI:33543 + CHEBI:15422 = CHEBI:33543 + CHEBI:16761 + CHEBI:18367')]	0.0	100.0
B1X8N7	3.A.1.17.10	P0AAI1	[('sulfonate  + ATP = sulfonate  + ADP + Pi', 'CHEBI:33543 + CHEBI:15422 = CHEBI:33543 + CHEBI:16761 + CHEBI:18367')]	0.0	100.0
P75851	3.A.1.17.10	P75851	[('sulfonate  + ATP = sulfonate  + ADP + Pi', 'CHEBI:33543 + CHEBI:15422 = CHEBI:33543 + CHEBI:16761 + CHEBI:18367')]	0.0	100.0
P31548	3.A.1.19.1	P31548	[('thiamine + ATP + H2O = thiamine + ADP + phosphate + H(+)', 'CHEBI:18385 + CHEBI:30616 + CHEBI:15377 = CHEBI:18385 + CHEBI:456216 + CHEBI:43474 + CHEBI:15378'), ('thiamine(1+) monophosphate  + ATP = thiamine(1+) monophosphate  + ADP + Pi', 'CHEBI:9533 + CHEBI:15422 = CHEBI:9533 + CHEBI:16761 + CHEBI:18367'), ('thiamine(1+) diphosphate  + ATP = thiamine(1+) diphosphate  + ADP + Pi', 'CHEBI:9532 + CHEBI:15422 = CHEBI:9532 + CHEBI:16761 + CHEBI:18367'), ('thiamine(1+)  + ATP = thiamine(1+)  + ADP + Pi', 'CHEBI:18385 + CHEBI:15422 = CHEBI:18385 + CHEBI:16761 + CHEBI:18367')]	4.21e-171	100.0
P31549	3.A.1.19.1	P31549	[('thiamine + ATP + H2O = thiamine + ADP + phosphate + H(+)', 'CHEBI:18385 + CHEBI:30616 + CHEBI:15377 = CHEBI:18385 + CHEBI:456216 + CHEBI:43474 + CHEBI:15378'), ('thiamine(1+) monophosphate  + ATP = thiamine(1+) monophosphate  + ADP + Pi', 'CHEBI:9533 + CHEBI:15422 = CHEBI:9533 + CHEBI:16761 + CHEBI:18367'), ('thiamine(1+) diphosphate  + ATP = thiamine(1+) diphosphate  + ADP + Pi', 'CHEBI:9532 + CHEBI:15422 = CHEBI:9532 + CHEBI:16761 + CHEBI:18367'), ('thiamine(1+)  + ATP = thiamine(1+)  + ADP + Pi', 'CHEBI:18385 + CHEBI:15422 = CHEBI:18385 + CHEBI:16761 + CHEBI:18367')]	0.0	100.0
P31550	3.A.1.19.1	P31550	[('thiamine + ATP + H2O = thiamine + ADP + phosphate + H(+)', 'CHEBI:18385 + CHEBI:30616 + CHEBI:15377 = CHEBI:18385 + CHEBI:456216 + CHEBI:43474 + CHEBI:15378'), ('thiamine(1+) monophosphate  + ATP = thiamine(1+) monophosphate  + ADP + Pi', 'CHEBI:9533 + CHEBI:15422 = CHEBI:9533 + CHEBI:16761 + CHEBI:18367'), ('thiamine(1+) diphosphate  + ATP = thiamine(1+) diphosphate  + ADP + Pi', 'CHEBI:9532 + CHEBI:15422 = CHEBI:9532 + CHEBI:16761 + CHEBI:18367'), ('thiamine(1+)  + ATP = thiamine(1+)  + ADP + Pi', 'CHEBI:18385 + CHEBI:15422 = CHEBI:18385 + CHEBI:16761 + CHEBI:18367')]	0.0	100.0
B7L6M8	3.A.1.19.4	P76223	[('sulfate  + ATP = sulfate  + ADP + Pi', 'CHEBI:16189 + CHEBI:15422 = CHEBI:16189 + CHEBI:16761 + CHEBI:18367'), ('thiosulfate(2-)  + ATP = thiosulfate(2-)  + ADP + Pi', 'CHEBI:16094 + CHEBI:15422 = CHEBI:16094 + CHEBI:16761 + CHEBI:18367')]	0.0	97.68
B7L6M9	3.A.1.19.4	P76224	[('sulfate  + ATP = sulfate  + ADP + Pi', 'CHEBI:16189 + CHEBI:15422 = CHEBI:16189 + CHEBI:16761 + CHEBI:18367'), ('thiosulfate(2-)  + ATP = thiosulfate(2-)  + ADP + Pi', 'CHEBI:16094 + CHEBI:15422 = CHEBI:16094 + CHEBI:16761 + CHEBI:18367')]	0.0	97.177
B7L6N0	3.A.1.19.4	P76909	[('sulfate  + ATP = sulfate  + ADP + Pi', 'CHEBI:16189 + CHEBI:15422 = CHEBI:16189 + CHEBI:16761 + CHEBI:18367'), ('thiosulfate(2-)  + ATP = thiosulfate(2-)  + ADP + Pi', 'CHEBI:16094 + CHEBI:15422 = CHEBI:16094 + CHEBI:16761 + CHEBI:18367')]	1.74e-150	94.009
P02925	3.A.1.2.1	P02925	[('beta-D-ribopyranose  + ATP = beta-D-ribopyranose  + ADP + Pi', 'CHEBI:27476 + CHEBI:15422 = CHEBI:27476 + CHEBI:16761 + CHEBI:18367'), ('D-ribose + ATP + H2O = D-ribose + ADP + phosphate + H(+)', 'CHEBI:47013 + CHEBI:30616 + CHEBI:15377 = CHEBI:47013 + CHEBI:456216 + CHEBI:43474 + CHEBI:15378')]	0.0	100.0
P04983	3.A.1.2.1	P04983	[('beta-D-ribopyranose  + ATP = beta-D-ribopyranose  + ADP + Pi', 'CHEBI:27476 + CHEBI:15422 = CHEBI:27476 + CHEBI:16761 + CHEBI:18367'), ('D-ribose + ATP + H2O = D-ribose + ADP + phosphate + H(+)', 'CHEBI:47013 + CHEBI:30616 + CHEBI:15377 = CHEBI:47013 + CHEBI:456216 + CHEBI:43474 + CHEBI:15378')]	0.0	100.0
P0AGI1	3.A.1.2.1	P0AGI1	[('beta-D-ribopyranose  + ATP = beta-D-ribopyranose  + ADP + Pi', 'CHEBI:27476 + CHEBI:15422 = CHEBI:27476 + CHEBI:16761 + CHEBI:18367'), ('D-ribose + ATP + H2O = D-ribose + ADP + phosphate + H(+)', 'CHEBI:47013 + CHEBI:30616 + CHEBI:15377 = CHEBI:47013 + CHEBI:456216 + CHEBI:43474 + CHEBI:15378')]	0.0	100.0
P02924	3.A.1.2.2	P02924	[('arabinose  + ATP = arabinose  + ADP + Pi', 'CHEBI:22599 + CHEBI:15422 = CHEBI:22599 + CHEBI:16761 + CHEBI:18367'), ('L-arabinose + ATP + H2O = L-arabinose + ADP + phosphate + H(+)', 'CHEBI:17535 + CHEBI:30616 + CHEBI:15377 = CHEBI:17535 + CHEBI:456216 + CHEBI:43474 + CHEBI:15378')]	0.0	100.0
P0AAF3	3.A.1.2.2	P0AAF3	[('arabinose  + ATP = arabinose  + ADP + Pi', 'CHEBI:22599 + CHEBI:15422 = CHEBI:22599 + CHEBI:16761 + CHEBI:18367'), ('L-arabinose + ATP + H2O = L-arabinose + ADP + phosphate + H(+)', 'CHEBI:17535 + CHEBI:30616 + CHEBI:15377 = CHEBI:17535 + CHEBI:456216 + CHEBI:43474 + CHEBI:15378')]	0.0	100.0
P0AE26	3.A.1.2.2	P0AE26	[('arabinose  + ATP = arabinose  + ADP + Pi', 'CHEBI:22599 + CHEBI:15422 = CHEBI:22599 + CHEBI:16761 + CHEBI:18367'), ('L-arabinose + ATP + H2O = L-arabinose + ADP + phosphate + H(+)', 'CHEBI:17535 + CHEBI:30616 + CHEBI:15377 = CHEBI:17535 + CHEBI:456216 + CHEBI:43474 + CHEBI:15378')]	0.0	100.0
P39325	3.A.1.2.25	P39325	[('UDP-sugar  + ATP = UDP-sugar  + ADP + Pi', 'CHEBI:9840 + CHEBI:15422 = CHEBI:9840 + CHEBI:16761 + CHEBI:18367'), ('D-galactofuranose + ATP + H2O = D-galactofuranose + ADP + phosphate + H(+)', 'CHEBI:143624 + CHEBI:30616 + CHEBI:15377 = CHEBI:143624 + CHEBI:456216 + CHEBI:43474 + CHEBI:15378')]	0.0	100.0
Q6BEX0	3.A.1.2.25	Q6BEX0	[('UDP-sugar  + ATP = UDP-sugar  + ADP + Pi', 'CHEBI:9840 + CHEBI:15422 = CHEBI:9840 + CHEBI:16761 + CHEBI:18367'), ('D-galactofuranose + ATP + H2O = D-galactofuranose + ADP + phosphate + H(+)', 'CHEBI:143624 + CHEBI:30616 + CHEBI:15377 = CHEBI:143624 + CHEBI:456216 + CHEBI:43474 + CHEBI:15378')]	0.0	100.0
P39328	3.A.1.2.25	P39328	[('UDP-sugar  + ATP = UDP-sugar  + ADP + Pi', 'CHEBI:9840 + CHEBI:15422 = CHEBI:9840 + CHEBI:16761 + CHEBI:18367'), ('D-galactofuranose + ATP + H2O = D-galactofuranose + ADP + phosphate + H(+)', 'CHEBI:143624 + CHEBI:30616 + CHEBI:15377 = CHEBI:143624 + CHEBI:456216 + CHEBI:43474 + CHEBI:15378')]	0.0	100.0
P37772	3.A.1.2.25	P37772	[('UDP-sugar  + ATP = UDP-sugar  + ADP + Pi', 'CHEBI:9840 + CHEBI:15422 = CHEBI:9840 + CHEBI:16761 + CHEBI:18367'), ('D-galactofuranose + ATP + H2O = D-galactofuranose + ADP + phosphate + H(+)', 'CHEBI:143624 + CHEBI:30616 + CHEBI:15377 = CHEBI:143624 + CHEBI:456216 + CHEBI:43474 + CHEBI:15378')]	0.0	100.0
P77315	3.A.1.2.27	P77315	[('UDP-sugar  + ATP = UDP-sugar  + ADP + Pi', 'CHEBI:9840 + CHEBI:15422 = CHEBI:9840 + CHEBI:16761 + CHEBI:18367')]	0.0	100.0
P77509	3.A.1.2.27	P77509	[('UDP-sugar  + ATP = UDP-sugar  + ADP + Pi', 'CHEBI:9840 + CHEBI:15422 = CHEBI:9840 + CHEBI:16761 + CHEBI:18367')]	0.0	100.0
P77269	3.A.1.2.27	P77269	[('UDP-sugar  + ATP = UDP-sugar  + ADP + Pi', 'CHEBI:9840 + CHEBI:15422 = CHEBI:9840 + CHEBI:16761 + CHEBI:18367')]	0.0	100.0
P0AAG8	3.A.1.2.3	P0AAG8	[('D-galactose + ATP + H2O = D-galactose + ADP + phosphate + H(+)', 'CHEBI:4139 + CHEBI:30616 + CHEBI:15377 = CHEBI:4139 + CHEBI:456216 + CHEBI:43474 + CHEBI:15378'), ('methyl beta-D-galactoside + ATP + H2O = methyl beta-D-galactoside + ADP + phosphate + H(+)', 'CHEBI:17540 + CHEBI:30616 + CHEBI:15377 = CHEBI:17540 + CHEBI:456216 + CHEBI:43474 + CHEBI:15378'), ('glucose  + ATP = glucose  + ADP + Pi', 'CHEBI:5418 + CHEBI:15422 = CHEBI:5418 + CHEBI:16761 + CHEBI:18367'), ('galactose  + ATP = galactose  + ADP + Pi', 'CHEBI:5256 + CHEBI:15422 = CHEBI:5256 + CHEBI:16761 + CHEBI:18367')]	0.0	100.0
P0AEE5	3.A.1.2.3	P0AEE5	[('D-galactose + ATP + H2O = D-galactose + ADP + phosphate + H(+)', 'CHEBI:4139 + CHEBI:30616 + CHEBI:15377 = CHEBI:4139 + CHEBI:456216 + CHEBI:43474 + CHEBI:15378'), ('methyl beta-D-galactoside + ATP + H2O = methyl beta-D-galactoside + ADP + phosphate + H(+)', 'CHEBI:17540 + CHEBI:30616 + CHEBI:15377 = CHEBI:17540 + CHEBI:456216 + CHEBI:43474 + CHEBI:15378'), ('glucose  + ATP = glucose  + ADP + Pi', 'CHEBI:5418 + CHEBI:15422 = CHEBI:5418 + CHEBI:16761 + CHEBI:18367'), ('galactose  + ATP = galactose  + ADP + Pi', 'CHEBI:5256 + CHEBI:15422 = CHEBI:5256 + CHEBI:16761 + CHEBI:18367')]	0.0	100.0
P23200	3.A.1.2.3	P23200	[('D-galactose + ATP + H2O = D-galactose + ADP + phosphate + H(+)', 'CHEBI:4139 + CHEBI:30616 + CHEBI:15377 = CHEBI:4139 + CHEBI:456216 + CHEBI:43474 + CHEBI:15378'), ('methyl beta-D-galactoside + ATP + H2O = methyl beta-D-galactoside + ADP + phosphate + H(+)', 'CHEBI:17540 + CHEBI:30616 + CHEBI:15377 = CHEBI:17540 + CHEBI:456216 + CHEBI:43474 + CHEBI:15378'), ('glucose  + ATP = glucose  + ADP + Pi', 'CHEBI:5418 + CHEBI:15422 = CHEBI:5418 + CHEBI:16761 + CHEBI:18367'), ('galactose  + ATP = galactose  + ADP + Pi', 'CHEBI:5256 + CHEBI:15422 = CHEBI:5256 + CHEBI:16761 + CHEBI:18367')]	0.0	100.0
P0AGI4	3.A.1.2.4	P0AGI4	[('xylose  + ATP = xylose  + ADP + Pi', 'CHEBI:10085 + CHEBI:15422 = CHEBI:10085 + CHEBI:16761 + CHEBI:18367'), ('D-xylose + ATP + H2O = D-xylose + ADP + phosphate + H(+)', 'CHEBI:53455 + CHEBI:30616 + CHEBI:15377 = CHEBI:53455 + CHEBI:456216 + CHEBI:43474 + CHEBI:15378')]	0.0	100.0
P37387	3.A.1.2.4	P37387	[('xylose  + ATP = xylose  + ADP + Pi', 'CHEBI:10085 + CHEBI:15422 = CHEBI:10085 + CHEBI:16761 + CHEBI:18367'), ('D-xylose + ATP + H2O = D-xylose + ADP + phosphate + H(+)', 'CHEBI:53455 + CHEBI:30616 + CHEBI:15377 = CHEBI:53455 + CHEBI:456216 + CHEBI:43474 + CHEBI:15378')]	0.0	100.0
P37388	3.A.1.2.4	P37388	[('xylose  + ATP = xylose  + ADP + Pi', 'CHEBI:10085 + CHEBI:15422 = CHEBI:10085 + CHEBI:16761 + CHEBI:18367'), ('D-xylose + ATP + H2O = D-xylose + ADP + phosphate + H(+)', 'CHEBI:53455 + CHEBI:30616 + CHEBI:15377 = CHEBI:53455 + CHEBI:456216 + CHEBI:43474 + CHEBI:15378')]	0.0	100.0
P32720	3.A.1.2.6	P32720	[('allose  + ATP = allose  + ADP + Pi', 'CHEBI:33935 + CHEBI:15422 = CHEBI:33935 + CHEBI:16761 + CHEBI:18367'), ('D-allose + ATP + H2O = D-allose + ADP + phosphate + H(+)', 'CHEBI:40822 + CHEBI:30616 + CHEBI:15377 = CHEBI:40822 + CHEBI:456216 + CHEBI:43474 + CHEBI:15378')]	0.0	100.0
P32721	3.A.1.2.6	P32721	[('allose  + ATP = allose  + ADP + Pi', 'CHEBI:33935 + CHEBI:15422 = CHEBI:33935 + CHEBI:16761 + CHEBI:18367'), ('D-allose + ATP + H2O = D-allose + ADP + phosphate + H(+)', 'CHEBI:40822 + CHEBI:30616 + CHEBI:15377 = CHEBI:40822 + CHEBI:456216 + CHEBI:43474 + CHEBI:15378')]	0.0	100.0
P39265	3.A.1.2.6	P39265	[('allose  + ATP = allose  + ADP + Pi', 'CHEBI:33935 + CHEBI:15422 = CHEBI:33935 + CHEBI:16761 + CHEBI:18367'), ('D-allose + ATP + H2O = D-allose + ADP + phosphate + H(+)', 'CHEBI:40822 + CHEBI:30616 + CHEBI:15377 = CHEBI:40822 + CHEBI:456216 + CHEBI:43474 + CHEBI:15378')]	0.0	100.0
P0AFS1	3.A.1.2.8	P0AFS1	[('autoinducer-2  + ATP = autoinducer-2  + ADP + Pi', 'CHEBI:40646 + CHEBI:15422 = CHEBI:40646 + CHEBI:16761 + CHEBI:18367')]	0.0	100.0
P76142	3.A.1.2.8	P76142	[('autoinducer-2  + ATP = autoinducer-2  + ADP + Pi', 'CHEBI:40646 + CHEBI:15422 = CHEBI:40646 + CHEBI:16761 + CHEBI:18367')]	0.0	100.0
P77257	3.A.1.2.8	P77257	[('autoinducer-2  + ATP = autoinducer-2  + ADP + Pi', 'CHEBI:40646 + CHEBI:15422 = CHEBI:40646 + CHEBI:16761 + CHEBI:18367')]	0.0	100.0
P77672	3.A.1.2.8	P77672	[('autoinducer-2  + ATP = autoinducer-2  + ADP + Pi', 'CHEBI:40646 + CHEBI:15422 = CHEBI:40646 + CHEBI:16761 + CHEBI:18367')]	0.0	100.0
P31826	3.A.1.203.11	P31826	[('fatty acid  + ATP = fatty acid  + ADP + Pi', 'CHEBI:35366 + CHEBI:15422 = CHEBI:35366 + CHEBI:16761 + CHEBI:18367')]	0.0	100.0
P28635	3.A.1.24.1	P28635	[('methionine  + ATP = methionine  + ADP + Pi', 'CHEBI:16811 + CHEBI:15422 = CHEBI:16811 + CHEBI:16761 + CHEBI:18367'), ('L-methionine + ATP + H2O = L-methionine + ADP + phosphate + H(+)', 'CHEBI:57844 + CHEBI:30616 + CHEBI:15377 = CHEBI:57844 + CHEBI:456216 + CHEBI:43474 + CHEBI:15378'), ('D-methionine + ATP + H2O = D-methionine + ADP + phosphate + H(+)', 'CHEBI:57932 + CHEBI:30616 + CHEBI:15377 = CHEBI:57932 + CHEBI:456216 + CHEBI:43474 + CHEBI:15378')]	0.0	100.0
P30750	3.A.1.24.1	P30750	[('methionine  + ATP = methionine  + ADP + Pi', 'CHEBI:16811 + CHEBI:15422 = CHEBI:16811 + CHEBI:16761 + CHEBI:18367'), ('L-methionine + ATP + H2O = L-methionine + ADP + phosphate + H(+)', 'CHEBI:57844 + CHEBI:30616 + CHEBI:15377 = CHEBI:57844 + CHEBI:456216 + CHEBI:43474 + CHEBI:15378'), ('D-methionine + ATP + H2O = D-methionine + ADP + phosphate + H(+)', 'CHEBI:57932 + CHEBI:30616 + CHEBI:15377 = CHEBI:57932 + CHEBI:456216 + CHEBI:43474 + CHEBI:15378')]	0.0	100.0
P31547	3.A.1.24.1	P31547	[('methionine  + ATP = methionine  + ADP + Pi', 'CHEBI:16811 + CHEBI:15422 = CHEBI:16811 + CHEBI:16761 + CHEBI:18367'), ('L-methionine + ATP + H2O = L-methionine + ADP + phosphate + H(+)', 'CHEBI:57844 + CHEBI:30616 + CHEBI:15377 = CHEBI:57844 + CHEBI:456216 + CHEBI:43474 + CHEBI:15378'), ('D-methionine + ATP + H2O = D-methionine + ADP + phosphate + H(+)', 'CHEBI:57932 + CHEBI:30616 + CHEBI:15377 = CHEBI:57932 + CHEBI:456216 + CHEBI:43474 + CHEBI:15378')]	2.44e-151	100.0
P0ADV7	3.A.1.27.3	P0ADV7	[('phospholipid  + ATP = phospholipid  + ADP + Pi', 'CHEBI:8150 + CHEBI:15422 = CHEBI:8150 + CHEBI:16761 + CHEBI:18367'), ('tetracycline  + ATP = tetracycline  + ADP + Pi', 'CHEBI:27902 + CHEBI:15422 = CHEBI:27902 + CHEBI:16761 + CHEBI:18367'), ('drug  + ATP = drug  + ADP + Pi', 'CHEBI:23888 + CHEBI:15422 = CHEBI:23888 + CHEBI:16761 + CHEBI:18367')]	1.76e-157	100.0
P63386	3.A.1.27.3	P63386	[('phospholipid  + ATP = phospholipid  + ADP + Pi', 'CHEBI:8150 + CHEBI:15422 = CHEBI:8150 + CHEBI:16761 + CHEBI:18367'), ('tetracycline  + ATP = tetracycline  + ADP + Pi', 'CHEBI:27902 + CHEBI:15422 = CHEBI:27902 + CHEBI:16761 + CHEBI:18367'), ('drug  + ATP = drug  + ADP + Pi', 'CHEBI:23888 + CHEBI:15422 = CHEBI:23888 + CHEBI:16761 + CHEBI:18367')]	0.0	100.0
P64602	3.A.1.27.3	P64602	[('phospholipid  + ATP = phospholipid  + ADP + Pi', 'CHEBI:8150 + CHEBI:15422 = CHEBI:8150 + CHEBI:16761 + CHEBI:18367'), ('tetracycline  + ATP = tetracycline  + ADP + Pi', 'CHEBI:27902 + CHEBI:15422 = CHEBI:27902 + CHEBI:16761 + CHEBI:18367'), ('drug  + ATP = drug  + ADP + Pi', 'CHEBI:23888 + CHEBI:15422 = CHEBI:23888 + CHEBI:16761 + CHEBI:18367')]	5.5199999999999996e-67	100.0
P64604	3.A.1.27.3	P64604	[('phospholipid  + ATP = phospholipid  + ADP + Pi', 'CHEBI:8150 + CHEBI:15422 = CHEBI:8150 + CHEBI:16761 + CHEBI:18367'), ('tetracycline  + ATP = tetracycline  + ADP + Pi', 'CHEBI:27902 + CHEBI:15422 = CHEBI:27902 + CHEBI:16761 + CHEBI:18367'), ('drug  + ATP = drug  + ADP + Pi', 'CHEBI:23888 + CHEBI:15422 = CHEBI:23888 + CHEBI:16761 + CHEBI:18367')]	4.11e-134	100.0
P64606	3.A.1.27.3	P64606	[('phospholipid  + ATP = phospholipid  + ADP + Pi', 'CHEBI:8150 + CHEBI:15422 = CHEBI:8150 + CHEBI:16761 + CHEBI:18367'), ('tetracycline  + ATP = tetracycline  + ADP + Pi', 'CHEBI:27902 + CHEBI:15422 = CHEBI:27902 + CHEBI:16761 + CHEBI:18367'), ('drug  + ATP = drug  + ADP + Pi', 'CHEBI:23888 + CHEBI:15422 = CHEBI:23888 + CHEBI:16761 + CHEBI:18367')]	0.0	100.0
P76506	3.A.1.27.3	P76506	[('phospholipid  + ATP = phospholipid  + ADP + Pi', 'CHEBI:8150 + CHEBI:15422 = CHEBI:8150 + CHEBI:16761 + CHEBI:18367'), ('tetracycline  + ATP = tetracycline  + ADP + Pi', 'CHEBI:27902 + CHEBI:15422 = CHEBI:27902 + CHEBI:16761 + CHEBI:18367'), ('drug  + ATP = drug  + ADP + Pi', 'CHEBI:23888 + CHEBI:15422 = CHEBI:23888 + CHEBI:16761 + CHEBI:18367')]	0.0	100.0
P02915	3.A.1.3.1	P07109	[('L-lysine + ATP + H2O = L-lysine + ADP + phosphate + H(+)', 'CHEBI:32551 + CHEBI:30616 + CHEBI:15377 = CHEBI:32551 + CHEBI:456216 + CHEBI:43474 + CHEBI:15378'), ('a polar amino acid + ATP + H2O = a polar amino acid + ADP + phosphate + H(+)', 'CHEBI:62031 + CHEBI:30616 + CHEBI:15377 = CHEBI:62031 + CHEBI:456216 + CHEBI:43474 + CHEBI:15378'), ('L-ornithine + ATP + H2O = L-ornithine + ADP + phosphate + H(+)', 'CHEBI:46911 + CHEBI:30616 + CHEBI:15377 = CHEBI:46911 + CHEBI:456216 + CHEBI:43474 + CHEBI:15378'), ('L-histidine + ATP + H2O = L-histidine + ADP + phosphate + H(+)', 'CHEBI:57595 + CHEBI:30616 + CHEBI:15377 = CHEBI:57595 + CHEBI:456216 + CHEBI:43474 + CHEBI:15378'), ('L-arginine + ATP + H2O = L-arginine + ADP + phosphate + H(+)', 'CHEBI:32682 + CHEBI:30616 + CHEBI:15377 = CHEBI:32682 + CHEBI:456216 + CHEBI:43474 + CHEBI:15378'), ('lysine  + ATP = lysine  + ADP + Pi', 'CHEBI:25094 + CHEBI:15422 = CHEBI:25094 + CHEBI:16761 + CHEBI:18367'), ('ornithine  + ATP = ornithine  + ADP + Pi', 'CHEBI:18257 + CHEBI:15422 = CHEBI:18257 + CHEBI:16761 + CHEBI:18367'), ('arginine  + ATP = arginine  + ADP + Pi', 'CHEBI:29016 + CHEBI:15422 = CHEBI:29016 + CHEBI:16761 + CHEBI:18367'), ('histidine  + ATP = histidine  + ADP + Pi', 'CHEBI:27570 + CHEBI:15422 = CHEBI:27570 + CHEBI:16761 + CHEBI:18367')]	4.01e-173	94.553
P09551	3.A.1.3.1	P09551	[('L-lysine + ATP + H2O = L-lysine + ADP + phosphate + H(+)', 'CHEBI:32551 + CHEBI:30616 + CHEBI:15377 = CHEBI:32551 + CHEBI:456216 + CHEBI:43474 + CHEBI:15378'), ('a polar amino acid + ATP + H2O = a polar amino acid + ADP + phosphate + H(+)', 'CHEBI:62031 + CHEBI:30616 + CHEBI:15377 = CHEBI:62031 + CHEBI:456216 + CHEBI:43474 + CHEBI:15378'), ('L-ornithine + ATP + H2O = L-ornithine + ADP + phosphate + H(+)', 'CHEBI:46911 + CHEBI:30616 + CHEBI:15377 = CHEBI:46911 + CHEBI:456216 + CHEBI:43474 + CHEBI:15378'), ('L-histidine + ATP + H2O = L-histidine + ADP + phosphate + H(+)', 'CHEBI:57595 + CHEBI:30616 + CHEBI:15377 = CHEBI:57595 + CHEBI:456216 + CHEBI:43474 + CHEBI:15378'), ('L-arginine + ATP + H2O = L-arginine + ADP + phosphate + H(+)', 'CHEBI:32682 + CHEBI:30616 + CHEBI:15377 = CHEBI:32682 + CHEBI:456216 + CHEBI:43474 + CHEBI:15378'), ('lysine  + ATP = lysine  + ADP + Pi', 'CHEBI:25094 + CHEBI:15422 = CHEBI:25094 + CHEBI:16761 + CHEBI:18367'), ('ornithine  + ATP = ornithine  + ADP + Pi', 'CHEBI:18257 + CHEBI:15422 = CHEBI:18257 + CHEBI:16761 + CHEBI:18367'), ('arginine  + ATP = arginine  + ADP + Pi', 'CHEBI:29016 + CHEBI:15422 = CHEBI:29016 + CHEBI:16761 + CHEBI:18367'), ('histidine  + ATP = histidine  + ADP + Pi', 'CHEBI:27570 + CHEBI:15422 = CHEBI:27570 + CHEBI:16761 + CHEBI:18367')]	0.0	100.0
P0A2I7	3.A.1.3.1	P0AEU3	[('L-lysine + ATP + H2O = L-lysine + ADP + phosphate + H(+)', 'CHEBI:32551 + CHEBI:30616 + CHEBI:15377 = CHEBI:32551 + CHEBI:456216 + CHEBI:43474 + CHEBI:15378'), ('a polar amino acid + ATP + H2O = a polar amino acid + ADP + phosphate + H(+)', 'CHEBI:62031 + CHEBI:30616 + CHEBI:15377 = CHEBI:62031 + CHEBI:456216 + CHEBI:43474 + CHEBI:15378'), ('L-ornithine + ATP + H2O = L-ornithine + ADP + phosphate + H(+)', 'CHEBI:46911 + CHEBI:30616 + CHEBI:15377 = CHEBI:46911 + CHEBI:456216 + CHEBI:43474 + CHEBI:15378'), ('L-histidine + ATP + H2O = L-histidine + ADP + phosphate + H(+)', 'CHEBI:57595 + CHEBI:30616 + CHEBI:15377 = CHEBI:57595 + CHEBI:456216 + CHEBI:43474 + CHEBI:15378'), ('L-arginine + ATP + H2O = L-arginine + ADP + phosphate + H(+)', 'CHEBI:32682 + CHEBI:30616 + CHEBI:15377 = CHEBI:32682 + CHEBI:456216 + CHEBI:43474 + CHEBI:15378'), ('lysine  + ATP = lysine  + ADP + Pi', 'CHEBI:25094 + CHEBI:15422 = CHEBI:25094 + CHEBI:16761 + CHEBI:18367'), ('ornithine  + ATP = ornithine  + ADP + Pi', 'CHEBI:18257 + CHEBI:15422 = CHEBI:18257 + CHEBI:16761 + CHEBI:18367'), ('arginine  + ATP = arginine  + ADP + Pi', 'CHEBI:29016 + CHEBI:15422 = CHEBI:29016 + CHEBI:16761 + CHEBI:18367'), ('histidine  + ATP = histidine  + ADP + Pi', 'CHEBI:27570 + CHEBI:15422 = CHEBI:27570 + CHEBI:16761 + CHEBI:18367')]	1.1200000000000001e-160	92.275
P0A2I9	3.A.1.3.1	P52094	[('L-lysine + ATP + H2O = L-lysine + ADP + phosphate + H(+)', 'CHEBI:32551 + CHEBI:30616 + CHEBI:15377 = CHEBI:32551 + CHEBI:456216 + CHEBI:43474 + CHEBI:15378'), ('a polar amino acid + ATP + H2O = a polar amino acid + ADP + phosphate + H(+)', 'CHEBI:62031 + CHEBI:30616 + CHEBI:15377 = CHEBI:62031 + CHEBI:456216 + CHEBI:43474 + CHEBI:15378'), ('L-ornithine + ATP + H2O = L-ornithine + ADP + phosphate + H(+)', 'CHEBI:46911 + CHEBI:30616 + CHEBI:15377 = CHEBI:46911 + CHEBI:456216 + CHEBI:43474 + CHEBI:15378'), ('L-histidine + ATP + H2O = L-histidine + ADP + phosphate + H(+)', 'CHEBI:57595 + CHEBI:30616 + CHEBI:15377 = CHEBI:57595 + CHEBI:456216 + CHEBI:43474 + CHEBI:15378'), ('L-arginine + ATP + H2O = L-arginine + ADP + phosphate + H(+)', 'CHEBI:32682 + CHEBI:30616 + CHEBI:15377 = CHEBI:32682 + CHEBI:456216 + CHEBI:43474 + CHEBI:15378'), ('lysine  + ATP = lysine  + ADP + Pi', 'CHEBI:25094 + CHEBI:15422 = CHEBI:25094 + CHEBI:16761 + CHEBI:18367'), ('ornithine  + ATP = ornithine  + ADP + Pi', 'CHEBI:18257 + CHEBI:15422 = CHEBI:18257 + CHEBI:16761 + CHEBI:18367'), ('arginine  + ATP = arginine  + ADP + Pi', 'CHEBI:29016 + CHEBI:15422 = CHEBI:29016 + CHEBI:16761 + CHEBI:18367'), ('histidine  + ATP = histidine  + ADP + Pi', 'CHEBI:27570 + CHEBI:15422 = CHEBI:27570 + CHEBI:16761 + CHEBI:18367')]	1.45e-153	91.228
P0AEM9	3.A.1.3.10	P0AEM9	[('7,8-diaminononanoic acid  + ATP = 7,8-diaminononanoic acid  + ADP + Pi', 'CHEBI:2247 + CHEBI:15422 = CHEBI:2247 + CHEBI:16761 + CHEBI:18367'), ('cystine  + ATP = cystine  + ADP + Pi', 'CHEBI:17376 + CHEBI:15422 = CHEBI:17376 + CHEBI:16761 + CHEBI:18367'), ('D-cystine + ATP + H2O = D-cystine + ADP + phosphate + H(+)', 'CHEBI:145813 + CHEBI:30616 + CHEBI:15377 = CHEBI:145813 + CHEBI:456216 + CHEBI:43474 + CHEBI:15378'), ('L-cystine + ATP + H2O = L-cystine + ADP + phosphate + H(+)', 'CHEBI:35491 + CHEBI:30616 + CHEBI:15377 = CHEBI:35491 + CHEBI:456216 + CHEBI:43474 + CHEBI:15378')]	0.0	100.0
P0AFT2	3.A.1.3.10	P0AFT2	[('7,8-diaminononanoic acid  + ATP = 7,8-diaminononanoic acid  + ADP + Pi', 'CHEBI:2247 + CHEBI:15422 = CHEBI:2247 + CHEBI:16761 + CHEBI:18367'), ('cystine  + ATP = cystine  + ADP + Pi', 'CHEBI:17376 + CHEBI:15422 = CHEBI:17376 + CHEBI:16761 + CHEBI:18367'), ('D-cystine + ATP + H2O = D-cystine + ADP + phosphate + H(+)', 'CHEBI:145813 + CHEBI:30616 + CHEBI:15377 = CHEBI:145813 + CHEBI:456216 + CHEBI:43474 + CHEBI:15378'), ('L-cystine + ATP + H2O = L-cystine + ADP + phosphate + H(+)', 'CHEBI:35491 + CHEBI:30616 + CHEBI:15377 = CHEBI:35491 + CHEBI:456216 + CHEBI:43474 + CHEBI:15378')]	4.5100000000000005e-161	100.0
P37774	3.A.1.3.10	P37774	[('7,8-diaminononanoic acid  + ATP = 7,8-diaminononanoic acid  + ADP + Pi', 'CHEBI:2247 + CHEBI:15422 = CHEBI:2247 + CHEBI:16761 + CHEBI:18367'), ('cystine  + ATP = cystine  + ADP + Pi', 'CHEBI:17376 + CHEBI:15422 = CHEBI:17376 + CHEBI:16761 + CHEBI:18367'), ('D-cystine + ATP + H2O = D-cystine + ADP + phosphate + H(+)', 'CHEBI:145813 + CHEBI:30616 + CHEBI:15377 = CHEBI:145813 + CHEBI:456216 + CHEBI:43474 + CHEBI:15378'), ('L-cystine + ATP + H2O = L-cystine + ADP + phosphate + H(+)', 'CHEBI:35491 + CHEBI:30616 + CHEBI:15377 = CHEBI:35491 + CHEBI:456216 + CHEBI:43474 + CHEBI:15378')]	0.0	100.0
P0AEQ3	3.A.1.3.2	P0AEQ3	[('glutamine  + ATP = glutamine  + ADP + Pi', 'CHEBI:28300 + CHEBI:15422 = CHEBI:28300 + CHEBI:16761 + CHEBI:18367')]	0.0	100.0
P0AEQ6	3.A.1.3.2	P0AEQ6	[('glutamine  + ATP = glutamine  + ADP + Pi', 'CHEBI:28300 + CHEBI:15422 = CHEBI:28300 + CHEBI:16761 + CHEBI:18367')]	3.81e-155	100.0
P10346	3.A.1.3.2	P10346	[('glutamine  + ATP = glutamine  + ADP + Pi', 'CHEBI:28300 + CHEBI:15422 = CHEBI:28300 + CHEBI:16761 + CHEBI:18367')]	7.82e-178	100.0
P45766	3.A.1.3.26	P45766	[('L-threonine  + ATP = L-threonine  + ADP + Pi', 'CHEBI:16857 + CHEBI:15422 = CHEBI:16857 + CHEBI:16761 + CHEBI:18367'), ('asparagine  + ATP = asparagine  + ADP + Pi', 'CHEBI:22653 + CHEBI:15422 = CHEBI:22653 + CHEBI:16761 + CHEBI:18367'), ('glutamine  + ATP = glutamine  + ADP + Pi', 'CHEBI:28300 + CHEBI:15422 = CHEBI:28300 + CHEBI:16761 + CHEBI:18367'), ('serine  + ATP = serine  + ADP + Pi', 'CHEBI:17822 + CHEBI:15422 = CHEBI:17822 + CHEBI:16761 + CHEBI:18367'), ('histidine  + ATP = histidine  + ADP + Pi', 'CHEBI:27570 + CHEBI:15422 = CHEBI:27570 + CHEBI:16761 + CHEBI:18367'), ('tyrosine  + ATP = tyrosine  + ADP + Pi', 'CHEBI:18186 + CHEBI:15422 = CHEBI:18186 + CHEBI:16761 + CHEBI:18367')]	0.0	100.0
P45767	3.A.1.3.26	P45767	[('L-threonine  + ATP = L-threonine  + ADP + Pi', 'CHEBI:16857 + CHEBI:15422 = CHEBI:16857 + CHEBI:16761 + CHEBI:18367'), ('asparagine  + ATP = asparagine  + ADP + Pi', 'CHEBI:22653 + CHEBI:15422 = CHEBI:22653 + CHEBI:16761 + CHEBI:18367'), ('glutamine  + ATP = glutamine  + ADP + Pi', 'CHEBI:28300 + CHEBI:15422 = CHEBI:28300 + CHEBI:16761 + CHEBI:18367'), ('serine  + ATP = serine  + ADP + Pi', 'CHEBI:17822 + CHEBI:15422 = CHEBI:17822 + CHEBI:16761 + CHEBI:18367'), ('histidine  + ATP = histidine  + ADP + Pi', 'CHEBI:27570 + CHEBI:15422 = CHEBI:27570 + CHEBI:16761 + CHEBI:18367'), ('tyrosine  + ATP = tyrosine  + ADP + Pi', 'CHEBI:18186 + CHEBI:15422 = CHEBI:18186 + CHEBI:16761 + CHEBI:18367')]	0.0	100.0
P45768	3.A.1.3.26	P45768	[('L-threonine  + ATP = L-threonine  + ADP + Pi', 'CHEBI:16857 + CHEBI:15422 = CHEBI:16857 + CHEBI:16761 + CHEBI:18367'), ('asparagine  + ATP = asparagine  + ADP + Pi', 'CHEBI:22653 + CHEBI:15422 = CHEBI:22653 + CHEBI:16761 + CHEBI:18367'), ('glutamine  + ATP = glutamine  + ADP + Pi', 'CHEBI:28300 + CHEBI:15422 = CHEBI:28300 + CHEBI:16761 + CHEBI:18367'), ('serine  + ATP = serine  + ADP + Pi', 'CHEBI:17822 + CHEBI:15422 = CHEBI:17822 + CHEBI:16761 + CHEBI:18367'), ('histidine  + ATP = histidine  + ADP + Pi', 'CHEBI:27570 + CHEBI:15422 = CHEBI:27570 + CHEBI:16761 + CHEBI:18367'), ('tyrosine  + ATP = tyrosine  + ADP + Pi', 'CHEBI:18186 + CHEBI:15422 = CHEBI:18186 + CHEBI:16761 + CHEBI:18367')]	0.0	100.0
P45769	3.A.1.3.26	P45769	[('L-threonine  + ATP = L-threonine  + ADP + Pi', 'CHEBI:16857 + CHEBI:15422 = CHEBI:16857 + CHEBI:16761 + CHEBI:18367'), ('asparagine  + ATP = asparagine  + ADP + Pi', 'CHEBI:22653 + CHEBI:15422 = CHEBI:22653 + CHEBI:16761 + CHEBI:18367'), ('glutamine  + ATP = glutamine  + ADP + Pi', 'CHEBI:28300 + CHEBI:15422 = CHEBI:28300 + CHEBI:16761 + CHEBI:18367'), ('serine  + ATP = serine  + ADP + Pi', 'CHEBI:17822 + CHEBI:15422 = CHEBI:17822 + CHEBI:16761 + CHEBI:18367'), ('histidine  + ATP = histidine  + ADP + Pi', 'CHEBI:27570 + CHEBI:15422 = CHEBI:27570 + CHEBI:16761 + CHEBI:18367'), ('tyrosine  + ATP = tyrosine  + ADP + Pi', 'CHEBI:18186 + CHEBI:15422 = CHEBI:18186 + CHEBI:16761 + CHEBI:18367')]	0.0	100.0
P0AEU0	3.A.1.3.29	P0AEU0	[('lysine  + ATP = lysine  + ADP + Pi', 'CHEBI:25094 + CHEBI:15422 = CHEBI:25094 + CHEBI:16761 + CHEBI:18367'), ('arginine  + ATP = arginine  + ADP + Pi', 'CHEBI:29016 + CHEBI:15422 = CHEBI:29016 + CHEBI:16761 + CHEBI:18367'), ('histidine  + ATP = histidine  + ADP + Pi', 'CHEBI:27570 + CHEBI:15422 = CHEBI:27570 + CHEBI:16761 + CHEBI:18367'), ('L-lysine + ATP + H2O = L-lysine + ADP + phosphate + H(+)', 'CHEBI:32551 + CHEBI:30616 + CHEBI:15377 = CHEBI:32551 + CHEBI:456216 + CHEBI:43474 + CHEBI:15378'), ('a polar amino acid + ATP + H2O = a polar amino acid + ADP + phosphate + H(+)', 'CHEBI:62031 + CHEBI:30616 + CHEBI:15377 = CHEBI:62031 + CHEBI:456216 + CHEBI:43474 + CHEBI:15378'), ('L-ornithine + ATP + H2O = L-ornithine + ADP + phosphate + H(+)', 'CHEBI:46911 + CHEBI:30616 + CHEBI:15377 = CHEBI:46911 + CHEBI:456216 + CHEBI:43474 + CHEBI:15378'), ('L-histidine + ATP + H2O = L-histidine + ADP + phosphate + H(+)', 'CHEBI:57595 + CHEBI:30616 + CHEBI:15377 = CHEBI:57595 + CHEBI:456216 + CHEBI:43474 + CHEBI:15378'), ('L-arginine + ATP + H2O = L-arginine + ADP + phosphate + H(+)', 'CHEBI:32682 + CHEBI:30616 + CHEBI:15377 = CHEBI:32682 + CHEBI:456216 + CHEBI:43474 + CHEBI:15378')]	0.0	100.0
P07109	3.A.1.3.29	P07109	[('lysine  + ATP = lysine  + ADP + Pi', 'CHEBI:25094 + CHEBI:15422 = CHEBI:25094 + CHEBI:16761 + CHEBI:18367'), ('arginine  + ATP = arginine  + ADP + Pi', 'CHEBI:29016 + CHEBI:15422 = CHEBI:29016 + CHEBI:16761 + CHEBI:18367'), ('histidine  + ATP = histidine  + ADP + Pi', 'CHEBI:27570 + CHEBI:15422 = CHEBI:27570 + CHEBI:16761 + CHEBI:18367'), ('L-lysine + ATP + H2O = L-lysine + ADP + phosphate + H(+)', 'CHEBI:32551 + CHEBI:30616 + CHEBI:15377 = CHEBI:32551 + CHEBI:456216 + CHEBI:43474 + CHEBI:15378'), ('a polar amino acid + ATP + H2O = a polar amino acid + ADP + phosphate + H(+)', 'CHEBI:62031 + CHEBI:30616 + CHEBI:15377 = CHEBI:62031 + CHEBI:456216 + CHEBI:43474 + CHEBI:15378'), ('L-ornithine + ATP + H2O = L-ornithine + ADP + phosphate + H(+)', 'CHEBI:46911 + CHEBI:30616 + CHEBI:15377 = CHEBI:46911 + CHEBI:456216 + CHEBI:43474 + CHEBI:15378'), ('L-histidine + ATP + H2O = L-histidine + ADP + phosphate + H(+)', 'CHEBI:57595 + CHEBI:30616 + CHEBI:15377 = CHEBI:57595 + CHEBI:456216 + CHEBI:43474 + CHEBI:15378'), ('L-arginine + ATP + H2O = L-arginine + ADP + phosphate + H(+)', 'CHEBI:32682 + CHEBI:30616 + CHEBI:15377 = CHEBI:32682 + CHEBI:456216 + CHEBI:43474 + CHEBI:15378')]	0.0	100.0
P0AEU3	3.A.1.3.29	P0AEU3	[('lysine  + ATP = lysine  + ADP + Pi', 'CHEBI:25094 + CHEBI:15422 = CHEBI:25094 + CHEBI:16761 + CHEBI:18367'), ('arginine  + ATP = arginine  + ADP + Pi', 'CHEBI:29016 + CHEBI:15422 = CHEBI:29016 + CHEBI:16761 + CHEBI:18367'), ('histidine  + ATP = histidine  + ADP + Pi', 'CHEBI:27570 + CHEBI:15422 = CHEBI:27570 + CHEBI:16761 + CHEBI:18367'), ('L-lysine + ATP + H2O = L-lysine + ADP + phosphate + H(+)', 'CHEBI:32551 + CHEBI:30616 + CHEBI:15377 = CHEBI:32551 + CHEBI:456216 + CHEBI:43474 + CHEBI:15378'), ('a polar amino acid + ATP + H2O = a polar amino acid + ADP + phosphate + H(+)', 'CHEBI:62031 + CHEBI:30616 + CHEBI:15377 = CHEBI:62031 + CHEBI:456216 + CHEBI:43474 + CHEBI:15378'), ('L-ornithine + ATP + H2O = L-ornithine + ADP + phosphate + H(+)', 'CHEBI:46911 + CHEBI:30616 + CHEBI:15377 = CHEBI:46911 + CHEBI:456216 + CHEBI:43474 + CHEBI:15378'), ('L-histidine + ATP + H2O = L-histidine + ADP + phosphate + H(+)', 'CHEBI:57595 + CHEBI:30616 + CHEBI:15377 = CHEBI:57595 + CHEBI:456216 + CHEBI:43474 + CHEBI:15378'), ('L-arginine + ATP + H2O = L-arginine + ADP + phosphate + H(+)', 'CHEBI:32682 + CHEBI:30616 + CHEBI:15377 = CHEBI:32682 + CHEBI:456216 + CHEBI:43474 + CHEBI:15378')]	7.919999999999999e-176	100.0
P52094	3.A.1.3.29	P52094	[('lysine  + ATP = lysine  + ADP + Pi', 'CHEBI:25094 + CHEBI:15422 = CHEBI:25094 + CHEBI:16761 + CHEBI:18367'), ('arginine  + ATP = arginine  + ADP + Pi', 'CHEBI:29016 + CHEBI:15422 = CHEBI:29016 + CHEBI:16761 + CHEBI:18367'), ('histidine  + ATP = histidine  + ADP + Pi', 'CHEBI:27570 + CHEBI:15422 = CHEBI:27570 + CHEBI:16761 + CHEBI:18367'), ('L-lysine + ATP + H2O = L-lysine + ADP + phosphate + H(+)', 'CHEBI:32551 + CHEBI:30616 + CHEBI:15377 = CHEBI:32551 + CHEBI:456216 + CHEBI:43474 + CHEBI:15378'), ('a polar amino acid + ATP + H2O = a polar amino acid + ADP + phosphate + H(+)', 'CHEBI:62031 + CHEBI:30616 + CHEBI:15377 = CHEBI:62031 + CHEBI:456216 + CHEBI:43474 + CHEBI:15378'), ('L-ornithine + ATP + H2O = L-ornithine + ADP + phosphate + H(+)', 'CHEBI:46911 + CHEBI:30616 + CHEBI:15377 = CHEBI:46911 + CHEBI:456216 + CHEBI:43474 + CHEBI:15378'), ('L-histidine + ATP + H2O = L-histidine + ADP + phosphate + H(+)', 'CHEBI:57595 + CHEBI:30616 + CHEBI:15377 = CHEBI:57595 + CHEBI:456216 + CHEBI:43474 + CHEBI:15378'), ('L-arginine + ATP + H2O = L-arginine + ADP + phosphate + H(+)', 'CHEBI:32682 + CHEBI:30616 + CHEBI:15377 = CHEBI:32682 + CHEBI:456216 + CHEBI:43474 + CHEBI:15378')]	3.57e-164	100.0
P0AAF6	3.A.1.3.3	P0AAF6	[('a polar amino acid + ATP + H2O = a polar amino acid + ADP + phosphate + H(+)', 'CHEBI:62031 + CHEBI:30616 + CHEBI:15377 = CHEBI:62031 + CHEBI:456216 + CHEBI:43474 + CHEBI:15378'), ('L-arginine + ATP + H2O = L-arginine + ADP + phosphate + H(+)', 'CHEBI:32682 + CHEBI:30616 + CHEBI:15377 = CHEBI:32682 + CHEBI:456216 + CHEBI:43474 + CHEBI:15378'), ('arginine  + ATP = arginine  + ADP + Pi', 'CHEBI:29016 + CHEBI:15422 = CHEBI:29016 + CHEBI:16761 + CHEBI:18367')]	0.0	100.0
P0AE30	3.A.1.3.3	P0AE30	[('a polar amino acid + ATP + H2O = a polar amino acid + ADP + phosphate + H(+)', 'CHEBI:62031 + CHEBI:30616 + CHEBI:15377 = CHEBI:62031 + CHEBI:456216 + CHEBI:43474 + CHEBI:15378'), ('L-arginine + ATP + H2O = L-arginine + ADP + phosphate + H(+)', 'CHEBI:32682 + CHEBI:30616 + CHEBI:15377 = CHEBI:32682 + CHEBI:456216 + CHEBI:43474 + CHEBI:15378'), ('arginine  + ATP = arginine  + ADP + Pi', 'CHEBI:29016 + CHEBI:15422 = CHEBI:29016 + CHEBI:16761 + CHEBI:18367')]	5.5500000000000004e-161	100.0
P0AE34	3.A.1.3.3	P0AE34	[('a polar amino acid + ATP + H2O = a polar amino acid + ADP + phosphate + H(+)', 'CHEBI:62031 + CHEBI:30616 + CHEBI:15377 = CHEBI:62031 + CHEBI:456216 + CHEBI:43474 + CHEBI:15378'), ('L-arginine + ATP + H2O = L-arginine + ADP + phosphate + H(+)', 'CHEBI:32682 + CHEBI:30616 + CHEBI:15377 = CHEBI:32682 + CHEBI:456216 + CHEBI:43474 + CHEBI:15378'), ('arginine  + ATP = arginine  + ADP + Pi', 'CHEBI:29016 + CHEBI:15422 = CHEBI:29016 + CHEBI:16761 + CHEBI:18367')]	2.1600000000000003e-173	100.0
P30859	3.A.1.3.3	P30859	[('a polar amino acid + ATP + H2O = a polar amino acid + ADP + phosphate + H(+)', 'CHEBI:62031 + CHEBI:30616 + CHEBI:15377 = CHEBI:62031 + CHEBI:456216 + CHEBI:43474 + CHEBI:15378'), ('L-arginine + ATP + H2O = L-arginine + ADP + phosphate + H(+)', 'CHEBI:32682 + CHEBI:30616 + CHEBI:15377 = CHEBI:32682 + CHEBI:456216 + CHEBI:43474 + CHEBI:15378'), ('arginine  + ATP = arginine  + ADP + Pi', 'CHEBI:29016 + CHEBI:15422 = CHEBI:29016 + CHEBI:16761 + CHEBI:18367')]	0.0	100.0
P30860	3.A.1.3.3	P30860	[('a polar amino acid + ATP + H2O = a polar amino acid + ADP + phosphate + H(+)', 'CHEBI:62031 + CHEBI:30616 + CHEBI:15377 = CHEBI:62031 + CHEBI:456216 + CHEBI:43474 + CHEBI:15378'), ('L-arginine + ATP + H2O = L-arginine + ADP + phosphate + H(+)', 'CHEBI:32682 + CHEBI:30616 + CHEBI:15377 = CHEBI:32682 + CHEBI:456216 + CHEBI:43474 + CHEBI:15378'), ('arginine  + ATP = arginine  + ADP + Pi', 'CHEBI:29016 + CHEBI:15422 = CHEBI:29016 + CHEBI:16761 + CHEBI:18367')]	0.0	100.0
P0AAG3	3.A.1.3.4	P0AAG3	[('a polar amino acid + ATP + H2O = a polar amino acid + ADP + phosphate + H(+)', 'CHEBI:62031 + CHEBI:30616 + CHEBI:15377 = CHEBI:62031 + CHEBI:456216 + CHEBI:43474 + CHEBI:15378'), ('L-aspartate + ATP + H2O = L-aspartate + ADP + phosphate + H(+)', 'CHEBI:29991 + CHEBI:30616 + CHEBI:15377 = CHEBI:29991 + CHEBI:456216 + CHEBI:43474 + CHEBI:15378'), ('L-glutamate + ATP + H2O = L-glutamate + ADP + phosphate + H(+)', 'CHEBI:29985 + CHEBI:30616 + CHEBI:15377 = CHEBI:29985 + CHEBI:456216 + CHEBI:43474 + CHEBI:15378'), ('glutamate(2-)  + ATP = glutamate(2-)  + ADP + Pi', 'CHEBI:29987 + CHEBI:15422 = CHEBI:29987 + CHEBI:16761 + CHEBI:18367')]	0.0	100.0
P0AER3	3.A.1.3.4	P0AER3	[('a polar amino acid + ATP + H2O = a polar amino acid + ADP + phosphate + H(+)', 'CHEBI:62031 + CHEBI:30616 + CHEBI:15377 = CHEBI:62031 + CHEBI:456216 + CHEBI:43474 + CHEBI:15378'), ('L-aspartate + ATP + H2O = L-aspartate + ADP + phosphate + H(+)', 'CHEBI:29991 + CHEBI:30616 + CHEBI:15377 = CHEBI:29991 + CHEBI:456216 + CHEBI:43474 + CHEBI:15378'), ('L-glutamate + ATP + H2O = L-glutamate + ADP + phosphate + H(+)', 'CHEBI:29985 + CHEBI:30616 + CHEBI:15377 = CHEBI:29985 + CHEBI:456216 + CHEBI:43474 + CHEBI:15378'), ('glutamate(2-)  + ATP = glutamate(2-)  + ADP + Pi', 'CHEBI:29987 + CHEBI:15422 = CHEBI:29987 + CHEBI:16761 + CHEBI:18367')]	0.0	100.0
P0AER5	3.A.1.3.4	P0AER5	[('a polar amino acid + ATP + H2O = a polar amino acid + ADP + phosphate + H(+)', 'CHEBI:62031 + CHEBI:30616 + CHEBI:15377 = CHEBI:62031 + CHEBI:456216 + CHEBI:43474 + CHEBI:15378'), ('L-aspartate + ATP + H2O = L-aspartate + ADP + phosphate + H(+)', 'CHEBI:29991 + CHEBI:30616 + CHEBI:15377 = CHEBI:29991 + CHEBI:456216 + CHEBI:43474 + CHEBI:15378'), ('L-glutamate + ATP + H2O = L-glutamate + ADP + phosphate + H(+)', 'CHEBI:29985 + CHEBI:30616 + CHEBI:15377 = CHEBI:29985 + CHEBI:456216 + CHEBI:43474 + CHEBI:15378'), ('glutamate(2-)  + ATP = glutamate(2-)  + ADP + Pi', 'CHEBI:29987 + CHEBI:15422 = CHEBI:29987 + CHEBI:16761 + CHEBI:18367')]	6.06e-161	100.0
P37902	3.A.1.3.4	P37902	[('a polar amino acid + ATP + H2O = a polar amino acid + ADP + phosphate + H(+)', 'CHEBI:62031 + CHEBI:30616 + CHEBI:15377 = CHEBI:62031 + CHEBI:456216 + CHEBI:43474 + CHEBI:15378'), ('L-aspartate + ATP + H2O = L-aspartate + ADP + phosphate + H(+)', 'CHEBI:29991 + CHEBI:30616 + CHEBI:15377 = CHEBI:29991 + CHEBI:456216 + CHEBI:43474 + CHEBI:15378'), ('L-glutamate + ATP + H2O = L-glutamate + ADP + phosphate + H(+)', 'CHEBI:29985 + CHEBI:30616 + CHEBI:15377 = CHEBI:29985 + CHEBI:456216 + CHEBI:43474 + CHEBI:15378'), ('glutamate(2-)  + ATP = glutamate(2-)  + ADP + Pi', 'CHEBI:29987 + CHEBI:15422 = CHEBI:29987 + CHEBI:16761 + CHEBI:18367')]	0.0	100.0
P04816	3.A.1.4.1	P04816	[('L-isoleucine  + ATP = L-isoleucine  + ADP + Pi', 'CHEBI:17191 + CHEBI:15422 = CHEBI:17191 + CHEBI:16761 + CHEBI:18367'), ('leucine  + ATP = leucine  + ADP + Pi', 'CHEBI:25017 + CHEBI:15422 = CHEBI:25017 + CHEBI:16761 + CHEBI:18367'), ('valine  + ATP = valine  + ADP + Pi', 'CHEBI:27266 + CHEBI:15422 = CHEBI:27266 + CHEBI:16761 + CHEBI:18367'), ('phenylalanine  + ATP = phenylalanine  + ADP + Pi', 'CHEBI:28044 + CHEBI:15422 = CHEBI:28044 + CHEBI:16761 + CHEBI:18367'), ('tyrosine  + ATP = tyrosine  + ADP + Pi', 'CHEBI:18186 + CHEBI:15422 = CHEBI:18186 + CHEBI:16761 + CHEBI:18367')]	0.0	100.0
P0A9S7	3.A.1.4.1	P0A9S7	[('L-isoleucine  + ATP = L-isoleucine  + ADP + Pi', 'CHEBI:17191 + CHEBI:15422 = CHEBI:17191 + CHEBI:16761 + CHEBI:18367'), ('leucine  + ATP = leucine  + ADP + Pi', 'CHEBI:25017 + CHEBI:15422 = CHEBI:25017 + CHEBI:16761 + CHEBI:18367'), ('valine  + ATP = valine  + ADP + Pi', 'CHEBI:27266 + CHEBI:15422 = CHEBI:27266 + CHEBI:16761 + CHEBI:18367'), ('phenylalanine  + ATP = phenylalanine  + ADP + Pi', 'CHEBI:28044 + CHEBI:15422 = CHEBI:28044 + CHEBI:16761 + CHEBI:18367'), ('tyrosine  + ATP = tyrosine  + ADP + Pi', 'CHEBI:18186 + CHEBI:15422 = CHEBI:18186 + CHEBI:16761 + CHEBI:18367')]	0.0	100.0
P0AD96	3.A.1.4.1	P0AD96	[('L-isoleucine  + ATP = L-isoleucine  + ADP + Pi', 'CHEBI:17191 + CHEBI:15422 = CHEBI:17191 + CHEBI:16761 + CHEBI:18367'), ('leucine  + ATP = leucine  + ADP + Pi', 'CHEBI:25017 + CHEBI:15422 = CHEBI:25017 + CHEBI:16761 + CHEBI:18367'), ('valine  + ATP = valine  + ADP + Pi', 'CHEBI:27266 + CHEBI:15422 = CHEBI:27266 + CHEBI:16761 + CHEBI:18367'), ('phenylalanine  + ATP = phenylalanine  + ADP + Pi', 'CHEBI:28044 + CHEBI:15422 = CHEBI:28044 + CHEBI:16761 + CHEBI:18367'), ('tyrosine  + ATP = tyrosine  + ADP + Pi', 'CHEBI:18186 + CHEBI:15422 = CHEBI:18186 + CHEBI:16761 + CHEBI:18367')]	0.0	100.0
P0AEX7	3.A.1.4.1	P0AEX7	[('L-isoleucine  + ATP = L-isoleucine  + ADP + Pi', 'CHEBI:17191 + CHEBI:15422 = CHEBI:17191 + CHEBI:16761 + CHEBI:18367'), ('leucine  + ATP = leucine  + ADP + Pi', 'CHEBI:25017 + CHEBI:15422 = CHEBI:25017 + CHEBI:16761 + CHEBI:18367'), ('valine  + ATP = valine  + ADP + Pi', 'CHEBI:27266 + CHEBI:15422 = CHEBI:27266 + CHEBI:16761 + CHEBI:18367'), ('phenylalanine  + ATP = phenylalanine  + ADP + Pi', 'CHEBI:28044 + CHEBI:15422 = CHEBI:28044 + CHEBI:16761 + CHEBI:18367'), ('tyrosine  + ATP = tyrosine  + ADP + Pi', 'CHEBI:18186 + CHEBI:15422 = CHEBI:18186 + CHEBI:16761 + CHEBI:18367')]	0.0	100.0
P22729	3.A.1.4.1	P22729	[('L-isoleucine  + ATP = L-isoleucine  + ADP + Pi', 'CHEBI:17191 + CHEBI:15422 = CHEBI:17191 + CHEBI:16761 + CHEBI:18367'), ('leucine  + ATP = leucine  + ADP + Pi', 'CHEBI:25017 + CHEBI:15422 = CHEBI:25017 + CHEBI:16761 + CHEBI:18367'), ('valine  + ATP = valine  + ADP + Pi', 'CHEBI:27266 + CHEBI:15422 = CHEBI:27266 + CHEBI:16761 + CHEBI:18367'), ('phenylalanine  + ATP = phenylalanine  + ADP + Pi', 'CHEBI:28044 + CHEBI:15422 = CHEBI:28044 + CHEBI:16761 + CHEBI:18367'), ('tyrosine  + ATP = tyrosine  + ADP + Pi', 'CHEBI:18186 + CHEBI:15422 = CHEBI:18186 + CHEBI:16761 + CHEBI:18367')]	0.0	100.0
P22731	3.A.1.4.1	P22731	[('L-isoleucine  + ATP = L-isoleucine  + ADP + Pi', 'CHEBI:17191 + CHEBI:15422 = CHEBI:17191 + CHEBI:16761 + CHEBI:18367'), ('leucine  + ATP = leucine  + ADP + Pi', 'CHEBI:25017 + CHEBI:15422 = CHEBI:25017 + CHEBI:16761 + CHEBI:18367'), ('valine  + ATP = valine  + ADP + Pi', 'CHEBI:27266 + CHEBI:15422 = CHEBI:27266 + CHEBI:16761 + CHEBI:18367'), ('phenylalanine  + ATP = phenylalanine  + ADP + Pi', 'CHEBI:28044 + CHEBI:15422 = CHEBI:28044 + CHEBI:16761 + CHEBI:18367'), ('tyrosine  + ATP = tyrosine  + ADP + Pi', 'CHEBI:18186 + CHEBI:15422 = CHEBI:18186 + CHEBI:16761 + CHEBI:18367')]	2.47e-177	100.0
P04285	3.A.1.5.1	P76027	[('a [peptide] + ATP + H2O = a [peptide] + ADP + phosphate + H(+)', 'CHEBI:33710 + CHEBI:30616 + CHEBI:15377 = CHEBI:33710 + CHEBI:456216 + CHEBI:43474 + CHEBI:15378'), ('L-alanyl-gamma-D-glutamyl-meso-diaminoheptanedioate + ATP + H2O = L-alanyl-gamma-D-glutamyl-meso-diaminoheptanedioate + ADP + phosphate + H(+)', 'CHEBI:61401 + CHEBI:30616 + CHEBI:15377 = CHEBI:61401 + CHEBI:456216 + CHEBI:43474 + CHEBI:15378'), ('oligopeptide  + ATP = oligopeptide  + ADP + Pi', 'CHEBI:7755 + CHEBI:15422 = CHEBI:7755 + CHEBI:16761 + CHEBI:18367')]	0.0	92.285
P08005	3.A.1.5.1	P0AFH2	[('a [peptide] + ATP + H2O = a [peptide] + ADP + phosphate + H(+)', 'CHEBI:33710 + CHEBI:30616 + CHEBI:15377 = CHEBI:33710 + CHEBI:456216 + CHEBI:43474 + CHEBI:15378'), ('L-alanyl-gamma-D-glutamyl-meso-diaminoheptanedioate + ATP + H2O = L-alanyl-gamma-D-glutamyl-meso-diaminoheptanedioate + ADP + phosphate + H(+)', 'CHEBI:61401 + CHEBI:30616 + CHEBI:15377 = CHEBI:61401 + CHEBI:456216 + CHEBI:43474 + CHEBI:15378'), ('oligopeptide  + ATP = oligopeptide  + ADP + Pi', 'CHEBI:7755 + CHEBI:15422 = CHEBI:7755 + CHEBI:16761 + CHEBI:18367')]	0.0	96.078
P08006	3.A.1.5.1	P0AFH6	[('a [peptide] + ATP + H2O = a [peptide] + ADP + phosphate + H(+)', 'CHEBI:33710 + CHEBI:30616 + CHEBI:15377 = CHEBI:33710 + CHEBI:456216 + CHEBI:43474 + CHEBI:15378'), ('L-alanyl-gamma-D-glutamyl-meso-diaminoheptanedioate + ATP + H2O = L-alanyl-gamma-D-glutamyl-meso-diaminoheptanedioate + ADP + phosphate + H(+)', 'CHEBI:61401 + CHEBI:30616 + CHEBI:15377 = CHEBI:61401 + CHEBI:456216 + CHEBI:43474 + CHEBI:15378'), ('oligopeptide  + ATP = oligopeptide  + ADP + Pi', 'CHEBI:7755 + CHEBI:15422 = CHEBI:7755 + CHEBI:16761 + CHEBI:18367')]	0.0	96.026
P08007	3.A.1.5.1	P77737	[('a [peptide] + ATP + H2O = a [peptide] + ADP + phosphate + H(+)', 'CHEBI:33710 + CHEBI:30616 + CHEBI:15377 = CHEBI:33710 + CHEBI:456216 + CHEBI:43474 + CHEBI:15378'), ('L-alanyl-gamma-D-glutamyl-meso-diaminoheptanedioate + ATP + H2O = L-alanyl-gamma-D-glutamyl-meso-diaminoheptanedioate + ADP + phosphate + H(+)', 'CHEBI:61401 + CHEBI:30616 + CHEBI:15377 = CHEBI:61401 + CHEBI:456216 + CHEBI:43474 + CHEBI:15378'), ('oligopeptide  + ATP = oligopeptide  + ADP + Pi', 'CHEBI:7755 + CHEBI:15422 = CHEBI:7755 + CHEBI:16761 + CHEBI:18367')]	0.0	95.21
P77348	3.A.1.5.1	P77348	[('a [peptide] + ATP + H2O = a [peptide] + ADP + phosphate + H(+)', 'CHEBI:33710 + CHEBI:30616 + CHEBI:15377 = CHEBI:33710 + CHEBI:456216 + CHEBI:43474 + CHEBI:15378'), ('L-alanyl-gamma-D-glutamyl-meso-diaminoheptanedioate + ATP + H2O = L-alanyl-gamma-D-glutamyl-meso-diaminoheptanedioate + ADP + phosphate + H(+)', 'CHEBI:61401 + CHEBI:30616 + CHEBI:15377 = CHEBI:61401 + CHEBI:456216 + CHEBI:43474 + CHEBI:15378'), ('oligopeptide  + ATP = oligopeptide  + ADP + Pi', 'CHEBI:7755 + CHEBI:15422 = CHEBI:7755 + CHEBI:16761 + CHEBI:18367')]	0.0	100.0
P75796	3.A.1.5.11	P75796	[('glutathione + ATP + H2O = glutathione + ADP + phosphate + H(+)', 'CHEBI:57925 + CHEBI:30616 + CHEBI:15377 = CHEBI:57925 + CHEBI:456216 + CHEBI:43474 + CHEBI:15378'), ('glutathione  + ATP = glutathione  + ADP + Pi', 'CHEBI:16856 + CHEBI:15422 = CHEBI:16856 + CHEBI:16761 + CHEBI:18367')]	0.0	100.0
P75797	3.A.1.5.11	P75797	[('glutathione + ATP + H2O = glutathione + ADP + phosphate + H(+)', 'CHEBI:57925 + CHEBI:30616 + CHEBI:15377 = CHEBI:57925 + CHEBI:456216 + CHEBI:43474 + CHEBI:15378'), ('glutathione  + ATP = glutathione  + ADP + Pi', 'CHEBI:16856 + CHEBI:15422 = CHEBI:16856 + CHEBI:16761 + CHEBI:18367')]	0.0	100.0
P75798	3.A.1.5.11	P75798	[('glutathione + ATP + H2O = glutathione + ADP + phosphate + H(+)', 'CHEBI:57925 + CHEBI:30616 + CHEBI:15377 = CHEBI:57925 + CHEBI:456216 + CHEBI:43474 + CHEBI:15378'), ('glutathione  + ATP = glutathione  + ADP + Pi', 'CHEBI:16856 + CHEBI:15422 = CHEBI:16856 + CHEBI:16761 + CHEBI:18367')]	0.0	100.0
P75799	3.A.1.5.11	P75799	[('glutathione + ATP + H2O = glutathione + ADP + phosphate + H(+)', 'CHEBI:57925 + CHEBI:30616 + CHEBI:15377 = CHEBI:57925 + CHEBI:456216 + CHEBI:43474 + CHEBI:15378'), ('glutathione  + ATP = glutathione  + ADP + Pi', 'CHEBI:16856 + CHEBI:15422 = CHEBI:16856 + CHEBI:16761 + CHEBI:18367')]	0.0	100.0
P0AFU1	3.A.1.5.21	P0AFU0	[('microcin c  + ATP = microcin c  + ADP + Pi', 'CHEBI:82754 + CHEBI:15422 = CHEBI:82754 + CHEBI:16761 + CHEBI:18367')]	0.0	100.0
P33913	3.A.1.5.21	P33913	[('microcin c  + ATP = microcin c  + ADP + Pi', 'CHEBI:82754 + CHEBI:15422 = CHEBI:82754 + CHEBI:16761 + CHEBI:18367')]	0.0	100.0
P33915	3.A.1.5.21	P33915	[('microcin c  + ATP = microcin c  + ADP + Pi', 'CHEBI:82754 + CHEBI:15422 = CHEBI:82754 + CHEBI:16761 + CHEBI:18367')]	0.0	100.0
P33916	3.A.1.5.21	P33916	[('microcin c  + ATP = microcin c  + ADP + Pi', 'CHEBI:82754 + CHEBI:15422 = CHEBI:82754 + CHEBI:16761 + CHEBI:18367')]	0.0	100.0
Q7CQ74	3.A.1.5.24	P0AFU0	[('peptide  + ATP = peptide  + ADP + Pi', 'CHEBI:16670 + CHEBI:15422 = CHEBI:16670 + CHEBI:16761 + CHEBI:18367')]	0.0	96.154
Q8ZNJ9	3.A.1.5.24	P33915	[('peptide  + ATP = peptide  + ADP + Pi', 'CHEBI:16670 + CHEBI:15422 = CHEBI:16670 + CHEBI:16761 + CHEBI:18367')]	0.0	91.496
P0AFA9	3.A.1.5.3	P0AFA9	[('nickel(2+)  + ATP = nickel(2+)  + ADP + Pi', 'CHEBI:49786 + CHEBI:15422 = CHEBI:49786 + CHEBI:16761 + CHEBI:18367'), ('Ni(2+) + ATP + H2O = Ni(2+) + ADP + phosphate + H(+)', 'CHEBI:49786 + CHEBI:30616 + CHEBI:15377 = CHEBI:49786 + CHEBI:456216 + CHEBI:43474 + CHEBI:15378')]	0.0	100.0
P33590	3.A.1.5.3	P33590	[('nickel(2+)  + ATP = nickel(2+)  + ADP + Pi', 'CHEBI:49786 + CHEBI:15422 = CHEBI:49786 + CHEBI:16761 + CHEBI:18367'), ('Ni(2+) + ATP + H2O = Ni(2+) + ADP + phosphate + H(+)', 'CHEBI:49786 + CHEBI:30616 + CHEBI:15377 = CHEBI:49786 + CHEBI:456216 + CHEBI:43474 + CHEBI:15378')]	0.0	100.0
P33591	3.A.1.5.3	P33591	[('nickel(2+)  + ATP = nickel(2+)  + ADP + Pi', 'CHEBI:49786 + CHEBI:15422 = CHEBI:49786 + CHEBI:16761 + CHEBI:18367'), ('Ni(2+) + ATP + H2O = Ni(2+) + ADP + phosphate + H(+)', 'CHEBI:49786 + CHEBI:30616 + CHEBI:15377 = CHEBI:49786 + CHEBI:456216 + CHEBI:43474 + CHEBI:15378')]	0.0	100.0
P33593	3.A.1.5.3	P33593	[('nickel(2+)  + ATP = nickel(2+)  + ADP + Pi', 'CHEBI:49786 + CHEBI:15422 = CHEBI:49786 + CHEBI:16761 + CHEBI:18367'), ('Ni(2+) + ATP + H2O = Ni(2+) + ADP + phosphate + H(+)', 'CHEBI:49786 + CHEBI:30616 + CHEBI:15377 = CHEBI:49786 + CHEBI:456216 + CHEBI:43474 + CHEBI:15378')]	0.0	100.0
P33594	3.A.1.5.3	P33594	[('nickel(2+)  + ATP = nickel(2+)  + ADP + Pi', 'CHEBI:49786 + CHEBI:15422 = CHEBI:49786 + CHEBI:16761 + CHEBI:18367'), ('Ni(2+) + ATP + H2O = Ni(2+) + ADP + phosphate + H(+)', 'CHEBI:49786 + CHEBI:30616 + CHEBI:15377 = CHEBI:49786 + CHEBI:456216 + CHEBI:43474 + CHEBI:15378')]	0.0	100.0
P76128	3.A.1.5.38	P76128	[('L-alanyl-L-alanine  + ATP = L-alanyl-L-alanine  + ADP + Pi', 'CHEBI:72816 + CHEBI:15422 = CHEBI:72816 + CHEBI:16761 + CHEBI:18367')]	0.0	100.0
P77308	3.A.1.5.38	P77308	[('L-alanyl-L-alanine  + ATP = L-alanyl-L-alanine  + ADP + Pi', 'CHEBI:72816 + CHEBI:15422 = CHEBI:72816 + CHEBI:16761 + CHEBI:18367')]	0.0	100.0
P77463	3.A.1.5.38	P77463	[('L-alanyl-L-alanine  + ATP = L-alanyl-L-alanine  + ADP + Pi', 'CHEBI:72816 + CHEBI:15422 = CHEBI:72816 + CHEBI:16761 + CHEBI:18367')]	0.0	100.0
P77268	3.A.1.5.38	P77268	[('L-alanyl-L-alanine  + ATP = L-alanyl-L-alanine  + ADP + Pi', 'CHEBI:72816 + CHEBI:15422 = CHEBI:72816 + CHEBI:16761 + CHEBI:18367')]	0.0	100.0
P77622	3.A.1.5.38	P77622	[('L-alanyl-L-alanine  + ATP = L-alanyl-L-alanine  + ADP + Pi', 'CHEBI:72816 + CHEBI:15422 = CHEBI:72816 + CHEBI:16761 + CHEBI:18367')]	0.0	100.0
P23843	3.A.1.5.41	P23843	[('oligopeptide  + ATP = oligopeptide  + ADP + Pi', 'CHEBI:7755 + CHEBI:15422 = CHEBI:7755 + CHEBI:16761 + CHEBI:18367'), ('a [peptide] + ATP + H2O = a [peptide] + ADP + phosphate + H(+)', 'CHEBI:33710 + CHEBI:30616 + CHEBI:15377 = CHEBI:33710 + CHEBI:456216 + CHEBI:43474 + CHEBI:15378'), ('L-alanyl-gamma-D-glutamyl-meso-diaminoheptanedioate + ATP + H2O = L-alanyl-gamma-D-glutamyl-meso-diaminoheptanedioate + ADP + phosphate + H(+)', 'CHEBI:61401 + CHEBI:30616 + CHEBI:15377 = CHEBI:61401 + CHEBI:456216 + CHEBI:43474 + CHEBI:15378')]	0.0	100.0
P0AFH2	3.A.1.5.41	P0AFH2	[('oligopeptide  + ATP = oligopeptide  + ADP + Pi', 'CHEBI:7755 + CHEBI:15422 = CHEBI:7755 + CHEBI:16761 + CHEBI:18367'), ('a [peptide] + ATP + H2O = a [peptide] + ADP + phosphate + H(+)', 'CHEBI:33710 + CHEBI:30616 + CHEBI:15377 = CHEBI:33710 + CHEBI:456216 + CHEBI:43474 + CHEBI:15378'), ('L-alanyl-gamma-D-glutamyl-meso-diaminoheptanedioate + ATP + H2O = L-alanyl-gamma-D-glutamyl-meso-diaminoheptanedioate + ADP + phosphate + H(+)', 'CHEBI:61401 + CHEBI:30616 + CHEBI:15377 = CHEBI:61401 + CHEBI:456216 + CHEBI:43474 + CHEBI:15378')]	0.0	100.0
P0AFH6	3.A.1.5.41	P0AFH6	[('oligopeptide  + ATP = oligopeptide  + ADP + Pi', 'CHEBI:7755 + CHEBI:15422 = CHEBI:7755 + CHEBI:16761 + CHEBI:18367'), ('a [peptide] + ATP + H2O = a [peptide] + ADP + phosphate + H(+)', 'CHEBI:33710 + CHEBI:30616 + CHEBI:15377 = CHEBI:33710 + CHEBI:456216 + CHEBI:43474 + CHEBI:15378'), ('L-alanyl-gamma-D-glutamyl-meso-diaminoheptanedioate + ATP + H2O = L-alanyl-gamma-D-glutamyl-meso-diaminoheptanedioate + ADP + phosphate + H(+)', 'CHEBI:61401 + CHEBI:30616 + CHEBI:15377 = CHEBI:61401 + CHEBI:456216 + CHEBI:43474 + CHEBI:15378')]	0.0	100.0
P76027	3.A.1.5.41	P76027	[('oligopeptide  + ATP = oligopeptide  + ADP + Pi', 'CHEBI:7755 + CHEBI:15422 = CHEBI:7755 + CHEBI:16761 + CHEBI:18367'), ('a [peptide] + ATP + H2O = a [peptide] + ADP + phosphate + H(+)', 'CHEBI:33710 + CHEBI:30616 + CHEBI:15377 = CHEBI:33710 + CHEBI:456216 + CHEBI:43474 + CHEBI:15378'), ('L-alanyl-gamma-D-glutamyl-meso-diaminoheptanedioate + ATP + H2O = L-alanyl-gamma-D-glutamyl-meso-diaminoheptanedioate + ADP + phosphate + H(+)', 'CHEBI:61401 + CHEBI:30616 + CHEBI:15377 = CHEBI:61401 + CHEBI:456216 + CHEBI:43474 + CHEBI:15378')]	0.0	100.0
P77737	3.A.1.5.41	P77737	[('oligopeptide  + ATP = oligopeptide  + ADP + Pi', 'CHEBI:7755 + CHEBI:15422 = CHEBI:7755 + CHEBI:16761 + CHEBI:18367'), ('a [peptide] + ATP + H2O = a [peptide] + ADP + phosphate + H(+)', 'CHEBI:33710 + CHEBI:30616 + CHEBI:15377 = CHEBI:33710 + CHEBI:456216 + CHEBI:43474 + CHEBI:15378'), ('L-alanyl-gamma-D-glutamyl-meso-diaminoheptanedioate + ATP + H2O = L-alanyl-gamma-D-glutamyl-meso-diaminoheptanedioate + ADP + phosphate + H(+)', 'CHEBI:61401 + CHEBI:30616 + CHEBI:15377 = CHEBI:61401 + CHEBI:456216 + CHEBI:43474 + CHEBI:15378')]	0.0	100.0
Q46863	3.A.1.5.41	Q46863	[('oligopeptide  + ATP = oligopeptide  + ADP + Pi', 'CHEBI:7755 + CHEBI:15422 = CHEBI:7755 + CHEBI:16761 + CHEBI:18367'), ('a [peptide] + ATP + H2O = a [peptide] + ADP + phosphate + H(+)', 'CHEBI:33710 + CHEBI:30616 + CHEBI:15377 = CHEBI:33710 + CHEBI:456216 + CHEBI:43474 + CHEBI:15378'), ('L-alanyl-gamma-D-glutamyl-meso-diaminoheptanedioate + ATP + H2O = L-alanyl-gamma-D-glutamyl-meso-diaminoheptanedioate + ADP + phosphate + H(+)', 'CHEBI:61401 + CHEBI:30616 + CHEBI:15377 = CHEBI:61401 + CHEBI:456216 + CHEBI:43474 + CHEBI:15378')]	0.0	100.0
Q47622	3.A.1.5.42	Q47622	[('peptide  + ATP = peptide  + ADP + Pi', 'CHEBI:16670 + CHEBI:15422 = CHEBI:16670 + CHEBI:16761 + CHEBI:18367')]	0.0	100.0
P0AGH3	3.A.1.5.42	P0AGH3	[('peptide  + ATP = peptide  + ADP + Pi', 'CHEBI:16670 + CHEBI:15422 = CHEBI:16670 + CHEBI:16761 + CHEBI:18367')]	0.0	100.0
P0AGH5	3.A.1.5.42	P0AGH5	[('peptide  + ATP = peptide  + ADP + Pi', 'CHEBI:16670 + CHEBI:15422 = CHEBI:16670 + CHEBI:16761 + CHEBI:18367')]	0.0	100.0
P0AAH4	3.A.1.5.42	P0AAH4	[('peptide  + ATP = peptide  + ADP + Pi', 'CHEBI:16670 + CHEBI:15422 = CHEBI:16670 + CHEBI:16761 + CHEBI:18367')]	0.0	100.0
P0AAH8	3.A.1.5.42	P0AAH8	[('peptide  + ATP = peptide  + ADP + Pi', 'CHEBI:16670 + CHEBI:15422 = CHEBI:16670 + CHEBI:16761 + CHEBI:18367')]	0.0	100.0
P0A2J3	3.A.1.5.5	P0AGH3	[('cationic peptidyl group  + ATP = cationic peptidyl group  + ADP + Pi', 'CHEBI:134400 + CHEBI:15422 = CHEBI:134400 + CHEBI:16761 + CHEBI:18367')]	0.0	92.333
P0A2J5	3.A.1.5.5	P0AGH5	[('cationic peptidyl group  + ATP = cationic peptidyl group  + ADP + Pi', 'CHEBI:134400 + CHEBI:15422 = CHEBI:134400 + CHEBI:16761 + CHEBI:18367')]	0.0	94.595
P36634	3.A.1.5.5	Q47622	[('cationic peptidyl group  + ATP = cationic peptidyl group  + ADP + Pi', 'CHEBI:134400 + CHEBI:15422 = CHEBI:134400 + CHEBI:16761 + CHEBI:18367')]	0.0	90.164
P36636	3.A.1.5.5	P0AAH4	[('cationic peptidyl group  + ATP = cationic peptidyl group  + ADP + Pi', 'CHEBI:134400 + CHEBI:15422 = CHEBI:134400 + CHEBI:16761 + CHEBI:18367')]	0.0	96.667
P36638	3.A.1.5.5	P0AAH8	[('cationic peptidyl group  + ATP = cationic peptidyl group  + ADP + Pi', 'CHEBI:134400 + CHEBI:15422 = CHEBI:134400 + CHEBI:16761 + CHEBI:18367')]	0.0	97.761
P16700	3.A.1.6.1	P16700	[('sulfate  + ATP = sulfate  + ADP + Pi', 'CHEBI:16189 + CHEBI:15422 = CHEBI:16189 + CHEBI:16761 + CHEBI:18367'), ('thiosulfate(2-)  + ATP = thiosulfate(2-)  + ADP + Pi', 'CHEBI:16094 + CHEBI:15422 = CHEBI:16094 + CHEBI:16761 + CHEBI:18367'), ('sulfate + ATP + H2O = sulfate + ADP + phosphate + H(+)', 'CHEBI:16189 + CHEBI:30616 + CHEBI:15377 = CHEBI:16189 + CHEBI:456216 + CHEBI:43474 + CHEBI:15378'), ('thiosulfate + ATP + H2O = thiosulfate + ADP + phosphate + H(+)', 'CHEBI:33542 + CHEBI:30616 + CHEBI:15377 = CHEBI:33542 + CHEBI:456216 + CHEBI:43474 + CHEBI:15378')]	0.0	100.0
P0AG78	3.A.1.6.1	P0AG78	[('sulfate  + ATP = sulfate  + ADP + Pi', 'CHEBI:16189 + CHEBI:15422 = CHEBI:16189 + CHEBI:16761 + CHEBI:18367'), ('thiosulfate(2-)  + ATP = thiosulfate(2-)  + ADP + Pi', 'CHEBI:16094 + CHEBI:15422 = CHEBI:16094 + CHEBI:16761 + CHEBI:18367'), ('sulfate + ATP + H2O = sulfate + ADP + phosphate + H(+)', 'CHEBI:16189 + CHEBI:30616 + CHEBI:15377 = CHEBI:16189 + CHEBI:456216 + CHEBI:43474 + CHEBI:15378'), ('thiosulfate + ATP + H2O = thiosulfate + ADP + phosphate + H(+)', 'CHEBI:33542 + CHEBI:30616 + CHEBI:15377 = CHEBI:33542 + CHEBI:456216 + CHEBI:43474 + CHEBI:15378')]	0.0	100.0
P0AEB0	3.A.1.6.1	P0AEB0	[('sulfate  + ATP = sulfate  + ADP + Pi', 'CHEBI:16189 + CHEBI:15422 = CHEBI:16189 + CHEBI:16761 + CHEBI:18367'), ('thiosulfate(2-)  + ATP = thiosulfate(2-)  + ADP + Pi', 'CHEBI:16094 + CHEBI:15422 = CHEBI:16094 + CHEBI:16761 + CHEBI:18367'), ('sulfate + ATP + H2O = sulfate + ADP + phosphate + H(+)', 'CHEBI:16189 + CHEBI:30616 + CHEBI:15377 = CHEBI:16189 + CHEBI:456216 + CHEBI:43474 + CHEBI:15378'), ('thiosulfate + ATP + H2O = thiosulfate + ADP + phosphate + H(+)', 'CHEBI:33542 + CHEBI:30616 + CHEBI:15377 = CHEBI:33542 + CHEBI:456216 + CHEBI:43474 + CHEBI:15378')]	0.0	100.0
P16676	3.A.1.6.1	P16676	[('sulfate  + ATP = sulfate  + ADP + Pi', 'CHEBI:16189 + CHEBI:15422 = CHEBI:16189 + CHEBI:16761 + CHEBI:18367'), ('thiosulfate(2-)  + ATP = thiosulfate(2-)  + ADP + Pi', 'CHEBI:16094 + CHEBI:15422 = CHEBI:16094 + CHEBI:16761 + CHEBI:18367'), ('sulfate + ATP + H2O = sulfate + ADP + phosphate + H(+)', 'CHEBI:16189 + CHEBI:30616 + CHEBI:15377 = CHEBI:16189 + CHEBI:456216 + CHEBI:43474 + CHEBI:15378'), ('thiosulfate + ATP + H2O = thiosulfate + ADP + phosphate + H(+)', 'CHEBI:33542 + CHEBI:30616 + CHEBI:15377 = CHEBI:33542 + CHEBI:456216 + CHEBI:43474 + CHEBI:15378')]	0.0	100.0
P16701	3.A.1.6.1	P16701	[('sulfate  + ATP = sulfate  + ADP + Pi', 'CHEBI:16189 + CHEBI:15422 = CHEBI:16189 + CHEBI:16761 + CHEBI:18367'), ('thiosulfate(2-)  + ATP = thiosulfate(2-)  + ADP + Pi', 'CHEBI:16094 + CHEBI:15422 = CHEBI:16094 + CHEBI:16761 + CHEBI:18367'), ('sulfate + ATP + H2O = sulfate + ADP + phosphate + H(+)', 'CHEBI:16189 + CHEBI:30616 + CHEBI:15377 = CHEBI:16189 + CHEBI:456216 + CHEBI:43474 + CHEBI:15378'), ('thiosulfate + ATP + H2O = thiosulfate + ADP + phosphate + H(+)', 'CHEBI:33542 + CHEBI:30616 + CHEBI:15377 = CHEBI:33542 + CHEBI:456216 + CHEBI:43474 + CHEBI:15378')]	0.0	100.0
P07654	3.A.1.7.1	P07654	[('phosphate(3-)  + ATP = phosphate(3-)  + ADP + Pi', 'CHEBI:18367 + CHEBI:15422 = CHEBI:18367 + CHEBI:16761 + CHEBI:18367'), ('phosphate + ATP + H2O = ADP + 2 phosphate + H(+)', 'CHEBI:43474 + CHEBI:30616 + CHEBI:15377 = CHEBI:456216 + 2 CHEBI:43474 + CHEBI:15378')]	0.0	100.0
P0AAH0	3.A.1.7.1	P0AAH0	[('phosphate(3-)  + ATP = phosphate(3-)  + ADP + Pi', 'CHEBI:18367 + CHEBI:15422 = CHEBI:18367 + CHEBI:16761 + CHEBI:18367'), ('phosphate + ATP + H2O = ADP + 2 phosphate + H(+)', 'CHEBI:43474 + CHEBI:30616 + CHEBI:15377 = CHEBI:456216 + 2 CHEBI:43474 + CHEBI:15378')]	0.0	100.0
P0AG82	3.A.1.7.1	P0AG82	[('phosphate(3-)  + ATP = phosphate(3-)  + ADP + Pi', 'CHEBI:18367 + CHEBI:15422 = CHEBI:18367 + CHEBI:16761 + CHEBI:18367'), ('phosphate + ATP + H2O = ADP + 2 phosphate + H(+)', 'CHEBI:43474 + CHEBI:30616 + CHEBI:15377 = CHEBI:456216 + 2 CHEBI:43474 + CHEBI:15378')]	0.0	100.0
P0AGH8	3.A.1.7.1	P0AGH8	[('phosphate(3-)  + ATP = phosphate(3-)  + ADP + Pi', 'CHEBI:18367 + CHEBI:15422 = CHEBI:18367 + CHEBI:16761 + CHEBI:18367'), ('phosphate + ATP + H2O = ADP + 2 phosphate + H(+)', 'CHEBI:43474 + CHEBI:30616 + CHEBI:15377 = CHEBI:456216 + 2 CHEBI:43474 + CHEBI:15378')]	0.0	100.0
P09833	3.A.1.8.1	P09833	[('molybdate + ATP + H2O = molybdate + ADP + phosphate + H(+)', 'CHEBI:36264 + CHEBI:30616 + CHEBI:15377 = CHEBI:36264 + CHEBI:456216 + CHEBI:43474 + CHEBI:15378'), ('molybdate  + ATP = molybdate  + ADP + Pi', 'CHEBI:36264 + CHEBI:15422 = CHEBI:36264 + CHEBI:16761 + CHEBI:18367')]	0.0	100.0
P0AF01	3.A.1.8.1	P0AF01	[('molybdate + ATP + H2O = molybdate + ADP + phosphate + H(+)', 'CHEBI:36264 + CHEBI:30616 + CHEBI:15377 = CHEBI:36264 + CHEBI:456216 + CHEBI:43474 + CHEBI:15378'), ('molybdate  + ATP = molybdate  + ADP + Pi', 'CHEBI:36264 + CHEBI:15422 = CHEBI:36264 + CHEBI:16761 + CHEBI:18367')]	1.9600000000000003e-161	100.0
P37329	3.A.1.8.1	P37329	[('molybdate + ATP + H2O = molybdate + ADP + phosphate + H(+)', 'CHEBI:36264 + CHEBI:30616 + CHEBI:15377 = CHEBI:36264 + CHEBI:456216 + CHEBI:43474 + CHEBI:15378'), ('molybdate  + ATP = molybdate  + ADP + Pi', 'CHEBI:36264 + CHEBI:15422 = CHEBI:36264 + CHEBI:16761 + CHEBI:18367')]	0.0	100.0
P16677	3.A.1.9.1	P16677	[('phosphonate + ATP + H2O = phosphonate + ADP + phosphate + H(+)', 'CHEBI:16215 + CHEBI:30616 + CHEBI:15377 = CHEBI:16215 + CHEBI:456216 + CHEBI:43474 + CHEBI:15378'), ('iron(3+)  + ATP = iron(3+)  + ADP + Pi', 'CHEBI:29034 + CHEBI:15422 = CHEBI:29034 + CHEBI:16761 + CHEBI:18367')]	0.0	100.0
P16682	3.A.1.9.1	P16682	[('phosphonate + ATP + H2O = phosphonate + ADP + phosphate + H(+)', 'CHEBI:16215 + CHEBI:30616 + CHEBI:15377 = CHEBI:16215 + CHEBI:456216 + CHEBI:43474 + CHEBI:15378'), ('iron(3+)  + ATP = iron(3+)  + ADP + Pi', 'CHEBI:29034 + CHEBI:15422 = CHEBI:29034 + CHEBI:16761 + CHEBI:18367')]	0.0	100.0
P16683	3.A.1.9.1	P0DP70	[('phosphonate + ATP + H2O = phosphonate + ADP + phosphate + H(+)', 'CHEBI:16215 + CHEBI:30616 + CHEBI:15377 = CHEBI:16215 + CHEBI:456216 + CHEBI:43474 + CHEBI:15378'), ('iron(3+)  + ATP = iron(3+)  + ADP + Pi', 'CHEBI:29034 + CHEBI:15422 = CHEBI:29034 + CHEBI:16761 + CHEBI:18367')]	2.53e-83	99.18
P16683	3.A.1.9.1	P0DP69	[('phosphonate + ATP + H2O = phosphonate + ADP + phosphate + H(+)', 'CHEBI:16215 + CHEBI:30616 + CHEBI:15377 = CHEBI:16215 + CHEBI:456216 + CHEBI:43474 + CHEBI:15378'), ('iron(3+)  + ATP = iron(3+)  + ADP + Pi', 'CHEBI:29034 + CHEBI:15422 = CHEBI:29034 + CHEBI:16761 + CHEBI:18367')]	5.05e-98	98.592
P46889	3.A.12.1.2	P46889	[('no_reaction_identified', 'no_reaction_identified')]	0.0	100.0
P08956	3.A.17.1.1	P08956	[('no_reaction_identified', 'no_reaction_identified')]	0.0	100.0
P0A6E6	3.A.2.1.1	P0A6E6	[('n hydron  + ATP = n hydron  + ADP + Pi', 'n CHEBI:15378 + CHEBI:15422 = n CHEBI:15378 + CHEBI:16761 + CHEBI:18367'), ('ATP + H2O + 4 H(+) = ADP + phosphate + 5 H(+)', 'CHEBI:30616 + CHEBI:15377 + 4 CHEBI:15378 = CHEBI:456216 + CHEBI:43474 + 5 CHEBI:15378')]	1.59e-99	100.0
P0AB98	3.A.2.1.1	P0AB98	[('n hydron  + ATP = n hydron  + ADP + Pi', 'n CHEBI:15378 + CHEBI:15422 = n CHEBI:15378 + CHEBI:16761 + CHEBI:18367'), ('ATP + H2O + 4 H(+) = ADP + phosphate + 5 H(+)', 'CHEBI:30616 + CHEBI:15377 + 4 CHEBI:15378 = CHEBI:456216 + CHEBI:43474 + 5 CHEBI:15378')]	0.0	100.0
P0ABA0	3.A.2.1.1	P0ABA0	[('n hydron  + ATP = n hydron  + ADP + Pi', 'n CHEBI:15378 + CHEBI:15422 = n CHEBI:15378 + CHEBI:16761 + CHEBI:18367'), ('ATP + H2O + 4 H(+) = ADP + phosphate + 5 H(+)', 'CHEBI:30616 + CHEBI:15377 + 4 CHEBI:15378 = CHEBI:456216 + CHEBI:43474 + 5 CHEBI:15378')]	4.06e-107	100.0
P0ABA4	3.A.2.1.1	P0ABA4	[('n hydron  + ATP = n hydron  + ADP + Pi', 'n CHEBI:15378 + CHEBI:15422 = n CHEBI:15378 + CHEBI:16761 + CHEBI:18367'), ('ATP + H2O + 4 H(+) = ADP + phosphate + 5 H(+)', 'CHEBI:30616 + CHEBI:15377 + 4 CHEBI:15378 = CHEBI:456216 + CHEBI:43474 + 5 CHEBI:15378')]	3.3499999999999996e-128	100.0
P0ABA6	3.A.2.1.1	P0ABA6	[('n hydron  + ATP = n hydron  + ADP + Pi', 'n CHEBI:15378 + CHEBI:15422 = n CHEBI:15378 + CHEBI:16761 + CHEBI:18367'), ('ATP + H2O + 4 H(+) = ADP + phosphate + 5 H(+)', 'CHEBI:30616 + CHEBI:15377 + 4 CHEBI:15378 = CHEBI:456216 + CHEBI:43474 + 5 CHEBI:15378')]	0.0	100.0
P0ABB0	3.A.2.1.1	P0ABB0	[('n hydron  + ATP = n hydron  + ADP + Pi', 'n CHEBI:15378 + CHEBI:15422 = n CHEBI:15378 + CHEBI:16761 + CHEBI:18367'), ('ATP + H2O + 4 H(+) = ADP + phosphate + 5 H(+)', 'CHEBI:30616 + CHEBI:15377 + 4 CHEBI:15378 = CHEBI:456216 + CHEBI:43474 + 5 CHEBI:15378')]	0.0	100.0
P0ABB4	3.A.2.1.1	P0ABB4	[('n hydron  + ATP = n hydron  + ADP + Pi', 'n CHEBI:15378 + CHEBI:15422 = n CHEBI:15378 + CHEBI:16761 + CHEBI:18367'), ('ATP + H2O + 4 H(+) = ADP + phosphate + 5 H(+)', 'CHEBI:30616 + CHEBI:15377 + 4 CHEBI:15378 = CHEBI:456216 + CHEBI:43474 + 5 CHEBI:15378')]	0.0	100.0
P68699	3.A.2.1.1	P68699	[('n hydron  + ATP = n hydron  + ADP + Pi', 'n CHEBI:15378 + CHEBI:15422 = n CHEBI:15378 + CHEBI:16761 + CHEBI:18367'), ('ATP + H2O + 4 H(+) = ADP + phosphate + 5 H(+)', 'CHEBI:30616 + CHEBI:15377 + 4 CHEBI:15378 = CHEBI:456216 + CHEBI:43474 + 5 CHEBI:15378')]	3.86e-49	100.0
P0AAI3	3.A.29.1.5	P0AAI3	[('no_reaction_identified', 'no_reaction_identified')]	0.0	100.0
P36640	3.A.3.4.1	P0ABB8	[('Mg(2+) + ATP + H2O = Mg(2+) + ADP + phosphate + H(+)', 'CHEBI:18420 + CHEBI:30616 + CHEBI:15377 = CHEBI:18420 + CHEBI:456216 + CHEBI:43474 + CHEBI:15378'), ('magnesium(2+) (outer leaflet of the membrane) + ATP = magnesium(2+) (inner leaflet) + ADP + Pi', 'CHEBI:18420 (outer leaflet of the membrane) + CHEBI:15422 = CHEBI:18420 (inner leaflet) + CHEBI:16761 + CHEBI:18367'), ('nickel(2+) (outer leaflet of the membrane) + ATP = nickel(2+) (inner leaflet) + ADP + Pi', 'CHEBI:49786 (outer leaflet of the membrane) + CHEBI:15422 = CHEBI:49786 (inner leaflet) + CHEBI:16761 + CHEBI:18367')]	0.0	90.179
Q59385	3.A.3.5.5	Q59385	[('Cu(+) + ATP + H2O = Cu(+) + ADP + phosphate + H(+)', 'CHEBI:49552 + CHEBI:30616 + CHEBI:15377 = CHEBI:49552 + CHEBI:456216 + CHEBI:43474 + CHEBI:15378'), ('copper(1+) (outer leaflet of the membrane) + ATP = copper(1+) (inner leaflet) + ADP + Pi', 'CHEBI:49552 (outer leaflet of the membrane) + CHEBI:15422 = CHEBI:49552 (inner leaflet) + CHEBI:16761 + CHEBI:18367'), ('silver(1+) (outer leaflet of the membrane) + ATP = silver(1+) (inner leaflet) + ADP + Pi', 'CHEBI:49468 (outer leaflet of the membrane) + CHEBI:15422 = CHEBI:49468 (inner leaflet) + CHEBI:16761 + CHEBI:18367')]	0.0	100.0
P37617	3.A.3.6.2	P37617	[('Zn(2+) + ATP + H2O = Zn(2+) + ADP + phosphate + H(+)', 'CHEBI:29105 + CHEBI:30616 + CHEBI:15377 = CHEBI:29105 + CHEBI:456216 + CHEBI:43474 + CHEBI:15378'), ('Cd(2+) + ATP + H2O = Cd(2+) + ADP + phosphate + H(+)', 'CHEBI:48775 + CHEBI:30616 + CHEBI:15377 = CHEBI:48775 + CHEBI:456216 + CHEBI:43474 + CHEBI:15378'), ('Pb(2+) + ATP + H2O = Pb(2+) + ADP + phosphate + H(+)', 'CHEBI:49807 + CHEBI:30616 + CHEBI:15377 = CHEBI:49807 + CHEBI:456216 + CHEBI:43474 + CHEBI:15378'), ('cadmium(2+) (outer leaflet of the membrane) + ATP = cadmium(2+) (inner leaflet) + ADP + Pi', 'CHEBI:48775 (outer leaflet of the membrane) + CHEBI:15422 = CHEBI:48775 (inner leaflet) + CHEBI:16761 + CHEBI:18367'), ('lead(2+) (outer leaflet of the membrane) + ATP = lead(2+) (inner leaflet) + ADP + Pi', 'CHEBI:49807 (outer leaflet of the membrane) + CHEBI:15422 = CHEBI:49807 (inner leaflet) + CHEBI:16761 + CHEBI:18367'), ('cobalt(2+) (outer leaflet of the membrane) + ATP = cobalt(2+) (inner leaflet) + ADP + Pi', 'CHEBI:48828 (outer leaflet of the membrane) + CHEBI:15422 = CHEBI:48828 (inner leaflet) + CHEBI:16761 + CHEBI:18367'), ('copper(2+) (outer leaflet of the membrane) + ATP = copper(2+) (inner leaflet) + ADP + Pi', 'CHEBI:29036 (outer leaflet of the membrane) + CHEBI:15422 = CHEBI:29036 (inner leaflet) + CHEBI:16761 + CHEBI:18367'), ('mercury(2+) (outer leaflet of the membrane) + ATP = mercury(2+) (inner leaflet) + ADP + Pi', 'CHEBI:16793 (outer leaflet of the membrane) + CHEBI:15422 = CHEBI:16793 (inner leaflet) + CHEBI:16761 + CHEBI:18367'), ('nickel(2+) (outer leaflet of the membrane) + ATP = nickel(2+) (inner leaflet) + ADP + Pi', 'CHEBI:49786 (outer leaflet of the membrane) + CHEBI:15422 = CHEBI:49786 (inner leaflet) + CHEBI:16761 + CHEBI:18367'), ('zinc(2+) (outer leaflet of the membrane) + ATP = zinc(2+) (inner leaflet) + ADP + Pi', 'CHEBI:29105 (outer leaflet of the membrane) + CHEBI:15422 = CHEBI:29105 (inner leaflet) + CHEBI:16761 + CHEBI:18367')]	0.0	100.0
P03959	3.A.3.7.1	P03959	[('potassium(1+) (outer leaflet of the membrane) + ATP = potassium(1+) (inner leaflet) + ADP + Pi', 'CHEBI:29103 (outer leaflet of the membrane) + CHEBI:15422 = CHEBI:29103 (inner leaflet) + CHEBI:16761 + CHEBI:18367'), ('K(+) + ATP + H2O = K(+) + ADP + phosphate + H(+)', 'CHEBI:29103 + CHEBI:30616 + CHEBI:15377 = CHEBI:29103 + CHEBI:456216 + CHEBI:43474 + CHEBI:15378')]	0.0	100.0
P03960	3.A.3.7.1	P03960	[('potassium(1+) (outer leaflet of the membrane) + ATP = potassium(1+) (inner leaflet) + ADP + Pi', 'CHEBI:29103 (outer leaflet of the membrane) + CHEBI:15422 = CHEBI:29103 (inner leaflet) + CHEBI:16761 + CHEBI:18367'), ('K(+) + ATP + H2O = K(+) + ADP + phosphate + H(+)', 'CHEBI:29103 + CHEBI:30616 + CHEBI:15377 = CHEBI:29103 + CHEBI:456216 + CHEBI:43474 + CHEBI:15378')]	0.0	100.0
P03961	3.A.3.7.1	P03961	[('potassium(1+) (outer leaflet of the membrane) + ATP = potassium(1+) (inner leaflet) + ADP + Pi', 'CHEBI:29103 (outer leaflet of the membrane) + CHEBI:15422 = CHEBI:29103 (inner leaflet) + CHEBI:16761 + CHEBI:18367'), ('K(+) + ATP + H2O = K(+) + ADP + phosphate + H(+)', 'CHEBI:29103 + CHEBI:30616 + CHEBI:15377 = CHEBI:29103 + CHEBI:456216 + CHEBI:43474 + CHEBI:15378')]	1.03e-137	100.0
P36937	3.A.3.7.1	P36937	[('potassium(1+) (outer leaflet of the membrane) + ATP = potassium(1+) (inner leaflet) + ADP + Pi', 'CHEBI:29103 (outer leaflet of the membrane) + CHEBI:15422 = CHEBI:29103 (inner leaflet) + CHEBI:16761 + CHEBI:18367'), ('K(+) + ATP + H2O = K(+) + ADP + phosphate + H(+)', 'CHEBI:29103 + CHEBI:30616 + CHEBI:15377 = CHEBI:29103 + CHEBI:456216 + CHEBI:43474 + CHEBI:15378')]	5.28e-13	100.0
P0AB93	3.A.4.1.1	P0AB93	[('arsenite + ATP + H2O = arsenite + ADP + phosphate + H(+)', 'CHEBI:29242 + CHEBI:30616 + CHEBI:15377 = CHEBI:29242 + CHEBI:456216 + CHEBI:43474 + CHEBI:15378')]	0.0	100.0
P0AAQ6	3.A.5.1.1	P0AAQ6	[('ATP + protein polypeptide chain (cytoplasm) =(pmf) ADP + Pi + protein polypeptide chain (periplasm or cytoplasmic membrane)', 'CHEBI:15422 + CHEBI:8526 (cytoplasm) =(pmf) CHEBI:16761 + CHEBI:18367 + CHEBI:8526 (periplasm or cytoplasmic membrane)'), ('GTP + H2O = GDP + phosphate + H(+)', 'CHEBI:37565 + CHEBI:15377 = CHEBI:58189 + CHEBI:43474 + CHEBI:15378')]	1.37e-82	100.0
P0AG96	3.A.5.1.1	P0AG96	[('ATP + protein polypeptide chain (cytoplasm) =(pmf) ADP + Pi + protein polypeptide chain (periplasm or cytoplasmic membrane)', 'CHEBI:15422 + CHEBI:8526 (cytoplasm) =(pmf) CHEBI:16761 + CHEBI:18367 + CHEBI:8526 (periplasm or cytoplasmic membrane)'), ('GTP + H2O = GDP + phosphate + H(+)', 'CHEBI:37565 + CHEBI:15377 = CHEBI:58189 + CHEBI:43474 + CHEBI:15378')]	1.0600000000000001e-85	100.0
P0AG99	3.A.5.1.1	P0AG99	[('ATP + protein polypeptide chain (cytoplasm) =(pmf) ADP + Pi + protein polypeptide chain (periplasm or cytoplasmic membrane)', 'CHEBI:15422 + CHEBI:8526 (cytoplasm) =(pmf) CHEBI:16761 + CHEBI:18367 + CHEBI:8526 (periplasm or cytoplasmic membrane)'), ('GTP + H2O = GDP + phosphate + H(+)', 'CHEBI:37565 + CHEBI:15377 = CHEBI:58189 + CHEBI:43474 + CHEBI:15378')]	7.88e-76	100.0
P0AGA2	3.A.5.1.1	P0AGA2	[('ATP + protein polypeptide chain (cytoplasm) =(pmf) ADP + Pi + protein polypeptide chain (periplasm or cytoplasmic membrane)', 'CHEBI:15422 + CHEBI:8526 (cytoplasm) =(pmf) CHEBI:16761 + CHEBI:18367 + CHEBI:8526 (periplasm or cytoplasmic membrane)'), ('GTP + H2O = GDP + phosphate + H(+)', 'CHEBI:37565 + CHEBI:15377 = CHEBI:58189 + CHEBI:43474 + CHEBI:15378')]	0.0	100.0
P0AGD7	3.A.5.1.1	P0AGD7	[('ATP + protein polypeptide chain (cytoplasm) =(pmf) ADP + Pi + protein polypeptide chain (periplasm or cytoplasmic membrane)', 'CHEBI:15422 + CHEBI:8526 (cytoplasm) =(pmf) CHEBI:16761 + CHEBI:18367 + CHEBI:8526 (periplasm or cytoplasmic membrane)'), ('GTP + H2O = GDP + phosphate + H(+)', 'CHEBI:37565 + CHEBI:15377 = CHEBI:58189 + CHEBI:43474 + CHEBI:15378')]	0.0	100.0
P10121	3.A.5.1.1	P10121	[('ATP + protein polypeptide chain (cytoplasm) =(pmf) ADP + Pi + protein polypeptide chain (periplasm or cytoplasmic membrane)', 'CHEBI:15422 + CHEBI:8526 (cytoplasm) =(pmf) CHEBI:16761 + CHEBI:18367 + CHEBI:8526 (periplasm or cytoplasmic membrane)'), ('GTP + H2O = GDP + phosphate + H(+)', 'CHEBI:37565 + CHEBI:15377 = CHEBI:58189 + CHEBI:43474 + CHEBI:15378')]	0.0	100.0
P10408	3.A.5.1.1	P10408	[('ATP + protein polypeptide chain (cytoplasm) =(pmf) ADP + Pi + protein polypeptide chain (periplasm or cytoplasmic membrane)', 'CHEBI:15422 + CHEBI:8526 (cytoplasm) =(pmf) CHEBI:16761 + CHEBI:18367 + CHEBI:8526 (periplasm or cytoplasmic membrane)'), ('GTP + H2O = GDP + phosphate + H(+)', 'CHEBI:37565 + CHEBI:15377 = CHEBI:58189 + CHEBI:43474 + CHEBI:15378')]	0.0	100.0
P0ADZ7	3.A.5.1.1	P0ADZ7	[('ATP + protein polypeptide chain (cytoplasm) =(pmf) ADP + Pi + protein polypeptide chain (periplasm or cytoplasmic membrane)', 'CHEBI:15422 + CHEBI:8526 (cytoplasm) =(pmf) CHEBI:16761 + CHEBI:18367 + CHEBI:8526 (periplasm or cytoplasmic membrane)'), ('GTP + H2O = GDP + phosphate + H(+)', 'CHEBI:37565 + CHEBI:15377 = CHEBI:58189 + CHEBI:43474 + CHEBI:15378')]	2.3800000000000002e-77	100.0
P0ADY1	3.A.5.1.1	P0ADY1	[('ATP + protein polypeptide chain (cytoplasm) =(pmf) ADP + Pi + protein polypeptide chain (periplasm or cytoplasmic membrane)', 'CHEBI:15422 + CHEBI:8526 (cytoplasm) =(pmf) CHEBI:16761 + CHEBI:18367 + CHEBI:8526 (periplasm or cytoplasmic membrane)'), ('GTP + H2O = GDP + phosphate + H(+)', 'CHEBI:37565 + CHEBI:15377 = CHEBI:58189 + CHEBI:43474 + CHEBI:15378')]	0.0	100.0
P76576	3.A.5.1.1	P76576	[('ATP + protein polypeptide chain (cytoplasm) =(pmf) ADP + Pi + protein polypeptide chain (periplasm or cytoplasmic membrane)', 'CHEBI:15422 + CHEBI:8526 (cytoplasm) =(pmf) CHEBI:16761 + CHEBI:18367 + CHEBI:8526 (periplasm or cytoplasmic membrane)'), ('GTP + H2O = GDP + phosphate + H(+)', 'CHEBI:37565 + CHEBI:15377 = CHEBI:58189 + CHEBI:43474 + CHEBI:15378')]	4.8999999999999995e-149	100.0
P0A1L5	3.A.6.2.1	P0AC07	[('protein (bacterial cytoplasm) + ATP + H+  =(pmf/smf) protein (out or in the host cell cytoplasm) + ADP + Pi + H+', 'CHEBI:36080 (bacterial cytoplasm) + CHEBI:15422 + CHEBI:15378 =(pmf/smf) CHEBI:36080 (out or in the host cell cytoplasm) + CHEBI:16761 + CHEBI:18367 + CHEBI:15378'), ('protein (bacterial cytoplasm) + ATP + Na+  =(pmf/smf) protein (out or in the host cell cytoplasm) + ADP + Pi + Na+', 'CHEBI:36080 (bacterial cytoplasm) + CHEBI:15422 + CHEBI:29101 =(pmf/smf) CHEBI:36080 (out or in the host cell cytoplasm) + CHEBI:16761 + CHEBI:18367 + CHEBI:29101'), ('ATP + H2O + 4 H(+) = ADP + phosphate + 5 H(+)', 'CHEBI:30616 + CHEBI:15377 + 4 CHEBI:15378 = CHEBI:456216 + CHEBI:43474 + 5 CHEBI:15378')]	1.4700000000000001e-56	95.506
P26465	3.A.6.2.1	P52612	[('protein (bacterial cytoplasm) + ATP + H+  =(pmf/smf) protein (out or in the host cell cytoplasm) + ADP + Pi + H+', 'CHEBI:36080 (bacterial cytoplasm) + CHEBI:15422 + CHEBI:15378 =(pmf/smf) CHEBI:36080 (out or in the host cell cytoplasm) + CHEBI:16761 + CHEBI:18367 + CHEBI:15378'), ('protein (bacterial cytoplasm) + ATP + Na+  =(pmf/smf) protein (out or in the host cell cytoplasm) + ADP + Pi + Na+', 'CHEBI:36080 (bacterial cytoplasm) + CHEBI:15422 + CHEBI:29101 =(pmf/smf) CHEBI:36080 (out or in the host cell cytoplasm) + CHEBI:16761 + CHEBI:18367 + CHEBI:29101'), ('ATP + H2O + 4 H(+) = ADP + phosphate + 5 H(+)', 'CHEBI:30616 + CHEBI:15377 + 4 CHEBI:15378 = CHEBI:456216 + CHEBI:43474 + 5 CHEBI:15378')]	0.0	93.86
P40727	3.A.6.2.1	P76299	[('protein (bacterial cytoplasm) + ATP + H+  =(pmf/smf) protein (out or in the host cell cytoplasm) + ADP + Pi + H+', 'CHEBI:36080 (bacterial cytoplasm) + CHEBI:15422 + CHEBI:15378 =(pmf/smf) CHEBI:36080 (out or in the host cell cytoplasm) + CHEBI:16761 + CHEBI:18367 + CHEBI:15378'), ('protein (bacterial cytoplasm) + ATP + Na+  =(pmf/smf) protein (out or in the host cell cytoplasm) + ADP + Pi + Na+', 'CHEBI:36080 (bacterial cytoplasm) + CHEBI:15422 + CHEBI:29101 =(pmf/smf) CHEBI:36080 (out or in the host cell cytoplasm) + CHEBI:16761 + CHEBI:18367 + CHEBI:29101'), ('ATP + H2O + 4 H(+) = ADP + phosphate + 5 H(+)', 'CHEBI:30616 + CHEBI:15377 + 4 CHEBI:15378 = CHEBI:456216 + CHEBI:43474 + 5 CHEBI:15378')]	0.0	90.551
P40729	3.A.6.2.1	P76298	[('protein (bacterial cytoplasm) + ATP + H+  =(pmf/smf) protein (out or in the host cell cytoplasm) + ADP + Pi + H+', 'CHEBI:36080 (bacterial cytoplasm) + CHEBI:15422 + CHEBI:15378 =(pmf/smf) CHEBI:36080 (out or in the host cell cytoplasm) + CHEBI:16761 + CHEBI:18367 + CHEBI:15378'), ('protein (bacterial cytoplasm) + ATP + Na+  =(pmf/smf) protein (out or in the host cell cytoplasm) + ADP + Pi + Na+', 'CHEBI:36080 (bacterial cytoplasm) + CHEBI:15422 + CHEBI:29101 =(pmf/smf) CHEBI:36080 (out or in the host cell cytoplasm) + CHEBI:16761 + CHEBI:18367 + CHEBI:29101'), ('ATP + H2O + 4 H(+) = ADP + phosphate + 5 H(+)', 'CHEBI:30616 + CHEBI:15377 + 4 CHEBI:15378 = CHEBI:456216 + CHEBI:43474 + 5 CHEBI:15378')]	0.0	95.231
P54700	3.A.6.2.1	P0AC05	[('protein (bacterial cytoplasm) + ATP + H+  =(pmf/smf) protein (out or in the host cell cytoplasm) + ADP + Pi + H+', 'CHEBI:36080 (bacterial cytoplasm) + CHEBI:15422 + CHEBI:15378 =(pmf/smf) CHEBI:36080 (out or in the host cell cytoplasm) + CHEBI:16761 + CHEBI:18367 + CHEBI:15378'), ('protein (bacterial cytoplasm) + ATP + Na+  =(pmf/smf) protein (out or in the host cell cytoplasm) + ADP + Pi + Na+', 'CHEBI:36080 (bacterial cytoplasm) + CHEBI:15422 + CHEBI:29101 =(pmf/smf) CHEBI:36080 (out or in the host cell cytoplasm) + CHEBI:16761 + CHEBI:18367 + CHEBI:29101'), ('ATP + H2O + 4 H(+) = ADP + phosphate + 5 H(+)', 'CHEBI:30616 + CHEBI:15377 + 4 CHEBI:15378 = CHEBI:456216 + CHEBI:43474 + 5 CHEBI:15378')]	2.9100000000000002e-157	91.429
P0AFC3	3.D.1.1.1	P0AFC3	[('a quinone + NADH + 5 H(+) = a quinol + NAD(+) + 4 H(+)', 'CHEBI:132124 + CHEBI:57945 + 5 CHEBI:15378 = CHEBI:24646 + CHEBI:57540 + 4 CHEBI:15378')]	7.14e-105	100.0
P0AFC7	3.D.1.1.1	P0AFC7	[('a quinone + NADH + 5 H(+) = a quinol + NAD(+) + 4 H(+)', 'CHEBI:132124 + CHEBI:57945 + 5 CHEBI:15378 = CHEBI:24646 + CHEBI:57540 + 4 CHEBI:15378')]	1.6400000000000001e-167	100.0
P0AFD1	3.D.1.1.1	P0AFD1	[('a quinone + NADH + 5 H(+) = a quinol + NAD(+) + 4 H(+)', 'CHEBI:132124 + CHEBI:57945 + 5 CHEBI:15378 = CHEBI:24646 + CHEBI:57540 + 4 CHEBI:15378')]	1.47e-125	100.0
P0AFD4	3.D.1.1.1	P0AFD4	[('a quinone + NADH + 5 H(+) = a quinol + NAD(+) + 4 H(+)', 'CHEBI:132124 + CHEBI:57945 + 5 CHEBI:15378 = CHEBI:24646 + CHEBI:57540 + 4 CHEBI:15378')]	0.0	100.0
P0AFD6	3.D.1.1.1	P0AFD6	[('a quinone + NADH + 5 H(+) = a quinol + NAD(+) + 4 H(+)', 'CHEBI:132124 + CHEBI:57945 + 5 CHEBI:15378 = CHEBI:24646 + CHEBI:57540 + 4 CHEBI:15378')]	1.79e-134	100.0
P0AFE0	3.D.1.1.1	P0AFE0	[('a quinone + NADH + 5 H(+) = a quinol + NAD(+) + 4 H(+)', 'CHEBI:132124 + CHEBI:57945 + 5 CHEBI:15378 = CHEBI:24646 + CHEBI:57540 + 4 CHEBI:15378')]	1.7499999999999999e-131	100.0
P0AFE4	3.D.1.1.1	P0AFE4	[('a quinone + NADH + 5 H(+) = a quinol + NAD(+) + 4 H(+)', 'CHEBI:132124 + CHEBI:57945 + 5 CHEBI:15378 = CHEBI:24646 + CHEBI:57540 + 4 CHEBI:15378')]	5.360000000000001e-66	100.0
P0AFE8	3.D.1.1.1	P0AFE8	[('a quinone + NADH + 5 H(+) = a quinol + NAD(+) + 4 H(+)', 'CHEBI:132124 + CHEBI:57945 + 5 CHEBI:15378 = CHEBI:24646 + CHEBI:57540 + 4 CHEBI:15378')]	0.0	100.0
P0AFF0	3.D.1.1.1	P0AFF0	[('a quinone + NADH + 5 H(+) = a quinol + NAD(+) + 4 H(+)', 'CHEBI:132124 + CHEBI:57945 + 5 CHEBI:15378 = CHEBI:24646 + CHEBI:57540 + 4 CHEBI:15378')]	0.0	100.0
P31979	3.D.1.1.1	P31979	[('a quinone + NADH + 5 H(+) = a quinol + NAD(+) + 4 H(+)', 'CHEBI:132124 + CHEBI:57945 + 5 CHEBI:15378 = CHEBI:24646 + CHEBI:57540 + 4 CHEBI:15378')]	0.0	100.0
P33599	3.D.1.1.1	P33599	[('a quinone + NADH + 5 H(+) = a quinol + NAD(+) + 4 H(+)', 'CHEBI:132124 + CHEBI:57945 + 5 CHEBI:15378 = CHEBI:24646 + CHEBI:57540 + 4 CHEBI:15378')]	0.0	100.0
P33602	3.D.1.1.1	P33602	[('a quinone + NADH + 5 H(+) = a quinol + NAD(+) + 4 H(+)', 'CHEBI:132124 + CHEBI:57945 + 5 CHEBI:15378 = CHEBI:24646 + CHEBI:57540 + 4 CHEBI:15378')]	0.0	100.0
P33607	3.D.1.1.1	P33607	[('a quinone + NADH + 5 H(+) = a quinol + NAD(+) + 4 H(+)', 'CHEBI:132124 + CHEBI:57945 + 5 CHEBI:15378 = CHEBI:24646 + CHEBI:57540 + 4 CHEBI:15378')]	0.0	100.0
P23481	3.D.1.9.1	P23481	[('no_reaction_identified', 'no_reaction_identified')]	9.5e-153	100.0
P23482	3.D.1.9.1	P23482	[('no_reaction_identified', 'no_reaction_identified')]	0.0	100.0
P77858	3.D.1.9.1	P77858	[('no_reaction_identified', 'no_reaction_identified')]	0.0	100.0
P77416	3.D.1.9.1	P77416	[('no_reaction_identified', 'no_reaction_identified')]	0.0	100.0
P0AEW1	3.D.1.9.1	P0AEW1	[('no_reaction_identified', 'no_reaction_identified')]	1.14e-155	100.0
P77437	3.D.1.9.1	P77437	[('no_reaction_identified', 'no_reaction_identified')]	0.0	100.0
P77329	3.D.1.9.1	P77329	[('no_reaction_identified', 'no_reaction_identified')]	0.0	100.0
P77423	3.D.1.9.1	P77423	[('no_reaction_identified', 'no_reaction_identified')]	2.15e-134	100.0
P77668	3.D.1.9.1	P77668	[('no_reaction_identified', 'no_reaction_identified')]	0.0	100.0
P0AAK3	3.D.1.9.2	P0AAK1	[('formate + A + H(+) = AH2 + CO2', 'CHEBI:15740 + CHEBI:13193 + CHEBI:15378 = CHEBI:17499 + CHEBI:16526')]	5.33e-151	100.0
P16429	3.D.1.9.2	P16429	[('formate + A + H(+) = AH2 + CO2', 'CHEBI:15740 + CHEBI:13193 + CHEBI:15378 = CHEBI:17499 + CHEBI:16526')]	0.0	100.0
P16430	3.D.1.9.2	P16430	[('formate + A + H(+) = AH2 + CO2', 'CHEBI:15740 + CHEBI:13193 + CHEBI:15378 = CHEBI:17499 + CHEBI:16526')]	0.0	100.0
P16431	3.D.1.9.2	P16431	[('formate + A + H(+) = AH2 + CO2', 'CHEBI:15740 + CHEBI:13193 + CHEBI:15378 = CHEBI:17499 + CHEBI:16526')]	0.0	100.0
P16432	3.D.1.9.2	P16432	[('formate + A + H(+) = AH2 + CO2', 'CHEBI:15740 + CHEBI:13193 + CHEBI:15378 = CHEBI:17499 + CHEBI:16526')]	2.76e-135	100.0
P16433	3.D.1.9.2	P16433	[('formate + A + H(+) = AH2 + CO2', 'CHEBI:15740 + CHEBI:13193 + CHEBI:15378 = CHEBI:17499 + CHEBI:16526')]	0.0	100.0
P07658	3.D.1.9.2	P07658	[('formate + A + H(+) = AH2 + CO2', 'CHEBI:15740 + CHEBI:13193 + CHEBI:15378 = CHEBI:17499 + CHEBI:16526')]	0.0	100.0
P33937	3.D.11.1.1	P33937	[('2 Fe(II)-[cytochrome] + nitrate + 2 H(+) = 2 Fe(III)-[cytochrome] + nitrite + H2O', '2 CHEBI:29033 + CHEBI:17632 + 2 CHEBI:15378 = 2 CHEBI:29034 + CHEBI:16301 + CHEBI:15377')]	0.0	100.0
P0ABL3	3.D.11.1.1	P0ABL3	[('2 Fe(II)-[cytochrome] + nitrate + 2 H(+) = 2 Fe(III)-[cytochrome] + nitrite + H2O', '2 CHEBI:29033 + CHEBI:17632 + 2 CHEBI:15378 = 2 CHEBI:29034 + CHEBI:16301 + CHEBI:15377')]	2.33e-113	100.0
P0ABL5	3.D.11.1.1	P0ABL5	[('2 Fe(II)-[cytochrome] + nitrate + 2 H(+) = 2 Fe(III)-[cytochrome] + nitrite + H2O', '2 CHEBI:29033 + CHEBI:17632 + 2 CHEBI:15378 = 2 CHEBI:29034 + CHEBI:16301 + CHEBI:15377')]	2.4800000000000002e-155	100.0
P0A9I5	3.D.11.1.1	P0A9I5	[('2 Fe(II)-[cytochrome] + nitrate + 2 H(+) = 2 Fe(III)-[cytochrome] + nitrite + H2O', '2 CHEBI:29033 + CHEBI:17632 + 2 CHEBI:15378 = 2 CHEBI:29034 + CHEBI:16301 + CHEBI:15377')]	3.53e-59	100.0
P0AAL0	3.D.11.1.1	P0AAL0	[('2 Fe(II)-[cytochrome] + nitrate + 2 H(+) = 2 Fe(III)-[cytochrome] + nitrite + H2O', '2 CHEBI:29033 + CHEBI:17632 + 2 CHEBI:15378 = 2 CHEBI:29034 + CHEBI:16301 + CHEBI:15377')]	1.34e-122	100.0
P0AAL3	3.D.11.1.1	P0AAL3	[('2 Fe(II)-[cytochrome] + nitrate + 2 H(+) = 2 Fe(III)-[cytochrome] + nitrite + H2O', '2 CHEBI:29033 + CHEBI:17632 + 2 CHEBI:15378 = 2 CHEBI:29034 + CHEBI:16301 + CHEBI:15377')]	1.64e-172	100.0
P33934	3.D.11.1.1	P33934	[('2 Fe(II)-[cytochrome] + nitrate + 2 H(+) = 2 Fe(III)-[cytochrome] + nitrite + H2O', '2 CHEBI:29033 + CHEBI:17632 + 2 CHEBI:15378 = 2 CHEBI:29034 + CHEBI:16301 + CHEBI:15377')]	0.0	100.0
P07001	3.D.2.1.1	P07001	[('NAD(+) + NADPH + H(+) = NADH + NADP(+) + H(+)', 'CHEBI:57540 + CHEBI:57783 + CHEBI:15378 = CHEBI:57945 + CHEBI:58349 + CHEBI:15378')]	0.0	100.0
P0AB67	3.D.2.1.1	P0AB67	[('NAD(+) + NADPH + H(+) = NADH + NADP(+) + H(+)', 'CHEBI:57540 + CHEBI:57783 + CHEBI:15378 = CHEBI:57945 + CHEBI:58349 + CHEBI:15378')]	0.0	100.0
P0ABJ9	3.D.4.3.2	P0ABJ9	[('2 a ubiquinol + O2 + 4 H(+) = 2 a ubiquinone + 2 H2O + 4 H(+)', '2 CHEBI:17976 + CHEBI:15379 + 4 CHEBI:15378 = 2 CHEBI:16389 + 2 CHEBI:15377 + 4 CHEBI:15378')]	0.0	100.0
P0ABK2	3.D.4.3.2	P0ABK2	[('2 a ubiquinol + O2 + 4 H(+) = 2 a ubiquinone + 2 H2O + 4 H(+)', '2 CHEBI:17976 + CHEBI:15379 + 4 CHEBI:15378 = 2 CHEBI:16389 + 2 CHEBI:15377 + 4 CHEBI:15378')]	0.0	100.0
P56100	3.D.4.3.2	P56100	[('2 a ubiquinol + O2 + 4 H(+) = 2 a ubiquinone + 2 H2O + 4 H(+)', '2 CHEBI:17976 + CHEBI:15379 + 4 CHEBI:15378 = 2 CHEBI:16389 + 2 CHEBI:15377 + 4 CHEBI:15378')]	1.0300000000000001e-21	100.0
P24244	3.D.4.3.2	P24244	[('2 a ubiquinol + O2 + 4 H(+) = 2 a ubiquinone + 2 H2O + 4 H(+)', '2 CHEBI:17976 + CHEBI:15379 + 4 CHEBI:15378 = 2 CHEBI:16389 + 2 CHEBI:15377 + 4 CHEBI:15378')]	7.62e-15	100.0
A5A618	3.D.4.3.2	A5A618	[('2 a ubiquinol + O2 + 4 H(+) = 2 a ubiquinone + 2 H2O + 4 H(+)', '2 CHEBI:17976 + CHEBI:15379 + 4 CHEBI:15378 = 2 CHEBI:16389 + 2 CHEBI:15377 + 4 CHEBI:15378')]	5.58e-13	100.0
P26458	3.D.4.3.5	P26458	[('2 a ubiquinol + O2 + n H(+) = 2 a ubiquinone + 2 H2O + n H(+)', '2 CHEBI:17976 + CHEBI:15379 + CHEBI:15378 = 2 CHEBI:16389 + 2 CHEBI:15377 + CHEBI:15378')]	0.0	100.0
P0ABJ1	3.D.4.5.1	P0ABJ1	[('2 a ubiquinol + O2 + n H(+) = 2 a ubiquinone + 2 H2O + n H(+)', '2 CHEBI:17976 + CHEBI:15379 + CHEBI:15378 = 2 CHEBI:16389 + 2 CHEBI:15377 + CHEBI:15378')]	0.0	100.0
P0ABI8	3.D.4.5.1	P0ABI8	[('2 a ubiquinol + O2 + n H(+) = 2 a ubiquinone + 2 H2O + n H(+)', '2 CHEBI:17976 + CHEBI:15379 + CHEBI:15378 = 2 CHEBI:16389 + 2 CHEBI:15377 + CHEBI:15378')]	0.0	100.0
P0ABJ3	3.D.4.5.1	P0ABJ3	[('2 a ubiquinol + O2 + n H(+) = 2 a ubiquinone + 2 H2O + n H(+)', '2 CHEBI:17976 + CHEBI:15379 + CHEBI:15378 = 2 CHEBI:16389 + 2 CHEBI:15377 + CHEBI:15378')]	1.39e-149	100.0
P0ABJ6	3.D.4.5.1	P0ABJ6	[('2 a ubiquinol + O2 + n H(+) = 2 a ubiquinone + 2 H2O + n H(+)', '2 CHEBI:17976 + CHEBI:15379 + CHEBI:15378 = 2 CHEBI:16389 + 2 CHEBI:15377 + CHEBI:15378')]	1.2999999999999998e-74	100.0
P0A766	3.D.6.1.4	P0A766	[('no_reaction_identified', 'no_reaction_identified')]	1.12e-135	100.0
P76182	3.D.6.1.4	P76182	[('no_reaction_identified', 'no_reaction_identified')]	0.0	100.0
P77179	3.D.6.1.4	P77179	[('no_reaction_identified', 'no_reaction_identified')]	2.31e-168	100.0
P77285	3.D.6.1.4	P77285	[('no_reaction_identified', 'no_reaction_identified')]	3.5e-153	100.0
P77223	3.D.6.1.4	P77223	[('no_reaction_identified', 'no_reaction_identified')]	1.17e-141	100.0
P77611	3.D.6.1.4	P77611	[('no_reaction_identified', 'no_reaction_identified')]	0.0	100.0
T2K7C6	3.D.7.2.3	P69739	[('no_reaction_identified', 'no_reaction_identified')]	0.0	92.204
P0AAJ8	3.D.7.2.5	P0AAJ8	[('H2 + A = AH2', 'CHEBI:18276 + CHEBI:13193 = CHEBI:17499')]	0.0	100.0
P37180	3.D.7.2.5	P37180	[('H2 + A = AH2', 'CHEBI:18276 + CHEBI:13193 = CHEBI:17499')]	0.0	100.0
P0ACE0	3.D.7.2.5	P0ACE0	[('H2 + A = AH2', 'CHEBI:18276 + CHEBI:13193 = CHEBI:17499')]	0.0	100.0
P37182	3.D.7.2.5	P37182	[('H2 + A = AH2', 'CHEBI:18276 + CHEBI:13193 = CHEBI:17499')]	2.97e-115	100.0
P69741	3.D.7.2.5	P69741	[('H2 + A = AH2', 'CHEBI:18276 + CHEBI:13193 = CHEBI:17499')]	0.0	100.0
P0A703	3.D.7.2.5	P0A703	[('H2 + A = AH2', 'CHEBI:18276 + CHEBI:13193 = CHEBI:17499')]	3.5500000000000006e-79	100.0
P0AAM7	3.D.7.2.5	P0AAM7	[('H2 + A = AH2', 'CHEBI:18276 + CHEBI:13193 = CHEBI:17499')]	5.680000000000001e-56	100.0
P69783	4.A.1.1.1	P69783	[('N(pros)-phospho-L-histidyl-[protein] + D-glucose = D-glucose 6-phosphate + L-histidyl-[protein]', 'CHEBI:64837 + CHEBI:4167 = CHEBI:61548 + CHEBI:29979')]	6.09e-116	100.0
P69786	4.A.1.1.1	P69786	[('N(pros)-phospho-L-histidyl-[protein] + D-glucose = D-glucose 6-phosphate + L-histidyl-[protein]', 'CHEBI:64837 + CHEBI:4167 = CHEBI:61548 + CHEBI:29979')]	0.0	100.0
C1P5Z7	4.A.1.1.1	C1P5Z7	[('N(pros)-phospho-L-histidyl-[protein] + D-glucose = D-glucose 6-phosphate + L-histidyl-[protein]', 'CHEBI:64837 + CHEBI:4167 = CHEBI:61548 + CHEBI:29979')]	6.07e-28	100.0
P09323	4.A.1.1.2	P09323	[('N-acetyl-D-glucosamine + N(pros)-phospho-L-histidyl-[protein] = N-acetyl-D-glucosamine 6-phosphate + L-histidyl-[protein]', 'CHEBI:506227 + CHEBI:64837 = CHEBI:57513 + CHEBI:29979')]	0.0	100.0
P19642	4.A.1.1.3	P19642	"[(""D-maltose + N(pros)-phospho-L-histidyl-[protein] = alpha-maltose 6'-phosphate + L-histidyl-[protein]"", 'CHEBI:17306 + CHEBI:64837 = CHEBI:57478 + CHEBI:29979')]"	0.0	100.0
P08722	4.A.1.2.2	P08722	[('no_reaction_identified', 'no_reaction_identified')]	0.0	100.0
P24241	4.A.1.2.3	P24241	[('no_reaction_identified', 'no_reaction_identified')]	0.0	100.0
P36672	4.A.1.2.4	P36672	[('alpha,alpha-trehalose + N(pros)-phospho-L-histidyl-[protein] = alpha,alpha-trehalose 6-phosphate + L-histidyl-[protein]', 'CHEBI:16551 + CHEBI:64837 = CHEBI:58429 + CHEBI:29979')]	0.0	100.0
P77272	4.A.1.2.7	P77272	[('N-acetyl-beta-D-muramate + N(pros)-phospho-L-histidyl-[protein] = N-acetyl-beta-D-muramate 6-phosphate + L-histidyl-[protein]', 'CHEBI:64848 + CHEBI:64837 = CHEBI:58721 + CHEBI:29979')]	0.0	100.0
P20966	4.A.2.1.1	P20966	[('D-fructose + N(pros)-phospho-L-histidyl-[protein] = D-fructose 1-phosphate + L-histidyl-[protein]', 'CHEBI:37721 + CHEBI:64837 = CHEBI:58674 + CHEBI:29979')]	0.0	100.0
P69811	4.A.2.1.1	P69811	[('D-fructose + N(pros)-phospho-L-histidyl-[protein] = D-fructose 1-phosphate + L-histidyl-[protein]', 'CHEBI:37721 + CHEBI:64837 = CHEBI:58674 + CHEBI:29979')]	0.0	100.0
P32670	4.A.2.1.10	P32670	[('L-histidyl-[protein] + phosphoenolpyruvate = N(pros)-phospho-L-histidyl-[protein] + pyruvate', 'CHEBI:29979 + CHEBI:58702 = CHEBI:64837 + CHEBI:15361'), ('D-fructose + N(pros)-phospho-L-histidyl-[protein] = D-fructose 1-phosphate + L-histidyl-[protein]', 'CHEBI:37721 + CHEBI:64837 = CHEBI:58674 + CHEBI:29979')]	0.0	100.0
P32672	4.A.2.1.10	P32672	[('L-histidyl-[protein] + phosphoenolpyruvate = N(pros)-phospho-L-histidyl-[protein] + pyruvate', 'CHEBI:29979 + CHEBI:58702 = CHEBI:64837 + CHEBI:15361'), ('D-fructose + N(pros)-phospho-L-histidyl-[protein] = D-fructose 1-phosphate + L-histidyl-[protein]', 'CHEBI:37721 + CHEBI:64837 = CHEBI:58674 + CHEBI:29979')]	0.0	100.0
P32676	4.A.2.1.10	P32676	[('L-histidyl-[protein] + phosphoenolpyruvate = N(pros)-phospho-L-histidyl-[protein] + pyruvate', 'CHEBI:29979 + CHEBI:58702 = CHEBI:64837 + CHEBI:15361'), ('D-fructose + N(pros)-phospho-L-histidyl-[protein] = D-fructose 1-phosphate + L-histidyl-[protein]', 'CHEBI:37721 + CHEBI:64837 = CHEBI:58674 + CHEBI:29979')]	1.49e-80	100.0
P69816	4.A.2.1.10	P69816	[('L-histidyl-[protein] + phosphoenolpyruvate = N(pros)-phospho-L-histidyl-[protein] + pyruvate', 'CHEBI:29979 + CHEBI:58702 = CHEBI:64837 + CHEBI:15361'), ('D-fructose + N(pros)-phospho-L-histidyl-[protein] = D-fructose 1-phosphate + L-histidyl-[protein]', 'CHEBI:37721 + CHEBI:64837 = CHEBI:58674 + CHEBI:29979')]	3.9000000000000004e-73	100.0
P69808	4.A.2.1.11	P69808	[('D-fructose + N(pros)-phospho-L-histidyl-[protein] = D-fructose 1-phosphate + L-histidyl-[protein]', 'CHEBI:37721 + CHEBI:64837 = CHEBI:58674 + CHEBI:29979'), ('L-histidyl-[protein] + phosphoenolpyruvate = N(pros)-phospho-L-histidyl-[protein] + pyruvate', 'CHEBI:29979 + CHEBI:58702 = CHEBI:64837 + CHEBI:15361')]	2.6e-75	100.0
P77439	4.A.2.1.11	P77439	[('D-fructose + N(pros)-phospho-L-histidyl-[protein] = D-fructose 1-phosphate + L-histidyl-[protein]', 'CHEBI:37721 + CHEBI:64837 = CHEBI:58674 + CHEBI:29979'), ('L-histidyl-[protein] + phosphoenolpyruvate = N(pros)-phospho-L-histidyl-[protein] + pyruvate', 'CHEBI:29979 + CHEBI:58702 = CHEBI:64837 + CHEBI:15361')]	0.0	100.0
P77579	4.A.2.1.11	P77579	[('D-fructose + N(pros)-phospho-L-histidyl-[protein] = D-fructose 1-phosphate + L-histidyl-[protein]', 'CHEBI:37721 + CHEBI:64837 = CHEBI:58674 + CHEBI:29979'), ('L-histidyl-[protein] + phosphoenolpyruvate = N(pros)-phospho-L-histidyl-[protein] + pyruvate', 'CHEBI:29979 + CHEBI:58702 = CHEBI:64837 + CHEBI:15361')]	0.0	100.0
P00550	4.A.2.1.2	P00550	[('D-mannitol + N(pros)-phospho-L-histidyl-[protein] = D-mannitol 1-phosphate + L-histidyl-[protein]', 'CHEBI:16899 + CHEBI:64837 = CHEBI:61381 + CHEBI:29979')]	0.0	100.0
P69826	4.A.2.1.24	P69826	[('D-mannitol + N(pros)-phospho-L-histidyl-[protein] = D-mannitol 1-phosphate + L-histidyl-[protein]', 'CHEBI:16899 + CHEBI:64837 = CHEBI:61381 + CHEBI:29979')]	0.0	100.0
P69824	4.A.2.1.24	P69824	[('D-mannitol + N(pros)-phospho-L-histidyl-[protein] = D-mannitol 1-phosphate + L-histidyl-[protein]', 'CHEBI:16899 + CHEBI:64837 = CHEBI:61381 + CHEBI:29979')]	6.51e-107	100.0
P32154	4.A.2.1.25	P32154	[('D-fructose + N(pros)-phospho-L-histidyl-[protein] = D-fructose 1-phosphate + L-histidyl-[protein]', 'CHEBI:37721 + CHEBI:64837 = CHEBI:58674 + CHEBI:29979')]	0.0	100.0
P32155	4.A.2.1.25	P32155	[('D-fructose + N(pros)-phospho-L-histidyl-[protein] = D-fructose 1-phosphate + L-histidyl-[protein]', 'CHEBI:37721 + CHEBI:64837 = CHEBI:58674 + CHEBI:29979')]	1.3799999999999999e-108	100.0
P54745	4.A.2.1.3	P54745	[('(2R)-2-O-(alpha-D-mannosyl)-glycerate + N(pros)-phospho-L-histidyl-[protein] = (2R)-2-O-(6-phospho-alpha-D-mannosyl)-glycerate + L-histidyl-[protein]', 'CHEBI:57541 + CHEBI:64837 = CHEBI:60331 + CHEBI:29979')]	0.0	100.0
P17334	4.A.3.2.1	P17334	"[(""N,N'-diacetylchitobiose + N(pros)-phospho-L-histidyl-[protein] = diacetylchitobiose-6'-phosphate + L-histidyl-[protein]"", 'CHEBI:28681 + CHEBI:64837 = CHEBI:64883 + CHEBI:29979')]"	0.0	100.0
P69791	4.A.3.2.1	P69791	"[(""N,N'-diacetylchitobiose + N(pros)-phospho-L-histidyl-[protein] = diacetylchitobiose-6'-phosphate + L-histidyl-[protein]"", 'CHEBI:28681 + CHEBI:64837 = CHEBI:64883 + CHEBI:29979')]"	2.6700000000000002e-80	100.0
P69795	4.A.3.2.1	P69795	"[(""N,N'-diacetylchitobiose + N(pros)-phospho-L-histidyl-[protein] = diacetylchitobiose-6'-phosphate + L-histidyl-[protein]"", 'CHEBI:28681 + CHEBI:64837 = CHEBI:64883 + CHEBI:29979')]"	1.33e-73	100.0
Q8L3C4	4.A.3.2.5	P69783	[('no_reaction_identified', 'no_reaction_identified')]	1.5e-112	96.45
C4X744	4.A.3.2.7	P69795	[('no_reaction_identified', 'no_reaction_identified')]	1.0299999999999999e-69	96.226
P05706	4.A.4.1.1	P05706	[('D-sorbitol + N(pros)-phospho-L-histidyl-[protein] = D-sorbitol 6-phosphate + L-histidyl-[protein]', 'CHEBI:17924 + CHEBI:64837 = CHEBI:60084 + CHEBI:29979')]	3.4399999999999995e-89	100.0
P56579	4.A.4.1.1	P56579	[('D-sorbitol + N(pros)-phospho-L-histidyl-[protein] = D-sorbitol 6-phosphate + L-histidyl-[protein]', 'CHEBI:17924 + CHEBI:64837 = CHEBI:60084 + CHEBI:29979')]	3.61e-138	100.0
P56580	4.A.4.1.1	P56580	[('D-sorbitol + N(pros)-phospho-L-histidyl-[protein] = D-sorbitol 6-phosphate + L-histidyl-[protein]', 'CHEBI:17924 + CHEBI:64837 = CHEBI:60084 + CHEBI:29979')]	0.0	100.0
P37188	4.A.5.1.1	P37188	[('galactitol + N(pros)-phospho-L-histidyl-[protein] = galactitol 1-phosphate + L-histidyl-[protein]', 'CHEBI:16813 + CHEBI:64837 = CHEBI:60083 + CHEBI:29979')]	3.57e-66	100.0
P69828	4.A.5.1.1	P69828	[('galactitol + N(pros)-phospho-L-histidyl-[protein] = galactitol 1-phosphate + L-histidyl-[protein]', 'CHEBI:16813 + CHEBI:64837 = CHEBI:60083 + CHEBI:29979')]	4.42e-111	100.0
P69831	4.A.5.1.1	P69831	[('galactitol + N(pros)-phospho-L-histidyl-[protein] = galactitol 1-phosphate + L-histidyl-[protein]', 'CHEBI:16813 + CHEBI:64837 = CHEBI:60083 + CHEBI:29979')]	0.0	100.0
P39363	4.A.5.1.3	P39363	[('no_reaction_identified', 'no_reaction_identified')]	5.64e-105	100.0
P39365	4.A.5.1.3	P39365	[('no_reaction_identified', 'no_reaction_identified')]	0.0	100.0
P58035	4.A.5.1.3	P58035	[('no_reaction_identified', 'no_reaction_identified')]	8.930000000000001e-64	100.0
P69797	4.A.6.1.1	P69797	[('D-mannose + N(pros)-phospho-L-histidyl-[protein] = D-mannose 6-phosphate + L-histidyl-[protein]', 'CHEBI:4208 + CHEBI:64837 = CHEBI:58735 + CHEBI:29979')]	0.0	100.0
P69801	4.A.6.1.1	P69801	[('D-mannose + N(pros)-phospho-L-histidyl-[protein] = D-mannose 6-phosphate + L-histidyl-[protein]', 'CHEBI:4208 + CHEBI:64837 = CHEBI:58735 + CHEBI:29979')]	0.0	100.0
P69805	4.A.6.1.1	P69805	[('D-mannose + N(pros)-phospho-L-histidyl-[protein] = D-mannose 6-phosphate + L-histidyl-[protein]', 'CHEBI:4208 + CHEBI:64837 = CHEBI:58735 + CHEBI:29979')]	0.0	100.0
Q9KIQ3	4.A.6.1.4	P42905	[('no_reaction_identified', 'no_reaction_identified')]	2.52e-82	96.947
Q9KIQ4	4.A.6.1.4	P42904	[('no_reaction_identified', 'no_reaction_identified')]	2.6599999999999998e-114	100.0
P42909	4.A.6.1.5	P42909	[('no_reaction_identified', 'no_reaction_identified')]	2.69e-114	100.0
P42911	4.A.6.1.5	P42911	[('no_reaction_identified', 'no_reaction_identified')]	0.0	100.0
Q9KIP7	4.A.6.1.5	P42910	[('no_reaction_identified', 'no_reaction_identified')]	0.0	99.625
P39301	4.A.7.1.1	P39301	[('N(pros)-phospho-L-histidyl-[protein] + L-ascorbate = L-ascorbate 6-phosphate + L-histidyl-[protein]', 'CHEBI:64837 + CHEBI:38290 = CHEBI:61698 + CHEBI:29979')]	0.0	100.0
P69820	4.A.7.1.1	P69820	[('N(pros)-phospho-L-histidyl-[protein] + L-ascorbate = L-ascorbate 6-phosphate + L-histidyl-[protein]', 'CHEBI:64837 + CHEBI:38290 = CHEBI:61698 + CHEBI:29979')]	3.08e-113	100.0
P69822	4.A.7.1.1	P69822	[('N(pros)-phospho-L-histidyl-[protein] + L-ascorbate = L-ascorbate 6-phosphate + L-histidyl-[protein]', 'CHEBI:64837 + CHEBI:38290 = CHEBI:61698 + CHEBI:29979')]	1.93e-72	100.0
P24518	4.B.1.1.1	P27278	[('beta-nicotinamide D-riboside + ATP = beta-nicotinamide D-ribonucleotide + ADP + H(+)', 'CHEBI:15927 + CHEBI:30616 = CHEBI:14649 + CHEBI:456216 + CHEBI:15378'), ('beta-nicotinamide D-ribonucleotide + ATP + H(+) = diphosphate + NAD(+)', 'CHEBI:14649 + CHEBI:30616 + CHEBI:15378 = CHEBI:33019 + CHEBI:57540')]	0.0	95.11
P31119	4.C.1.1.16	P31119	[('a long-chain fatty acid + holo-[ACP] + ATP = a long-chain fatty acyl-[ACP] + AMP + diphosphate', 'CHEBI:57560 + CHEBI:64479 + CHEBI:30616 = CHEBI:133243 + CHEBI:456215 + CHEBI:33019'), ('a 2-acyl-sn-glycero-3-phosphoethanolamine + a fatty acyl-[ACP] = a 1,2-diacyl-sn-glycero-3-phosphoethanolamine + holo-[ACP]', 'CHEBI:65213 + CHEBI:138651 = CHEBI:64612 + CHEBI:64479')]	0.0	100.0
P69451	4.C.1.1.4	P69451	[('dodecanoate + ATP + CoA = dodecanoyl-CoA + AMP + diphosphate', 'CHEBI:18262 + CHEBI:30616 + CHEBI:57287 = CHEBI:57375 + CHEBI:456215 + CHEBI:33019'), ('decanoate + ATP + CoA = decanoyl-CoA + AMP + diphosphate', 'CHEBI:27689 + CHEBI:30616 + CHEBI:57287 = CHEBI:61430 + CHEBI:456215 + CHEBI:33019'), ('hexadecanoate + ATP + CoA = hexadecanoyl-CoA + AMP + diphosphate', 'CHEBI:7896 + CHEBI:30616 + CHEBI:57287 = CHEBI:57379 + CHEBI:456215 + CHEBI:33019'), ('a long-chain fatty acid + ATP + CoA = a long-chain fatty acyl-CoA + AMP + diphosphate', 'CHEBI:57560 + CHEBI:30616 + CHEBI:57287 = CHEBI:83139 + CHEBI:456215 + CHEBI:33019'), ('tetradecanoate + ATP + CoA = tetradecanoyl-CoA + AMP + diphosphate', 'CHEBI:30807 + CHEBI:30616 + CHEBI:57287 = CHEBI:57385 + CHEBI:456215 + CHEBI:33019'), ('(9Z)-octadecenoate + ATP + CoA = (9Z)-octadecenoyl-CoA + AMP + diphosphate', 'CHEBI:30823 + CHEBI:30616 + CHEBI:57287 = CHEBI:57387 + CHEBI:456215 + CHEBI:33019'), ('octanoate + ATP + CoA = octanoyl-CoA + AMP + diphosphate', 'CHEBI:25646 + CHEBI:30616 + CHEBI:57287 = CHEBI:57386 + CHEBI:456215 + CHEBI:33019')]	0.0	100.0
P31552	4.C.1.1.6	P31552	[('4-(trimethylamino)butanoate + ATP + CoA = 4-(trimethylamino)butanoyl-CoA + AMP + diphosphate', 'CHEBI:16244 + CHEBI:30616 + CHEBI:57287 = CHEBI:61513 + CHEBI:456215 + CHEBI:33019'), ('crotonobetaine + ATP + CoA = crotonobetainyl-CoA + AMP + diphosphate', 'CHEBI:17237 + CHEBI:30616 + CHEBI:57287 = CHEBI:60933 + CHEBI:456215 + CHEBI:33019'), ('(R)-carnitine + ATP + CoA = (R)-carnitinyl-CoA + AMP + diphosphate', 'CHEBI:16347 + CHEBI:30616 + CHEBI:57287 = CHEBI:60932 + CHEBI:456215 + CHEBI:33019')]	0.0	100.0
WP_202784107.1	4.C.3.2.5	P77538	[('no_reaction_identified', 'no_reaction_identified')]	0.0	98.592
Q47536	4.D.1.1.11	Q47536	[('no_reaction_identified', 'no_reaction_identified')]	0.0	100.0
P77757	4.D.1.1.13	P77757	[('UDP-4-deoxy-4-formamido-beta-L-arabinose + di-trans,octa-cis-undecaprenyl phosphate = 4-deoxy-4-formamido-alpha-L-arabinopyranosyl di-trans,octa-cis-undecaprenyl phosphate + UDP', 'CHEBI:58709 + CHEBI:60392 = CHEBI:58909 + CHEBI:58223')]	0.0	100.0
P75905	4.D.1.1.3	P75905	[('no_reaction_identified', 'no_reaction_identified')]	0.0	100.0
P75770	4.D.2.4.3	P75770	[('no_reaction_identified', 'no_reaction_identified')]	0.0	100.0
P62517	4.D.3.1.1	P62517	[('no_reaction_identified', 'no_reaction_identified')]	0.0	100.0
P37653	4.D.3.1.6	P37653	[('[(1->4)-beta-D-glucosyl](n) + UDP-alpha-D-glucose = [(1->4)-beta-D-glucosyl](n+1) + UDP + H(+)', 'CHEBI:18246 + CHEBI:58885 = CHEBI:18246 + CHEBI:58223 + CHEBI:15378')]	0.0	100.0
P37652	4.D.3.1.6	P37652	[('[(1->4)-beta-D-glucosyl](n) + UDP-alpha-D-glucose = [(1->4)-beta-D-glucosyl](n+1) + UDP + H(+)', 'CHEBI:18246 + CHEBI:58885 = CHEBI:18246 + CHEBI:58223 + CHEBI:15378')]	0.0	100.0
P37651	4.D.3.1.6	P37651	[('[(1->4)-beta-D-glucosyl](n) + UDP-alpha-D-glucose = [(1->4)-beta-D-glucosyl](n+1) + UDP + H(+)', 'CHEBI:18246 + CHEBI:58885 = CHEBI:18246 + CHEBI:58223 + CHEBI:15378')]	0.0	100.0
D6I8Y6	4.F.1.3.3	P76090	[('no_reaction_identified', 'no_reaction_identified')]	1.83e-141	97.0
P36655	5.A.1.1.1	P36655	[('[protein]-dithiol + NAD(+) = [protein]-disulfide + NADH + H(+)', 'CHEBI:29950 + CHEBI:57540 = CHEBI:50058 + CHEBI:57945 + CHEBI:15378'), ('[protein]-dithiol + NADP(+) = [protein]-disulfide + NADPH + H(+)', 'CHEBI:29950 + CHEBI:58349 = CHEBI:50058 + CHEBI:57783 + CHEBI:15378')]	0.0	100.0
P0A6M2	5.A.2.1.1	P0A6M2	[('no_reaction_identified', 'no_reaction_identified')]	1.22e-128	100.0
P09152	5.A.3.1.1	P09152	[('nitrate + a quinol = a quinone + nitrite + H2O', 'CHEBI:17632 + CHEBI:24646 = CHEBI:132124 + CHEBI:16301 + CHEBI:15377')]	0.0	100.0
P11349	5.A.3.1.1	P11349	[('nitrate + a quinol = a quinone + nitrite + H2O', 'CHEBI:17632 + CHEBI:24646 = CHEBI:132124 + CHEBI:16301 + CHEBI:15377')]	0.0	100.0
P11350	5.A.3.1.1	P11350	[('nitrate + a quinol = a quinone + nitrite + H2O', 'CHEBI:17632 + CHEBI:24646 = CHEBI:132124 + CHEBI:16301 + CHEBI:15377')]	2.7600000000000005e-166	100.0
P0AF32	5.A.3.1.2	P0AF32	[('nitrate + a quinol = a quinone + nitrite + H2O', 'CHEBI:17632 + CHEBI:24646 = CHEBI:132124 + CHEBI:16301 + CHEBI:15377')]	2.98e-167	100.0
P19318	5.A.3.1.2	P19318	[('nitrate + a quinol = a quinone + nitrite + H2O', 'CHEBI:17632 + CHEBI:24646 = CHEBI:132124 + CHEBI:16301 + CHEBI:15377')]	0.0	100.0
P19319	5.A.3.1.2	P19319	[('nitrate + a quinol = a quinone + nitrite + H2O', 'CHEBI:17632 + CHEBI:24646 = CHEBI:132124 + CHEBI:16301 + CHEBI:15377')]	0.0	100.0
P0AAJ3	5.A.3.2.1	P0AAJ3	[('a quinone + formate + H(+) = a quinol + CO2', 'CHEBI:132124 + CHEBI:15740 + CHEBI:15378 = CHEBI:24646 + CHEBI:16526')]	0.0	100.0
P0AEK7	5.A.3.2.1	P0AEK7	[('a quinone + formate + H(+) = a quinol + CO2', 'CHEBI:132124 + CHEBI:15740 + CHEBI:15378 = CHEBI:24646 + CHEBI:16526')]	9.27e-162	100.0
P24183	5.A.3.2.1	P24183	[('a quinone + formate + H(+) = a quinol + CO2', 'CHEBI:132124 + CHEBI:15740 + CHEBI:15378 = CHEBI:24646 + CHEBI:16526')]	0.0	100.0
P0AAJ1	5.A.3.3.1	P18776	[('no_reaction_identified', 'no_reaction_identified')]	1.27e-148	94.146
P0AAJ1	5.A.3.3.1	P0AAJ1	[('no_reaction_identified', 'no_reaction_identified')]	7.82e-157	100.0
P76173	5.A.3.3.1	P76173	[('no_reaction_identified', 'no_reaction_identified')]	0.0	100.0
P77374	5.A.3.3.1	P77374	[('no_reaction_identified', 'no_reaction_identified')]	0.0	100.0
P77783	5.A.3.3.1	P77783	[('no_reaction_identified', 'no_reaction_identified')]	0.0	100.0
P18775	5.A.3.3.2	P18775	[('dimethyl sulfide + a menaquinone + H2O = dimethyl sulfoxide + a menaquinol', 'CHEBI:17437 + CHEBI:16374 + CHEBI:15377 = CHEBI:28262 + CHEBI:18151')]	0.0	100.0
P18776	5.A.3.3.2	P18776	[('dimethyl sulfide + a menaquinone + H2O = dimethyl sulfoxide + a menaquinol', 'CHEBI:17437 + CHEBI:16374 + CHEBI:15377 = CHEBI:28262 + CHEBI:18151')]	2.4500000000000003e-156	100.0
P18776	5.A.3.3.2	P0AAJ1	[('dimethyl sulfide + a menaquinone + H2O = dimethyl sulfoxide + a menaquinol', 'CHEBI:17437 + CHEBI:16374 + CHEBI:15377 = CHEBI:28262 + CHEBI:18151')]	1.27e-148	94.146
P18777	5.A.3.3.2	P18777	[('dimethyl sulfide + a menaquinone + H2O = dimethyl sulfoxide + a menaquinol', 'CHEBI:17437 + CHEBI:16374 + CHEBI:15377 = CHEBI:28262 + CHEBI:18151')]	0.0	100.0
P33225	5.A.3.4.1	P33225	[('trimethylamine + 2 Fe(III)-[cytochrome c] + H2O = trimethylamine N-oxide + 2 Fe(II)-[cytochrome c] + 3 H(+)', 'CHEBI:58389 + 2 CHEBI:29034 + CHEBI:15377 = CHEBI:15724 + 2 CHEBI:29033 + 3 CHEBI:15378')]	0.0	100.0
P33226	5.A.3.4.1	P33226	[('trimethylamine + 2 Fe(III)-[cytochrome c] + H2O = trimethylamine N-oxide + 2 Fe(II)-[cytochrome c] + 3 H(+)', 'CHEBI:58389 + 2 CHEBI:29034 + CHEBI:15377 = CHEBI:15724 + 2 CHEBI:29033 + 3 CHEBI:15378')]	0.0	100.0
P36662	5.A.3.4.1	P36662	[('trimethylamine + 2 Fe(III)-[cytochrome c] + H2O = trimethylamine N-oxide + 2 Fe(II)-[cytochrome c] + 3 H(+)', 'CHEBI:58389 + 2 CHEBI:29034 + CHEBI:15377 = CHEBI:15724 + 2 CHEBI:29033 + 3 CHEBI:15378')]	6.9e-148	100.0
P52005	5.A.3.4.2	P52005	[('trimethylamine + 2 Fe(III)-[cytochrome c] + H2O = trimethylamine N-oxide + 2 Fe(II)-[cytochrome c] + 3 H(+)', 'CHEBI:58389 + 2 CHEBI:29034 + CHEBI:15377 = CHEBI:15724 + 2 CHEBI:29033 + 3 CHEBI:15378')]	0.0	100.0
P58362	5.A.3.4.2	P46923	[('trimethylamine + 2 Fe(III)-[cytochrome c] + H2O = trimethylamine N-oxide + 2 Fe(II)-[cytochrome c] + 3 H(+)', 'CHEBI:58389 + 2 CHEBI:29034 + CHEBI:15377 = CHEBI:15724 + 2 CHEBI:29033 + 3 CHEBI:15378')]	0.0	98.764
P20099	5.A.3.4.3	P20099	[('[thioredoxin]-disulfide + L-methionine + H2O = L-methionine (S)-S-oxide + [thioredoxin]-dithiol', 'CHEBI:50058 + CHEBI:57844 + CHEBI:15377 = CHEBI:58772 + CHEBI:29950')]	0.0	100.0
P32709	5.A.3.5.3	P32709	[('6 Fe(III)-[cytochrome c] + NH4(+) + 2 H2O = 6 Fe(II)-[cytochrome c] + nitrite + 8 H(+)', '6 CHEBI:29034 + CHEBI:28938 + 2 CHEBI:15377 = 6 CHEBI:29033 + CHEBI:16301 + 8 CHEBI:15378')]	0.0	100.0
P0ABL1	5.A.3.5.3	P0ABL1	[('6 Fe(III)-[cytochrome c] + NH4(+) + 2 H2O = 6 Fe(II)-[cytochrome c] + nitrite + 8 H(+)', '6 CHEBI:29034 + CHEBI:28938 + 2 CHEBI:15377 = 6 CHEBI:29033 + CHEBI:16301 + 8 CHEBI:15378')]	1.62e-142	100.0
P0AAK7	5.A.3.5.3	P0AAK7	[('6 Fe(III)-[cytochrome c] + NH4(+) + 2 H2O = 6 Fe(II)-[cytochrome c] + nitrite + 8 H(+)', '6 CHEBI:29034 + CHEBI:28938 + 2 CHEBI:15377 = 6 CHEBI:29033 + CHEBI:16301 + 8 CHEBI:15378')]	1.29e-168	100.0
P0ABK9	5.A.3.5.3	P0ABK9	[('6 Fe(III)-[cytochrome c] + NH4(+) + 2 H2O = 6 Fe(II)-[cytochrome c] + nitrite + 8 H(+)', '6 CHEBI:29034 + CHEBI:28938 + 2 CHEBI:15377 = 6 CHEBI:29033 + CHEBI:16301 + 8 CHEBI:15378')]	0.0	100.0
Q8XB73	5.B.7.1.1	P76343	[('no_reaction_identified', 'no_reaction_identified')]	5.77e-149	99.052
P27303	8.A.1.1.1	P27303	[('no_reaction_identified', 'no_reaction_identified')]	0.0	100.0
B1LPP9	8.A.1.1.3	P32716	[('no_reaction_identified', 'no_reaction_identified')]	0.0	99.708
P37683	8.A.1.1.4	P37683	[('no_reaction_identified', 'no_reaction_identified')]	0.0	100.0
P0AE06	8.A.1.6.1	P0AE06	[('no_reaction_identified', 'no_reaction_identified')]	0.0	100.0
P76397	8.A.1.6.2	P76397	[('no_reaction_identified', 'no_reaction_identified')]	0.0	100.0
P37636	8.A.1.6.3	P37636	[('no_reaction_identified', 'no_reaction_identified')]	0.0	100.0
P46482	8.A.1.7.1	P46482	[('no_reaction_identified', 'no_reaction_identified')]	0.0	100.0
P52614	8.A.153.1.1	P52614	[('no_reaction_identified', 'no_reaction_identified')]	0.0	100.0
P0AA95	8.A.2.1.3	P0AA95	[('no_reaction_identified', 'no_reaction_identified')]	3.38e-83	100.0
P0AA53	8.A.21.2.2	P0AA53	[('no_reaction_identified', 'no_reaction_identified')]	0.0	100.0
P64596	8.A.213.1.1	P64596	[('no_reaction_identified', 'no_reaction_identified')]	1.71e-137	100.0
P0AFH8	8.A.213.1.2	P0AFH8	[('no_reaction_identified', 'no_reaction_identified')]	5.1799999999999995e-142	100.0
P38134	8.A.3.3.1	P38134	[('L-tyrosyl-[protein] + ATP = O-phospho-L-tyrosyl-[protein] + ADP + H(+)', 'CHEBI:46858 + CHEBI:30616 = CHEBI:82620 + CHEBI:456216 + CHEBI:15378')]	0.0	100.0
P76387	8.A.3.3.2	P76387	[('L-tyrosyl-[protein] + ATP = O-phospho-L-tyrosyl-[protein] + ADP + H(+)', 'CHEBI:46858 + CHEBI:30616 = CHEBI:82620 + CHEBI:456216 + CHEBI:15378')]	0.0	100.0
G4PZW1	8.A.48.1.1	P64471	[('no_reaction_identified', 'no_reaction_identified')]	1.58e-51	100.0
D7XN98	8.A.48.1.2	P46478	[('no_reaction_identified', 'no_reaction_identified')]	1.67e-42	100.0
E1PFW8	8.A.48.1.3	P46478	[('no_reaction_identified', 'no_reaction_identified')]	4.7299999999999994e-42	100.0
P0A9T4	8.A.5.1.5	P0A9T4	[('no_reaction_identified', 'no_reaction_identified')]	0.0	100.0
P77735	8.A.5.1.6	P77735	[('D-ribulose 5-phosphate + AH2 = 1-deoxy-D-xylulose 5-phosphate + A + H2O', 'CHEBI:58121 + CHEBI:17499 = CHEBI:57792 + CHEBI:13193 + CHEBI:15377')]	0.0	100.0
P76187	8.A.5.1.7	P76187	[('no_reaction_identified', 'no_reaction_identified')]	0.0	100.0
P08839	8.A.7.1.1	P08839	[('L-histidyl-[protein] + phosphoenolpyruvate = N(pros)-phospho-L-histidyl-[protein] + pyruvate', 'CHEBI:29979 + CHEBI:58702 = CHEBI:64837 + CHEBI:15361')]	0.0	100.0
P0AAV0	8.A.79.1.1	P0AAV0	[('no_reaction_identified', 'no_reaction_identified')]	1.0400000000000001e-66	100.0
P0AA04	8.A.8.1.1	P0AA04	[('no_reaction_identified', 'no_reaction_identified')]	3.6700000000000003e-57	100.0
P69776	8.A.99.1.1	P69776	[('no_reaction_identified', 'no_reaction_identified')]	2.16e-50	100.0
P0AFY6	9.A.18.1.1	P0AFY6	[('no_reaction_identified', 'no_reaction_identified')]	0.0	100.0
P41796	9.A.28.1.1	P76552	[('ethanolamine = ethanolamine', 'CHEBI:57603 = CHEBI:57603')]	0.0	97.304
P64564	9.A.4.1.2	P64564	[('no_reaction_identified', 'no_reaction_identified')]	3.61e-131	100.0
P39379	9.A.5.4.2	P39379	[('no_reaction_identified', 'no_reaction_identified')]	7.61e-163	100.0
P0AFL9	9.A.69.1.1	P0AFL9	[('no_reaction_identified', 'no_reaction_identified')]	0.0	100.0
P43671	9.A.69.1.1	P43671	[('no_reaction_identified', 'no_reaction_identified')]	0.0	100.0
G0F6K7	9.A.69.1.1	P0AB10	[('no_reaction_identified', 'no_reaction_identified')]	1.87e-136	100.0
P0AD03	9.A.69.1.2	P0AD03	[('no_reaction_identified', 'no_reaction_identified')]	0.0	100.0
P76272	9.A.69.1.2	P76272	[('no_reaction_identified', 'no_reaction_identified')]	0.0	100.0
P33650	9.A.8.1.1	P33650	[('no_reaction_identified', 'no_reaction_identified')]	0.0	100.0
P0AEL3	9.A.8.1.1	P0AEL3	[('no_reaction_identified', 'no_reaction_identified')]	9.4e-52	100.0
P23894	9.B.1.1.6	P23894	[('no_reaction_identified', 'no_reaction_identified')]	0.0	100.0
E8XKQ3	9.B.100.1.1	P0AFM6	[('no_reaction_identified', 'no_reaction_identified')]	4.44e-143	91.441
P31064	9.B.102.1.1	P31064	[('no_reaction_identified', 'no_reaction_identified')]	0.0	100.0
P33015	9.B.102.1.2	P33015	[('thiosulfate = thiosulfate', 'CHEBI:33542 = CHEBI:33542')]	0.0	100.0
P09391	9.B.104.1.1	P09391	[('no_reaction_identified', 'no_reaction_identified')]	0.0	100.0
P0AFY2	9.B.114.1.1	P0AFY2	[('no_reaction_identified', 'no_reaction_identified')]	1.8900000000000002e-179	100.0
P45546	9.B.118.1.1	P45546	[('no_reaction_identified', 'no_reaction_identified')]	0.0	100.0
P0AE42	9.B.12.2.1	P0AE42	[('no_reaction_identified', 'no_reaction_identified')]	6.24e-31	100.0
Q46831	9.B.120.1.1	Q46831	[('no_reaction_identified', 'no_reaction_identified')]	1.7100000000000002e-166	100.0
P37645	9.B.121.1.1	P37645	[('no_reaction_identified', 'no_reaction_identified')]	0.0	100.0
G5LV43	9.B.121.1.3	P37645	[('no_reaction_identified', 'no_reaction_identified')]	0.0	92.433
P46474	9.B.121.2.4	P46474	[('no_reaction_identified', 'no_reaction_identified')]	0.0	100.0
P31433	9.B.121.3.1	P31433	[('no_reaction_identified', 'no_reaction_identified')]	0.0	100.0
P52645	9.B.121.4.1	P52645	[('no_reaction_identified', 'no_reaction_identified')]	0.0	100.0
P28249	9.B.121.5.1	P28249	[('no_reaction_identified', 'no_reaction_identified')]	0.0	100.0
P39321	9.B.121.6.2	P39321	[('no_reaction_identified', 'no_reaction_identified')]	0.0	100.0
P75962	9.B.122.1.1	P75962	[('no_reaction_identified', 'no_reaction_identified')]	2.78e-111	100.0
P64592	9.B.124.1.1	P64592	[('no_reaction_identified', 'no_reaction_identified')]	1.12e-83	100.0
P64591	9.B.124.1.2	P64590	[('no_reaction_identified', 'no_reaction_identified')]	1.0800000000000001e-85	100.0
B7MI53	9.B.124.2.2	P0AF34	[('no_reaction_identified', 'no_reaction_identified')]	2.53e-104	100.0
P0AE14	9.B.125.1.1	P0AE14	[('no_reaction_identified', 'no_reaction_identified')]	0.0	100.0
P37642	9.B.126.1.1	P37642	[('no_reaction_identified', 'no_reaction_identified')]	0.0	100.0
P0A8K8	9.B.126.2.1	P0A8K8	[('no_reaction_identified', 'no_reaction_identified')]	0.0	100.0
P76538	9.B.127.1.1	P76538	[('no_reaction_identified', 'no_reaction_identified')]	3.57e-105	100.0
B6I4D1	9.B.128.1.1	P27835	[('no_reaction_identified', 'no_reaction_identified')]	0.0	99.778
P0ADB7	9.B.13.1.1	P0ADB7	[('no_reaction_identified', 'no_reaction_identified')]	1.45e-28	100.0
P0AF54	9.B.136.1.1	P0AF54	[('no_reaction_identified', 'no_reaction_identified')]	9.880000000000001e-73	100.0
P33927	9.B.14.1.3	P33927	[('no_reaction_identified', 'no_reaction_identified')]	0.0	100.0
P0ABM1	9.B.14.2.3	P0ABM1	[('no_reaction_identified', 'no_reaction_identified')]	5.05e-178	100.0
P64432	9.B.14.3.6	P64432	[('no_reaction_identified', 'no_reaction_identified')]	0.0	100.0
p76473	9.B.142.2.9	P76473	[('no_reaction_identified', 'no_reaction_identified')]	0.0	100.0
P0A6W3	9.B.146.1.6	P0A6W3	[('UDP-N-acetyl-alpha-D-muramoyl-L-alanyl-gamma-D-glutamyl-meso-2,6-diaminopimeloyl-D-alanyl-D-alanine + di-trans,octa-cis-undecaprenyl phosphate = di-trans-octa-cis-undecaprenyl diphospho-N-acetyl-alpha-D-muramoyl-L-alanyl-D-glutamyl-meso-2,6-diaminopimeloyl-D-alanyl-D-alanine + UMP', 'CHEBI:61386 + CHEBI:60392 = CHEBI:61387 + CHEBI:57865')]	0.0	100.0
P0AC78	9.B.146.1.7	P0AC78	[('di-trans,octa-cis-undecaprenyl phosphate + UDP-N-acetyl-alpha-D-glucosamine = N-acetyl-alpha-D-glucosaminyl-di-trans,octa-cis-undecaprenyl diphosphate + UMP', 'CHEBI:60392 + CHEBI:57705 = CHEBI:62959 + CHEBI:57865')]	0.0	100.0
P0AEH1	9.B.149.2.3	P0AEH1	[('no_reaction_identified', 'no_reaction_identified')]	0.0	100.0
P0AAW6	9.B.15.1.1	P0AAW5	[('no_reaction_identified', 'no_reaction_identified')]	3.16e-95	100.0
C8UN36	9.B.156.1.1	P0AEH8	[('no_reaction_identified', 'no_reaction_identified')]	4.54e-108	99.346
P0A9X4	9.B.157.1.3	P0A9X4	[('no_reaction_identified', 'no_reaction_identified')]	0.0	100.0
P16926	9.B.157.1.3	P16926	[('no_reaction_identified', 'no_reaction_identified')]	0.0	100.0
P0ABH4	9.B.157.1.3	P0ABH4	[('no_reaction_identified', 'no_reaction_identified')]	1.51e-110	100.0
P67826	9.B.158.1.2	P67826	[('no_reaction_identified', 'no_reaction_identified')]	0.0	100.0
P08550	9.B.160.1.16	P08550	[('no_reaction_identified', 'no_reaction_identified')]	1.13e-113	100.0
P25747	9.B.169.1.2	P25747	[('no_reaction_identified', 'no_reaction_identified')]	0.0	100.0
P23865	9.B.174.1.2	P23865	[('no_reaction_identified', 'no_reaction_identified')]	0.0	100.0
P27830	9.B.18.2.4	P27830	[('dTDP-alpha-D-glucose = dTDP-4-dehydro-6-deoxy-alpha-D-glucose + H2O', 'CHEBI:57477 = CHEBI:57649 + CHEBI:15377')]	0.0	100.0
P0AFV2	9.B.20.1.4	P0AFV2	[('no_reaction_identified', 'no_reaction_identified')]	1.5e-156	100.0
P64545	9.B.209.1.1	P64545	[('no_reaction_identified', 'no_reaction_identified')]	2.37e-41	100.0
P27838	9.B.21.2.1	P27838	[('no_reaction_identified', 'no_reaction_identified')]	1.05e-75	100.0
P42603	9.B.221.1.1	P42603	[('no_reaction_identified', 'no_reaction_identified')]	2.3e-134	100.0
P37630	9.B.245.1.2	P37630	[('no_reaction_identified', 'no_reaction_identified')]	0.0	100.0
P76219	9.B.27.1.1	P76219	[('no_reaction_identified', 'no_reaction_identified')]	1.66e-169	100.0
P76221	9.B.27.1.2	P76221	[('no_reaction_identified', 'no_reaction_identified')]	5.7299999999999995e-171	100.0
P0AA60	9.B.27.2.1	P0AA60	[('no_reaction_identified', 'no_reaction_identified')]	2.1400000000000002e-160	100.0
P0AA63	9.B.27.2.2	P0AA63	[('no_reaction_identified', 'no_reaction_identified')]	4.719999999999999e-159	100.0
P0ABP6	9.B.27.2.3	P0ABP6	[('no_reaction_identified', 'no_reaction_identified')]	7.39e-160	100.0
E4PCL6	9.B.27.2.7	P33366	[('no_reaction_identified', 'no_reaction_identified')]	5.2299999999999995e-138	99.479
E1P8P0	9.B.27.3.1	P0ADR0	[('no_reaction_identified', 'no_reaction_identified')]	1.66e-98	99.296
P37659	9.B.275.1.1	P37659	[('no_reaction_identified', 'no_reaction_identified')]	0.0	100.0
WP_097342623.1	9.B.306.4.2	P15877	[('no_reaction_identified', 'no_reaction_identified')]	0.0	99.497
P60782	9.B.31.1.1	P60782	[('a fatty acyl-[ACP] + sn-glycerol 3-phosphate = a 1-acyl-sn-glycero-3-phosphate + holo-[ACP]', 'CHEBI:138651 + CHEBI:57597 = CHEBI:57970 + CHEBI:64479'), ('sn-glycerol 3-phosphate + an acyl-CoA = a 1-acyl-sn-glycero-3-phosphate + CoA', 'CHEBI:57597 + CHEBI:58342 = CHEBI:57970 + CHEBI:57287')]	9.26e-149	100.0
P39338	9.B.318.1.1	P39338	[('no_reaction_identified', 'no_reaction_identified')]	0.0	100.0
P32108	9.B.32.1.1	P32108	[('no_reaction_identified', 'no_reaction_identified')]	9.06e-87	100.0
P0ADK5	9.B.32.1.2	P0ADK4	[('no_reaction_identified', 'no_reaction_identified')]	1.08e-75	100.0
P64572	9.B.331.1.1	P64572	[('no_reaction_identified', 'no_reaction_identified')]	0.0	100.0
Q46843	9.B.331.1.2	Q46843	[('no_reaction_identified', 'no_reaction_identified')]	1.64e-179	100.0
Q46844	9.B.331.1.3	Q46844	[('no_reaction_identified', 'no_reaction_identified')]	2.3400000000000003e-173	100.0
P50466	9.B.334.1.3	P50466	[('no_reaction_identified', 'no_reaction_identified')]	0.0	100.0
P0AAP1	9.B.34.1.2	P0AAP1	"[(""2 GTP = 3',3'-c-di-GMP + 2 diphosphate"", '2 CHEBI:37565 = CHEBI:58805 + 2 CHEBI:33019')]"	0.0	100.0
P76330	9.B.34.1.4	P76330	"[(""2 GTP = 3',3'-c-di-GMP + 2 diphosphate"", '2 CHEBI:37565 = CHEBI:58805 + 2 CHEBI:33019')]"	0.0	100.0
P0A710	9.B.357.1.1	P0A710	[('no_reaction_identified', 'no_reaction_identified')]	2.49e-128	100.0
P0AEE1	9.B.357.1.1	P0AEE1	[('no_reaction_identified', 'no_reaction_identified')]	1.67e-134	100.0
WP_064577942.1	9.B.358.1.4	P0AF80	[('no_reaction_identified', 'no_reaction_identified')]	7.47e-92	99.242
P0AET5	9.B.36.1.1	P0AET5	[('no_reaction_identified', 'no_reaction_identified')]	3.15e-133	100.0
P0ADP2	9.B.371.1.8	P0ADP2	[('a medium-chain fatty acyl-CoA + H2O = a medium-chain fatty acid + CoA + H(+)', 'CHEBI:90546 + CHEBI:15377 = CHEBI:59558 + CHEBI:57287 + CHEBI:15378'), ('a long-chain fatty acyl-CoA + H2O = a long-chain fatty acid + CoA + H(+)', 'CHEBI:83139 + CHEBI:15377 = CHEBI:57560 + CHEBI:57287 + CHEBI:15378'), ('a fatty acyl-CoA + H2O = a fatty acid + CoA + H(+)', 'CHEBI:77636 + CHEBI:15377 = CHEBI:28868 + CHEBI:57287 + CHEBI:15378'), ('decanoyl-CoA + H2O = decanoate + CoA + H(+)', 'CHEBI:61430 + CHEBI:15377 = CHEBI:27689 + CHEBI:57287 + CHEBI:15378'), ('hexadecanoyl-CoA + H2O = hexadecanoate + CoA + H(+)', 'CHEBI:57379 + CHEBI:15377 = CHEBI:7896 + CHEBI:57287 + CHEBI:15378')]	4.04e-114	100.0
P0AAP7	9.B.381.1.1	P0AAP7	[('no_reaction_identified', 'no_reaction_identified')]	2.47e-72	100.0
P0AAQ0	9.B.382.1.1	P0AAQ0	[('no_reaction_identified', 'no_reaction_identified')]	4.54e-47	100.0
P00803	9.B.391.1.3	P00803	[('no_reaction_identified', 'no_reaction_identified')]	0.0	100.0
P0A8S5	9.B.4.1.1	P0A8S5	[('no_reaction_identified', 'no_reaction_identified')]	8.21e-80	100.0
P45756	9.B.42.1.3	P45756	[('no_reaction_identified', 'no_reaction_identified')]	0.0	100.0
P0ADJ8	9.B.44.1.1	P0ADJ8	[('no_reaction_identified', 'no_reaction_identified')]	1.3099999999999999e-104	100.0
P11286	9.B.44.1.1	P11286	[('no_reaction_identified', 'no_reaction_identified')]	3.08e-79	100.0
Q46867	9.B.444.1.1	Q46867	[('no_reaction_identified', 'no_reaction_identified')]	1.2899999999999999e-76	100.0
P39284	9.B.444.1.2	P39284	[('no_reaction_identified', 'no_reaction_identified')]	6.09e-73	100.0
P0a6x3	9.B.468.1.1	P0A6X3	[('no_reaction_identified', 'no_reaction_identified')]	9.41e-73	100.0
P09169	9.B.50.1.1	P09169	[('no_reaction_identified', 'no_reaction_identified')]	0.0	100.0
P0ADM0	9.B.51.1.1	P0ADM0	[('no_reaction_identified', 'no_reaction_identified')]	4.17e-79	100.0
P0AB12	9.B.55.1.1	P0AB12	[('no_reaction_identified', 'no_reaction_identified')]	3.66e-104	100.0
P76278	9.B.62.1.4	P76278	[('no_reaction_identified', 'no_reaction_identified')]	0.0	100.0
P45804	9.B.65.1.1	P45804	[('no_reaction_identified', 'no_reaction_identified')]	0.0	100.0
P37748	9.B.67.2.1	P37748	[('no_reaction_identified', 'no_reaction_identified')]	0.0	100.0
P27243	9.B.67.5.1	P27243	[('no_reaction_identified', 'no_reaction_identified')]	0.0	100.0
P0ACX0	9.B.72.1.2	P0ACX0	[('no_reaction_identified', 'no_reaction_identified')]	7.88e-75	100.0
P76555	9.B.75.2.1	P76555	[('acetate + ATP = acetyl phosphate + ADP', 'CHEBI:30089 + CHEBI:30616 = CHEBI:22191 + CHEBI:456216')]	2.12e-175	100.0
P37669	9.B.97.1.1	P37669	[('no_reaction_identified', 'no_reaction_identified')]	0.0	100.0
P75920	9.B.97.7.1	P75920	[('no_reaction_identified', 'no_reaction_identified')]	0.0	100.0
